appid,voted_up,review
730,0,아니 일겜에 중국인들 핵? 써서 안 움직이고 뭐하는지 모르겠네 게임이 안되잔아 게임이
730,0,핵 핵 핵 핵 핵 핵 핵 핵 핵 핵 핵 핵 핵 핵 핵 핵 핵 핵 핵 핵 핵 핵 핵 핵 핵 핵 핵 핵 핵 핵 핵 핵 핵 핵 핵 핵 핵 핵 핵 핵 핵 핵 핵 핵 핵 핵 핵 핵 핵 핵 핵 핵 핵 핵 핵 핵 핵 핵 핵 핵 핵 핵 핵 핵 핵 핵 핵 핵 핵 핵 핵 핵 핵 핵 핵 핵 핵 핵 핵 핵 핵 핵 핵 핵 핵 핵 핵 핵 핵 핵 핵 핵 핵 핵 핵 핵핵 핵 핵 핵 핵 핵 핵 핵 핵 핵 핵 핵 핵 핵 핵 핵 핵 핵 핵 핵 핵 핵 핵 핵 핵 핵 핵 핵 핵 핵 핵 핵 핵 핵 핵 핵 핵 핵 핵 핵 핵 핵 핵 핵 핵 핵 핵 핵 핵 핵 핵 핵 핵 핵 핵 핵 핵 핵 핵 핵 핵 핵 핵 핵 핵 핵 핵 핵 핵 핵 핵 핵 핵 핵 핵 핵 핵 핵 핵 핵 핵 핵 핵 핵 핵 핵 핵 핵 핵 핵 핵 핵 핵 핵 핵 핵 핵 핵 핵 핵 핵 핵 핵 핵 핵 핵 핵 핵 핵 핵 핵 핵
730,1,이게임 할려고 중국어 브리핑 하는법 배웠음  근본있긴함 재밌음
730,1,https://steamcommunity.com/profiles/76561198041683378/inventory/#730_2_38824393688 https://steamcommunity.com/profiles/76561198041683378/inventory/#730_2_41640713893
730,1,https://steamcommunity.com/profiles/76561197973845818/inventory/#730_2_182003526 https://steamcommunity.com/id/tarikcsgo/inventory/#730_2_13592133162
730,1,this game is so good but there are too many not playing players.
730,0,아이씨발 게임 입문 자체를 못하겠네 뭐만하면 쳐뒤져서 관전만하고있으니  하루종일 니가와 쳐하다가 사람지나갈때 쏴서 죽이면 이기는겜
730,1,fps게임을 한다면 나름 재밋는 요소를 꽤 느낄수 있음
730,1,내 돈줄!~!!! 상자 팔아서 돈벌었다 이야~ 게임 하나 살수있겠누 뭐 몇십원 손해 보긴했지만 응~ 어차피 카스글옵 다시는 안해~ 수고해~ 상자가 하나에 2만원할줄 누가 알았겠어~
730,0,"진짜 양학 아니면 핵밖에 없는 게임임 진짜 열심히 FPS 할거면 제발 다른 게임을 하러 찾아가보셈 핵을 쥰나게 안잡아서 프리미어 아니면 너는 한판에 한번은 핵을 만날거임 개고생하기 싫으면 프라임 사거나 다른 게임을 하셈 이건 진짜 너희들을 위한 리뷰이니까 제발 다른 게임을 하려무나"
730,1,good for playing in teams bad for lags and bugs.
730,0,"cheater very very many 99% cheater  no prime cheater"
730,1,CS2 보다 더 뛰어난 FPS 게임을 가져와라 그럼 넘어갈 의향이 있다.
730,0,"시작한지 얼마 안되었는데 프리미어 큐가 너무 높게 잡히면 아무것도 할수가 없어요 저는 11000점인데 28000,25000이런애들 잡아주면 숨도 못쉽니다. 좀 오래 걸리더라도 비슷한 수준으로 잡아줬으면 좋겠어요... 서로 불만이 생긴다고 봅니다"
730,1,"짱깨새끼들 마이크키면 왤캐 시끄럽냐 옆에서 애새끼 징징대는 소리, 스댕 그릇 떨어지면 탱~탱~ 탱그랑 이지랄 시발 실제로 삥 맞고 수류탄 처맞앗냐? 그리고 영어 좀 써 짱깨련들아 뭔 말인지 못 알아 듣는다고 그리고 러시아 이 씹 루스키 새끼들아 그 성격이니깐 보드카처마시고 뒤지고 어디가서 총맞고 죽는거야  겜 좀 살살하자"
730,0,요즘 카스를 하지도 않았는데 영정을 먹음.. 정작 핵쟁이들은 멀쩡히 겜하는거 보면 그냥 전체 유저 중에서 랜덤으로 정지 시키는 거 아님?
730,0,진짜 게임이 뭐 제대로 된 것 하나 없는 ㅈ망겜의 정석 그자체.
730,1,"CS2. 단 세 글자 속에 담긴 건 단순한 게임이 아니었다. 한밤중의 고요를 찢는 총성과 함께, 나는 또 한 번 전장 속으로 걸어 들어갔다.  모니터 너머로 퍼지는 먼지와 피, 팀원들의 목소리는 전장의 함성처럼 내 심장을 두드렸다. 하지만 그 아름다움은 오래가지 않았다. 벽을 뚫고 날아든 총알 한 발. 순식간에 쓰러지는 아군들. 미처 반응할 새도 없이, 누군가는 우리를 미리 알고 있었다.  핵. 그 존재는 인간이 만든 악마였다. 실력으로 겨루는 전쟁터에, 그들은 부정과 조작이라는 독을 흘려넣었다. 손끝에 스미는 분노, 치욕, 허탈함. 정의는 잠시 숨을 죽였고, 공정은 쓰러져 있었다. 게임을 나가는 손길은 떨렸고, 눈앞의 화면은 낯설게만 느껴졌다.  그러나 모든 전장이 그렇듯, 절망 뒤엔 빛이 있었다. 한 라운드, 한 발, 한 킬. 서로를 믿고 쏟아붓는 전력 속에 기적처럼 찾아오는 승리. 마지막 라운드의 클러치. 해설도, 채팅도, 아무것도 필요 없었다. 그 순간 내 심장은 천둥처럼 뛰었고, 손끝은 아직 총을 쥔 채 전율했다. 이겼다는 건 단순한 결과가 아니었다. 존재를 증명한 감정이었고, 노력의 결실이었다.  하지만 모든 경기가 그렇듯, 때로 나는 부족했고, 실수했고, 무너졌다. 뒤를 봐주지 못한 팀원에게, 놓쳐버린 각에 쓰러진 나 자신에게 말 한 마디 사과조차 남기지 못한 채, 다음 라운드가 시작되었다. ‘내가 더 잘했어야 했는데.’ 그 생각은 남겨진 로딩 화면 속에 쓸쓸히 스며들었다.  CS2는 단순한 FPS가 아니다. 그건 감정의 총집합체이며, 승패의 파도 속에 인간의 민낯을 드러내는 거울이다. 분노와 환희, 자책과 용기. 모든 감정이 0.1초의 반응 속도에 실려 발사되는 세계.  나는 또 게임을 켠다. 지금 이 순간도 어딘가에서 총성이 울리고 있을 것이다. 그리고 나는, 그 전장의 일부다. 늘 그랬듯."
730,1,"카스 1보다 재미 있어졌다. 연막탄과 소이탄을 이용해서 전략적으로 싸우는 재미가  더하다."
730,0,개똥망겜임 차라리 글옵시절이 제일 좋았던거같음 핵도 ㅈㄴ많고
730,0,fucking cheater in this game all of
730,0,일반게임으로 연습좀 할라했는데 뭔 짱개작업장들이 점령해서 게임을 못함
730,0,tlqkf 중국인들 떄문에 겜을 못하겠다. 그냥 시진핑의 노예들 그냥 다 숙청 하고 싶다.
730,0,ㅅㅂ 나는 더2 캐주얼 ㅈㄴ 좋아하는데 이 미친 밸브 놈들이 핵을 ㅈㄴ 안잡음 그냥 시작하지도마셈
730,1,진짜 잼민이 시절 하던 겜인데 이렇게 그래픽이 좋아졌네요 꿀잼입니다 칼총 스킨 가격은 사악하지만 존잼 ㅎㅎ
730,0,작업장 차린 새끼들이 자꾸 밴쳐서 정상적인 게임을 못함 ㅋㅋㅋ
730,1,초등학교 2학년때부터 처음 피씨방에서 씨디 받아서 시작해서 서른넘은 아저씨가 돼서도 하는 게임
730,1,이 게임은 함꼐 플레이하는 플레이어들이 가족을 챙겨줍니다
730,1,쌈@뽕 깔@롱한 게임 근데 쒸1@23빨 쉑123희들아 핵좀 잡아라 개색희들아
730,0,프라임 사지마셈 아니면 한국서버 차단해라 작업장 개 많아
730,1,this fucking game made me destroy a 4k pc i love it
730,1,"[h1]데미지 등록[/h1] [h3]커뮤니티 서버나 Valve 서버에서는 데미지가 전혀 등록되지 않는 경우도 있으므로, 데미지 등록이 잘 되면 이 게임은 더 좋아졌을지도 모른다.[/h3]  [h1]그래픽 파라미터에 불필요한 함수[/h1] [h3]더 추가하면 그래픽의 기술적 부분을 더욱 즐겁게 할 수 있습니다. 파라미터에 의미를 가지지 않는 불필요한 기능은 거의 없기 때문에.[/h3]  [h1]데미지 예측[/h1] [h3]또, 데미지 예측에 대해, 어떻게 기능하고 있는지, 의미가 있는지, 게임 서버에 대한 클라이언트의 피탄의 불안정성에 관계하고 있을 가능성은 있는지 등도 알고 싶습니다.[/h3]"
730,1,"핵 좀 잡아라 어떻게 매 판마다 ""핵 좀 안 만나게 해주세요"" 를 빌면서 게임하게 만드냐"
730,1,cs.1.6부터 좋아했던 게임   Legend .    아 근데 cs2 는..좀..
730,1,"네, 우리는 중국과 가까워요. 네, 우리는 러시아와 가까워요. 네, 그러니까 다같이 힘내요."
730,0,full of cheaters vac never work
730,0,전엔 븅딱 같았는데 2넘어오면서 더 이제는 죶븅신겜도미
730,1,"게임 자체는 재밌음   근데 게임 돌리면 2판에 한번씩 무조건 핵 만남 ㅅㅂ"
730,1,지인이랑 윙맨 할때 쇼이구와 게라시모프가 우릴 즐겁게 해줍니다.
730,0,BULLLLLLLLLLLLLLLLLLLSHITTTTTTTTTTTTTTT
730,1,사설서버에 있는 안티치트도 못만드는 돈만 밝히는 무능한 회사 핵 잡는 날이 오기는 할까
730,0,짱깨들이 트롤하고 팀킬하는게 일상이니 마음이 넓은 사람만 하기를
730,0,내가 핵쟁이랑 총싸움을 하는거냐 테러리스트랑 총싸움을 하는거냐?
730,0,뭔 이 개같은 게임은 왜 경험치 오버로드 왜 만든거야 프리미어도 못하고 계속 짱개련들이 캐주얼에서 핵쓰고 앉아있는데 이게 뭔 차라리 핵쟁이들이나 잡아주세요 제발 오버로드같은거 만들어서  경험치 70따리 같은거 해주지마시고요 제발
730,0,I don't prefer this game. Just feel like a shooting in chicken cage. all weapon are not specialized like a toy gun fire.  sorry.
730,1,There is no game that can replace this game.
730,1,ПОЛНАЯ ХУЕТА КРАСНЫЙ ТРАСТ ФАКТОР ЗА 2 ИГРЫ
730,1,재능기부좀 재능부럽다 재능무섭네 재능이밉다 세상이밉다 기부좀 4 444 죽으세요 죽어 죽여 죽으세용 후앵 우앵 우왕 헤에 우홋 잘해서좋겠다 사망하여라 뿌에에엥~ 나만않되 나도재능좀 시간기부좀 오늘의허접 오늘의무능 오늘의몸부림 오늘의우앵 오늘의붕슨 그리살아라 그리사세요 그리죽어라 왜나는못해 무슨기분일까 죽을까요 유서쓰는중 안녕히재능기부좀 재능부럽다 재능무섭네 재능이밉다 세상이밉다 기부좀 4 444 죽으세요 죽어 죽여 죽으세용 후앵 우앵 우왕 헤에 우홋 잘해서좋겠다 사망하여라 뿌에에엥~ 나만않되 나도재능좀 시간기부좀 오늘의허접 오늘의무능 오늘의몸부림 오늘의우앵 오늘의붕슨 그리살아라 그리사세요 그리죽어라 왜나는못해 무슨기분일까 죽을까요 유서쓰는중 안녕히재능기부좀 재능부럽다 재능무섭네 재능이밉다 세상이밉다 기부좀
730,1,"russia=suka bulyt china=chaonima english=fxxk you bixh let'go"
730,0,중국인을 모두 말려죽어야한다. 더스트에서 매크로 계정으로 가득 채운다음 남은 사람들을 강퇴투표하며 작업장으로 쓴다. 핵쟁이 닉네임은 그냥 랜덤코드닉으로 쓰는데 안봐도 중국인이다. 걸러라
730,1,Greatest Game Of All Fucking Time
730,1,"딱히 리뷰 할 거리가 없는 명작, 카운터 스트라이크 2입니다. 오래 되었지만, 아직도 많은 사람이 플레이하고 즐기는 FPS입니다. FPS를 처음 하는 사람보단, 이미 FPS를 즐기고 있거나 해보았던 사람들에게 추천해주고 싶은 작품이에요.  기본적으로 상당히 어려운 축에 속합니다. 허나, 맛을 들이면 자주 찾게 되는 게임이죠."
730,1,"처음 FPS를 입문할때는 이게임은 비추천 다른 FPS게임들로 총게임에 익숙해진 후 입문을 추천, 게임에 핵이 존나 많아, 카스2를 주로 하는사람들은 사설서버를 즐기는데 사실상 이용가능한 사설서버가 중국서버밖에 없어 그냥 한국사람이 하기 좀 힘든 게임, 그래도 취향 맞으면 재밌음"
730,0,Güzel oyun ama 3 oyuncudan 2 si hile o yüzden fazla kasmayın...
730,1,https://steamcommunity.com/id/stewie2ktv/inventory/#730_2_14897275179
730,1,프리미어로 돌리면 핵도 별로 없는듯   진짜 재미있는 FPS게임.. 스킬 알아야하는것도없고 그냥 단순히 에임대결
730,0,몇판 플레이는 안했지만 매판은 아니지만 가끔 하지말라고 쳐이야기 해도 이해 안돼는 행동을 하는 팀원들이 있어서  내가 이 저능아 팀들을 이끌고 싶다 하면 추천하고 아니면 하지마셈 ㅇㅇ   한국인들은 괜찮은데 외국인 중에 중국인과 러시아 잼민이들이 꽤 말을 안들음.  내가 만약 그걸 즐긴다하면 하면 됨 ㅋ
730,0,일반게임 돌리면 ㅉㄲ들이 매크로 돌리고 난 투표로 추방당함 ㅋㅋㅋㅋ 입문하고 싶어도 계속 매크로 만나는데 뭐 어떡하라고
730,1,"큰 장점이 무료임, 사람도 많음 큰 단점이 무료, 사람 많은만큼 핵도 많음  정통 fps 좋아하면 스팀에서 이 게임만한건 없음"
730,1,fucking so many cheaters no use of ban cant even work on cheats
730,0,"game full of cheaters, valve never works on them.This game is unfair always"
730,1,"https://steamcommunity.com/id/fallencs/inventory/#730_2_14897275164  https://steamcommunity.com/id/fallencs/inventory/#730_2_5991964375  https://steamcommunity.com/profiles/76561197973845818/inventory/#730_2_573158605"
730,0,짱개들존나많고 말존나많고 이유없이 강퇴하고 좀 잘하면 한국인은 핵핵거리고 에휴시발버러지같은걸레새기들
730,0,ххххххххххххххххххххххххххххххххххххххххххххххххххххххххххххххххххххххххххххххххххххххххххххххххххххххххххххххххххххххххххххххххххххххххххххххххххххххххххххххххххххххххххххххххххххххххххххххххххххххххххххххххххххххххххххххххххххххххххххххххххххххххххххххххххххххххххххххххххххххххххххххххххххххххххххххххххххххххххххххххххххххххххххххххххххххххххххххх
730,1,최근에 마땅히 할게임이 없어서 시작했는데 바로 즐겨찾기 추가해버렸다
730,1,"매우 재미있는 게임으로써 나의 인생 게임이나, 핵이 너무 많아서 게임하기가 힘듬 정상적인 게임을 하고싶음"
730,1,https://steamcommunity.com/id/donkgojo/inventory/#730_2_41640713724
730,0,짱꺠 새끼들 핵쓰는거하고 작업장도 못 없애는 차이나머니 마려운 밸브면 개추 ㅋㅋㅋ
730,1,green green what's your problem
730,1,많은 플레이어들이 있고 다들 외국인들이지만 재밌게 소통이 가능하며
730,1,"26살의 노장의 나이에 뒤늦게 이게임을 시작했습니다..   좀더 젊었을 때 이런 게임을 했더라면,, 더 좋았을 걸 합니다."
730,1,"Steep learning curve only came back because I played og CS and wanted to see if this was good.  Huge cheating problem though"
730,0,"병신게임. Shit game. 하지마라. 하지말라면 그냥 하지마라."
730,0,프라임 괜히샀다 프라임 안사고 게임했을때가 더 재밌었다
730,1,"핵잡아주세요 제발 부탁이에요. 저 너무 지쳐요... 😢"
730,1,"게임 자체는 정말 재밌고 외국인들도 많아서 재밌다. 근데 한국인 유저가 별로 없고 핵 유저가 진짜 너무 많음. 킬뎃이랑 상관없이 리플레이 영상 보면 핵 유저 엄청 많음. 그리고 고인물도 많아서 유입하기 어려울 듯  cs2 itself is really fun and there are many foreigners. but there are not many korean players but so many cheaters. regardless of their kill/death scores, there are so many cheaters as i checked demo. and its kinda difficult for newbie to start this game bc there are many pro players."
730,0,"절대 유입되면 안되는게임 고이다 못해 썩었고 핵 비매 너무 많음 게임 자체는 재밌는데 한국에서 유명하지 못해 아쉬울뿐.."
730,0,작업장 해결안됌니다 프라임 경쟁에 핵이 나옴니다 작업장은 해결해 주셔야 함니다 ... 제발
730,1,이 게임을 오래하면 영어가 늘고 스팀지갑에 돈이 많아져요
730,0,프라임 구매 후 부터 작업장만 잡힌다  캐쥬얼 / 무기레이스 등등   프라임 구매 전엔 사람들과 재밌게 했었는데 구매 후 맨 작업장만걸리니까 원하는 맵도 못하고 원하는 카테고리의 게임도 못하고 심지어 아무도 없는 봇들만 있는 방이 잡혀서 하다보면 작업장 애들이 몰려와서 지들 작업캐릭빼고는 다 강퇴 시킨다.  돈 쓰기 전엔 나름 쾌적하고 사람들과 즐겁게 어울려 했는데  되려 돈 쓰고 나서 불쾌한 경험만 쌓임.  경쟁할때야 좋겠지만 프라임 구매한 사람은 경쟁만 즐겨야하는건 아니잖슴?   왜 돈을 내고도 내가 원하는 게임을 못하는지 모르겠음 진짜 화가 남. 작업장 방만 걸리는것도 뭣같은데 걔네들이 방에 우루루 들어와서 강퇴시키는게 더 뭣같음  이게 무슨 세계적인 게임이라고 핵도 못잡아 작업장도 못잡아  이러면서 뭔 돈을 벌어들이겠다고 프라임이나 무기고 패스나 상자 열때 열쇠를 파는거임?   유저들이 쾌적한 게임을 할 수 있게 해주고서야 돈팔이나 하지
730,1,nerf negev and delete a fkin xm1014
730,0,VAC aint doing nothin fcking dissapointing
730,1,vac 일 안함...프라임 계정이여도 핵만나는건 여전하고 안티치트 업그레이드 했다지만 업그레이드한 티가안남 그래도 재미는 있음
730,1,https://steamcommunity.com/id/donkgojo/inventory/#730_2_41640713724 https://steamcommunity.com/id/donkgojo/inventory/#730_2_42600486331 https://steamcommunity.com/id/donkgojo/inventory/#730_2_40593868218
730,0,有工作室霸占坑位乱踢人，匹配都是带头大哥带一众小弟，外挂问题屡禁不止，因为装备箱科技排骨党横行，如果想玩积分赛那么要等升级到10级。如果忽略以上问题还觉得可以那就花钱如果只是想试一试最好过1个月在买游戏。就水平来说比当年的浩方恐怖太多了，基本爆头起步。由于糟糕的匹配机制外加排骨党严重拉低新手的游戏体验，而且水平梯度非常的跨站，这不像打王者你打个酱油也能混。
730,0,"프라임을 처사니 핵쟁이가 사라졌다고 안심을 할수없다, 그 뒤에는 좆같은 Exp 상자 작업장이 남아있기 떄문이지"
730,1,"[h2]내 인생 Top 3 안에 드는 FPS 게임[/h2]  유명 게임 시리즈인 Counter Strike 입니다. 말해 뭐합니까? 당장 플레이 하세요. 한국 FPS 정서와는 좀 안맞긴 하지만, 발로란트 하시던 분이라면 쉽게 적응하실 수 있을겁니다. VALORANT 보다 훨신 재미있습니다.   [b]최고의 장점! 한국인이 많이 없습니다. 그렇다 보니 정말 클린합니다.[/b] 게임하다 보면 몇몇 한국 유저분들이 욕을하시고, 민폐를 끼치시는 분이 계시긴 합니다만, 그래도 혜자입니다.  단점이라 할것도 없습니다. 그냥 플레이하세요. 근데 프리미어는 따로 구매하시는걸 추천드립니다. 핵쟁이가 거의 없어서."
730,1,FPS 게임 중의 명작. 모든 것이 완벽해 잘만든 게임이다. 나에겐 인생게임
730,1,프리미엄 사고 몇주만 돌리면 2만원 복구하고 다른겜 살 돈도 모임
730,1,발로 영정떄매 카스시작했는데 발로가 그립네요 ㅠㅠㅠㅠㅠㅠㅠㅠㅠㅠㅠㅠㅠㅠㅠㅠㅠㅠ
730,1,"FPS의 정석 옛날에 스포하던 생각나서 시작했다가 못벗어나는중"
730,1,"Iha hyvä, pelattii tossa ismo lekolan kaa pari mätärii, vittu ku vaimo mäkättää vieressä nii ei osu. vai mitä ismo:D"
730,0,"This game is trash. No Anti-cheat, and so many player get banned unfairly."
730,1,"발로와는 비슷하지만 완전히 다른결의 재미와  타격감, 게임의 흐름이 정말 매력적이고 무엇보다 에임 하나로  모든걸 커버치고 게임을 승리로 가져올수 있다는게 매력적임  발로는 에임이 지려도 온갖 엿같은 스킬들이 남무하고 정신없음 하다하다 팀원들까지 개지랄남 그에 비해 카스는 정말이지 극락임 (개같은 중국인만 제외한다면)"
730,0,every games met cheaters .trash game dont download
730,0,54hr. 프라임사도 핵망겜임  140hr. 오래하니까 좀 줄어든거같긴한데 그래도 매일 만나는중
730,0,https://steamcommunity.com/profiles/76561198386265483/inventory/#730_2_41640713724
730,1,ㅋㅋㅋ 중국인이 바닥에 총을 쏘니까 상대 머리가 동시에 깨지는 게임 재밌는데 서버 바꾸고 해야할듯
730,1,시스템도 여려게임들과 비교해 유저들을 위한 부분이 정말 좋고 게임 자체도 너무 재밌다
730,1,"전략이면 전략, 피지컬이면 피지컬 그 어떤것으로든 이길수있다면 장땡인 게임."
730,1,칼스킨을 아주 저렴할때 사시고 스팀장터에서 비싸게 파시면...  스팀 지갑이 든든해집니다.   카스만큼 스킨 시장이 완벽한 곳은 없다고 장담합니다.   돈을 벌고싶으시면 배그하지말고 카스하세요. !!!
730,1,제에에에엔장 러시아형들 제발 입 좀 닥치고 게임하자 시이발 솔직히 5 16 8 은 선 씨게 넘었잖아~~ 잘하고 입 털던가~~
730,1,"이 게임을 하다보면 여러 사람들을 만날 수 있습니다. 아저씨, 잼민이, 학생, 정신병자, 핵쟁이, 중국인, 러시안. 등. 여러 인종과 교감하기 좋은 게임입니다."
730,0,"Doing great => cheaters as enemies Doing $hit => dog team, good enemies  fucking idiot game"
730,1,https://steamcommunity.com/id/kisats/inventory/#730_2_42723601293 https://steamcommunity.com/id/jambozx/inventory/#730_2_40546155344 https://steamcommunity.com/id/tirone/inventory/#730_2_14750590026
730,1,짱깨와 러시안의 합작. 경쟁 돌리는 매판 보이스챗으로 싸우는게 본게임
730,1,"옆에 봐줘 아니 앞에 아니 오른쪽 아니 그 뭐더라 니 오른쪽 왼쪽 모르냐"
730,1,옛날에는 러시아놈들이 많았는데 이제는 중국새끼들 존나 많아졌음
730,0,핵쟁이도 너무 많구요 게임 할만하면 강퇴시키네요? 돈 지른게 아깝습니다.
730,0,"Bots doing to farm XP in DM. if you join, bot will insta-kick you and banned from the server. It still does NOT fix over a YEAR and less massive update than CSGO worst than CSGO"
730,0,"if u decide to copy faceit anticheat, i might do videos on this game"
730,0,VAC가 무고밴 때려서 안해요.   ⠀⠀⣠⣴⣻⣻⣻⣻⣻⣻⣻⡾⣷⡄⡀⠀⠀⠀⠀⠀ ⠀⠀⣼⣻⣻⣻⣻⣻⣻⣻⣻⣻⣻⣻⣷⢿⣒⡀⠀⠀ ⠀⢠⣻⡿⠁⠀⠀⠀⠈⠉⠀⠈⠉⠉⢹⣻⣻⣻⠀⠀ ⠀⢸⡿⠃⠀⠀⠀⠀⠀⠀⠀⠀⠀⠀⠘⣻⣻⡇⠀⠀ ⠀⠸⠃⠀⠀⣀⣉⣦⠀⢠⣞⠋⠀⠂⠀⠘⣻⡇⠀⠀ ⠀⠀⠁⠀⠀⠠⠒⠁⠀⠈⠉⠉⠋⠉⠀⠀⡻⠀⠀⠀ ⠀⠀⠀⠀⠀⢠⠖⠀⠀⠀⢰⡄⠀⠀⠀⠀⠀⠀⠀⠀ ⠀⠀⠀⠆⢴⣧⣈⠙⠿⠟⢉⣾⣷⣴⣻⠀⠀⠀⠀⠀ ⠀⠀⠀⠲⣼⠋⠉⢫⣭⣻⠟⡿⣻⣻⣻⢗⠀⠀⠀⠀ ⠀⠀⠀⠀⠙⢧⣀⠈⠀⣀⣠⣼⣻⣻⠟⢸⣷⣄⠀⠀ ⠀⢀⣠⣴⡾⠈⠟⣻⣻⣻⣻⠿⠟⠁⢠⣻⣻⣻⣻⣶ ⣾⣻⣻⣻⡇⠀⠀⢐⡬⠋⠁⠀⠀⢠⣻⣻⣻⣻⣻⣻ ⣻⣻⣻⣻⠀⢠⠈⣻⣆⠀⠀⠀⢀⣾⣻⣻⣻⣻⣻⣻ ⣻⣻⣻⠇⠀⢈⢸⣻⠋⠁⠀⠀⣼⣻⣻⣻⣻⣻⣻⣻ ⣻⣻⣻⠀⠀⣼⠙⠻⠀⠀⠀⣸⣻⣻⣻⣻⣻⣻⣻⣻ ⣻⣻⡇⠀⣨⡷⢉⠈⠀⠀⢰⣻⣻⣻⣻⣻⣻⣻⣻⣻
730,0,핵 안 잡음?? 일하는거맞나싶네 신고를 몇번했는데 뭐함? 일 좀 해라 ㅉㅉ
730,0,Biggest Trash Game Rage Cheaters only and Valve dont do anything. Vac 3.0 = Shit. 5 stack Bunnyhopping aimbot Wall Headshot 12 Roundsa nothing happend. Shit Game
730,0,정신이 잼민이인 어글리 코리언들과 중국인의 환장적인 콜라보
730,0,"캐쥬얼모드는 중국인들 다 작업장이라 게임이안됩니다.. 무료로 즐기시는게 나을것같아요  프라임 구매하지마세요~"
730,1,이 게임 기반으로 실제 전장에서 그대로 싸우는 불쌍사가 발생하지 않았으면 합니다
730,1,제가 너무 못해서 재미는 없지만 친구가 재미있게 해줘서 할거에요 히히히히히히히히히히
730,1,이 게임은 배그를 바탕으로한 레전드 편리한 게임입니다 단점은 핵이 많다는 것 입니다
730,1,meet chinese player->i say free tibet->chinese player use hack->gg
730,1,",;fcs,p[[ ,[ o ,,\o,vzxd,vzvxzd gdl dfs,sfzp,;dsp,dfs,fdsem,efk,=rgtkfdxgm,o-"
730,0,핵존나많아. 투시는아닌거같은대 에임핵쓰는얘새끼들 좋나많네
730,1,부계까지 합치면 300시간정도 했는데 느낀점은 역대급입니다
730,1,더 이상 다듬을 필요가 없을만큼 완벽에 가까운 FPS 게임. 체스를 두는 것 처럼 단순하면서도 전략적인 게임플레이가 손을 놓지 못하게 만듭니다.
730,1,"발로란트는 멈춰서 쏴야하는 거 엄청 불편했는데 카스는 확실히 근본이 있어서 그런지 쏘는 게 더 편해서 좋음. 어느정도 움직이면서 쏴도 맞출 수 있음."
730,1,"CS2 is one of the best FPS games, offering a familiar yet refreshing experience for longtime fans while remaining an appealing title for new players. Future updates are highly anticipated. 카스2는 최고의 FPS 게임 중 하나로, 오랜 팬들에게는 익숙하면서도 신선한 경험을 제공하며, 새로운 플레이어들에게도 매력적인 타이틀로 남아 있습니다. 향후 업데이트가 매우 기대됩니다."
730,0,일단 저는 초보 뉴비임을 밝힙니다... 프라임 계정 구매한 것을 후회중... 죄다 썩은물 밖에 없음 어느 정도 매칭 수준이 맞아야 재미 느끼고 꾸준히 하지 이건 뭐 캐주얼도 숨막히니 프리미어는 생각도 못함 수작 FPS 게임인 것은 인정하나 진입장벽이 너무 살벌해서 추천하고 싶지 않음
730,1,"젠장 또 대상혁이야.이 게시글만보고 자려고 했는데, 또 대상혁을 보고말았어.이제 나는 외쳐야만 해...  외치면 잠이 확 깨버릴걸 알면서도, 나는 외쳐.  그것이 대상혁을 목도한 자의 사명이다.  오늘부로 대삭혁지지를 철회한다 오늘부터 지지관계에서 벗어나 대상혁과 나는 한몸으로 일체가 된다 대상혁에 대한 공격은 나에대한 공격으로간주한다 세상에 70억명의 대상혁 팬이 있다면, 나는 또한 그 들중 한명일것이다.  세상에 10억명의 대상혁 팬이 있다면, 나는 또한 그들 중 한명일것이다.  세상에 1억명의 대상혁 팬이 있다면, 나는또한 그들중 한명일것이다.  세상에 천만명의 대상혁 팬이 있다면,나는 또한 그들 중 한명일것이다.  세상에 만명의 대상혁 팬이 있다면, 나는또한 그들 중 한명일것이다.  세상에 천명의 대상혁 팬이 있다면, 나는 또한 그들중 한명일것이다.  세상에 백명의 대상혁 팬이 있다면, 나는 또한 그들 중 한명일것이다.  세상에 열명의 대상혁 팬이 있다면, 나는 또한 그들 중 한명일것이다.  세상에 한명의 대상혁 팬이 있다면, 아마도 그것은 나일것이다.  세상에 단 한명의 대상혁 팬이 없다면, 그것은 이세 상에 내가 존재하지 않다는것이다."
730,1,이 게임을 오래하지는 않았지만 재미 보장은 확실한 게임인거 같습니다 fps류를 좋아하신다면 이게임 해보시는것도 좋을거같습니다^^
730,1,https://steamcommunity.com/profiles/76561198113666193/inventory/#730_2_30625055369
730,0,have you guys ever fucking  palyed in asia server? 99% chinese cheater reporting ongoing match not worked   what a completely mess fucking idiot valve  FIX VAC fucking dipshit assholes VALVE
730,1,"그냥 하셈 못하든 잘하든 초딩때부터 하던 90년대 20대 후반 30대 초중반은 그냥 해라 일단 1.6 못살릴거면 그냥해라"
730,1,"인생 10년을 헛으로 날린 게임 하지만 연습하면 이길수 있다라는걸 알게 해준 게임"
730,1,Best of the best game ever) <3
730,0,bring csgo back. why server is so much laggy? i can't even enjoy this game with 30% loss.
730,1,세계적인 대회에 참가하면 핵이없습니다 세계적인 선수가 먼저 되세요
730,1,"게임은 다 좋고 재밌는데...  아니 밸브 성님들아 해상도 버그 때문에 게임이 안켜지고 다른 창들 세팅해놓은거 다 망가짐 빨리 좀 고쳐줘요 제발"
730,1,"언어의 장벽이 감사한 순간이 문득 찾아올 수 있음 언어의 장벽이 원망스러운 순간이 문득 찾아올 수 있음"
730,1,"기대를 많이 하고 잇네요, 아직 플레이전입니다. 수고하세요"
730,0,"игра, где попадаются одни поляки, которые просто ненавидят таких как мы..."
730,1,i think if we give this version some time  it will be better than ever  but no it's kinda ok
730,0,"핵만 없으면 정말 재밌는 게임이지만, 핵 때문에 놔버렸습니다. 공식 서버 프리미어는 세판중 한판은 핵이 있어요. 이제는 상대가 좀 잘쏜다 싶으면 상대가 핵인지 아닌지 의심하게 되는 저를 마주하며 현타를 느끼게 되어 이제는 거의 플레이 하지 않아요. 핵만 없으면 정말 재밌는 게임이지만 핵을 잡지 않아 비추합니다."
730,1,"그것은 매우 재밌는. FPS의 시초다운 재미. 나는 이것을 계속 플레이할 것이다,"
730,0,전남친 때문에 시작했는데 ㅈ같이 어렵고 ㅈ같이 고인 새끼들만 남음
730,0,프라임 삿짜나....!!!  왜 그래도 핵쟁이 만나는곤데...!!!!
730,1,아니 스팀프로필에 지역을 한국으로 설정해놓고 러시아어 쓰는놈들은 뭐임;;
730,1,Блять!!!!!!!!!!!!!!!!!!!!!!!!!!!!!!!!
730,1,"현재 유럽에 장기 출장 와있어서 유럽서버에서 하는중. 역시나 Cheater들이 좀 있긴 하지만 그래도 아시아 서버보단 나은듯 함.  그냥 Cheater 같으면 일단 신고 박고 걍 다른방 다니는중  그리고 상대방 팀에서 알아서 내보내기 투표도 잘 함. 그래서 할만 함.  출장 와있을때 타 서버로 하면 이상 없는듯 대신 핑이 좀 많이 튀긴함.   아시아서버는 생각 나지 않을정도로 유럽서버는 클린. 이상."
730,1,재미있고 그래픽도 환상적이고 게다가 무료입니다!!! 이런 게임이 무료인 경우는 처음 입니다!
730,1,너무 많은 사람들에게 신세를 졌다. 나로 말미암아 여러 사람이 받은 고통이 너무 크다. 앞으로 받을 고통도 헤아릴 수가 없다. 여생도 남에게 짐이 될 일 밖에 없다. 건강이 좋지 않아서 아무 것도 할 수가 없다. 책을 읽을 수도 글을 쓸 수도 없다.  너무 슬퍼하지 마라. 삶과 죽음이 모두 자연의 한 조각 아니겠는가? 미안해하지 마라. 누구도 원망하지 마라. 운명이다.  삭제해라. 그리고 집 가까운 곳에 아주 작은 비석 하나만 남겨라. 오래된 생각이다.
730,1,게임 하기전에 평가 보시는분 그냥 하시면 됩니다  추천
730,1,this game is my life best ass suck game real
730,0,개 잣 같은 한국인 5인큐 러쉬를 보기 싫은 당신! 지금 당장 한국 서버를 탈출 하십쇼
730,1,"CT와 T의 운명적인 라이벌.. 그들이 써내려가는 폭력적이면서도 화려한, 때로는 감동적인 스토리가 너무 와닿습니다 . 충격적인 엔딩으로 인해 게임을 끈 당일 잠을 이룰 수 없었습니다. 엄청난 카메라 무브먼트와 연출 그리고 하나하나 몰입이 되는 장면 모두 기억 속에서 몇년이 지나도 잊혀지지 않네요. 여러 언어로 플레이 하다보니 외국어 실력이 굉장히 좋아집니다 마지막 엔딩 장면은 꼭 집중해서 보시길 바랍니다"
730,1,글로벌한 게임에서 욕으로 살아남기 (러시아 편) ㆍСука-cuka-씨발 1 ㆍблять (бля)-blyat - 시발 2 ㆍнахуй - nahui - 꺼져 시발아 ㆍхуй - hui - 좆 ㆍдебил - debil - 병신 1 ㆍеблан - yeblan - 병신 2 ㆍидиот - idiot - 병신 3 ㆍтебе - tebe -너에게 ㆍиди - ìdi - 가 ㆍмолодец - molodez - 잘했어 ㆍздравствуйте - zdravstvuete - 안녕하세요  숙제!!! ㆍиди нахуй- ìdi nahui - 좆까 (꺼져) ㆍсука че ты ахуел? Cuka chè tu axuel - 시발 너 정신 나감? ㆍмоледец еблан блять - 아주 잘한다 병신아.   즐겜하시길 바랍니다!!! :)
730,1,THIS GAME IS FUKING HACK GAME. SUCK MY DICK  이 人丨廿卜乙卜口卜
730,1,프라임 사면 캐주얼 못해요. 중국 작업장만 ㅈㄴ게 뜹니다
730,1,https://steamcommunity.com/id/ITFYTD/inventory/#730_2_573158315
730,1,https://steamcommunity.com/id/jL-13/inventory/#730_2_38824393599
730,1,https://steamcommunity.com/id/jL-13/inventory/#730_2_38824393599
730,1,https://steamcommunity.com/id/jL-13/inventory/#730_2_38824393599
730,0,hacktai llruudaa zailuulaache sdanarmineee
730,0,"근본 fps 그 자체인 갓겜 하지만 셀 수 없이 많은 핵들로 인해 장점을 다 깍아먹는 편. 핵 신고해도 밴 안되고, 킥 해도 다시 들어오고 핵 친구들이랑 같이 있으면 킥 투표도 안 되는 망겜"
730,0,진짜 애미뒤진 짱깨련들 대놓고 핵쓰고 작업장도 하는데 안잡는 한통속 씹년들 프라임 구매하지 말껄 프라임 고민하는 뉴 게이들은 절대로 사지마라 이 씨발련들 배가 존나게 불러서 일을 안한다. 프라임 살바에 치킨이나 시켜먹어라 ㄹㅇ
730,1,https://steamcommunity.com/id/donkgojo/inventory/#730_2_38824393696
730,1,https://steamcommunity.com/profiles/76561197989744167/inventory/#730_2_4168219296  https://steamcommunity.com/id/karrigancsgo/inventory/#730_2_13592133279
730,0,더스트2 케주얼 돌리면 10판중 9판이 봇방임 이정도면 봇이 이게임 동접자의50퍼 이상임  솔직히 이겜 할거면 경쟁아니면 할겜 못됨 시발 시진 핑핑이
730,1,지들 아재라고 티내고 ㅈ목질하는 놈들이 많고 찐따들도 많아서 역함 프라임사면 캐주얼엔 짱깨들 매크로 돌려서 방 찾기 힘듦 또 프미 경쟁 윙맨가면 다 짱깨들밖에 없어서 소통도 어렵고 핵도 많음 그렇다고 캐주얼에 없는 것도 아님 씹새끼들 이 똥맛을 견디고 사람 많아지면 게임이 재밌어서 싫어하다가도 하게 됨 근데 진짜 VAC 안티치트는 사상 최악의 안티치트임 만든 새끼 찢어버려야함
730,0,내가 발로를 요즘 거의 안하는데도 이거 할바엔 발로하러간다ㄹㅇㅋㅋ
730,0,"이 시발 좆 같은 게임  열심히 할려고 칼사고 스킨사고 다했는데 핵 좆같이 많네 진짜 일 존나 안하는 개 병신같은겜 절대 하지도 말고 보지도 말고 핵 존나 많은 겜이구나 하고 쓰레기통에 쳐 넣어야하는 게임"
730,1,i hate this game but i love it
730,0,WORLD WORST CHINESE HAKING SHIT GAME
730,1,"이게임을 하면 여러 다양한 핵들과 어설픈 외국어로 한국어 욕을 하는 외국인을 만나볼수 있어요!     나머진 다 좋음,핵만 고치면 완벽"
730,1,"진짜 재미있는 게임이지만.. 주변에 고인물이 없다면 시작하지 않는 게 좋은 것 같아요. ( 사람들이 톡식 해요. ) 〒▽〒 서프라는 컨텐츠도 재밌더라구요 bb 강추"
730,1,"ХОРОШАЯ ИГРА,ПОЧТИ НЕТ ЧИТЕРОВ"
730,1,"""Ai 새끼 저거 직원이 일 안하고 게임 대신하는거 아니야?"" 　　　　　　　　　　　　　　　　　　　　　- ★★★☆"
730,1,굳굳굳굳굳굳굳굳굳굳굳굳굳굳굳굳굳굳굳굳굳굳굳굳굳굳굳굳굳굳굳굳굳굳굳굳굳굳굳굳굳굳굳굳굳굳굳굳굳굳굳굳굳굳굳굳굳굳굳굳굳굳굳굳굳굳굳굳굳굳굳굳굳굳굳굳굳굳굳굳굳굳굳굳굳굳굳굳굳굳굳굳굳굳굳굳굳굳굳굳굳굳굳굳굳굳굳굳굳굳굳굳굳굳굳굳굳굳굳굳굳굳굳굳굳굳굳굳굳굳굳굳굳굳굳굳굳굳굳굳굳굳굳굳굳굳굳굳굳굳굳굳굳굳굳굳굳굳굳굳굳굳굳굳굳굳굳굳굳굳굳굳굳굳굳굳굳굳굳굳굳굳굳굳굳굳굳굳굳굳굳굳굳굳굳굳굳굳굳굳굳굳굳굳굳굳굳굳굳굳굳굳굳굳굳굳굳굳굳굳굳굳굳굳굳굳굳굳굳굳굳굳굳굳굳굳굳굳굳굳굳굳굳굳굳굳굳굳굳굳굳굳굳굳굳굳굳굳굳굳
730,1,움직이면서 쏘면 총알이 튀어서 적응하기 힘듬 그리고 프라임 사세요
730,0,⣿⣿⣿⣿⣿⠟⠋⠄⠄⠄⠄⠄⠄⠄⢁⠈⢻⢿⣿⣿⣿⣿⣿⣿⣿ ⣿⣿⣿⣿⣿⠃⠄⠄⠄⠄⠄⠄⠄⠄⠄⠄⠄⠈⡀⠭⢿⣿⣿⣿⣿ ⣿⣿⣿⣿⡟⠄⢀⣾⣿⣿⣿⣷⣶⣿⣷⣶⣶⡆⠄⠄⠄⣿⣿⣿⣿ ⣿⣿⣿⣿⡇⢀⣼⣿⣿⣿⣿⣿⣿⣿⣿⣿⣿⣧⠄⠄⢸⣿⣿⣿⣿ ⣿⣿⣿⣿⣇⣼⣿⣿⠿⠶⠙⣿⡟⠡⣴⣿⣽⣿⣧⠄⢸⣿⣿⣿⣿ ⣿⣿⣿⣿⣿⣾⣿⣿⣟⣭⣾⣿⣷⣶⣶⣴⣶⣿⣿⢄⣿⣿⣿⣿⣿ ⣿⣿⣿⣿⣿⣿⣿⣿⡟⣩⣿⣿⣿⡏⢻⣿⣿⣿⣿⣿⣿⣿⣿⣿⣿ ⣿⣿⣿⣿⣿⣿⣹⡋⠘⠷⣦⣀⣠⡶⠁⠈⠁⠄⣿⣿⣿⣿⣿⣿⣿ ⣿⣿⣿⣿⣿⣿⣍⠃⣴⣶⡔⠒⠄⣠⢀⠄⠄⠄⡨⣿⣿⣿⣿⣿⣿ ⣿⣿⣿⣿⣿⣿⣿⣦⡘⠿⣷⣿⠿⠟⠃⠄⠄⣠⡇⠈⠻⣿⣿⣿⣿ ⣿⣿⣿⣿⡿⠟⠋⢁⣷⣠⠄⠄⠄⠄⣀⣠⣾⡟⠄⠄⠄⠄⠉⠙⠻ ⡿⠟⠋⠁⠄⠄⠄⢸⣿⣿⡯⢓⣴⣾⣿⣿⡟⠄⠄⠄⠄⠄⠄⠄⠄ ⠄⠄⠄⠄⠄⠄⠄⣿⡟⣷⠄⠹⣿⣿⣿⡿⠁⠄⠄⠄⠄fucking cheat
730,0,"This game is why, i hate south east-asia ppl"
730,0,"내가 다시 하면 사람 새끼가 아님  라고 10년째 말하는 중"
730,1,Cao ni ma! Wo cao! Sha bi! Ni ma si le! Ba ba da wo!  생활 중국어 게임
730,1,무슨 문제이닞 모르겠지만 카운터 스트라이크 접속이 안되네요 하지만 pc방에선 됩니다
730,1,https://steamcommunity.com/id/perf-/inventory/#730_2_27727037805
730,1,서프라이즈 존버 게이다 시발련아 ㅋㅋㅋㅋㅋㅋㅋㅋㅋㅋㅋㅋㅋㅋㅋㅋㅋㅋㅋㅋㅋㅋㅋㅋㅋㅋㅋㅋㅋㅋㅋㅋㅋㅋㅋㅋㅋㅋㅋㅋㅋ
730,1,핵유저가 있기는 해도 그 사이에서 정상적인 한판만 잡히면 개재밌음.
730,0,아니 요즘 왜 공방 죄다 짱개 메크로방만 잡히는거야? ㅡㅡ지들끼리 추방까지하고 아주 난리네... 게임을 못해
730,1,"핵이 많다는것 빼고는 다 장점인것 같습니다 하지만, 택티컬 게임이 처음인분들이 하시기에는 매우 어렵다고 할수있습니다. 하지만 발로란트를 하고 오시는 분들께선 매우 재미있을수 있습니다. 이게임은 발로란트처럼 스킬이 없고, 오직 총과 연막 , 수류탄 등등으로 싸우는 게임이기 때문에 자신의 에임을 뽐낼수 있다는 장점이 있습니다. 발로란트를 하시기 전에 이 게임을 하시고 발로란트를 하러 가시면 매우 효과가 좋다는것을 느낄수 있으실겁니다 . 그러니 한번쯤은 이 게임을 해보는게 좋다 라고 할수 있겠네요. ""택티컬게임을 하고 싶은데 할만한 게임이 없다"" 라는 분들에게 극히 추천합니다."
730,1,"정신병있어서 우러전쟁 징집에도 데려다가 못써먹는 히키 러시안 새끼들은 논외로 치고, 게임 자체는 FPS 근본이자 갓겜"
730,1,ОЧЕНЬ ХОРОШАЯ ИГРА. КАК МИНИМУМ ПУТИН ОДОБРЯЕТ!!!!!
730,1,"할거 없을때 하기 좋은 게임, 게임 자체를 잘 만들었음, 시간 빨리감"
730,1,"진짜 무서운 점 난 카스2를 다운받아본적도 플레이한적도 없는데 플레이 시간이 찍혀있다.  언제 해킹당했냐 ^^ㅣ발"
730,1,이 게임은 그저 G.O.A.T입니다 진짜 ㄹㅈㄷ 입니다 무조건 하십쇼 발로망겜
730,0,"이 깨임 너무 어렵내요 ;;;;;;; 개이ㅁ 좀 십게 만드시지 그렞어요,,,,,,,, 여러분은 시작죶차 하지 마새요....."
730,1,Very good game if you play with your friends you will defidently start hating both you. + you will learn to hate russiabs and finnish peoples
730,0,진심 오버워치 이후로 핵 이렇게 많은 게임 처음보고 참고로 의심이 아니라 대놓고 나 핵이라고 하는 외국인들 천지임 걍 진지하게 할 게임은 절대아님   여전히 개 쓰래기 게임. 대놓고 모두가 핵쓰고 대응핵 없으면 프리미엄 경쟁 자체가 성립이 안되는 개 똥망 폐기게임 바로 삭제함
730,1,평점 : ★★★☆☆  가격 :  ★★★★★ 매칭속도 : ★★☆☆☆ 최적화 : ★★★★☆ 플레이 : ★★★★★   평가 : 1등 FPS 게임 명성답게 재밌음 경쟁 매칭속도는 평균 1분30초~ 3분 으로 동접에 비해 느린편이며 유저가 많은만큼 치터도 많아 짜증도 나지만  커뮤니티 서버가 있어 소소하게 컨텐츠를 즐기는사람도 있고  프라임 계정으로 업그레이드시 주마다 레벨업시 아이템을 줘 운이 좋다면 프라임 구매 금액을 복구하고도 다른게임을 살수 있을 정도의 쌀먹이 가능하다. ( 작성자는 상자와 무기 스킨을 팔아 얼리엑세스 시절 배틀그라운드를 구매하였다 ) 그래도 다른 FPS를 플레이 하다보면 CS2로 돌아오게 될정도의 재미가 있다.  FPS를 못하는 유저도 프라임계정만 사고 매주 상자런을 하여 소소한 용돈벌이를 하는것도 추천해본다.       참고용의 평가이며 개인적인 생각의 평가입니다.
730,0,"핵이 난무합니다 한국인들은 절대 하지마시길바랍니다. 성격 버립니다.  무과금유저들은 캐쥬얼에있는 경험치작 전용방 들어가서 봇들 머가리좀 뿌시다가 강퇴당하고, 과금유저들은 경쟁이나 프리미어가는순간 핵과의전쟁입니다.  내가 조금만 잘쏜다? 상대 외국C8럼들 바로 핵키고 반격들어옵니다. 월샷헤드 기본, 에떱 대기샷해도 초실각보지않는이상 못땁니다.  왜 이딴 겜이된건지 개같은거 관리도안하고 쓰8람들"
730,1,⣿⣿⣿⣿⣿⠟⠋⠄⠄⠄⠄⠄⠄⠄⢁⠈⢻⢿⣿⣿⣿⣿⣿⣿ ⣿⣿⣿⣿⣿⠃⠄⠄⠄⠄⠄⠄⠄⠄⠄⠄⠄⠈⡀⠭⢿⣿⣿⣿ ⣿⣿⣿⣿⡟⠄⢀⣾⣿⣿⣿⣷⣶⣿⣷⣶⣶⡆⠄⠄⠄⣿⣿⣿ ⣿⣿⣿⣿⡇⢀⣼⣿⣿⣿⣿⣿⣿⣿⣿⣿⣿⣧⠄⠄⢸⣿⣿⣿ ⣿⣿⣿⣿⣇⣼⣿⣿⠿⠶⠙⣿⡟⠡⣴⣿⣽⣿⣧⠄⢸⣿⣿⣿ ⣿⣿⣿⣿⣿⣾⣿⣿⣟⣭⣾⣿⣷⣶⣶⣴⣶⣿⣿⢄⣿⣿⣿⣿ ⣿⣿⣿⣿⣿⣿⣿⣿⡟⣩⣿⣿⣿⡏⢻⣿⣿⣿⣿⣿⣿⣿⣿⣿ ⣿⣿⣿⣿⣿⣹⡋⠘⠷⣦⣀⣠⡶⠁⠈⠁⠄⣿⣿⣿⣿⣿⣿ ⣿⣿⣿⣿⣿⣿⣍⠃⣴⣶⡔⠒⠄⣠⢀⠄⠄⠄⡨⣿⣿⣿⣿⣿ ⣿⣿⣿⣿⣿⣿⣿⣦⡘⠿⣷⣿⠿⠟⠃⠄⠄⣠⡇⠈⠻⣿⣿⣿ ⣿⣿⣿⣿⡿⠟⠋⢁⣷⣠⠄⠄⠄⠄⣀⣠⣾⡟⠄⠄⠄⠄⠉⠙ ⡿⠟⠋⠁⠄⠄⠄⢸⣿⣿⡯⢓⣴⣾⣿⣿⡟⠄⠄⠄⠄⠄⠄⠄ ⠄⠄⠄⠄⠄⠄⠄⣿⡟⣷⠄⠹⣿⣿⣿⡿⠁⠄⠄⠄⠄⠄⠄⠄ GOOD GAME
730,0,적팀 뭔가 수상한데 하고 스팀 프로필 열어보면 VAC 밴 기록 있음 진짜 과학임 ㅋㅋ 심지어 핵쟁이 새끼들은 혼자하는것도 아니고 같은 병신들 모아서 돌려서 그런지 아군들도 내 위치 다 알고 있음 이 게임은 나온지 10년이 넘었는데 핵을 안 잡음 ㅋㅋㅋㅋㅋㅋ 스팀하면서 이렇게 VAC 밴 기록을 가진사람과 많이 만나본 게임은 이 게임이 처음임 ㅋㅋㅋㅋㅋ
730,0,"why banning enemy have spin ????????"
730,1,gooooooooooooooooooooooooooood god game
730,1,"[h2]최고의 FPS 게임[/h2]전작에서 사용하던 Source 엔진에서 새로운 엔진인 Source 2 로 바뀌어서 [b]그래픽[/b]이 향상되었습니다. [b]총기의 종류[/b]도 다양하고 로드아웃에서 변경을 할 수 있어서 본인에 맞게 사용할 수도 있습니다. [b]플레이 모드[/b]도 다양하고 연습 모드에서 AI를 상대로 사람과 게임하는 것처럼 훈련도 가능합니다. [b]명령어[/b]로 [u]AI의 난이도[/u]와 [u]수 조절[/u], [u]치트 활성화[/u]가 가능합니다. 전 못해봤지만 다양한 [b]스킨[/b]도 구매해서 사용하실 수 있습니다. 핵도 있긴 하지만 [b]신고와 차단, 추방 투표[/b] 시스템으로 처리가 가능합니다."
730,1,"단점: 이 게임만 하면 중국인이 싫어짐. 캐주얼 모드하고 데스매치 들어가면 계속 중국인들 작업장만 나와서 게임을 할 수가 없는 일이 너무 많음.     더2, 해체 그룹 시그마 맵들 : 중국인 한 놈이 상대팀 봇유저들 한 곳에 모아놓고 총질하고 있음     아누비스 : 사람들 a에 모여서 c4설치 후 서로 총질함 또 캐주얼에서 핵 쓴 사람들 보면 10에 9은 중국닉네임이니깐 중국인이 싫어질 수밖에 없게 됨.(도대체 중국인들은 완미섭 냅두고 서울섭와서 하는거임?) 중국 사람 말고도 다른 사람을 욕하는 비매너 유저들도 많아서 경쟁전이나 프리미어를 돌리는 것도 주저하게 됨.  장점: 그냥 게임 자체가 재밌음. 그래서 저런 단점들이 있어도 계속 하게 됨."
730,1,Cool game. Nice community. But BRAWl STARS BETTER!!! I LOVE BRAWLIK!!!!!!!!!!!!!!!!!!!!!!!!!!!!!!!!!!!!!!!!!!!!!!!!!!!!!!!!!!!
730,1,DAMN this game is so good WOW i really love this game
730,0,"Hey, Valve. To become the most famous in the world for fps games, you have to have of the Korean user.  Your awareness in Korea is close to zero. You don't have the will to improve your environment, and you let us waste more than five minutes on game matching. Do you think Korean consumers understand these things? You guys are behind in service than the fps game in Korea, and the system is a mess. Do you want to make more money from this business? Still, aren't you greedy for Korean user's money? Koreans won't like this stuffy and dirty service. Please, get up and fix it. Watch and learn from Riot Games' marketing."
730,0,fucking cheaters every game. fuck it
730,0,"중국인들 핵유저들이 많음. 러시아애들은 대놓고 트롤짓하고 욕하고, 상대하다보면 피곤함."
730,0,야이 씼빨썌끼들아 쫒같은 짱꺠작업봇좀 관리좀 제대로해라 씨빨 거
730,1,"진짜 접었다가 다시했다가 접었다가 다시해봤지만 정말 명작의 게임이다 이보다 더 재밌는게임은 없다!"
730,1,"I love this game When i watch 'CS.money' add, i can get many nice skins. ""THE BEST GAME"""
730,1,"일단 게임하면서 화나는 일은 거의 없음, 팀 의존도가 타 게임보다는 낮은게 사실임. 클래식 FPS 게임의 정석임. 스킬도 없고 오직 에임으로 승부를 봐서 굉장히 평등함."
730,0,게임은 탁월 하지만 유저가 문제가 짱개핵은 판을치고 병신같은 ㅈ목새끼들은 답이없구나 한국은 망했다.
730,1,"장점:스킬없는 Fps라 재밌음 단점:경쟁전 도중 실수로 팀원을 총으로 쐈는데 경쟁전 쿨다운 먹음"
730,1,발로 좆잼민이 보다 조용히 겜하는 중국인들이 훨배 나음
730,0,⣿⣿⣿⣿⣿⠟⠋⠄⠄⠄⠄⠄⠄⠄⢁⠈⢻⢿⣿⣿⣿⣿⣿⣿ ⣿⣿⣿⣿⣿⠃⠄⠄⠄⠄⠄⠄⠄⠄⠄⠄⠄⠈⡀⠭⢿⣿⣿⣿ ⣿⣿⣿⣿⡟⠄⢀⣾⣿⣿⣿⣷⣶⣿⣷⣶⣶⡆⠄⠄⠄⣿⣿⣿ ⣿⣿⣿⣿⡇⢀⣼⣿⣿⣿⣿⣿⣿⣿⣿⣿⣿⣧⠄⠄⢸⣿⣿⣿ ⣿⣿⣿⣿⣇⣼⣿⣿⠿⠶⠙⣿⡟⠡⣴⣿⣽⣿⣧⠄⢸⣿⣿⣿ ⣿⣿⣿⣿⣿⣾⣿⣿⣟⣭⣾⣿⣷⣶⣶⣴⣶⣿⣿⢄⣿⣿⣿⣿ ⣿⣿⣿⣿⣿⣿⣿⣿⡟⣩⣿⣿⣿⡏⢻⣿⣿⣿⣿⣿⣿⣿⣿⣿ ⣿⣿⣿⣿⣿⣿⣹⡋⠘⠷⣦⣀⣠⡶⠁⠈⠁⠄⣿⣿⣿⣿⣿⣿ ⣿⣿⣿⣿⣿⣿⣍⠃⣴⣶⡔⠒⠄⣠⢀⠄⠄⠄⡨⣿⣿⣿⣿⣿ ⣿⣿⣿⣿⣿⣿⣿⣦⡘⠿⣷⣿⠿⠟⠃⠄⠄⣠⡇⠈⠻⣿⣿⣿ ⣿⣿⣿⣿⡿⠟⠋⢁⣷⣠⠄⠄⠄⠄⣀⣠⣾⡟⠄⠄⠄⠄⠉⠻ ⡿⠟⠋⠁⠄⠄⠄⢸⣿⣿⡯⢓⣴⣾⣿⣿⡟⠄⠄⠄⠄⠄⠄⠄ ⠄⠄⠄⠄⠄⠄⠄⣿⡟⣷⠄⠹⣿⣿⣿⡿⠁⠄⠄⠄⠄⠄⠄⠄
730,1,https://steamcommunity.com/id/jL-13/inventory/#730_2_30625055472
730,0,"나로인해 다친사람들이 너무나도 많다 그 분들을 위해서라도 여기다가 고인의 명복을 빈다 나의 테이저건에 맞은사람들은 아직까지도 정신을 차리지못하였다. 왜냐하면  테이저건에 맞은사람들의 기분을 나는 너무나도 잘 알기때문이다.  분노,고통,복수,분함,짜증,원망,경멸,척살,원한... 그 분들의 기분을 잘 알기에 나는 희열을느낀다. 나를 마주하였거나 이 글을 보시고 화가 머리끝까지 나셨다면  나의 스팀 댓글에다가 비난을하여라 모든 비난과 역경 다 받아줄것이다.  너희들은 나보다 못하니까."
730,1,"장르: 정통 FPS게임   이게임 팁을 알려드리겠습니다.  1. 게임 자체가 쌀먹이 가능하다.  일주일에 한번 상자와 스킨을 얻을수있습니다. 상자는(400-2500원),스킨은(20-3000000원)까지 얻으실수있습니다. 상자와 스킨을 팔아서 다른 스팀게임을 살수있습니다. 상자는 까지마세요. 까서 칼나오면 최소40만원-300만원 이긴한데 확률 극악입니다.  2.이 게임 고인물들은 사설 서버로 게임을 합니다.(오원,페잇,완미 등등)  3.배그,롤, 발로란트 핵쟁이 합친 핵쟁이들수가 이 게임에 더 많습니다. 기본 esp,에임핵 장착한 러시안,중국인이 판을 칩니다.   솔직히 게임유저의 20%는 작업장 돌리는 계정이라고 생각합니다.   - 캐쥬얼 들어가면 작업장이 판을 칩니다.  - 경쟁을 가면 암걸리는 중국,러시안이 판을치고  - 프미를 가면 핵쟁이가 판을 칩니다.  그래서 진성 유저들은 사설서버가서 클린한 게임을 합니다.  저는 쌀먹 유저입니다. 이게임으로 일주일에 취미겸 상자팔아서 20만원 정도 스팀포인트 얻어서 다른 게임을 구매하였습니다.   결론  1. 참 잘만든게임  2. 개판운영 3. 너무 많은 핵쟁이 4, 쌀먹가능한 게임 (스킨 상자 파밍)  로 요약 할수있습니다."
730,0,"내가 뭔가 설정을 잘못해서 작업장 방에 들어가지나 했더니 다들 그런거 같네. 근 20년 가까이 한 두 판씩 재밌게 했던 카스인데, 이제 온라인 게임으로서의 수명은 끝나가는거 같다.  차라리 핵쟁이가 더 낫다는 생각이 들 정도로 작업장 방 밖에 없어서 이제 그냥 캐쥬얼 매칭은 들어가자마자 무조건 바로 강퇴당하고 겜 할 방법 자체가 없다.ㄹ"
730,1,모든 밀리터리 FPS를 있게 해주었다고 해도 과언이 아닌 그런 근본 있는 게임
730,0,핵이 너무 많음... 있건 말건 신경도 안쓰는 게임 .6때 부터 열심히 했지만 이젠 그만 해야겠다 싶음
730,1,짜장들 많은거 빼면 이 만한 정통 fps 찾기 힘듭니다 ㅋㅋㅋ
730,1,핵 별로 없고( 저티어 는) ㅈ밥 만음 ㅋㅋㅋㅋㅋㅋㅋㅋㅋㅋㅋㅋ
730,1,솔직히 소스만큼 유즈맵이 쫀득한건 아닌데 바닐라는 증조할배겜답게 탄탄함
730,1,진짜 잘만들었는데 어느게임이든간에 패작하는 십새끼들 정지점
730,1,총에 미친 악귀들만 모아둔 수라도가 있다면 그건 아마 여기일거다
730,0,공방 돌리면 킬뎃작업방만 걸려서 강퇴당함ㅋㅋㅋㅋ 게임을 실행조차 못하는 병신게임
730,0,"게임을 져도 내 에임 탓을 하며, 요즘 물이 올라 10판에 15킬 정도 하는 수준까지는 올랐습니다만.. 모든 게임에서 핵쟁이를 만나서 프라임을 구매했습니다. 프라임 구매 후 10번정도 플레이해서 실적을 쌓아야 클린한 서버에서 플레이 할수 있다고 하던데.. 8번 게임을 들어갔는데 한번 빼고 7번을 지들 킬 수 올리는 AI 플레이어 가득한 방에서 혼자 놀고있더군요.  그래서 방 들어갈때 마다 모든 유저 다 신고 먹였구요. 근데... 인터넷 뒤적이다 보니 무려 3년전에도 그 일로 신고했다는 사람이, 요즘도 전혀 바뀐것이 없다는 말에 신고해도 소용없구나 싶었습니다. 진짜 잣갔습니다. 2만원 내고 클린하게 게임 하려고 했더니 오히려 핵쟁이들 사이로 던져버려서 아예 게임을 못하게 만드네요. 스팀에 일단 환불 접수하긴했지만.. 안되면 아예 접는걸로.. 프라임 사지마세요 여러분"
730,1,솔직히 발로란트라는 게임보다 핵도 많은데 그만큼 잼민이가 없어서 너무 좋습니다 한국인들끼리만 한다면 이보다 더 좋은 게임이 있을까 싶네요
730,0,쭝국따거들 때문에 전역하고 무직백수 카스생활에 지장이 생길만큼 큐가 안잡히는데 이건 아니죠..
730,0,매판 핵 만남 다 중국인임 ㅋㅋㅋ 핵쟁이 추방 투표올리면 역으로 내가 추방당함ㅋㅋㅋㅋ
730,0,시발 진짜 데매 들어가면 플래이어 반은 시발 처돌고 있는 시발 좆망겜 진짜 핵만 처잡으면 발로보다 헐씬 인기 많을거 같은데 왜 핵을 처 안잡지? 존나 이해가 좆도 안가네
730,1,"d ;llrpllfprlllllllllllllllllllllllllllllllllllllllllllllllllllllll"
730,1,친구들이랑 하면 개꿀잼이고 로씨아 친구들과 차아니즈 친구들과 친해지면 더 재미있음 북미가면 더 미치게 놀 수 있음. 발로란트 해본사람들이면 더 쉽게 적응할 수 있고 무기 스킨도 깔@롱's 쌈@뽕함 칼스킨빼곤 다 가격도 착함
730,1,"이 게임하다가 러시아 혐오 생김ㅋㅋ 핵 무진장 많고 고의 트롤링 만나면 대부분 러시아 사람임,,, 하는 짓이 진심 중국인보다 혐오스러울 정도ㅋㅋ  가끔가다가 같은 한국인도 만나는데 한국인들 만나면 반가울새 없이 게임 좀 유리하면 채팅 러쉬하면서 상대방 조롱해대서 눈살 찌푸려지게 만드는 사람들이 은근 많음,,,  중국인들은 뭐 말이 필요 없고,,,  게임 재밌어서 프라임 사서 즐기고 있었는데 플레이 하면 할 수록 중국인들이랑 러시아 사람들 때문에 재미가 반감댐,,,"
730,0,남들과 같은지 몰라도 저는 프라임 구매 후 더 게임이 이상해진거 같은 느낌이 너무 들어요.
730,0,there are a lot of cheaters even you pay for the prime
730,1,"캐주얼 하면서 못한다고 난리치는 짱깨만도 못한 한국인, 혼자 뭐라고 씨부리는 짱깨 빼고는 다 좋은 게임."
730,0,맵도 좋고 실력비슷한 사람끼리 할 수있는 유일한 FPS라고 생각했는데 이젠 조밥티어에서도 핵을 쓰고요 2만원주고 랭겜하려고 하는데 프리미어인데 혼자하는 사람이랑 5명이랑 어떻게 같을까요 캐쥬얼은 작업장이 점령하고 있어도 막지도 않고 지금은 그냥 일주일에 한번 상자 얻고 안합니다 게임답지 못한 게임에 화만 나서 다른 사람들에겐 추천하지않습니다
730,0,"비추천한 이유  - 총기 사운드, 총기 애니메이션이 너무 좋지 않다  사운드의 경우 전작 CS:컨디션제로, CS:소스보다 퇴보했고, 애니메이션의 경우 비등하거나 이하이다.  총기 장전, 꺼내기 시 사운드가 너무 깔짝깔짝하는 느낌이라 스트레스를 많이 받고 총 발사음도 호쾌하지 않다.   개인적으로 FPS 게임을 오래 즐길 수 있게 만드는 핵심은 호쾌하고 멋진 총 발포 소리와 긴박하고 절도있는 총 장전  애니메이션이라고 생각한다. 전체적인 시각효과(플레이어와 총기 모델링, 전체 텍스쳐, 물 효과 등)는 매우 개선  됐으나 FPS의 핵심이 너무 부실하여 빛나지 못한다.   +CS:GO를 구입했고 CS2로 자동 업그레이드 되었다."
730,1,"한국에선 더욱 유명한 카스와 맥주 카스 덕분에 3번쨰의 인지도를 지닌 카스, 어렵지만 재밌습니다. 정말 잘할 수 있는 게임을 하나 고르라면 이것을 고를 것 같습니다."
730,1,"Эта игра хорошая, и я могу её рекомендовать. Уверен, вам понравится!"
730,1,"게임 = 공짜 랭겜 = 20,000원 클린한 랭겜 = + 30,000원  개좆병신겜"
730,0,아니 시이이이이 부우우우우 라아아아아아알 짱개 작업방 단속 안하냐고 진짜 아니 어찌 10번 들어가면 7번은 작업방 2번은 사람없는방 그리고 그 중 한 번 일반방 나올까 말까여 시이이이 부우우우라라라아아아알 진짜 짱개 작업방 단소오오오오오오오오옥좀 하라거ㅗ고고오오오ㅓ오오
730,0,so many cheat n doesn`t work VAC :(
730,0,"맵이 거지 같고 스킬이 난무하는 옆동네 FPS가 짜증난다구요? 그런 당신을 위해 카스2를 추천합니다! 말도 안 되는 런앤건에 정지는 커녕 멀쩡히 돌아다니는 월핵들, 멍청한 팀원으로 가득하지만 의외로 할 만합니다!"
730,1,игра шик кайф советую лучшая игра                                                                               мне заплатили за отзыв тссссссссссссссс
730,1,첨해보는데 재밌네 생각보다  핵쟁이좀 잡아라 밸브야 핵쟁이좀 잡아라 밸브야 핵쟁이좀 잡아라 밸브야 핵쟁이좀 잡아라 밸브야 핵쟁이좀 잡아라 밸브야 핵쟁이좀 잡아라 밸브야 핵쟁이좀 잡아라 밸브야 핵쟁이좀 잡아라 밸브야 핵쟁이좀 잡아라 밸브야 핵쟁이좀 잡아라 밸브야 핵쟁이좀 잡아라 밸브야 핵쟁이좀 잡아라 밸브야 핵쟁이좀 잡아라 밸브야 핵쟁이좀 잡아라 밸브야 핵쟁이좀 잡아라 밸브야 핵쟁이좀 잡아라 밸브야 핵쟁이좀 잡아라 밸브야 핵쟁이좀 잡아라 밸브야 핵쟁이좀 잡아라 밸브야 핵쟁이좀 잡아라 밸브야 핵쟁이좀 잡아라 밸브야 핵쟁이좀 잡아라 밸브야
730,1,항상 늘 내가 죽고나서 적은 피킹후 나를 쏘고 적을 쏘면 안맞는데 적의 옆 빈공간을 쏘면 적이 죽고 화염병 터진곳을 지나가도 데미지를 안받을때도 있고 죽으면 3초동안 게임이 멈추고 판마다 팀이 칼로 날 긋고선 sry 하며 고개를 미친듯이 도리도리 돌리고 같은 한국인은 만날수없는 게임
730,1,le blya tyda syda kosar 4asov tyda syda burned o4elo
730,0,"CS2 competitive server is completely suck! If you are playing competitive game, this game will kick you, and make you to rejoin this game every round when you buy gun"
730,0,그냥 핵무법 천지인 게임임 핵 잡는것도없음 안하는게 정신건강에 이로움
730,0,"카스는 핵쟁이들 만의 전유물 20년이나 지금이나 어떻게 한방에 해드샷만 꽂히냐 오가는 동선은 외울수 있어도 타이밍 까지 정확히 한방에 쏘는건 신내림 받거나 핵쟁이 아님 불가능함 공식화된 핵쟁이들 세계에서 뉴비들 따윈 꺼져야됨 학살 당하는게 즐겁다면 싶다면 강추"
730,0,게임 쳐도란나 데스매치에서 p90들고 머리비우고 게임하는데 무고 vac밴당해서 매칭이안되네 ㅋㅋㅋㅋㅋㅋㅋㅋㅋㅋㅋㅋㅋㅋㅋㅋㅋㅋㅋㅋㅋㅋㅋㅋㅋㅋㅋㅋㅋㅋㅋㅋㅋㅋㅋㅋㅋㅋㅋㅋㅋㅋㅋㅋㅋㅋㅋㅋㅋㅋㅋㅋㅋㅋㅋㅋㅋㅋㅋㅋㅋㅋㅋㅋㅋㅋㅋㅋㅋㅋㅋㅋㅋㅋ
730,0,"300시간 평가 : 병신 같은 게임 , 중국 개병신 유저들.  랭겜 개못하는 애들 데리고 아무말안하고 혼자 40킬하면서 다이겨주니깐 마지막 라운드에서 추방눌림  이제 접음 답도없는 게임임  100시간 평가 다른 FPS 보다 진입장벽 높은것 같음 . 중국인 ㅈㄴ 많음 핵도 너무 많음"
730,0,아니 분명 2021 명예훈장 달고 나서 프라임 구매 없이 랭크 돌릴 수 있었는데 갑자기 왜 랭크할거면 프라임 사라고 난리임? ㅇ마없는게임 ㅋㅋ
730,0,"a game of trash with a bunch of cheater, hacker"
730,1,ssssssssssssssssseeeeeeeeeeeeeeeeeeeeexxxxxxxxxxxxxxxxxxxxxxxxx
730,1,stress tailah gej orj ireed estressdeg horny togloom bn
730,0,미친 개 좃망게임 내 인생 여기에 갈았는데 돌아오는 건 엄마 뒤졋냐는 패드립 뿐임
730,1,시대의 역작을 무료로 내시 다니 정말 대단 하십니다 선생
730,0,달리기없고 조준없고 기울기 없고 슬라이딩없고 fps의 원본 그자체  하지만 아시아 매칭은 망한거같음 캐주얼매칭은 중국애들이 봇넣고 쌀먹하고 있음..
730,0,"카스에 돈쓰지 마세요. 재미로라도 상자깡하지 마세요 ㄹㅇ  돈낭비 개지립니다,"
730,0,캐주얼 돌리면 전부 다 -짱-작업장 밖에 없네 좀 잡으라고 ㅅㅂ
730,1,"걍 카스 1.6세대부터, CD로 설치해서 플레이했던 사람으로서, 정말 재미짐~"
730,0,"""중국인"" 이 한마디로도 이미 끝난 게임....(삭제)  (추가)  아... 캐주얼 유전데 어느순간 몇 주 동안 캐주얼 돌려도 중국인들 작업장 밖에 안 보이네... 진짜 게임을 아예 못 할 지경임...여러분들은 캐주얼 유저라면 프라임 사지마시고 경쟁이나 프리미어 하실 생각이시면 사시는 걸 추천드립니다.... 그리고 이 겜은 절대로 많이 하시지 않으시는 걸 추천 드립니다 사람의 정신을 해롭게 하는 게임이에요  (추가)  이 게임을 입문 하시려는 여러분들, 밑에 있는 경고문이자 글을 꼭 정독하시길 바랍니다.   이 게임에 있는 90% 사람들은 예비용으로 핵을 챙겨다닙니다. 그 씹새끼들은 여러분들이 좀 잘한다 싶으면 갑자기 핵무새 마냥 핵을 켰다며 내로남불 시전 핵 바로 켜버립니다. 그러니까 제발 발로란트로 가시길 바랍니다 이 게임은 가망이 없어요 그냥 개 쓰레기 게임이에요 그냥 정공겜입니다 이 게임은 사람을 병신으로 만드는 게임 입니다 이 게임은 전세계에 있는 모든 정신병자들의 쉼터이자 놀이터이자 집이자 인생입니다 이 게임은 사람의 정신을 해롭게 하는 게임입니다 이 게임을 하다간 진짜 인생이 좆됩니다 그러니까 제발 하지마세요 씨발 ㅠㅠ제발 하지마세요 씨발 ㅠㅠ제발 하지마세요 씨발 ㅠㅠ제발 하지마세요 씨발 ㅠㅠ제발 하지마세요 씨발 ㅠㅠ제발 하지마세요 씨발 ㅠㅠ제발 하지마세요 씨발 ㅠㅠ제발 하지마세요 씨발 ㅠㅠ제발 하지마세요 씨발 ㅠㅠ제발 하지마세요 씨발 ㅠㅠ제발 하지마세요 씨발 ㅠㅠ제발 하지마세요 씨발 ㅠㅠ제발 하지마세요 씨발 ㅠㅠ제발 하지마세요 씨발 ㅠㅠ제발 하지마세요 씨발 ㅠㅠ제발 하지마세요 씨발 ㅠㅠ제발 하지마세요 씨발 ㅠㅠ제발 하지마세요 씨발 ㅠㅠ제발 하지마세요 씨발 ㅠㅠ제발 하지마세요 씨발 ㅠㅠ제발 하지마세요 씨발 ㅠㅠ제발 하지마세요 씨발 ㅠㅠ제발 하지마세요 씨발 ㅠㅠ제발 하지마세요 씨발 ㅠㅠ제발 하지마세요 씨발 ㅠㅠ제발 하지마세요 씨발 ㅠㅠ제발 하지마세요 씨발 ㅠㅠ제발 하지마세요 씨발 ㅠㅠ제발 하지마세요 씨발 ㅠㅠ제발 하지마세요 씨발 ㅠㅠ제발 하지마세요 씨발 ㅠㅠ제발 하지마세요 씨발 ㅠㅠ제발 하지마세요 씨발 ㅠㅠ제발 하지마세요 씨발 ㅠㅠ제발 하지마세요 씨발 ㅠㅠ제발 하지마세요 씨발 ㅠㅠ제발 하지마세요 씨발 ㅠㅠ제발 하지마세요 씨발 ㅠㅠ제발 하지마세요 씨발 ㅠㅠ제발 하지마세요 씨발 ㅠㅠ제발 하지마세요 씨발 ㅠㅠ제발 하지마세요 씨발 ㅠㅠ제발 하지마세요 씨발 ㅠㅠ제발 하지마세요 씨발 ㅠㅠ제발 하지마세요 씨발 ㅠㅠ제발 하지마세요 씨발 ㅠㅠ제발 하지마세요 씨발 ㅠㅠ제발 하지마세요 씨발 ㅠㅠ제발 하지마세요 씨발 ㅠㅠ제발 하지마세요 씨발 ㅠㅠ제발 하지마세요 씨발 ㅠㅠ제발 하지마세요 씨발 ㅠㅠ제발 하지마세요 씨발 ㅠㅠ제발 하지마세요 씨발 ㅠㅠ제발 하지마세요 씨발 ㅠㅠ제발 하지마세요 씨발 ㅠㅠ제발 하지마세요 씨발 ㅠㅠ제발 하지마세요 씨발 ㅠㅠ제발 하지마세요 씨발 ㅠㅠ제발 하지마세요 씨발 ㅠㅠ제발 하지마세요 씨발 ㅠㅠ제발 하지마세요 씨발 ㅠㅠ제발 하지마세요 씨발 ㅠㅠ제발 하지마세요 씨발 ㅠㅠ제발 하지마세요 씨발 ㅠㅠ제발 하지마세요 씨발 ㅠㅠ제발 하지마세요 씨발 ㅠㅠ제발 하지마세요 씨발 ㅠㅠ제발 하지마세요 씨발 ㅠㅠ제발 하지마세요 씨발 ㅠㅠ제발 하지마세요 씨발 ㅠㅠ제발 하지마세요 씨발 ㅠㅠ제발 하지마세요 씨발 ㅠㅠ제발 하지마세요 씨발 ㅠㅠ제발 하지마세요 씨발 ㅠㅠ제발 하지마세요 씨발 ㅠㅠ제발 하지마세요 씨발 ㅠㅠ제발 하지마세요 씨발 ㅠㅠ제발 하지마세요 씨발 ㅠㅠ제발 하지마세요 씨발 ㅠㅠ제발 하지마세요 씨발 ㅠㅠ제발 하지마세요 씨발 ㅠㅠ제발 하지마세요 씨발 ㅠㅠ제발 하지마세요 씨발 ㅠㅠ제발 하지마세요 씨발 ㅠㅠ제발 하지마세요 씨발 ㅠㅠ제발 하지마세요 씨발 ㅠㅠ제발 하지마세요 씨발 ㅠㅠ제발 하지마세요 씨발 ㅠㅠ제발 하지마세요 씨발 ㅠㅠ제발 하지마세요 씨발 ㅠㅠ제발 하지마세요 씨발 ㅠㅠ제발 하지마세요 씨발 ㅠㅠ제발 하지마세요 씨발 ㅠㅠ제발 하지마세요 씨발 ㅠㅠ제발 하지마세요 씨발 ㅠㅠ제발 하지마세요 씨발 ㅠㅠ제발 하지마세요 씨발 ㅠㅠ제발 하지마세요 씨발 ㅠㅠ제발 하지마세요 씨발 ㅠㅠ제발 하지마세요 씨발 ㅠㅠ제발 하지마세요 씨발 ㅠㅠ제발 하지마세요 씨발 ㅠㅠ제발 하지마세요 씨발 ㅠㅠ제발 하지마세요 씨발 ㅠㅠ제발 하지마세요 씨발 ㅠㅠ제발 하지마세요 씨발 ㅠㅠ제발 하지마세요 씨발 ㅠㅠ제발 하지마세요 씨발 ㅠㅠ제발 하지마세요 씨발 ㅠㅠ제발 하지마세요 씨발 ㅠㅠ제발 하지마세요 씨발 ㅠㅠ제발 하지마세요 씨발 ㅠㅠ제발 하지마세요 씨발 ㅠㅠ제발 하지마세요 씨발 ㅠㅠ제발 하지마세요 씨발 ㅠㅠ제발 하지마세요 씨발 ㅠㅠ 씨ㅣㅣㅣㅣㅣ발 하지말라고  하지말라면 그냥 하지말라고 좀 이렇게 경고 하잖아 이래도 할거야?? 씨발 그냥 하지말라고 좀 이딴 정병겜을 왜 하냐고 ;; 좀 하지마 제발 그냥 좀좀좀좀좀좀좀좀쫌 어?? 제발 ""하.지.말.라.고"""
730,1,발로란트라는 게임을 하다가 카운터스트라이크2라는 게임을 친구들과 처음 해봤습니다 그런데 재가 생각한거보다 쉽고 재미있어서 질리지 않고 플레이 했던거 같네요 스킨값이 좀 비싸고 뽑기 확률이 안좋다는 단점? 뺴고는 솔직히 단점을 잘 모르겠습니다 fps를 좋아하는유저는 한번쯤은 해보는게 좋을거 같다고 생각합니다
730,1,유명한 이유는 전부 있는 법이네요. 총 쏘는 맛이 좋습니다
730,1,어뷰징 유저가 너무 많네요 새벽시간에 캐주얼은 거의 그러네요
730,0,완성 못 한 게임을 부랴부랴 내놨는데 업데이트도 손 놓음  + 중국 작업장이 판 치는데 손 놓고 있는 벨브
730,1,너 때문에 난 세상이 다르게 느껴쪄 ❤                                          이성을 잃었습니다.
730,1,핵잡고 한국인 유입좀 많이 시켜라 이만한 정통fps가 없는데 핵을 ㅈ도 못잡네 진짜 ㅋ
730,0,카스 2 메뉴에서 마우스 위치와 클릭 위치가 안맞습니다. 이런 치명적인 오류 때문에 게임 자체가 실행이 안되요
730,1,나온지 20년이 넘은 멀티플레이 FPS의 전설. 그동안 수없이 많은 대체제가 나왔지만 결국은 카스가 계속 동접 1위인 것은 이유가 있다.
730,1,이 게임에 경우 잘하는 사람이 매우 많습니다 그니까 잘하는 친구 하나 데리고 하시길 바랍니다 그리고  이 게임에는 온 종류의 핵이 있기 때문에 조심하시기 바랍니다 저는 참고로 바닥 쏘면 아무나 죽는 핵을 본적도 있고 당한적도 있습니다 ㅠㅠ 아무튼 즐거운 카스 2 하시길 바랍니다. ㅋㅋ
730,1,if you like angry russians play csgo
730,1,프라임 사면 핵이 줄어든다고 해서 샀는데 더스트2에서 중국인들 작업장이 왜케 많냐 게임은 재미있음
730,1,Good but I think Valorant is the better game
730,1,분명 200시간이면 조금 했다 생각했는데  생각해보니 FPS게임에서 200시간이면 뉴비더라고요   시발
730,1,아 시1발 알트탭하면 렉 ㅈ1ㄴ 걸림요 수고 그 외에는 잘만듬
730,1,"핵이 없으면 굉장히 재밌습니다 이게 아무래도 택티컬 fps의 조상급이다 보니 고전적인 맛이 있습니다 재미있는 카스 되시구요 여기까집니다"
730,0,버그 걸려서 키지도 끄지도 못한닥 운 없는 나같은 놈들은 하지 마라
730,1,"제발 중국인들좀 제거해주세요.. 채팅창에 성인광고로 꽉채우고 중국인들때문에 게임도 끊기고 바퀴벌레같은놈들 지구상에서 사라져야됨 보이스피싱같이 사기나쳐대고 쓰레기들"
730,0,병신애미뒤진 게임 그자체 핵은 한판마다 판치고 자꾸 VAC버그 쳐 걸리지 않나 무결성 검사나 어찌해서 겜하면 갑자기 로딩시간 길어지더니 방 들어가면 그냥 튕김 시발병신게임 진짜 어이없어서 무료인데도 불구하고 최악의 게임 그자체 가면갈수록 병신으로 변하냐ㅋㅋㅋㅋㅋㅋㅋ  아니 vac 버그 이후로 두번 방에 들어갈때마다 시발 팅기는게 애미뒤진 게임이 아니고 뭐임???????? 시발 건든거 하나도 없는데 존나 짜증나게 하네 진짜
730,0,아니 개 시@#@#발 애@#@#미 뒤진 중국인들 중국인들이 3인큐 조지면 시@##@발 킥하면 바로 쳐 나가지는데 애#@@#미 뒤@#졌@#냐? 게임 생각 없이 만들었냐? 그럴거면 파티랑 안잡히게 만들던가 애#@미 뒤@#진거마냥 쳐 중국인이랑 잡는데 쳐 게임을 어떻게 하냐 니가 쳐 해봐라 씨#@발#@련아 게임하다가 중국인들이 갑자기 즈그 애#@미 뒤@#진거마냥 쳐 죽이는데 게임을 어떻게 하냐
730,0,seriously cs2 never care about ban hackers. turns many people using hacks and come back with new account. they dont even ban ip ban.
730,0,전투의 기본은 목표달성과 생존인데 그 과정에서 어쩔 수 없이 대기하거나 숨어서 노려야 하는 상황이 발생함. 그런데 다수의 플레이어들이 그것을 단순히 시간을 끄는 행위로 받아들이고 당연하게 강퇴시킴. '기다려' 한번 배워 본 적 없는 야생 똥개새끼 만도 못한 플레이어들 수준이 게임에 안 좋은 환경을 만듦.
730,0,캐주얼 더스트2는 프라임 구매하는 순간 작업방만 매칭되니 주의바랍니다.
730,1,약15년 카스를 해왔는데 이만한 게임은 없는 것 같아요.
730,1,핵 많아~! 하지만 재미있지~!! 질려도 이것만한게 또 없지....제길.....하아....욕나오네....
730,1,"재밌는데  짱깨,핵 많음 서버인구 적어서 게임매치도 잘 안되는듯..?"
730,0,핵이 너무 많음 대놓고 사용하는 판이 있는데도 안잡고 있음
730,1,한섭븅신입니다 중국인이 완미세계안하고 영어도모르면서 씨이이이이이이빨 계속 중국어로 대화합니다  업데이트 ㅈ까랍니다
730,0,중공인 핵이 너무 많음. 가끔 한판정도 하고 절대로 돈쓰지 말것.
730,1,재밌어요............................................                ...............................................              ..............................................................................................................................................            ...........................................................................................                                  ..............................................................................................................................................................................                         ......................................................                                                                                          ..............................................................      .......................................      ..........     .             ...........   ........... ............      ..................................................      .          ..........   ........................... ...................... ........................       .............................................................
730,1,발로하다가 카스 맛좀 봤는데 카스는 발로랑 다르게 무개념 잼민이들이없고 짱 재밌음
730,1,"[h1] 원조의 품격 [/h1]  단순한 피지컬과 신경전의 향연이라고 할 수 있을 거 같습니다."
730,1,1.6->글옵-카스2까지 언제나 재밌었음 밸런스 좋음 근데 핵쟁이는 빼고
730,1,"이겜은 어 한마디로 말할수있어요 갓겜/ 그냥 그냥 어 존나 재밌어요"
730,0,망겜 프라임 구매해서 들어가도 중국 작업장들이 지들꼐정빼고 강퇴시켜서 할수도 없으니  무료만 하세요
730,0,"한국섭 망했습니다, 프라임 구매 하지마세요  더스트맵은 중국 작업장때문에 들어가면 강퇴당하고 사람도 없습니다."
730,0,HACK 개많아서 추천안해 쉬뱔 핵도 못잡는겜 ㅋㅋㅋㅋㅋㅋㅋㅋㅋㅋㅋㅋㅋㅋㅋㅋㅋㅋㅋㅋㅋㅋㅋㅋㅋㅋ
730,0,짱깨가 내 계정을 해킹해서 영정먹음 ㅠ. 뭐.. 원래 안하는 게임이긴 했지만 짜증나긴 하네용
730,0,매판 무조건 핵만나서 정 떨어지는 게임. 탈출은 지능순
730,0,봇들이 너무 많고 프라임인데도 서버 관리 너무 안하는듯 이렇게 사후지원을 하는 꼬라지 보니까 스팀덱 구매하려고 했는데 그냥 하지 말아야겠음
730,0,아 뭔 게임잡는데 30~40분 걸리냐? 글고 씨~발알론소 누가자꾸 일부러 1명이 안잡아서 게임 연속으로 15번캔슬됐음 이게 가능하다생각함? 난 생각못함 일단 그렇다치고 게임 일부러 안잡으면 패널티좀 줘라 제발 싫음말고 ㅋ
730,1,"핵만 없으면 싱글방글 웃으며 하는 근-본겜 근데 핵은 생각보다 많고 핵은 잡는지도 모르겠고, 실시간 신고버튼이 있어서 신고버튼 갈겨도 정지먹는지 모르겠다"
730,1,결국 할 게임 없으면 여기로 돌아오게 되더라 근본은 버릴 수 없어
730,1,"매우매우 좋고 재미있는 총게임.  이지만, 고인물들이 넘쳐나고 자비가 없어서 뉴비들은 게임 종료 버튼을 누르게 된다.      그치만 재미있으니 추천."
730,1,"핵이 일겜 돌리면 2판에 1판씩 있는 수준이긴 한데, 재미있음"
730,1,이 게임 정말 재밌네요 게임 다운로드 하면 무조건 상자깡부터 하세요
730,1,나 림걸인데 이거 존나 재밌다 짱깨 우빈이친구들 없으면 더 재밌음
730,1,어떠한 화려한 fps도 카스를 넘지는 못한다. 최고의 튜닝은 순정이다.  진입장벽이 높은점 빼고는 재밌음..랭킹전 맵제거 없애라 그냥 랜덤으로 하게 맨날 하는 맵만 하자나..
730,1,https://steamcommunity.com/id/b1t333/inventory/#730_2_27727037778
730,1,발로란트같은 개push겜 하지말고 낭만넘치는 카스로 오세요
730,0,"Русня, турки, поляки та чітаки"
730,1,"이 시리즈 첫 시작을 어렸을적 카운터 스트라이크: 컨디션 제로cd를 아빠 친구한테 받아서 했던 기억이있다. 그떄는 너무 어릴때라 멋모르고 해서 잘 못하기도 했었고 그래픽도 좋게 느껴졌었는데 지금은 이렇게나 그래픽이 발전한 게임이 되었다는게 너무 신기하다.  오랜만에 해도 할만한게임"
730,1,____🐸🐸🐸🐸____🐸🐸🐸 ___🐸🐸🐸🐸🐸__🐸🐸🐸🐸 __🐸🐸🐸🐸🐸🐸🐸🐸🐸🐸🐸 🐸🐸🐸🐸🐸🐸🐸🐸🐸🐸🐸🐸🐸 🐸🐸⚪️⚫️⚫️⚪️🐸🐸🐸⚪️⚫️⚫️⚪️ 🐸⚪️⚫️⚫️⚪️⚫️⚪️🐸⚪️⚫️⚫️⚪️⚫️⚪️ 🐸⚪️⚫️⚪️⚫️⚫️⚪️🐸⚪️⚫️⚪️⚫️⚫️⚪️ 🐸🐸⚪️⚫️⚪️⚪️🐸🐸🐸⚪️⚫️⚪️⚪️ 🐸🐸🐸🐸🐸🐸🐸🐸🐸🐸🐸🐸🐸 🔴🔴🐸🐸🐸🐸🐸🐸🐸🐸🐸🐸🐸 🐸🔴🔴🐸🐸🐸🐸🐸🐸🐸🐸🐸 🐸🐸🔴🔴🔴🔴🔴🔴🔴🔴🔴🔴🔴 🐸🐸🐸🔴🔴🔴🔴🔴🔴🔴🔴🔴🔴 🐸🐸🐸🐸🐸🐸🐸🐸🐸🐸🐸 🐸🐸🐸🐸🐸🐸🐸🐸🐸🐸 🐸🐸🐸🐸🐸🐸🐸🐸🐸
730,1,"tlqkf wrkxdms rpdla  많이 많이 하세요"
730,0,"Counter-Strike 2 설정에서 화면 나오는 것을 결정할 수 있는 화면에서 원래는 창 모드로 되어 있었는데 전체 모드로 바꾸니깐 아예 게임을 킬떄마다 화면이 검은색으로 뒤덮여 있고 게임도 아예 안되서 다시 창모드로도 바꿀 수 없어요. 유튜브에서도 찾아봤는데도 관련 버그를 알려주는 사람도 없고, 인터넷에서도 찾아봤는데 이런 경우는 안 나와 있어요."
730,0,"로봇에 의한 어뷰징 작업이 너무 많다. VAC 세션 오류가 너무많다 제발 일좀해라 씨발 좋은게임 놔두고 개똥같이 운영한다"
730,1,SO MANY CHEATERS.. AND VALVE IGNORES THEM..
730,1,추억으로 시작했지만 갓겜이라는걸 느끼고 다른게임 다접고 이것만함
730,0,"taiwan is real china mother fucker beach Chinese  stop use spam chating and shut up beach Chinese hey valve if you whatch my evaluation plz make only chaina sever"
730,0,오토좀 잡아라 Catch the Autobots ------------------------------------------------------------------------------ 병신새기들 핵도 안썼는데 vac 입장쿨다운 24시간?시바렴들이
730,1,굿잡굿잡 순수도파민 ㅇㅈㅇㅈㅇㅈㅇㅈㅇㅈㅇㅈㅇㅈㅇㅈㅇㅈㅇㅈㅇㅈㅇㅈㅇㅈㅇㅆㅇㅈ
730,0,핵이 많네요 핵 쓰는 사람 중에 한국인 있길래 왜 핵쓰냐고 물어보니 너네 팀도 핵 있어서 방어용 핵이라고 하더군요 하지만 핵 쓰는 악질유저만 죽이는 게 아니고 일반유저까지 싹 다 죽이던 군요 진짜 어이가 없더라고요 저는 프라임도 구입했고 친구랑 4인팟 중 인대 우리 팀 중국인 1명이 핵이고 적팀 2명이 핵이더군요. 심지어 랭크 게임입니다 아 마지막 으로 너네 도 1명핵인대 왜 강제 퇴장 안 시기냐고 꽁승먹고 싶은거냐고 하도 그러드라구요? 나도 그래서 나도 핵쓴다 이런 말 하는데 우리 강티 하는 법도 모르는 뉴비이고 인터넷에서 찾아서 강퇴 하는법 하려 해도 바로부결 뜹니다. 진짜 그냥 허무한게 아니었어요 노력을 안한게 아닙니다. 친구들이 그날 그판하고 더 이상 못하겠다고 하더라고요 진짜 2만 원까지 쓰면서 핵 안 만나게 하는 거라고 해서 구매한 건대 이게 맞나 싶습니다. 게임은 진짜 재미있는대 너무 슬프네요
730,0,"Steam/Valve가 그들을 보고 웃고 범죄자가 좋은 하루를 보내길 바라는 동안 사기꾼에 의해 찢어지는 것을 좋아하거나 부도덕한 사기꾼에게 도난당하는 것을 좋아한다면 이 버기 걸작을 추천할 수밖에 없습니다. Counter Strike 2 - Valve, 사기꾼, 사기꾼만이 여기서 즐거운 시간을 보낼 수 있습니다. 마조히스트에게 추천 5/5"
730,0,"아시아에도 핵 좀 잘 잡아주었으면 좋겠습니다.  러시아, 중국인, 한국인도 쓰는 사람있다지만  처리 능력이 너무 병신 같음  실시간으로 처리할수 있게 모니터링을 해주던가  클린하게 캐주얼 작업방 없애주는것을 봐주던가  아니면 개인적으로 AI 가 이상한 에임샷을 잡아주는 프로그램을 도입 시켜주던가  돈 많은 놈들이 이런거 안잡아 주는게 좀 너무한다.   핵 ㅈㄴ 많습니다. 하지마세요  하실꺼면 사설 가서 하세요  사설 안한다면 걍 하지마셈  병신 겜임 중국인 핵 ㅈㄴ 쓰는데 그거 하나 못잡는 게임임"
730,0,들어가는 방마다 씨@봉방 짱개년들이 상자 작업 쳐 하고있음 더스트는 물론 해체 델타 시그마에서도 그 지랄 쳐 하고 있음  이 개 씨발 바퀴벌레새끼들은 지들이 하는 짓이 민폐라는 것을 절대 인지를 못함 하나같이 개 병신짓 하는 거 보면 다 짱개녀들임 지역락 걸고 지들끼리 산화되는게 답임   개 좇벌레 시진핑 노예새끼들  --------------------------------------------------------------------------------------------------------  8월달에 짱개 씨발련들이 작업장 쳐 돌리고있다고 했는데 반년 가까이 되도록 고치질 않는 개 씨발년들의 운영 실력ㅋㅋㅋ 도타부터 시작해서 짱개와 좇남아 병신들 대가리수에 기대서 일반 플레이어들 등골 쳐 빨아먹는거 관망하는게 좇벨브년들의 운영 수준임   캬악 퉤 씨발
730,0,갑자기 얼마전부터 음쓰로 전락함..... 짱개들 작업방 천지임 ㅅㅂ 게임좀 하자 이 ㄱ같은거 이걸 못 잡는 벨브도 쥰내 능력없네 ㅅㅂ
730,1,짱1깨련 핵 쓰는거 제외하면 솔직히 이 겜 개씹갓겜임 한국에서 좀 알려졌으면 하는 겜
730,1,https://steamcommunity.com/id/b1t333/inventory/#730_2_38824393609
730,1,옛날 생각에 게임을 시작했는데 그래픽도 좋고 너무 재미있네요
730,1,상대 짱깨 = 무협지 존윅  우리 짱깨 = 오랑우탄  ⣿⣿⣿⣿⣿⠟⠋⠄⠄⠄⠄⠄⠄⠄⢁⠈⢻⢿⣿⣿⣿⣿⣿⣿⣿ ⣿⣿⣿⣿⣿⠃⠄⠄⠄⠄⠄⠄⠄⠄⠄⠄⠄⠈⡀⠭⢿⣿⣿⣿⣿ ⣿⣿⣿⣿⡟⠄⢀⣾⣿⣿⣿⣷⣶⣿⣷⣶⣶⡆⠄⠄⠄⣿⣿⣿⣿ ⣿⣿⣿⣿⡇⢀⣼⣿⣿⣿⣿⣿⣿⣿⣿⣿⣿⣧⠄⠄⢸⣿⣿⣿⣿ ⣿⣿⣿⣿⣇⣼⣿⣿⠿⠶⠙⣿⡟⠡⣴⣿⣽⣿⣧⠄⢸⣿⣿⣿⣿ ⣿⣿⣿⣿⣿⣾⣿⣿⣟⣭⣾⣿⣷⣶⣶⣴⣶⣿⣿⢄⣿⣿⣿⣿⣿ ⣿⣿⣿⣿⣿⣿⣿⣿⡟⣩⣿⣿⣿⡏⢻⣿⣿⣿⣿⣿⣿⣿⣿⣿⣿ ⣿⣿⣿⣿⣿⣿⣹⡋⠘⠷⣦⣀⣠⡶⠁⠈⠁⠄⣿⣿⣿⣿⣿⣿⣿ ⣿⣿⣿⣿⣿⣿⣍⠃⣴⣶⡔⠒⠄⣠⢀⠄⠄⠄⡨⣿⣿⣿⣿⣿⣿ ⣿⣿⣿⣿⣿⣿⣿⣦⡘⠿⣷⣿⠿⠟⠃⠄⠄⣠⡇⠈⠻⣿⣿⣿⣿ ⣿⣿⣿⣿⡿⠟⠋⢁⣷⣠⠄⠄⠄⠄⣀⣠⣾⡟⠄⠄⠄⠄⠉⠙⠻ ⡿⠟⠋⠁⠄⠄⠄⢸⣿⣿⡯⢓⣴⣾⣿⣿⡟⠄⠄⠄⠄⠄⠄⠄⠄ ⠄⠄⠄⠄⠄⠄⠄⣿⡟⣷⠄⠹⣿⣿⣿⡿⠁⠄⠄⠄⠄⠄⠄⠄⠄
730,0,중국발 작업장 제재를 안해서 겜을 진행할수가 없음. 게임 포기한 듯
730,0,competitive matchmaking is fuked up 10th person never accepts.  AND YES STILL SO MANY CHEATERS.
730,1,"댓글창에 알수없는 중국어로 도배하는 사람들이 간혹 있기는 하지만 게임은 재밌다 하지만 공짜 계정에서는  할수 없는겄이 많기 때문에 프라임 계정을 구매하지 않으면 답답함"
730,0,"짱깨 작업방이 캐주얼 더스트2맵을 장악해서 정상적인 진행이 불가능합니다 게임내에 신고+프로필들어가서 신고를 쳐해도 밸브 이새끼들은 작업방 수수료가 달달한지 처리를 잘안해주니 사람이 없어서 봇만 많은 다른맵, 또는 다른게임모드나 경쟁 하실분들만 하시면 됩니다  * 25년 1월에도 여전히 더스트2를 포함한 일부맵들은 작업방으로 사용되고 있으며 짱깨머니가 달달해서 그런가 밸브 이새끼들은 잡을 생각이 전혀 없어보입니다"
730,1,"핵쟁이 존나 많다 ㅅㅂ 특히 중궈런들 핵 ㅈㄴ 많이 쓴다,..................................................."
730,0,캐주얼이나 데스매치에 짱개 봇들 너무 많고 딱봐도 작업돌리는거 같은데 이거 안막을꺼냐?
730,1,https://steamcommunity.com/id/m0NESY-/inventory/#730_2_38824393674
730,0,하지마 제발 나처럼 900시간 날리지마!!!!!!!!!!!!!!!!!!!!!!!!!!!!!!!!!!!!!!!!!!!!!!!!!!!!!!!!!!!!!!!!!!!!!!!!!!!!!!!!!!!!!!!!!!!!!!!!!!!!!!!!!!!!!!!!!!!!!!
730,0,비추 버튼 좀 누르고 평가 올려라 야랄들아 ㅋㅋㅋ 리뷰에다가 불평불만 죤내적고 따봉버튼 누르고 올리니까 매우 긍정적이라는 ㅈ도 말도 안되는 평가가 나오지 ㅁㅊ
730,1,im on banana picking to middle
730,0,내가 핵도 아니고 트롤짓하는것도 아닌데 못한다는 이유로 추방시키는 것들아 이제시작해서 걸음마 배우는데 이러면 동접자 떨어지지
730,0,매판 마다 핵을 만나. 신고를 해도 실시간으로 정지는 없을 뿐더러 처리 되고 있는건지도 모르겠음.
730,1,"최고의 게임이지만, 맵이 좀 더 다양했으면.. 서버도 좀.."
730,1,"이 게임 제대로 하면 사람 폐인 되므로, 다른 겜하다가 질리면, 하는걸 추천. 그리고 핵 홍보 가끔씩 보이고, 핵쟁이 많음"
730,1,"★★★  우리나라에서 서든, 스포가 유명할때 나는 카스파였다. 다만 그땐 유저풀이 없어서 외치질 못했다.  미안하다!"
730,1,"다 좋은데 내가 캐주얼만 해서 그런지 몰라도 중국인들 경험치작 좀 막아라. 게임 좀 하자. 근데 또 이만한 게임 찾기도 힘든 건 맞음, 카스만의 맛이 있음.  결론은 재밌는데 중국인 때문에 ㅈ같음"
730,0,tlqkf 내가 뒤에서 소리를 냈으면 당연히 상대가 내쪽을 보겠지 우리의 목표가 C4설치인데 내가 뒤에서 어그로 끌면 C4설치해서 목표달성하는건데 C4설치하면 상대가 C4쪽을 보겠지? 그래서 내가 나가서 상대 죽이니까 핵쟁이라고 정치질하고 내가 발로짬밥이 얼만데 늬들이 먼데 나보고 핵쟁이라고 wlfkf인데 한국인들 게알못이냐 프라임계정을 사도 wlfkf이야 미띤놈들아
730,0,"Все что было в CS GO, было просрано. Атмосфера как у валоранта. Читеры в каждой катке. Короче весь потенциал просрали"
730,1,https://steamcommunity.com/profiles/76561197983956651/inventory/#730_2_11276677458 https://steamcommunity.com/profiles/76561197983956651/inventory/#730_2_19996851192 https://steamcommunity.com/profiles/76561197983956651/inventory/#730_2_34467853806
730,1,중국인들이 존나 많아서 소통이 안된다는거 빼고 다 좋음
730,1,차이나 따거들의 지갑이 건강해져만 가는 자원관리를 보며 굳이 배우지 않아도 저축의 중요성에 대해 깨달을 수 있어 좋았다.
730,0,"37랭에 프라임인데 경험치 안줌, 며칠동안 경험치 바 자체가 안보임 내 친구도 경험치 안 주는데 캐주얼이랑 데스매치 했는데도 안주는거 보면 이제 안주는거임?"
730,1,고인물이 많는 클래식한 게임 전작 보단 그래픽이 좋아져서 컴이 어느정도 됀다 하면 추천합니다
730,1,재밋습니다. Sudden Attack과 같은 벌레 게임과는 차원이 다릅니다.
730,1,https://steamcommunity.com/id/jL-13/inventory/#730_2_38824393599
730,1,https://steamcommunity.com/id/jL-13/inventory/#730_2_38824393599
730,1,https://steamcommunity.com/id/jL-13/inventory/#730_2_38824393599
730,1,https://steamcommunity.com/id/jL-13/inventory/#730_2_38824393599
730,0,"Do not working VAC, This is utopia of Cheaters"
730,1,"깔자마자 상자깡에 30 박았다 설치도 하지 마라 똥준다.,.,.,."
730,0,잡으라는 핵? 안 잡음 잡으라는 봇? 안 잡음 잡으라는 작 방? 안 잡음  아무 것도 해당 안 되는 무고한 유저들? VAC 시간 초과 라면서 잡고 VAC 방해 프로그램 없는데도 있다면서 잡고 안티 치트에 걸린다니 뭐니 하면서 잡고 스팀 로그인 정보 없다면서 잡고 이젠 아무 이유 없이 그냥 갑자기 잡음  운영을 이렇게 ㅈ같이 할거면 대체 2로 바꾼 이유가 뭐임? 뭐 밸브가 2를 낸다는 마케팅? 그로 인한 신규유저 유입? 근데 이따위로 운영 하면 유입이고 현지인이고 떠날거라는 생각은 못 하나? 천 번 양보해서 작방이야 일반 유저들이니 못 잡는다고 해도 하다 못 해 핵이나 봇 새끼들 잡는 성의라도 보여주던가 그런 것도 하나 없고 뭐하잔거임? 일을 하는게 맞긴 함?  엿먹어라 ㅅㅂ
730,0,"this game for cheating, Always do not working vac, If you don't want to get stressed, I recommend you not to play this game.  핵쟁이들 위한 이 게임, VAC는 절대 작동하지 않습니다, 스트레스를 받고 싶지 않다면 이 게임을 하지 않는 것을 추천합니다.  このゲームはカンニングのために、常に仕事をしないvac、ストレスを受けたくない場合は、このゲームをプレイしないことをお勧めします"
730,0,"내가아는 밸브는 더 이상 없다. 하프라이프 1으로 시작해 밸브 게임은 싹다플레이했었고 카스1.6 ,소스, 카스글옵, 카스2까지 플레이 할정도로 애정이 넘쳤지만 이젠 더 이상 정나미 떨어져서 못하겠다. 이유는 간단하다 프리미어랭크나 공식서버에서의 핵은 너무나도 많고 솔큐로만 플레이하지만 매판 같은팀은 솔큐만잡히고 적팀은 5인큐로잡혀 소통의 차이로 이길수없는건 당연, 아군은 한라운드지면 영어로 욕설을 하고 나가거나 잠수를 타는게 대부분이다 게임을 할때마다 즐거운기분이 느껴진것보다 스트레스를 받는게 더 많아 밸브게임에 처음으로 악평을 적는다."
730,1,중국인들이 핵쓰는거 빼곤 굉장히 괜팒은게임이고 타격감이 괜찮습니다
730,0,개비응신 짱깨 작업방 씹쌔들이 점령한 더스트.  중국 취업난을 해결해주는 한줄기의 빛과 소금같은 존재.
730,1,почувствовал пенез в жопе спустя тсо часов
730,0,중국인이 팀킬 하면 아무런 조치 자체를 하지 않고 재가 중국인을 죽이면 게임 추방 을 하는게 신기하네요 게임이 중국인 쪽으로 움직이니깐 중국인은 추방 안하고 한국인은 추방 하나요? 게임이 정말 중국 쪽으로 보이는 게임 이네요
730,0,게임성 정말좋고 사람들(몇몇중국인제외) 다 좋은데 그놈의 핵....핵좀잡아라 개발사야 다 잘만들어놓고 힘들게 만들어놓은게임 핵이 지금 나락보내잔아....
730,0,카스? 존나재밌지 카스2라고 다르겠냐 개재밌어 근데 씨발놈들이 핵을안잡아서 좆같은거지 병신새끼들
730,0,"so many cheaters in here. when  you play 10 games, 9 game have a cheater."
730,1,장점 타격감이랑 총소리 감성은 FPS 1위인듯 단점 혼자 솔랭만 하니까 ㅈㄴ 물림
730,1,"재미있긴한데 핵이 너무 많음 특히 중국인들이 핵을 너무 많이씀 핵이 있으면 뭘 할수가 없음 핵을 감지 하면 바로 밴시키는게 있었으면 좋겠는데"
730,1,CLASSSSSSSSSSSSSSSSSSSSSSSSSSSS
730,0,핵쟁이가 무공훈장 받을 때까지 안잡는 놀라운 게임 짱개는 인류의 적이다.
730,0,작업장과 핵이 판치는게임. 즉 공상단에 지배된 잡종게임.  1. 핵이 정말많다. 없다고? 점수대가 시궁창이라서그래.. 2. 요즘 작업장이 판을친다. 5vs5 총 10명이상이 작업이고 시작하면 중앙뛰고 서로 폭까고 죽음. 사람들어오면 킥함.
730,1,"this game is good for persons who played valorant. this game have many guns. skins, maps and also it updates a lot. Also you could rank skin for cheap pries and last thing is the game grapices so i would rather reccomand to play"
730,1,https://steamcommunity.com/id/jL-13/inventory/#730_2_38824393599
730,0,"병신 가이지 게임  아무리 재밌다 하더라도 옆집 발로란트를 할까 싶게 만드는 랭크의 매칭시스템  골드노바4에서 5인큐로 온몸비틀기를 몇년해서 AK겨우찍고 다시 노바로 운지했다  이 씨발 애미두ㅢ진게임은 노바상대로 글엘을 매칭시키며 연승하던 사람들을 나락으로 보낸다.  노바에서 열심히 승리하고 "" 오호호 우리들 좀 잘하는데 ? AK 곧 가겠다 "" 싶을때   즉시 글엘 2명과 슈프림,이글을 만나며 격의 차이를 온몸으로 받으며 별을 하나 잃고서는  좆물을 흘리고 분위기를 개좆창낸다 . 이게임은 절대 공평하지않다.   연승을 아무리해도 승급은 절대 시켜주지 않으며 그 상태에서 한번이라도 지면 별을 떼 간다.이 씨발롬들  신나게 게임을 하려다가도 수천시간의 고인물들과 플레이타임 2시간의 실버*부계)들이 즐비하여 모든 힘을 뺴놓는다.  뉴비는 다인큐가 아니라면 웬만해선 랭크에서 살아남을 수 없을 것이다  유입은 없겠거니와 발로란트나 하러가라.."
730,0,중국인 때문에 게임이 안됨 플레이를 하는데 한국인이면 갑자기 시비를 털고 사운드 방해+팀킬까지 함 그냥 무시하고 게임할려고 해도 섬광탄 계속 던지면서 방해를 하다보니 이 게임 자체를 못하겠음 중국인 역겨움
730,1,https://steamcommunity.com/id/h0bbitzce/inventory/#730_2_11276676006
730,0,테러리스트와 카운터테러리스트의 무기 밸런스는 생까고 테러리스트만 사람들이 쳐해서 세상이 망하고 또 뭔 카운터테러리스트의 파마스랑 테러리스트의 갈릴은 장탄수가 10이나 차이나고  또 인원수 조정하겠다면서 자꾸 안해쳐먹는 망겜
730,0,목표를 에임에 놓고 클릭.....목표를 에임에 놓고 클릭.....목표를 에임에 놓고 클릭.....목표를 에임에 놓고 클릭.....목표를 에임에 놓고 클릭.....목표를 에임에 놓고 클릭.....목표를 에임에 놓고 클릭.....목표를 에임에 놓고 클릭.....목표를 에임에 놓고 클릭.....목표를 에임에 놓고 클릭.....목표를 에임에 놓고 클릭.....목표를 에임에 놓고 클릭.....목표를 에임에 놓고 클릭.....목표를 에임에 놓고 클릭.....목표를 에임에 놓고 클릭.....목표를 에임에 놓고 클릭.....목표를 에임에 놓고 클릭.....목표를 에임에 놓고 클릭.....목표를 에임에 놓고 클릭.....목표를 에임에 놓고 클릭.....목표를 에임에 놓고 클릭.....목표를 에임에 놓고 클릭.....목표를 에임에 놓고 클릭.....목표를 에임에 놓고 클릭.....목표를 에임에 놓고 클릭.....목표를 에임에 놓고 클릭.....목표를 에임에 놓고 클릭.....목표를 에임에 놓고 클릭.....목표를 에임에 놓고 클릭.....목표를 에임에 놓고 클릭.....목표를 에임에 놓고 클릭.....목표를 에임에 놓고 클릭.....목표를 에임에 놓고 클릭.....목표를 에임에 놓고 클릭.....
730,0,"중국 유저들의 무분별할 핵 사용으로 연속적으로 라운드가 진행될때는 정말이지 절망적입니다.  핵유저를 선별 작업하는 것이 제일 중요한 사안 이며, 핵을 제외한 나머지 인 플레이는 매우 만족하였습니다."
730,0,"Игра не плохая, проблема в комьюнити и поддержке игры. Упор идет на скины и торговую площадку, при этом совсем нет античита. Да и зачем что-то делать другое, когда можно иметь игроков и собирать бабки с комиссии от продаж скинов и ключей на сундуки.  В общем все просрали. Для нового игрока - не рекомендую, а кто играет тот сам все знает."
730,0,핵좀 쳐 자바라 이 쉬발것들아  신고를 하면 좀 쳐 받아서 잡고  신고를 해줘도 빨리 처리를 못하노
730,0,"상대팀에 핵이 있다면 내가 할 수 있는 건 우리팀 핵을 위해 한 발이라도 대신 맞아주는 것과, 더 비싼 핵이길 비는 것 뿐이다."
730,0,"카스2로 업데이트 후 캐주얼 매칭을 하면 짱깨들이 드글드글한 방으로 들어가짐. 본인 캐주얼 매칭만 하는 사람인데 카스2로 업데이트 후 게임을 못 하고 있음. 매칭하면 짱깨들방으로 들어가고 들어가서 팀 고르면 바로 추방 투표뜨고 바로 추방됨. 그 사이에 하는거 보면 아마 한명한테 전공 몰아주기해서 아이템 파밍하는 매크로 어뷰징같은데 어처구니가 없음... 이런식으로 카스도 망하는구나... 안타깝긴함. 아주 예전부터 1.5버전 이전부터 했던 게임인데..."
730,1,발로란트랑 비슷해서 많이함. 발로란트보다 좀 더 반동이 튀고 어려움
730,1,와 지금 해킹당한 계정 찾았는데 짱개새끼가 이거 계정 정지만들어놨음  이거 해킹당해서 정지된것도 안풀어준다네 미쳤네...
730,1,이 게임을 시작하고 나서 진짜 사회악은 중국인이 아니라 러시아인이라는걸 배웠어요
730,0,"온화한 나를 망치는 게임이지만, 칼찌와 제우스킬은 나의 도파민을 터트려준다.."
730,0,캐주얼은 승작하는 봇들로 가득하고 매치는 핵쟁이로 가득하네
730,0,"If you want to fxxx this cheater? play now"
730,1,"좋은 게임, 마음에 들었습니다. 2024.07.19 금 오후 1시 (KST) I 오전 0시 ET"
730,1,원조겜+미친퀄리티+재미+스킨 좋은거많음+겁나좋은맵등 장점이 엄청나개많씁니다 근데 한국인ㅌ은 잘않해... 어쨌든 꼭해보세요 아 발로왜하냐?>
730,1,"클래식 FPS 최고봉 핵만 좀 잘 잡으면 참 재밌을텐데"
730,0,"씨발 병신같은 짱깨 새끼들 때문에 5판하면 4판이 cheat 쓰고있음 애미애비 싹다 공산당 성노예 출신인가 因为像傻瓜一样的芝麻崽子们，玩5局就有4局在用cheat 难道所有孩子都是共产党性奴隶出身？"
730,0,이 새끼들은 본인 플랫폼의 본인들 게임을 왜 이렇게 방치함 ㅋㅋㅋㅋㅋㅋㅋㅋ
730,1,발로란트는 너무 스킬 때문에 뇌절인데 이건 적당히 퀄리티도 좋고 다 좋음
730,1,blood good. graphics good. weapons good. toxicity good. kind people wrong. hackers good. my opinion? GOOD
730,0,플레이타임 787시간 프라임계정에 스킨 졸라 질렀는데 게임 삭제했음. 진심 프리는 말할것도 없고 프라임계정도 프리미어 게임 돌려도 무조건 핵쟁이있음. 실력이 오르면 오를수록 핵쟁이 확실하게 보이고 보일때마다 신고해도 스팀 때문인지 돈때문인지 관리자체를 안함. 랭크가 오름 오를수록 점수 스트레스 졸라 받는데 핵쟁이가 항상 있음. 게임 자체는 심플하고 잘 만들었지만 관리 안해서 망하는 전형적인 클리셰임. 타입은 달라도 게임사 자체서버에 핵관리되는 오버워치나 발로란트 하는게 정신건강에 이로움.
730,1,"갓겜갓겜 갓겜 갓겜 갓겜 갓겜 갓겜 갓겜 갓겜 갓겜갓겜갓겜갓겜갓겜갓겜갓겜갓겜갓겜갓겜갓겜갓겜갓겜갓겜갓겜갓겜갓겜갓겜갓겜갓겜갓겜갓겜"
730,0,too many cheaters. createa new anti cheat
730,0,병@@@신들아 핵 잡아라 fark you chinaaaaaaaaaaaa
730,0,"적이 압승하거나 우리팀이 압승하는 팀밸이 어긋나는 경우가 일상이고 팀밸 안맞는거 참고 열심히 하다가 잘하는 팀 만나서 밑에서라도 열심히 해보려고 하면 갑자기 잘하던 사람들이 1,2라만 따면 끝나는 게임에서 킬욕심이라도 생긴건지 6라운드 연속으로 일부러 가서 죽어주고 슬슬 동점되니까 다시 제대로 해서 이기고 아주 지들만 재밌으려고 하는 게임  평생 본인들 끼리만 즐기다가 한국인 유입 다떠나서 팀으로 외국인이랑 핵쟁이만 한가득 만나길 빌겠음 제발 꼭 그렇게만 즐겨라 꼭"
730,0,교육 못받은 중국인 러시아인들 넘처나는겜 2015년도부터 개선 안됨ㅋㅋ
730,0,https://steamcommunity.com/profiles/76561198113666193/inventory/#730_2_30625055369 https://steamcommunity.com/id/karrigancsgo/inventory/#730_2_25795405078 https://steamcommunity.com/id/fame_cs/inventory/#730_2_27727037535
730,0,노애미 중국인샣기들이 지들맘애안들면 지들만 아는 언어 쳐쓰면서 강퇴함 ㅇㅇ
730,1,장점은 계속해도 질리지 않고 재밌으며 단점은 핵이 의심되는 유저들이 많은데 해결을 안해준다는점
730,0,고일때로 고여버린 게임  핵이 너무나도 많은 게임 재미는 있지만 핵때문에 별루
730,1,핵이 게임 다 망치는 게임. 전반적인 게임은 재밌는데 핵 하나 때문에 하기가 싫어짐. 제발 핵 제재 좀 해줬으면 함
730,1,근본. 그래픽은 좋아졌는데 모션은 그대로라 이질감이 드는 거 빼고 완벽함
730,1,Gra ogolnie jest fajna lecz pierwsza wersja byla o wiele lepsza.
730,1,경쟁이든 일반전이든 소통이 잘 안된다는 단점이 있으니 친구와 함께하시길 바랍니다
730,1,https://steamcommunity.com/id/devvek1ng/inventory/#730_2_1905953453
730,0,시발 에임이 위로 ㅈㄴ 안올려지고 이딴겜 하지 마세요 ㅈㄴ 빡칩니다
730,0,이 개씨발 병신겜은 핵을 대놓고 써도 안 잡음 병신들  안 쓰는 샛기들이 병신임 ㅇㅇ 씨~발애미  이 병신 새끼들은 핵을 쳐 잡지도 않을 거면서 왜 씨발 신고기능은 왜 쳐 넣음?  뭐 씨발 그냥 기만하는 거임? 병신새끼들 그냥 다 같이 손잡고 나가 뒤지셈
730,0,핵 좀 잡아라 왤캐 많냐 일반전은 하지도 못하겠네 ㅋㅋㅋ
730,0,워낙 유명한 게임이라서 기대에 부풀어서 다운 받고 들어간 나는 시작과 동시에 핵쟁이 중국인들에게 만장일치로 추방당했다..
730,0,mma에선 탭을 쳤을때 상대를 풀어줍니다 여기선 탭을 쳤을때 니 대가리가 터집니다    아 참고로 니 팀원도 탭을 칩니다.  너한테요.
730,0,더럽게 많이 팅기네 팅기면 접속을 할수 있게 해야지 접속도 안됨 시발
730,0,too many hacks legend game nice hacks no bans / report? they don't even work to ban hack players
730,1,very good but too many hackers
730,0,멍청하면 무시당하는 게임 ㅇㅇ 친절을 배풀면 호의인줄 아는 ㅅㄲ들 많음 나도 질문좀 하자 뭐그리 깐깐하냐 단어도 같은데 ㅆ발 그렇게까지 쳐 웃어야겠냐
730,0,"대다수의 유저가 사설 서버를 ( Faceit, 5E 등) 이용하고 있고 이를 알고 있는 Valve는 공식 서버 관리를 포기한 상태다 경쟁전이 사실상 일반 게임이며, 프리미어리그가 경쟁전인데 이 또한 상위 랭커들이 Cheater 판이라 아무 의미 없는 상황  한국 신규 유저들은 발로란트를 그만두고 카스 2로 넘어올 이유가 전혀 없다."
730,0,So many uneducated players just shouting and blaming the team for lose.
730,1,"핵쓰는 장애인, 못알아 듣는 언어로 오더내리는 병X, 목젖 안속에 심어둔듯한 마이크 음질,  3중 2개가 포함된다면 당신은 중국인을 만난겁니다 라운드를 시작하자마자 테이져로 지져버리고 게임에서 탈출하십시오"
730,1,제발~~~ 밸브야~~~~ 핵쟁이좀 잡아라~~~~~~~~ 제발~~~~~~~~~~~~~~~~~~~~~~~~~~~~~~~~~~~~~~~~~~~~~~~~~~~~~~~~~~~~~~~~~~~~~~~~~~~~~~~
730,0,you reallyu think this new map its good??????
730,1,핵이 존나게 넘처 흘러 버리는 게임 좆같은 러시아 짱개년들 만나면 일단 의심부터 시작하는 게임
730,1,"crosshair_code: CSGO-TpLLK-EJ5vT-aYEpF-VphTW-k8aYO,"
730,0,"짱깨, 원조빨갱이, 쪽바리새끼들 경쟁에서 대놓고 핵써도 별 일 없나봄"
730,0,프리미어 가도 10판 하면 6판은 rep cheater 만남 맵핵은 기본이고 가끔 조준 핵도 존나 많음 ㅅ1발 이러니 월에 6천원주고 중국 사설 서버 가서 하지
730,1,The god forsaken piece of shit that will ruin any decency of your soul. Deminish the light that once had when I used to play csgo and now this piece of trash is out for money laundrying and gambling addicts. Please for the love of GABEN remove it and bring back the good old game pls
730,0,"카스 2 나와서 옛추억에 시작했는데 핵이너무많아서 오래할맛이안나네요...핵만나면 다른게임하러가게됨... 오히려 핵들도 신고하라며 비아냥 거리고 정신승리밖에 너희는 할게없다 라고 합니다.. 어차피 밸류는 안잡는다면서요...맞는말이죠...핵쓰던 보이던애들이 한달뒤에도 계속 게임하고있으니..."
730,0,"cs2로 업글해서 괜히 프레임방어만 안되고 cs1때처럼 핵은 여전히 많음 놔줄때가 된듯"
730,0,"제발 게임을 좀 즐기고 싶습니다.  게임을 시작하고 캐주얼모드를 하다 데스매치 모드를 해보고 데스매치 모드가 취향에 맞아서 정말 재밌게 즐겼습니다. 바로 다음날 게임을 키고 데스매치 모드를 돌린순간 매칭에 들어가자마자 투표로 추방이 되더군요. 처음에는 뭔가 오류인가 하고 다시 매칭을 돌렸는데 몇번을 시도해도 계속 투표추방이 되더군요. 몇번 더 접속하여 접속하자마자 채팅으로 ""why ban me? plz stop"" 하며 대화를 시도해 보려 해도 아무런 답 없이 계속 추방당하였습니다.  알고보니 일종에 그룹을 형성하고 있었고 매칭에 들어온 다른 플레이어들을 모두 추방시키는 것이 였습니다. 포기하고 며칠뒤 다시 시도해 보았지만 결과는 똑같았습니다. 저는 아직 이 게임을 오래 플레이 하진 않은 유입유저이지만, 게임을 플레이조차 못하게 유저들끼리 단합하여 본인들만 서버를 장악하여 플레이를 하고 있어 게임을 즐기지도 못하고 있습니다. 글실력이 꽝인 저의 횡설수설이지만 게임을 플레이 조차 못한다는것에 아쉬움과 부당함을 느껴 글을 남깁니다."
730,1,"Hello am 48 year man from somalia. Sorry for my bed england. I selled my wife for internet connection for play ""conter strik"" and i want to become the goodest player like you I play with 400 ping on brazil and i am global elite 2. pls no copy pasterino my story."
730,0,"핵좀잡아 ㅅ발롬들아+ 매크로봇들작업장도있어서 데스매치돌리면 지들끼리투표해서 인간들강퇴한다음에 상자파밍함 시이이이이이발 게이브,뭐하냐???"
730,0,핵을안쓰면 호구가되는겜 대회에서도 핵을쓰는겜 어쩌면 핵팔아서 돈벌고 정지당한애들 새계정파면 또 돈벌고 밸브 계좌엔 욕망에 가득찬 돈이 두둑
730,0,"글옵 시절에 구매해놓고 한창 발로란트 하다가 해봤던 게임.  이속이 발로랑 다르기 때문에 블킹잡는게 어려웠는데 적응되니까 좀 할만해졌지만.. 늘 그렇듯 키릴문자와 C언어 쓰는 애들때문에 게임할맛 개떨어짐. 핵도 많고 그 핵으로 인해 사람들이 떠나서 카스2로 새롭게 출시한지 오래 된것도 아닌데 사람이 없어서 매칭도 안잡히는 실정이다. 어차피 무료니까 가볍게 해도 좋지만 글옵시절에 구매 안했던 사람들은 돈주고 계정업글하지 마라."
730,0,개 버러지 벨브 새끼  아무리 그래도 스카웃 0.1초만에 5발 꽂고 그런거는 알고리즘으로 바로바로 밴좀 시켜 씨발  진짜 개병신게임임 하지마셈
730,1,gooooooooooooooooooooooooooood
730,1,ffffffffffffffffffffffffffffffffffffffffffffffffffffffffffffffffffffffffffffffffffffffffffffffffffffffffffffffffffffffffffffffffffffffffffffffffffffffffffffffffffffffffffffffffffffffffffffffffffffffffffffffffffffffffffffffffffffffffffff
730,1,"이 게이ㅁ 너무 어렵네요;; 하지 마세요..!! 짜증 나네요...!!^&"
730,1,"⠀                            ⢠⣴⣶⣤ ⠀⠀⠀⠀⠀⠀⠀⠀⠀⠀⠀⢀⣠⣸⣿⣿⡟⣀⣀⣀⣀⣀⣀⣀ ⠀⠀⠀⠀⠀⠀⠀⠀⠀⠀⢀⣿⣿⣿⣿⣿⣿⣿⡿⣿⡿⠛⠛⠋ ⠀⠀⠀⠀⠀⠀⠀⠀⠀⢀⣸⣿⣿⣿⣿⣿⣿⣿⣷⣿⠃ ⢠⣶⣶⣶⣶⣶⣶⡄⠀⢸⣿⣿⣿⣿⣿⣿⣧⠙⠛⠉⢠⣶⣶⣶⣶⣶⣶⡄ ⢸⣿⣿⠛⠛⠛⠛⠃⠀⠐⣿⣿⣿⣿⣿⣿⡟⠀⠀⠀⢸⣿⡿⠛⠛⠛⠛⠃ ⢸⣿⣿⠀⠀⠀⠀⠀⠀⢠⣿⣿⣿⣿⣿⣧⡀⠀⠀⠀⢸⣿⣿⣶⣶⣶⣶⡆ ⢸⣿⣿⠀⠀⠀⠀⠀⠀⢸⣿⣿⡿⢿⣿⣿⣿⡀⠀⠀⠈⠛⠛⠛⠛⣿⣿⡇ ⢸⣿⣿⣿⣿⣿⣿⡇⠀⢸⣿⣿⠁⠀⠘⢿⣿⣷⠀⠀⢸⣿⣿⣿⣿⣿⣿⡇ ⠈⠉⠉⠉⠉⠉⠉⠁⢠⣿⡟⠁⠀⠀⠀⢠⣿⣿⠀⠀⠈⠉⠉⠉⠉⠉⠉⠁ ⠀⠀⠀⠀⠀⠀⠀⢠⣿⣿⠃⠀⠀⠀⠀⠀⣿⣿⠀ ⠀⠀⠀⠀⠀⠀⠀⢸⣿⠉⠀⠀⠀⠀⠀⠀⣹⣿⡀ ⠀⠀⠀⠀⠀⠀⠀⠸⠿⠀⠀⠀⠀⠀⠀⠀⠛⠛⠛⠃"
730,1,친구랑 같이 하면 자기가 폭탄 설치하겠다고 개지랄 염병하는 겜
730,1,"1.5때 부터 카스를 즐겼다. 그런 인간들에게는 선택지가 없다. 뭐하려고 발로란트? 콜옵? 아님 헤...일로? 그냥 더스트2나 돌아야 겠다."
730,0,"똥겜 인원수 적은 경쟁하려고 하면  수락 누르는거 9/10 으로 시작 안하는 경우가 ㅈㄴ 많음 시작 불가능한 수준 게임 하려면 더스트만 체크해놓고 해야할 수준  그렇게 게임을 시작하면 꼭 한명씩 나가서 기술 대기시간이라고 2분 추가 대기시킴 그리고 끝나갈때쯤 들어옴 그리고 다음 라운드에 다른놈이 나가서 기술 대기시간을 또 걸어"
730,0,Cheater O Hacker O Chinese O 부모 X
730,1,핵많고 중국인많은거뺴곤 재밌음 현재 가장할만한 FPS 인듯
730,0,"어느 인종이든 핵 쓰는 놈들아 자연사 안 하길 바란다. 절대 시작하지 마세요. 희대의 개쓰레기 게임입니다.  게임사 xx놈들아 핵좀 잡아"
730,1,N사의 킹든갓택의 원조라고 알고 있는데 나쁘지 않네요. 재밌음
730,1,um erlich zu sein ist cs go 2 etwas schlechter als cs an sich könnte aber auch nur wegen erinnerungen sein
730,1,"[h1] 사람 5명중 1명은 쓰레기, 근데 동접자가 100만명이네? [/h1]  클래식 그 자체인 정통 FPS게임. 진짜 깔끔하고 단순해서 부담없이 편하게 게임하기에도 좋은것 같음. 단점이라면 게임 한 판하는데 시간이 많이 걸리고 고인물들이 꽤나 많다는 점  근데 사실 게임 내적인 문제보다는 유저 관련 문제가 가장 큰 단점이라고 생각한다. 유저 수준이 진짜 개심각함 스팀 겜하면서 데바데보다 문제 있는 애들이 겜하는거 많이 보는건 처음임. 롤이랑 같은 수준이거나 그 이상인듯 핵쓰고 알 수 없는 말로 보이스 테러하는 그 나라 사람들은 말 할 필요도 없고 의외로 한국인이 더 빡침. 전자는 못알아들으니까 걍 짜증나는 수준이지 후자는 개찐따같이 채팅치면서 정공인거 티내는데 같은 나라 사람인게 부끄러울 정도고 한국인이라고 핵 안쓰는 것도 아니라서... 생각보다 한국인 핵쟁이 많이 만나봤음  근데 게임은 나름 재밌어서 추천은 주고 싶음. 솔직히 이런건 그냥 채팅이랑 보이스 차단하면 끝날 일이라서 재수없게 핵만 만나는거 아니면 조용히 겜하다가 갈 수는 있으니까. 조용히 신고박으면서 즐겜들 하시길"
730,0,full of cheaters so they tried a little patch for cheaters not to cheat 1 day later cheaters are back mutli billion dollar company and can even stop hackers thumbs up
730,1,"중국인한테 해킹 당할 수 있음, 핵 많음 말고는 괜찮음"
730,1,"총 쏘는 게임 아닙니다. 칼, 장갑 커스터마이징 룩딸 하는 게임입니다. K-주식 살 바에 스킨사쇼."
730,1,holllly shit good game like marry on a cross
730,0,핵쓰는 짱깨새끼들을 보니 마오안잉이 계란볶음밥 처먹다 뒤진 이유를 알거같네요~
730,1,지인 추천으로 알게됐는데 평소 FPS 장르를 즐겨하는 본인 소견으론 뉴비도 그냥 갈기면 되는 게임이라 재미있음!
730,0,This game is for the nuclear man The game company doesn't even have any medicine for the nuclear guy So the user will gradually disappear.
730,0,너무 많은 핵과 고인물 뭐 열심히 하다가 오윈이나 페잇 넘어가면 좋겟지만 그만한 가치가 있을까?
730,1,"nice graphic, nice weapon skin, nice match"
730,0,핵쟁이 씨발새끼들 널렸음.  개발자들이 죶나게 무능해서 핵을 못잡음.  암 보험에 가입을 했고 암에 걸려 보험금을 타 먹고 싶다?  그러면 카운터스트라이크2를 강력히 추천합니다.
730,1,글옵보다 그래픽이 더 좋아졌고 타격감이 있네요 추천합니다
730,1,"이제 거의 200시간을 했지만, 내가 아직 버러지인 것을 느낄 수가 있다."
730,0,Matching with hack player as first game
730,1,"이 게임은 실제로 이루어져있는 실사판 같은데 발로란트는 진짜 확실히 잼민이들 게임이라고 느껴진다. 근데 카운터 스트라이크는 발로란트가 잼민이 게임이면 카운터 스트라이크는 실사판으로 이루어져있는 게임인것 같습니다.  그니까 이 게임 다운로드 받고 바로 게임 갑시다. 그리고 카운터 스트라이크 게임의 단점은 외국  사람들이 많아서  한국사람이 별로 없는것 같습니다 그니까한국인분들 이 게임 많이 해주세요"
730,0,야이 씨발 짱개년들은 핵을 하루종일쓰고 나는 그 핵만나서 게임끄고 다음날 들어오니  내가 핵이라고 나를 차단시키네 이건 뭔 개병신같은 게임이냐 개지랄하지말고 차단을 풀던가 환불다 해라
730,1,"솔직한 본인경혐 100% 따끈따끈 후기  유저가 많아 매칭도 빠름 시원시원하게 헤드샷 갈기는 맛에 함 (게임에 고인물이 많지만 그래도 할만함)  발로란트랑은 다르게 스킬이 없어서 좋음. 본인 피지컬만이 필요. (스킬있는게 짜쳐서 발로 싫어함)  브레이킹이 발로랑은 먼가 다름, 만세 브레이킹 안됨 (만세 브레이킹하면 조금씩 미끌려서 총알이 자아를 가지게됨)  움직임과 모션이 먼가 부드럽게 미끌리는 느낌? (유독 칼 꺼낼때 느낌이 기똥참)  움직임과 모션에 대한 적응이 어느정도 필요 (처음엔 수류탄에도 자아가 있고 내 캐릭터에도 자아가 있음, 내 맘대로 안됨)  타 게임들에 비해 스킨이 너무 비쌈, 칼스킨 하나가 거의 10, 20은 그냥 넘음 (스킨으로 재테크 쌉가능)  상자깡은 절대 하지마삼! (확률 똥임 걍 그돈으로 칼사는게 이득, 혹은 복권맹키로 한방을 노리는것도...)  기본은 무료이지만 진또배기 랭겜을 할려면 19,000원짜리 프리미엄을 질러야함 (무료도 랭겜이 있는데 이건 머... 이겨도 바뀌는게 없음...)  싸가지 없는 중국인이 많아서 중국어 욕 많이 알아두면 좋음 (메모장에 적어두면 편한데 나중엔 욕하기 귀찮아서 중국인혼자 씨부리게 걍 둠...)  카스2 정도의 게임이 한국에서 인기 없는 이유를 모르겠음 (생각보다 재밌음, 그래픽도 좋음, 연막이 특히 신기함)  핵이 많다고들 하던데 13시간 랭겜만 했는데 핵은 한번도 못봄 (운이 좋았나봄)   근본 FPS FPS의 정석 무료로 가볍게 스킬없는 근본 FPS 원하는 사람에게 추천!"
730,1,"옛날 갬성   재밌어요  단점은 핵이 너무너무너무너무 많아요 ,,,,,"
730,0,always play premier with cheater
730,1,초딩때부터 하던  추억의 게임... 사룽해 카스 사라지지마
730,1,"마지막으로 카스한 지가 15년은 되어가는것 같은데 하다보니 손이 기억하네 ㅎㅎㅎ 무엇보다 그때와 같은 더스트 맵이라는게 적응하는데 도움이 됨"
730,1,갈기면 코 앞에서 쏴도 총알이 피해간다. 본격 원티드 고증 게임.
730,1,게임 자체는 잘 완성되어 있고 플레이 가능성은 좋지만 부정 행위 문제는 약간 심각하고 개선될 수 있기를 바랍니다.
730,0,핵이 존~나 많아 시벌것 디스 이스 카운터스트라이크2.
730,1,"찐따 특) 인싸 겜인 롤,피파 넓게봐서 옵치, 배그,발로 안하고 스팀에 카스, 팀포, 레식 같은거에 수백 시간 찍혀있음 ㄹㅇㅋㅋㅋㅋㅠㅠㅜ"
730,0,so many cheaters in game. pls do work. fuck aaaaaaaaaaaaaaaa
730,0,This game got Tons of cheaters  Literally unplayable at this moment
730,1,"Хорошая игра, но разработчики выпускают обновления редко и в основным направленные на скины, а не механику"
730,0,"프리미어, 경쟁, 윙맨 모드는 핵들이 장악했고 캐주얼, 무기 레이스는 짱깨들이 상자깡 하느라 장악해서 겜못함 굳이 하고 싶으면 겜 사지말고 무료로 플레이 하셈  Do you want to play this game? Get a cheat"
730,0,"내 인생 역대 최악의 쓰래기 게임. 그냥 모든게 역겨움. 서버 관리 최악, 사람 수도 없어 공섭말고 다른 서버를 해야함, 업데이트 없음, 핵 가장 많음, 작업장 때문에 캐주얼도 못함, 유저 수준 최악, 비정상 적인 스킨 가격, 신고하면 역으로 신고 당해 고객센터 말해도 그냥 게임에서 신고하라고 이제 고객센터에 질문하면 답변 안해준다는 개같은 상황. 재밌다고 참았는데 이젠 그 재미마저 즐길 수가 없음. 절대로 하지마세요 이 쓰레기 게임"
730,0,커뮤니티 서버가 너무 불편하게 바뀌었다 내 좀탈섭...ㅠㅠ
730,1,이 줫같은 게임은 큐도 존나게 안잡히면서 경쟁에서는 시발 매크로도 존나많아서 큐도 안잡히고 게임 잡혀도 시발 이번엔 핵 아니겠지 하면서 쉐도우 복싱 존나 때려야하고 그거 무서워서 프리미어 가도 시발 핵이 존나 많고 그냥 이 병신 게임은 2되도 달라진게 없음 시발 그래픽 좋아진 똥임 시발 핵이 졸라 많아서 체르노빌 청소부도 시발 이건 거른다고  병신겜아
730,0,we are the cheat world  every time every day  don't care steam and valve
730,0,핵 잡을생각 없음 진짜 밸브 찾아가서 HE 던지고 싶어요.
730,1,해피해피 스펙타클 총게임 하고 싶으면 해보세요 하하 ^^
730,0,"씨발 Wkdro랑 dhlshwk새끼들좀 어케 해봐  소WkdRo인지 그냥 Wkdro인지 구분이 안가네 맨날 핵만있어 좀 잡아봐"
730,0,프라임을 구매하면 esp는 기본 장착한 핵유저와 매칭시켜드립니다! 와우!
730,0,아니 게임 돌리는데 아무도 안하고 중국인들이 핵 광고하는데 안잡냐? 게임을 못해 중국 애들이 핵 광고 한다고 게임을 안한다 미친겜
730,1,"게임 인지도는 할머니한테 물어보면 됨""  @ : 할머니 서든어택 아세요?  할머니 : 서른태? 서른살 말하는 기가?  @ : 할머니 발로란트 아세요?  할머니 : 발로 뭘한다고?  @ : 할머니 카스글옵 아세요?  할머니 : 카운터-스트라이크: 글로벌 오펜시브》(영어: Counter-Strike: Global Offensive, CS:GO)는 히든패스 엔터테인먼트와 밸브 코퍼레이션이 개발한 온라인 1인칭 슈팅 게임이다. 또한 카운터-스트라이크 프랜차이즈의 4번째 작품이다. Counter-Strike: Global Offensive는 2012년 8월 21일 마이크로소프트 윈도우, OS X, 엑스박스 360, 그리고 플레이스테이션 3버전이 출시되었다. 2014년 10월에는 리눅스 버전이 출시되었다.클래식 버전(카운터-스트라이크: 소스)의 모드와 맵, 캐릭터를 개조하여 만든 것이 특징적이다."
730,0,시발 핵쟁이들 판치는데 잡지도않고 운영자 있기는한거냐 시발 한국서버를 따로 만들어주던가해라
730,0,게임 자체는 재밌으나 프라임 활성화 계정임에도 불구하고 두판중 한판꼴로 핵쟁이가 매칭됩니다. 상대가 핵을 숨길 생각없이 대놓고 씁니다. 신고를 해보아도 핵쟁이들은 정지도 안먹고 일주일 넘게 게임을 하고 있습니다. 2로 넘어오기 전부터 즐겨했지만 핵쟁이 매칭될때마다 게임 삭제 마렵습니다.
730,1,We got to celebrate our differences
730,1,FPS게임에는 들어갈 총과 맵들이 충분하고 여러사람들과 함께 놀수 있어 좋습니다.그리고 음성으로 라디오 대화 하는것이 있으면 좋을것같습니다
730,0,평소 화 잘 못내시는 분들께  추천합니다 (단 플레이타임 1000시간은 넘겨야함)
730,1,"중국인만큼 좋같은 애들이 없는데 얘네만큼 웃긴애들이 또 없음 ㅋㅋ  저들끼리 차오니마 하는거 보면 웃김 겜만큼 재밌는게 따거햄들 보챗듣기임"
730,1,스킨 비싼 재밌는 게임 중국인이랑 매치 그만잡혀줘 제발
730,1,핵도 핵인데 아니 씨발 개 븅신 짱꺠새끼들 따로 서버좀 파서 격리좀시켜줘라 답도 없다 개 짱깨 중공 븅신새끼들 하 아니 뭐좀 죽여버리면 시벌 지들끼리 단합해서 강퇴를 처해대 개 미개한 짱깨새끼들 하 아오 씨댕 진짜 대국 대국 거리면서 하는 짓거리는 아주그냥 잡스러운 미개한 쪼다새끼들 하
730,1,하다 지우고 하다 지우고 하다 지우고 하다가 스킨사고 다시팔고 다시 하고 스킨팔고
730,1,전세계의 욕을 배울수 있는 게임 Global (word)Offensive
730,1,이 ㅅi@발 중국인들 왜자꾸 팀킬하고 보이스로 씨부리는거야 개 찌꺼기들이 ㅈ@@@@@ㄴ 나대 쳐맞을려고 장애인들 타이완 넘버원들
730,0,"1. 중국인들 핵 관리 전혀 안됨. 2. 중국인들 무지성 강퇴 겁나 심함. 3. 채팅 광고봇 엄청 많고 도배하는데 관리 전혀 안됨.  참다참다 삭제 바로 갈김 다른겜 하고말지"
730,0,재미 있음 핵쟁이도 많기는 한데 한국애들도 드럽게 찡찡 거림. 뭐 실수라도 하면 ㅂㄷㅂㄷ거림 ㅋㅋㅋㅋ 음성채팅 끄고 하는것도 좋은 방법이긴 한데 친구들 데리고온 찐따들 ㅂㄷㅂㄷ거리는거 듣는 재미도 있음. 즉 초보자에게 관대하지 않은 게이머가 많음. 롤이랑 비슷하다고 생각하면 편할듯
730,1,"장점은 잼있고 스릴있고 너무 좋아요 단점은 핵, 광고쟁이들 너무 많음"
730,0,돈주고 프라임 얻어도 핵만나는 이상한 게임 좀 제발 핵쟁이들 좀 잡아라 새끼들아 최적화도 병신같이 해놓고 운영도 병신같이 하네
730,0,dog shit game full of cheaters!!!  game sux to play vs hackers.  Dont waste time on this shity game
730,1,"한국인 5인큐 또는 같이 할 마이크있는 5인큐다 프리미어 또는 사설 서버를 하시는것을 추천 만약 러시아, 중국어를 간단하게 알아듣고 할 수 있다면 솔랭도 나쁘진 않음 가볍게 게임한다 생각하고  게임하시는것이 제일 스트레스를 덜 받을껍니다,,,네...뭐 그냥 모아서 5인큐 하세요"
730,1,랭킹전에서 만나는 중국인 중 1/5은 핵쟁이다. 너무 대놓고 써서 할말이 없다. 글옵은 불법프로그램 사용 유저를 제제하지 않는다. 그냥 안하는게 정신건강에 좋다. 한국인이라면 평화로운 소환사의 협곡으로 가서 힐링하도록 하자.  68사건 후 추가작성. 라고할뻔 이제 핵 잡는다 벨브 만세!
730,0,그만 좀 탈주해 그만 좀 탈주해 그만 좀 탈주해 그만 좀 탈주해 그만 좀 탈주해 그만 좀 탈주해 그만 좀 탈주해 그만 좀 탈주해 그만 좀 탈주해 그만 좀 탈주해 그만 좀 탈주해 그만 좀 탈주해 그만 좀 탈주해 그만 좀 탈주해 그만 좀 탈주해 그만 좀 탈주해 그만 좀 탈주해 그만 좀 탈주해 그만 좀 탈주해 그만 좀 탈주해 그만 좀 탈주해 그만 좀 탈주해 그만 좀 탈주해 그만 좀 탈주해 그만 좀 탈주해 그만 좀 탈주해 그만 좀 탈주해 그만 좀 탈주해 그만 좀 탈주해 그만 좀 탈주해 그만 좀 탈주해 그만 좀 탈주해 그만 좀 탈주해 그만 좀 탈주해 그만 좀 탈주해 그만 좀 탈주해 그만 좀 탈주해 그만 좀 탈주해 그만 좀 탈주해 그만 좀 탈주해 그만 좀 탈주해 그만 좀 탈주해 그만 좀 탈주해 그만 좀 탈주해 그만 좀 탈주해 그만 좀 탈주해 그만 좀 탈주해 그만 좀 탈주해 그만 좀 탈주해 그만 좀 탈주해 그만 좀 탈주해 그만 좀 탈주해 그만 좀 탈주해 그만 좀 탈주해 그만 좀 탈주해 그만 좀 탈주해 그만 좀 탈주해 그만 좀 탈주해 그만 좀 탈주해 그만 좀 탈주해 그만 좀 탈주해 그만 좀 탈주해 그만 좀 탈주해 그만 좀 탈주해 그만 좀 탈주해 그만 좀 탈주해 그만 좀 탈주해 그만 좀 탈주해 그만 좀 탈주해 그만 좀 탈주해 그만 좀 탈주해 그만 좀 탈주해 그만 좀 탈주해 그만 좀 탈주해 그만 좀 탈주해 그만 좀 탈주해 그만 좀 탈주해 그만 좀 탈주해 그만 좀 탈주해 그만 좀 탈주해 그만 좀 탈주해 그만 좀 탈주해 그만 좀 탈주해 그만 좀 탈주해 그만 좀 탈주해 그만 좀 탈주해 그만 좀 탈주해 그만 좀 탈주해 그만 좀 탈주해 그만 좀 탈주해 그만 좀 탈주해 그만 좀 탈주해 그만 좀 탈주해 그만 좀 탈주해 그만 좀 탈주해 그만 좀 탈주해 그만 좀 탈주해 그만 좀 탈주해 그만 좀 탈주해 그만 좀 탈주해 그만 좀 탈주해 그만 좀 탈주해 그만 좀 탈주해 그만 좀 탈주해 그만 좀 탈주해 그만 좀 탈주해 그만 좀 탈주해 그만 좀 탈주해 그만 좀 탈주해 그만 좀 탈주해 그만 좀 탈주해 그만 좀 탈주해 그만 좀 탈주해 그만 좀 탈주해 그만 좀 탈주해 그만 좀 탈주해 그만 좀 탈주해 그만 좀 탈주해 그만 좀 탈주해 그만 좀 탈주해 그만 좀 탈주해 그만 좀 탈주해 그만 좀 탈주해 그만 좀 탈주해 그만 좀 탈주해 그만 좀 탈주해 그만 좀 탈주해 그만 좀 탈주해 그만 좀 탈주해 그만 좀 탈주해 그만 좀 탈주해 그만 좀 탈주해 그만 좀 탈주해 그만 좀 탈주해 그만 좀 탈주해
730,0,"먼저 쐇잖아, 피했잖아, 맞았잖아, 딸피잖아, 삥 맞았잖아, 폭 맞았잖아, 불 깔려있잖아, 소리 안냈잖아,이걸 쳐 맞냐?  그걸 못피하냐? 도와줘 씨발아"
730,1,카스1은 옛 느낌이 나고 카스2는 좀 발로란트의 느낌이 난다
730,1,"님들아 프리미어는 핵이 언제 사라질지 모릅니다.  점수 15000점 넘어가면 죄다 월핵은 기본장착에 스핀까지돌면 답이업습니다.  그냥 사설서버 : 페이스잇,완미,오윈 같은데서 VPN  결제하고 맘편하게 즐기세요 그게 정답입니다."
730,1,중독성이 너무 심함 20년전 하던 게임인데 아직도 이럼
730,0,"핵 겁나 많더라  첨에는 소리를 듣거나 레이더에 찍혀서 아는줄 알았는데 그게 아닌게 많더라 완전 대놓고 쓰는 애들도 많고  무서운건 한국애들도 개 많이 씀 놀랐다 그리고 무슨 홍보 중국인들 겁나 많던데 도배 못하게 그냥 전체적으로 채팅 10초에 한번 쓸수있게 해놔라"
730,1,"Really good game But there are too many  CHEATER  !!!!!!"
730,0,"지금 캐주얼 게임하면 중국인 점수 잠수용만있습니다 굳이 하지마십쇼   저녁시간 3게임돌렸는데 어째서 다 중국인 방치계정만있습니까 게임관리안하십니까? ㅎㅎ 이런게임 왜 했을까요"
730,1,스킨에 돈이 깨진다 공식 서버는 핵이 자유분방하게 서식한다 겜 자체는 재밌다
730,1,"겜 간만에 하니까 조온나 재밌음. 장점은 재밌다 하나로 충분함. 근데 단점? 짱깨새끼들아 핵좀 그만쓰고 그만팔아 이새끼들은 매 게임마다 도움이 안되냐"
730,1,친구가 이 게임은 픽셀단위 정밀사격게임이라고 했을 때 그냥 개드립인 줄 알았지^_^;; FPS 게임중에서 가장 완성도 있는 게임이라고 생각합니다! *O* 그만큼 전세계적으로 인기도 많지요. 다만 한국사람들이 많이 하지않는다는게 아쉬울 다름입니다~ 보는재미도 있고 보고있으면 플레이 하고싶어지는 게임입니다. 오래된 게임이다보니 진입장벽이 조금 있을수 있으나~~ 조금만 관심을 갖고 쏘는법을 연습하면 금방 따라갈수 있을겁니다. CS:GO를 시작하려는 분들은 최고의 FPS를 선택하시는겁니다!^_________^
730,1,지금흘린침은내일흘릴눈물이된다성공은아무나하는것이아니다. 철저한자기관리와노력에서비롯된다.
730,1,나의 고등학교 시절을 이야기 하라 하면 나는 이 게임을 보여주겠다.
730,0,프리미어 들어가자마자 게임 오류로 튕겨놓고 다시 들어갈려는데 실행조차 안되고 무결성도 진행 안되고 업데이트 필요하다고 지랄하고 그래놓고 게임포기 처리해버림 같이하는 듀오 있었는데 미안하고 같이 잡힌 랜덤 팀원들한테도 미안 할 따름이네요
730,1,솔직히  이 게임 100시간 하다못해 절반도 못한 내가 이런말 하기는 좀 그렇긴 하지만 정말 훌륭한 겜이긴 함.  과연 FPS계의 어머니이자 신화를 쓴 게임 다움.  하지만 총 게임하면 항상있는 뭣같은 핵쟁이들은 이 게임의 암세포같은 존재들이자 겜을 뭣같게 만드는 원흉임.   결론:핵쟁이들 다같이 손 잡고  목 매달아 줬으면 좋겠다. *^^*
730,0,"cheaters are getting worse almost in every game, valve needs to take care of the gamee"
730,0,"중국인들이 게임에 들어와서 아무것도 안하고 죽는데 도배나하고 팀원을 방해 합니다. 중국인들이 동북공정을 넘어 게임을 망치는 중이에요"
730,0,지인 4명 꼬셔서 프라임 19000원짜리 선물하고 5인파티 결성해 2렙 찍자마자 경쟁 돌렸더니 하는 판마다 짱개 핵쟁이 새끼들 하나씩 껴있어서 게임을 하질 못함  핵을 티라도 안나게 쓰던가 너무 티나게 써서 하고 싶은 마음이 전혀 안생김 중국인들을 괜히 짱개라고 비하하는게 아니라는걸 느꼈음  핵 쓰는 짱개새끼들은 바퀴벌레가 맞다
730,1,"good overall game, but too many people throwing and hacking and terrible anticheat"
730,0,핵 방치 게임 하루 두판정도 하는데 매일 만남^^ 개선할 생각도 없는거 같음 사설로 떠나거나 접음 진짜 FPS 게임중에 이만한게 없는데 하아..
730,0,"재미야 있다만 핵을 너무 안잡아서 너무 힘듬... 잘하는 애들이야 핵 알아채고 못하는 핵은 잡는데 실력 낮으면 못하는 핵한테도 져서 현타오고 여차하면 대놓고 빙빙 돌아대면서 쏘는데 나는 중국섭 갈 자신이 없다고... 겜좀 살려줘라!"
730,0,솔직히 재미는있는데 이거말고 발로가 더 재미잇는거같네요..
730,0,"첫판부터 핵만나고  핵이또 1명이아니라 여러명임  핵이너무많음 그냥 보드카 빨고하거나 따른게임이나 하세요.  핵만아님 할만한게임임."
730,1,내가 살면서 처음으로 해본 게임. 내가 영국에 있을때 인기 매우 많아서 꼭 해보고 싶었던 게임이였다. 재미있었따!!  그리고 나는 프리미어 2000점을 받았다! ㅠㅠㅠㅠㅠㅠㅠㅠㅠㅠㅠ
730,1,"확실히 글옵2가 그래픽이 더 좋고  연막깔았을때 그사이로 총알 들어가면서 연막 빨려들어가는거  화염병 퀄리티  연막안에 수류탄던지면 연막사라지는거 그게 멋지네.. ㄷㄷ"
730,0,아 씨발 핵좀  처 잡는시늉이라도해라 개병신들아  처망했으면좋겠다
730,0,"왠만하면 하지 마세요 3판하면 1, 2판은 핵 만납니다 게임하다가 상대편이 핵 키면 우리편 한명도 같이 핵키는 게임임 공짜핵이 풀렸고 핵을 전혀 관리 안해서 아까 만난 핵쟁이 운 없으면 연속으로 계속 만나요 ㅋㅋㅋㅋ"
730,0,이거 존잼임!!! 근데  멘탈 좋아야 할 수 있다!!!!!!!!!!!! 버그가 중국산 양산형 겜 보다 많음!!!!!!!!!! 저번엔 창작마당 맵이 안되더니 그다음 연습 매치도 안돼 이젠 실행도 막힘!!!!!!!!!!!!!!! '어느날 내 최애겜을 켰는데 겜이 안된다면?' 을 체험 가능함!!!!!!!!!!!!! 이유라도 알려주든가. 이게 끝이 아니라 VAC는 감자엔진 으로 만들었나 작동이 불가능함!!!!!!!! 그 덕분에 해커의 놀이터인 게임이 됬다!!!!!!!!!!!!!!!!!!! 매일 0킬 3데스 중국인은 마이크 키고 워찡짱려주부쉴라깡깡깡!!!!!!!!을 외친다!!!!!!! 근데 왜 카스글옵 맵은 또 없어??????????? 글옵이 그립다ㅠㅠㅠㅠㅠㅠㅠㅠㅠㅠㅠㅠㅠㅠㅠㅠㅠㅠㅠㅠㅠㅠㅠㅠㅠㅠㅠㅠㅠㅠㅠㅠㅠㅠㅠㅠㅠㅠㅠㅠㅠㅠㅠㅠㅠㅠㅠㅠㅠㅠㅠㅠㅠㅠㅠㅠㅠㅠㅠㅠㅠㅠㅠㅠㅠㅠㅠㅠㅠㅠㅠㅠㅠㅠㅠㅠㅠㅠㅠㅠㅠㅠㅠㅠㅠㅠㅠㅠㅠㅠㅠㅠㅠㅠㅠㅠㅠㅠㅠㅠㅠㅠㅠㅠㅠㅠㅠㅠㅠㅠㅠㅠㅠㅠㅠㅠㅠㅠㅠㅠㅠㅠㅠㅠㅠㅠㅠㅠㅠㅠㅠㅠㅠㅠㅠㅠㅠㅠㅠㅠㅠㅠㅠㅠㅠㅠ나는지금반쯤실성함ㅋㅋㅋㅋㅋㅋㅋㅋㅋㅋㅋㅋㅋㅋㅋㅋㅋㅋㅋㅋㅋㅋㅋㅋㅋㅋㅋㅋㅋㅋㅋㅋㅋㅋㅋㅋㅋㅋㅋㅋㅋㅋㅋㅋㅋㅋㅋㅋㅋㅋㅋㅋㅋㅋㅋㅋㅋㅋㅋㅋㅋㅋㅋㅋㅋㅋㅋㅋㅋㅋ내오만원넘는돈돌려내!!!!!!!!!!!그냥짝퉁겜이좋음!!!!!!!!!!업뎃되면한번들어가보고안돼면접음ㅅㄳㄳㄳㄳㄳㄳㄳㅅㄳㄱ  정말좋은게임정말좋은게임정말좋은게임정말좋은게임정말좋은게임정말좋은게임정말좋은게임정말좋은게임정말좋은게임정말좋은게임정말좋은게임정말좋은게임정말좋은게임정말좋은게임정말좋은게임정말좋은게임정말좋은게임정말좋은게임정말좋은게임정말좋은게임정말좋은게임정말좋은게임정말좋은게임정말좋은게임정말좋은게임정말좋은게임정말좋은게임정말좋은게임정말좋은게임정말좋은게임정말좋은게임정말좋은게임정말좋은게정말좋은게임정말좋은게임정말좋은게임정말좋은게임정말좋은게임정말좋은게임정말좋은게임정말좋은게임정말좋은게임정말좋은게임정말좋은게임정말좋은게임정말좋은게임정말좋은게임정말좋은게임정말좋은게임정말좋은게임정말좋은게임정말좋은게임정말좋은게임임정말좋은게임정말좋은게임정말좋은게임정말좋은게임정말좋은게임정말좋은게임정말좋은게임정말좋은게임정말좋은게임정말좋은게임정말좋은게임정말좋은게임정말좋은게임정말좋은게임정말좋은게임정말좋은게임정말좋은게임정말좋은게임정말좋은게임정말좋은게임정말좋은게임정말좋은게임정말좋은게임정말좋은게임정말좋은게임정말좋은게임정말좋은게임
730,0,hey! hey u ! ye~u hack is free!
730,0,Too many of players are using cheating programs and it seems like the Velve is not even putting so much effort to ban them from the game
730,0,재미있어서 프라임까지 구매했건만 핵쟁이들이 너무 많다.  신고를 해도 잡히는지 의문이 들정도로 그제 만났던 핵쟁이 어제 만나고 어제 만난핵쟁이 오늘 또만나는 기이한 현상이 계속 일어남. 나도 핵을 사서 게임을 해야하나 싶을정도로 핵쟁이들이 판치고 다니며 프리미어에서도 계속 만나는중 보일때마다 신고를 계속 하지만 며칠째 만나는 핵쟁이 내일도 만날까 무서워 겜 삭제한다
730,0,게이브 대머리 되라!!! 핵 안잡으면 대머리!!!!!!!!!!!
730,1,"카운터 스트라이크-2 를 그저 캐쥬얼하게만 즐기는것이 아닌 진정한 실력파 유저들과 경쟁을 하는 방법!  1. 한국서버를 차단한다! 2. 또는 페이스잇(faceit) or 5ewin 이라든지 사설 경쟁서버를 즐긴다! 3. 프리미어는 돌리지 말것! (점수 의미 x, 핵들이 넘쳐나고, 톡식한 애들이 많다. 상위권 몇몇은 ESP를 안들키게 쓰는정도.)  4. 경쟁을 돌린다! (실력 늘리기 좋은 방법)  5. 한국을 탈출해 유럽 또는 남미로 튄다! ... 으로 몇몇 의견은 맞지 않을 수 도 있음. 반박시 니말맞"
730,0,프리미어하면 360도 턴차기하는 태권도 6단있고 주술회전에 나오는 복마어주자 쳐쓰는 스쿠나가 있고 밸래밸래 이지랄하는 짱꺠도 있고 술쳐마시고 영어를 거꾸로 쳐말하는 러시아 병신이 있는 갓겜입니다 어여 빨리 사셔서 플래이 해보시길 바랍니다.
730,0,no hax no skill noobs  be shame
730,1,중국인을 욕한게 아니라 욕하고보니 짱개였다.  짱개 병50 새@@@끼들 제발 ㅈr살 좀 해서 지구를 깨끗하게 해줬으면 좋겠다~ tiwan no.1 tiwan no.1 tiwan no.1 tiwan no.1 tiwan no.1 tiwan no.1 tiwan no.1 tiwan no.1 tiwan no.1 tiwan no.1 tiwan no.1 tiwan no.1 tiwan no.1 tiwan no.1 tiwan no.1 tiwan no.1 tiwan no.1 tiwan no.1 tiwan no.1 tiwan no.1 tiwan no.1 tiwan no.1 tiwan no.1 tiwan no.1 tiwan no.1 tiwan no.1 tiwan no.1 tiwan no.1 tiwan no.1 tiwan no.1 tiwan no.1 tiwan no.1 tiwan no.1 tiwan no.1 tiwan no.1 tiwan no.1 tiwan no.1 tiwan no.1 tiwan no.1 tiwan no.1 tiwan no.1 tiwan no.1 tiwan no.1 tiwan no.1 tiwan no.1 tiwan no.1 tiwan no.1 tiwan no.1 tiwan no.1 tiwan no.1 tiwan no.1 tiwan no.1 tiwan no.1 tiwan no.1 tiwan no.1tiwan no.1 tiwan no.1 tiwan no.1 tiwan no.1 tiwan no.1 tiwan no.1 tiwan no.1 tiwan no.1 tiwan no.1 tiwan no.1 tiwan no.1 tiwan no.1 tiwan no.1 tiwan no.1 tiwan no.1 tiwan no.1 tiwan no.1 tiwan no.1 tiwan no.1 tiwan no.1 tiwan no.1 tiwan no.1 tiwan no.1 tiwan no.1 tiwan no.1 tiwan no.1 tiwan no.1 tiwan no.1 tiwan no.1 tiwan no.1 tiwan no.1 tiwan no.1 tiwan no.1 tiwan no.1 tiwan no.1 tiwan no.1 tiwan no.1 tiwan no.1 tiwan no.1 tiwan no.1 tiwan no.1 tiwan no.1 tiwan no.1 tiwan no.1 tiwan no.1 tiwan no.1 tiwan no.1 tiwan no.1 tiwan no.1 tiwan no.1 tiwan no.1 tiwan no.1 tiwan no.1 tiwan no.1 tiwan no.1tiwan no.1 tiwan no.1 tiwan no.1 tiwan no.1 tiwan no.1 tiwan no.1 tiwan no.1 tiwan no.1 tiwan no.1 tiwan no.1 tiwan no.1 tiwan no.1 tiwan no.1 tiwan no.1 tiwan no.1 tiwan no.1 tiwan no.1 tiwan no.1 tiwan no.1 tiwan no.1 tiwan no.1 tiwan no.1 tiwan no.1 tiwan no.1 tiwan no.1 tiwan no.1 tiwan no.1 tiwan no.1 tiwan no.1 tiwan no.1 tiwan no.1 tiwan no.1 tiwan no.1 tiwan no.1 tiwan no.1 tiwan no.1 tiwan no.1 tiwan no.1 tiwan no.1 tiwan no.1 tiwan no.1 tiwan no.1 tiwan no.1 tiwan no.1 tiwan no.1 tiwan no.1 tiwan no.1 tiwan no.1 tiwan no.1 tiwan no.1 tiwan no.1 tiwan no.1 tiwan no.1 tiwan no.1 tiwan no.1tiwan no.1 tiwan no.1 tiwan no.1 tiwan no.1 tiwan no.1 tiwan no.1 tiwan no.1 tiwan no.1 tiwan no.1 tiwan no.1 tiwan no.1 tiwan no.1 tiwan no.1 tiwan no.1 tiwan no.1 tiwan no.1 tiwan no.1 tiwan no.1 tiwan no.1 tiwan no.1 tiwan no.1 tiwan no.1 tiwan no.1 tiwan no.1 tiwan no.1 tiwan no.1 tiwan no.1 tiwan no.1 tiwan no.1 tiwan no.1 tiwan no.1 tiwan no.1 tiwan no.1 tiwan no.1 tiwan no.1 tiwan no.1 tiwan no.1 tiwan no.1 tiwan no.1 tiwan no.1 tiwan no.1 tiwan no.1 tiwan no.1 tiwan no.1 tiwan no.1 tiwan no.1 tiwan no.1 tiwan no.1 tiwan no.1 tiwan no.1 tiwan no.1 tiwan no.1 tiwan no.1 tiwan no.1 tiwan no.1tiwan no.1 tiwan no.1 tiwan no.1 tiwan no.1 tiwan no.1 tiwan no.1 tiwan no.1 tiwan no.1 tiwan no.1 tiwan no.1 tiwan no.1 tiwan no.1 tiwan no.1 tiwan no.1 tiwan no.1 tiwan no.1 tiwan no.1 tiwan no.1 tiwan no.1 tiwan no.1 tiwan no.1 tiwan no.1 tiwan no.1 tiwan no.1 tiwan no.1 tiwan no.1 tiwan no.1 tiwan no.1 tiwan no.1 tiwan no.1 tiwan no.1 tiwan no.1 tiwan no.1 tiwan no.1 tiwan no.1 tiwan no.1 tiwan no.1 tiwan no.1 tiwan no.1 tiwan no.1 tiwan no.1 tiwan no.1 tiwan no.1 tiwan no.1 tiwan no.1 tiwan no.1 tiwan no.1 tiwan no.1 tiwan no.1 tiwan no.1 tiwan no.1 tiwan no.1 tiwan no.1 tiwan no.1 tiwan no.1tiwan no.1 tiwan no.1 tiwan no.1 tiwan no.1 tiwan no.1 tiwan no.1 tiwan no.1 tiwan no.1 tiwan no.1 tiwan no.1 tiwan no.1 tiwan no.1 tiwan no.1 tiwan no.1 tiwan no.1 tiwan no.1 tiwan no.1 tiwan no.1 tiwan no.1 tiwan no.1 tiwan no.1 tiwan no.1 tiwan no.1 tiwan no.1 tiwan no.1 tiwan no.1 tiwan no.1 tiwan no.1 tiwan no.1 tiwan no.1 tiwan no.1 tiwan no.1 tiwan no.1 tiwan no.1 tiwan no.1 tiwan no.1 tiwan no.1 tiwan no.1 tiwan no.1 tiwan no.1 tiwan no.1 tiwan no.1 tiwan no.1 tiwan no.1 tiwan no.1 tiwan no.1 tiwan no.1 tiwan no.1 tiwan no.1 tiwan no.1 tiwan no.1 tiwan no.1 tiwan no.1 tiwan no.1 tiwan no.1tiwan no.1 tiwan no.1 tiwan no.1 tiwan no.1 tiwan no.1 tiwan no.1 tiwan no.1 tiwan no.1 tiwan no.1 tiwan no.1 tiwan no.1 tiwan no.1 tiwan no.1 tiwan no.1 tiwan no.1 tiwan no.1 tiwan no.1 tiwan no.1 tiwan no.1 tiwan no.1 tiwan no.1 tiwan no.1 tiwan no.1 tiwan no.1 tiwan no.1 tiwan no.1 tiwan no.1 tiwan no.1 tiwan no.1 tiwan no.1 tiwan no.1 tiwan no.1 tiwan no.1 tiwan no.1 tiwan no.1 tiwan no.1 tiwan no.1 tiwan no.1 tiwan no.1 tiwan no.1 tiwan no.1 tiwan no.1 tiwan no.1 tiwan no.1 tiwan no.1 tiwan no.1 tiwan no.1 tiwan no.1 tiwan no.1 tiwan no.1 tiwan no.1 tiwan no.1 tiwan no.1 tiwan no.1 tiwan no.1tiwan no.1 tiwan no.1 tiwan no.1 tiwan no.1 tiwan no.1 tiwan no.1 tiwan no.1 tiwan no.1 tiwan no.1 tiwan no.1 tiwan no.1 tiwan no.1 tiwan no.1 tiwan no.1 tiwan no.1 tiwan no.1 tiwan no.1 tiwan no.1 tiwan no.1 tiwan no.1 tiwan no.1 tiwan no.1 tiwan no.1 tiwan no.1 tiwan no.1 tiwan no.1 tiwan no.1 tiwan no.1 tiwan no.1 tiwan no.1 tiwan no.1 tiwan no.1 tiwan no.1 tiwan no.1 tiwan no.1 tiwan no.1 tiwan no.1 tiwan no.1 tiwan no.1 tiwan no.1 tiwan no.1 tiwan no.1 tiwan no.1 tiwan no.1 tiwan no.1 tiwan no.1 tiwan no.1 tiwan no.1 tiwan no.1 tiwan no.1 tiwan no.1 tiwan no.1 tiwan no.1 tiwan no.1 tiwan no.1tiwan no.1 tiwan no.1 tiwan no.1 tiwan no.1 tiwan no.1 tiwan no.1 tiwan no.1 tiwan no.1 tiwan no.1 tiwan no.1 tiwan no.1 tiwan no.1 tiwan no.1 tiwan no.1 tiwan no.1 tiwan no.1 tiwan no.1 tiwan no.1 tiwan no.1 tiwan no.1 tiwan no.1 tiwan no.1 tiwan no.1 tiwan no.1 tiwan no.1 tiwan no.1 tiwan no.1 tiwan no.1 tiwan no.1 tiwan no.1 tiwan no.1 tiwan no.1 tiwan no.1 tiwan no.1 tiwan no.1 tiwan no.1 tiwan no.1 tiwan no.1 tiwan no.1 tiwan no.1 tiwan no.1 tiwan no.1 tiwan no.1 tiwan no.1 tiwan no.1 tiwan no.1 tiwan no.1 tiwan no.1 tiwan no.1 tiwan no.1 tiwan no.1 tiwan no.1 tiwan no.1 tiwan no.1 tiwan no.1tiwan no.1 tiwan no.1 tiwan no.1 tiwan no.1 tiwan no.1 tiwan no.1 tiwan no.1 tiwan no.1 tiwan no.1 tiwan no.1 tiwan no.1 tiwan no.1 tiwan no.1 tiwan no.1 tiwan no.1 tiwan no.1 tiwan no.1 tiwan no.1 tiwan no.1 tiwan no.1 tiwan no.1 tiwan no.1 tiwan no.1 tiwan no.1 tiwan no.1 tiwan no.1 tiwan no.1 tiwan no.1 tiwan no.1 tiwan no.1 tiwan no.1 tiwan no.1 tiwan no.1 tiwan no.1 tiwan no.1 tiwan no.1 tiwan no.1 tiwan no.1 tiwan no.1 tiwan no.1 tiwan no.1 tiwan no.1 tiwan no.1 tiwan no.1 tiwan no.1 tiwan no.1 tiwan no.1 tiwan no.1 tiwan no.1 tiwan no.1 tiwan no.1 tiwan no.1 tiwan no.1 tiwan no.1 tiwan no.1tiwan no.1 tiwan no.1 tiwan no.1 tiwan no.1 tiwan no.1 tiwan no.1 tiwan no.1 tiwan no.1 tiwan no.1 tiwan no.1 tiwan no.1 tiwan no.1 tiwan no.1 tiwan no.1 tiwan no.1 tiwan no.1 tiwan no.1 tiwan no.1 tiwan no.1 tiwan no.1 tiwan no.1 tiwan no.1 tiwan no.1 tiwan no.1 tiwan no.1 tiwan no.1 tiwan no.1 tiwan no.1 tiwan no.1 tiwan no.1 tiwan no.1 tiwan no.1 tiwan no.1 tiwan no.1 tiwan no.1 tiwan no.1 tiwan no.1 tiwan no.1 tiwan no.1 tiwan no.1 tiwan no.1 tiwan no.1 tiwan no.1 tiwan no.1 tiwan no.1 tiwan no.1 tiwan no.1 tiwan no.1 tiwan no.1 tiwan no.1 tiwan no.1 tiwan no.1 tiwan no.1 tiwan no.1 tiwan no.1tiwan no.1 tiwan no.1 tiwan no.1 tiwan no.1 tiwan no.1 tiwan no.1 tiwan no.1 tiwan no.1 tiwan no.1 tiwan no.1 tiwan no.1 tiwan no.1 tiwan no.1 tiwan no.1 tiwan no.1 tiwan no.1 tiwan no.1 tiwan no.1 tiwan no.1 tiwan no.1 tiwan no.1 tiwan no.1 tiwan no.1 tiwan no.1 tiwan no.1 tiwan no.1 tiwan no.1 tiwan no.1 tiwan no.1 tiwan no.1 tiwan no.1 tiwan no.1 tiwan no.1 tiwan no.1 tiwan no.1 tiwan no.1 tiwan no.1 tiwan no.1 tiwan no.1 tiwan no.1 tiwan no.1 tiwan no.1 tiwan no.1 tiwan no.1 tiwan no.1 tiwan no.1 tiwan no.1 tiwan no.1 tiwan no.1 tiwan no.1 tiwan no.1 tiwan no.1 tiwan no.1 tiwan no.1 tiwan no.1
730,0,This is not game. this is hvh game
730,1,"한국인은 잘 안보이지만 제미있고 여러명이 게임이 가능한 개임이다,"
730,1,good game. i love this game. i recommend you neverlose.cc have a nice day.
730,1,"명실상부 No.1 FPS, 그동안 FPS 많이 해왔었는데 글옵은 그래픽 같은 부분들이 아쉬워 손대지 않았어요. 이번에 2가 나온 김에 한 번 입문해봅니다. (몇번 해봤는데 재밌네욯ㅎㅎ) 아 핵만 잘 잡아주세요ㅠㅠ"
730,1,https://steamcommunity.com/id/donkgojo/inventory/#730_2_41640713724
730,0,아니 매칭 잡고 들어가서 트롤도 안하고 하는데  강퇴는 왜 하는건데....  원래 이런게임임?
730,0,FUCK THIS GAME. VALVE IS PROBABLY SELLING CHEATS BEHIND THE SCENE FOR A HUGE AMOUNT OF PROFIT.
730,1,발로란트 이유없이 영정먹어서 카스 2로 넘어어왔는데 고수가 엄청 많지만 연습하고 총쏘는게 너무 재미있어요
730,1,짱개련들 조온나 못한다 하다못해 나도 영어쓰는데 중국말로 염병하는데 조온나 시끄럽다 짱개련들 엄마없다 ㅅ1ㅂ
730,1,"i use cheat , but they never bans me"
730,0,"FPS의 시작이자 원조라고 할 수 있는 게임. 카운터 스트라이크. 최근에 카스2가 나오면서 관심을 끌었는데, 너무 심한 헤드샷과 다른 부위의 데미지. 대부분의 FPS게임은 총빨이 대부분인데, 이 게임은 헤드샷과 다른 부위의 데미지가 너무 심하게 다릅니다. 대충 몸통의 데미지가 50이라면 헤드샷의 데미지는 200정도. 그렇기에 전 에임이슈도 같이 발생한다고 생각하여 비추천합니다."
730,0,이겜 한판에 한명은 무조껀 핵임 모두 슈퍼솔저인데 나혼자 조연인 느낌? 암튼 핵때매 빡이친다기 보단 걍 겜에 내가 할수있는게 없었지니깐 겜이 잼없고 왜 하는지 모름 암튼 탈출은 지능순
730,0,"그들은 가지고 있다 많은 투시 능력자들 또 게임에서 당신은 만날 수 있습니다 헤드샷 90퍼의 원탭 머신들  당신을 원탭 당신 옆에 서있던 당신의 팀원을 원탭 이제 막 등장한 세번째 팀원까지 이 모든 일을 눈 깜짝할 사이에 해냅니다 프로도 쉽지 않은 플레이를 매 라운드 케이크 먹듯이 할 수 있음에도 불구하고 그들은 데뷔 대신 평범한 게임에 남아 질서를 지키고 있습니다  게임 내의 많은 플레이어가 백안을 지니고 있습니다 모든 위험을 사전에 감지할 수 있는 능력자들 게임 내에서 정말이지 미친 속도로 움직입니다 자신이 능력자임을 숨기고 싶어하지 않는 경우엔, 당신이 어디에 숨어있든 접근해 사살할 것입니다 게임을 하다 보면 매우 많은(어쩌면 거의 대부분의) 투시 능력자들이 자신을 숨기지 않는다는 것을 알 수 있을 것입니다 어쩌면 회귀 능력자일 수도 있습니다 모든 상황에서 최선의 선택지를 고릅니다 적이 그들의 등을 보는 일은 절대로 정말로 절대로 일어날 수 없습니다  다양한 능력자들을 상대할 때면 게임이 ""망가져"" 있다는 느낌을 받을 수 있을 것입니다 게임의 장점 중 하나로 리플레이 기능이 있습니다 다행스럽게도 플레이어 윤곽선 표시 기능도 함께 제공합니다! 아마 당신은 확인할 수 있을 것입니다 벽 너머의 적을 조준하는 씹새끼들 하지만 당신이 뭘 할 수 있는데 당신이 할 수 있는 건 없습니다 의미가 있긴 한건지 의심스럽겠지만 신고 버튼을 누르면 끝 모두 잘 해결되었습니다  정말로 정말로 많습니다 누군가가 당신에게 혹은 다른 사람들에게 프리미어 플레이하는 중인데 핵 없는데?  라며 말을 꺼낸다면 주먹으로 네 대 때리세요 겜안분이거나, 그의 듀오가 더 개쩌는 핵이거나 둘 중 하나일테니   유저들이 사설 서버를 플레이하는 이유입니다 CS2의 프리미어는 이미 실패한 것처럼 느껴집니다   별로 중요하진 않은 얘기지만 CS2에 대해서 핵 말고 다른 얘기를 조금 할 수도 있겠지요  다인큐 시스템이 있습니다 4인큐 5인큐도 가능합니다 흥미로운 점은 추방 시스템과 다인큐 시스템이 공존한다는 것입니다 조금이라도 그들 중 한명의 심기를 거스르는 날에는 볼 수 있을 것입니다 시작된 추방투표 타다닥 박히는 찬성 수  팀킬 시스템도 함께합니다  게임에는 많은 고아들이 있으므로 기분이 조금 나쁘다는 이유로 예를 들면 당신이 킬을 뺏었다는 이유(총알 4발 중 3발을 당신이 박았음에도 불구하고) 당신의 머리를 냅다 쏴버리는 경우가 꽤 있을 것입니다  게임에는 짐승이 정말로 많고 당신이 할 수 있는 건 없습니다  팀킬 시스템이 장점도 있고 여러 흥미로운 장면을 제공해주기는 하지만 확신을 담아 말하건대 지금 게임의 환경에 어울리는 시스템이 아닙니다  발로란트를 하러 가십시오 팀원을 쏴죽이는 게 불가능하다는 것 하나만으로 그 게임의 개발자들이 조금 더 유능하고 중요한 게 무엇인지를 알고 있는 것처럼 느껴집니다    타르코프에 관한 드립 중에서 내가 좋아하는 게 있습니다  CS2에 적용 가능합니다   1. 이 게임 하지마라  진심을 담아"
730,0,러시아 잼민이 4인큐 만남 팀 쏴놓고 보복하니까 걍 강퇴당함 망겜
730,0,I can't play the game because of chat terror bots and automatic kick bots.  게임 자체는 정말 재밌으나 공식 서버 관리가 너무 안 된다. 공식 서버에 접속하면 30% 정도는 봇들에 의해 추방당한다. ( 아무것도 안 했고 접속하자마자 추방 당함. ) 채팅 도배 봇들이 넘쳐난다. ( 게임에 방해가 될 정도임. ) 욕설을 하는 사람이 너무 많다. ( 찾아봤지만 차단 기능이 없음;; ) 채팅 테러 봇 잠수 봇이기도 한 봇들이 한 게임에 4명 이상 있을 때는 게임을 할 수가 없다.  결론 : 게임은 재밌지만 게임 관리 상태가 엉망이어서 게임을 못하겠다.  게임 접속할 때마다 이런 테러 봇들이 있으니 게임을 못 함.
730,0,ver bad shit game fuck this nega game
730,0,무료로 풀려서 핵이 판침 발좀 들이려고 했다가 ESP 매판마다 만남
730,1,딱 기본기에 충실한 FPS라는 말이 와닿는거 같아요!! 최고!!
730,1,플레이타임과 데스 대기 시간 8:2 비율... 컵라면도 문제없다
730,0,양아치 벨브  내가산 글옵을 없애면서 거기에 할당된 서버를 카스2에 사용한거라 실질적으로  구매자들에게 다시 강제로 구매시키기 위해 없앤거임  아무런 보상도 결정도 없이 내돈만 날아간 셈이지
730,1,20여년 전 추억을 현재시대에 맞게 다시 플레이 해서 좋아요 ㅎㅎㅎ
730,0,"Хуйня ебаная, всем похуй есть ли у тебя руки чтобы нормально стрелять, жирный хуеосос в 20 фпс и софтом перебьет тебя и ты будешь сидеть в бане уебище. Игра параша"
730,1,아시아쪽 서버에 캐주얼 들어가면 사람 아얘 없거나 한두명인 방이 너무 많음
730,0,씨발 핵도 못 잡으면서 다음 시리즈는 도대체 왜 내는거야 좆병신 벨브 새끼들
730,1,"매일 망겜, 질병겜이라 외치고 빡종해버리지만 하루만에 다시 접속하는 신기한게임. 잘 만들긴 했지만 억까당할 시스템이 몇개 있어 고쳐줬으면 함."
730,1,게임은 좋습니다.  👍 👍 👍 👍 👍   핵좀 잡아주시면좋겠군요.
730,1,https://steamcommunity.com/profiles/76561197991348083/inventory/#730_2_3236209587
730,0,"full of cheaters ,continuously update running pc"
730,1,재밌다맨이야. 우리 그지방구쟁이들도 해보도록. 아이고난! 아이고난!
730,1,"핵 , HACK, 핵쟁이, CHEATER 만 없으면 ....최고인데"
730,0,지들이 털린다 싶으면 강제퇴장으로 보내는데 난 아무것도못하고 강제퇴장만 당하는 ㅈ같은게임
730,1,그래픽이 좋아지고.... 음 별로 달라진걸 느끼기 힘들군요!   그래서 언제 M249 버프하나요?
730,0,ㅋㅋㅋㅋㅋㅋㅋ이게임 이시작한게 실수임 여러모로 다짜증남  핵존나많고 핵많은데 패배 하고 점수다깍임  시끄럽다니까 프리미어에서 팀킬 함ㅋㅋㅋㅋ 내가죽이면 시작하자마자 죽였다고 30분 쿨타임 걸림게임못돌림  ㅋㅋㅋㅋㅋㅋㅋㅋㅋㅋㅋㅋㅋㅋㅋㅋ
730,1,"게임성 하나는 매우 만족, 다만 외노자 핵쓰는 경우가 겁나게 많음 핵을 좀더 꼼꼼하게 잡아주었으면 하는 마음.  화이팅입니다."
730,1,THE BEST GAME but i dont agree with the new update i miss old CS GO
730,0,"So many hacker player, They don't work for years."
730,0,핵시발 좀 어케 안되냐  업데이트 하면뭐하냐 또 핵생기는데
730,0,핵 존나 많고 핵 쓰면서 입은 존나 털고 우월감 느끼는 새끼들이 대다수이며 고인물들은 뉴비 배척하고 지들끼리 채팅으로 조리돌림에  우월감 느끼는 플레이어들이 대다수
730,0,애미씨발뒤진게임 패치를 개병신애미뒤지게 한판마다 쳐 하노
730,1,그냥 더 말 할게 없음 짱77ㅐ만 빼면 그저 goat..
730,1,친구들과 아는 사람들과 같이 하는것이 재미있고 발로란트를 하다 왔는데 퀄리티가 너무 좋아 마음에 듬니다
730,0,not good at all so many fuxin cheaters
730,0,핵이 많음 대놓고 해도 제재안됨 글옵 이 게임에 미래는 없습니다.
730,0,게임 자체도 재미 있지만 각 국가별 유저들 관찰이 더 재미있는 게임
730,1,글옵에서는 커스텀 맵에서 설정 변경하면 그대로 나가도 그대로 적용 됐는데 카스2에서는 변경이 안되니 깜빡 할 때가 있어서 감도가 왔다갔다 함ㅋㅋ
730,1,it's a good game when you have talent
730,0,카스 시리즈 정말 좋아하는데 핵쟁이가 서든급으로 많다 요즘 정떨어짐
730,0,⣿⣿⣿⣿⣿⠟⠋⠄⠄⠄⠄⠄⠄⠄⢁⠈⢻⢿⣿⣿⣿⣿⣿⣿⣿ ⣿⣿⣿⣿⣿⠃⠄⠄⠄⠄⠄⠄⠄⠄⠄⠄⠄⠈⡀⠭⢿⣿⣿⣿⣿ ⣿⣿⣿⣿⡟⠄⢀⣾⣿⣿⣿⣷⣶⣿⣷⣶⣶⡆⠄⠄⠄⣿⣿⣿⣿ ⣿⣿⣿⣿⡇⢀⣼⣿⣿⣿⣿⣿⣿⣿⣿⣿⣿⣧⠄⠄⢸⣿⣿⣿⣿ ⣿⣿⣿⣿⣇⣼⣿⣿⠿⠶⠙⣿⡟⠡⣴⣿⣽⣿⣧⠄⢸⣿⣿⣿⣿ ⣿⣿⣿⣿⣿⣾⣿⣿⣟⣭⣾⣿⣷⣶⣶⣴⣶⣿⣿⢄⣿⣿⣿⣿⣿ ⣿⣿⣿⣿⣿⣿⣿⣿⡟⣩⣿⣿⣿⡏⢻⣿⣿⣿⣿⣿⣿⣿⣿⣿⣿ ⣿⣿⣿⣿⣿⣿⣹⡋⠘⠷⣦⣀⣠⡶⠁⠈⠁⠄⣿⣿⣿⣿⣿⣿⣿ ⣿⣿⣿⣿⣿⣿⣍⠃⣴⣶⡔⠒⠄⣠⢀⠄⠄⠄⡨⣿⣿⣿⣿⣿⣿ ⣿⣿⣿⣿⣿⣿⣿⣦⡘⠿⣷⣿⠿⠟⠃⠄⠄⣠⡇⠈⠻⣿⣿⣿⣿ ⣿⣿⣿⣿⡿⠟⠋⢁⣷⣠⠄⠄⠄⠄⣀⣠⣾⡟⠄⠄⠄⠄⠉⠙⠻ ⡿⠟⠋⠁⠄⠄⠄⢸⣿⣿⡯⢓⣴⣾⣿⣿⡟⠄⠄⠄⠄⠄⠄⠄⠄ ⠄⠄⠄⠄⠄⠄⠄⣿⡟⣷⠄⠹⣿⣿⣿⡿⠁⠄⠄⠄⠄⠄⠄⠄⠄ ⠄⠄⠄⠄⠄⠄⣸⣿⡷⡇⠄⣴⣾⣿⣿⠃⠄⠄⠄⠄⠄⠄⠄⠄⠄ ⠄⠄⠄⠄⠄⠄⣿⣿⠃⣦⣄⣿⣿⣿⠇⠄⠄⠄⠄⠄⠄⠄⠄⠄⠄ ⠄⠄⠄⠄⠄⢸⣿⠗⢈⡶⣷⣿⣿⡏⠄⠄⠄⠄⠄⠄⠄⠄⠄⠄⠄  어떻게 그 많고 많은 14억명 인민들 중에 제대로된 새끼들이 없냐 씨발 제발 좀 다 나가 뒤져라 짱깨새끼들아
730,1,카스2 첫 시작부터 좀비탈출맵만 72시간 조진 사람입니다 꼭 하세요 인생겜 혹은 평생할겜
730,1,그래픽도 좋고 게임에 몰입하기도 좋고 재밌긴 하지만 가끔식 무계념인 사람들만 없으면 게임이 정말 클린하고 좋은게임이 되겠네요.
730,1,게임이 무겁지 않아서 너무나 좋다  보통 사양이 높은데 이 게임은 사양이 너무 좋고 그에 비해서 질도 좋아 너무 좋다~
730,1,"FPS는 씹덕 스킨이 제일 잘하더라. 이건 과학이다. 만약, 당신이 CSGO를 하던 도중, 팀원으로 4씹덕프사를 만났다? 축하합니다. 그 게임은 콧털로 게임해도 이기는 게임입니다."
730,1,상자깡 3만원을 했지만 500원 스킨 X 8개가 나온 병쥔 가차 게임
730,0,발로 피해 카스 왔더니 카스에서도 멈춰서 총 쏴야 되네 스트레스
730,1,핵 너무 많음.. 근데 뺑까고 총 갈기는 재미에서 벗어날 수 없음 too many hax... but u cant escape the fun of throwing flash and shooting
730,1,언제 무료가 되고 글옵에서 카스2로 바뀌었는지 모르겠습니다. 근데 재밌긴 합니다.
730,0,핵만잡으면 정말 좋은게임 핵을 못잡아서 다망친게임 이게임을 즐기려면 사설서버로 가세요. 브로큰 팽 프리미어는 이름답게 부쉬졌습니다.
730,0,get rid of the fucking chinese hackers
730,0,"이제 러시아어, 영어, 중국어, 일본어 4개 국어를 완벽히 구사할 수 있게 되었습니다!"
730,0,"이 줫병1신 같은게임은 내가 우리팀 듀오(혹은 그이상)에게 먼저 팀샷/팀킬/블락 등 방해행위를 받아도, 내가 던진 불속으로 상대방이 들어가면 내가 고의 팀샷했다고 1000점씩 비매너 행위로 점수 뜯어가고, 게임 정지시켜버림. 그래놓고 상대방은 게임 줄창 계속 하는게 존나 웃김.  걍 병신같은게임. 메갈통 다음으로 서비스 종료를 바라는 게임 ㅇㅇ"
730,1,나는 한살이다. 왜냐하면 이 게임을 플레이하고나서 다시 태어났기때문이다.
730,1,"재미는 있는데 진입장벽 개높음 적어도 다른 FPS 플레티넘 이상은 찍고 와야 좀 즐기면서 할 수 있을듯 (본인 오버워치 다이아, 발로란트 다이아)"
730,1,매우 역사깊은 게임이며 오랜기간 현재까지도 단연 최고의게임
730,1,"발로란트 하다 정동FPS라는 게임의 근간을 찾기 위해 시작했습니다.  엔진도 다르고 브레이킹이나 스프레이 적응해야 할게 한두가지가 아닌데, 대신 이런게임들은 배우고 익숙해지며 강해지는게 재밌어서 하는 게임이라고 생각합니다. 확실히 각조개기나 기본적인 무빙, 에임연습을 강화를 많이 했습니다. 초심찾은 느낌. 소통이 좀 어렵긴 한데 뭐 이건 어쩔 수 없다 생각합니다. 결론적으로 이 게임은 그냥 처맞으면서 배우는 게임이라 생각하면 됩니다. 철권같은 게임. 포기하거나 계속하는건 선택이지만 계속해서 배워나가는 게 재밌는 게임.  그리고  앵간히 장수게임이다 보니 유저들이 찾아낸 버그나 시스템의 악용등을 막기 위해 막아둔 것 까지는 이해하는데, 적어도 빡고 ESP같은 핵쟁이 새11111끼들은 좀 잡아라...."
730,1,"오프라인 모드로 미친듯이 하다가 온라인 모드로 최근에 돌아오니 플레이 타임이 반영되지 않았네요;; 여하튼 무료화 이후로는 진짜 생각 없이 해도 괜찮은 무난한 게임의 반열에 들어선다고 볼 수 있겠습니다. 요구 사양도 안 높고, 외워야 할 요소도 많이 없는데다 1판 내에서 죽더라도 다음 판에 영향을 미치지 않는다는 게 이를 뒷받침해주죠. SSD에 저장 공간이 남은 분이시라면 깔아서 해 보셔도 충분히 저장 공간 값은 할 겁니다."
730,1,재밌긴 한데 팀킬러에 비메너 유저들 핵 떄문에 하기 싫어지네요
730,1,재미는 있으나 경쟁 mmr 어디갔는지 모르겠고 너무 고인물 잡혀서 어려움..
730,1,재밌기는 재밌는데 중국인들 너무 많은게 장점 자랑스러운 중국인들이 유저 수 적은 한국인들과 같이 게임 해주는게 이 겜 말고 어디있나? 스킨 좋은거 끼면 친추 걸어서 친해진 다음 스킨 강탈하는 친구 같은 중국인들 中国人我爱你！!
730,1,"крутая игра, если много нервных клеток"
730,1,다른 계정으로 주로 플레이 했다가 최근 다시 복귀했는데  저녁 밥 먹고 소화제로 쓰거나 샤워 하고 머리 말릴때 등 뭔가 하기 애매할때  플레이 하기 엄청 좋습니다ㅎㅎ 작전권 빼면은 칼 스킨 한자루랑 스킨 몇 개 사면은  더 이상 돈 빠져나갈 일도 없어서 생각 보다 가성비도ㅅㅌㅊ입니다
730,0,every chinese using hack. 핵피하려고 프라임 샀더니 중국인들이 온갖핵을 다 쓰고 있음.
730,1,"어느덧 고인물 게임이 되서 잘 못하는 뉴비들을 강퇴시키는 경우도 생김. 레벨에 맞는 매칭 시스템을 만들지 않으면 고인물들만 남는 고전 게임이 되어갈 듯. 핵쓰는 새끼들이야 밴 한다고 해도 왜 내 총만 안맞고 적들은 한발에 날 맞추냐고.... ㅜ,.ㅜ"
730,1,핵없으면 명불허전 클래식FPS 왕좌 아닌가? 핵이 없으며는~
730,1,"This is the Basic FPS game that is the most popular, And as its fame also fun and enjoyable. I recommend you to play this game if you are intrested in this part of games."
730,0,This game has too many hacks. It just feels like every game has a hack.
730,0,핵 왜 이렇게 많냐 핵 좀 잡아서 아이디 정지좀 시켜 짜증 나서 못 해먹겠다
730,0,"начать хочется с того что либо ты играешь с читерами на нонпрайме либо идёшь фейсит с подпивасами на ансиент и подобных картах. Вобщем игра говно, багов выше крыши, а старую удалили. конешно новым игрокам может понравиться, но старым игрокам с эпохи ксго что тогда делать???"
730,1,"한 게임에 10명이 있다 그중 최소 5명은 핵이다 VAC는 작동하지 않는다 VALVE는 핵을 막으려는 노력을 하지 않는다 해외 개발자들 사이트 들어가보면 본인의 작업물을 자랑하듯이 카스2 에임핵, 월핵등을 만들어 올리고 무료로 공유하고있다. 이 게임은 미래가 없다"
730,1,수십만명의 원어민 강사들이 모인 세계 최고의 외국어 인터넷 강의.  초등학생 시절의 내가 글로벌 오펜시브를 계속 했었다면 나는 외국어 강사 되었을 것.
730,1,전략게임 잘하는사람이 하면 더 재미있는 게임 저는 매우 만족했고 게임도 그래픽도 다 완벽합니다
730,1,⠀⠀⠀⠀⠀⠀⠀⠀⠀⢀⣠⣤⣶⣶⣶⣶⣶⣤⣄⡀⠀⠀⠀⠀⠀⠀⠀⠀⠀ ⠀⠀⠀⠀⠀⠀⣠⣴⣾⣿⣿⣿⣿⣿⣿⣿⣿⣿⣿⣿⣿⣶⣄⡀⠀⠀⠀⠀⠀ ⠀⠀⠀⣠⣴⣴⣿⣿⣿⣿⣿⣿⣿⣿⣿⣿⣿⣿⣿⣿⣿⣿⣿⣮⣵⣄⠀⠀⠀ ⠀⠀⢾⣻⣿⢿⣿⣿⣿⣿⣿⣿⣿⣿⣿⣿⣿⣿⣿⣿⣿⣿⣿⣿⢿⣿⣿⡀⠀ ⠀⠸⣽⣻⠃⣿⡿⠋⣉⠛⣿⣿⣿⣿⣿⣿⣿⣿⣏⡟⠉⡉⢻⣿⡌⣿⣳⡥⠀ ⠀⢜⣳⡟⢸⣿⣷⣄⣠⣴⣿⣿⣿⣿⣿⣿⣿⣿⣿⣧⣤⣠⣼⣿⣇⢸⢧⢣⠀ ⠀⠨⢳⠇⣸⣿⣿⢿⣿⣿⣿⣿⡿⠿⠿⠿⢿⣿⣿⣿⣿⣿⣿⣿⣿⠀⡟⢆⠀ ⠀⠀⠈⠀⣾⣿⣿⣼⣿⣿⣿⣿⡀⠀⠀⠀⠀⣿⣿⣿⣿⣿⣽⣿⣿⠐⠈⠀⠀ ⠀⢀⣀⣼⣷⣭⣛⣯⡝⠿⢿⣛⣋⣤⣤⣀⣉⣛⣻⡿⢟⣵⣟⣯⣶⣿⣄⡀⠀ ⣴⣿⣿⣿⣿⣿⣿⣿⣿⣿⣷⣶⣶⣶⣾⣶⣶⣴⣾⣿⣿⣿⣿⣿⣿⢿⣿⣿⣧ ⣿⣿⣿⠿⢿⣿⣿⣿⣿⣿⣿⣿⣿⣿⣿⣿⣿⣿⣿⣿⣿⣿⣿⣿⣿⠿⠿⣿⡿
730,1,초딩 써든 - 중고딩 아바 온라인 - 대학생 배틀필드 - 백수 콜옵듀티 모던워페어 - 노예 카스2  카스류는 고딩 이후 로 처음 하는데 브리핑하는 재미(아바 할때 죽으면 위치 채팅으로 치고했습니다) 이기기 위해 유틸을 배우거나 하는게 옛날 생각나서 재밌네요  유저 층이 상당히 고여있어 접근성이 높진 않지만 다른 유저의 멋진 플레이를 보면서 저도 내심 기대해보게 되고 연습하게 되는 게임
730,1,https://steamcommunity.com/id/jL-13/inventory/#730
730,0,이 겜이 망겜인이유는 핵이문제가아니라 돈을 존나쓰는 나의 문제임 내가원한건 노랑인데 나온건 십 파랑 시발
730,1,"보통 게임을하면 만나는 사람들은 한국인 , 중국인 , 러시아인 특징이 있다  한국인 - 정신 이상자 (매우 희박한 확률로 정상인)  중국인 - 여러명이다 왕따를 잘시킨다.  러시아인 - 같은 국적 사람아니면 무시한다 [100%]   일본인 - 전설의 포켓몬"
730,0,"중국과 같은 서버를 사용하는 아시아 서버는 그야말로 핵과 광고글쟁이들의 활동으로 클래식 게임, 랭크게임 모두 개판이다. cs1에서는 그래도 게임을 진행하지 못할정도의 게임 방해는 아니었지만, cs2로 바뀌면서 중국 개새끼들의 광고 대행사가된 cs2 클래식 게임모드다.  중국 개새끼들의 서버를 개별로 만들지 않는이상, 개같은 게임이 되고있다."
730,1,⠀⠘⡀⠀⠀⠀⠀⠀⠀⠀⠀⠀⠀⠀⠀⠀⠀⠀ ⠀⠀⠀⠀⠀⠀⠀⡜⠀⠀⠀ ⠀⠀⠀⠑⡀⠀⠀⠀ Uninstall⠀⠀ ⠀⠀⡔⠁⠀⠀⠀ ⠀⠀⠀⠀⠈⠢⢄⠀⠀⠀⠀⠀⠀⠀⠀⠀⠀⠀⠀⠀⠀⠀⣀⠴⠊⠀⠀⠀⠀⠀ ⠀⠀⠀⠀⠀⠀⠀⢸⠀⠀⠀⢀⣀⣀⣀⣀⣀⡀⠤⠄⠒⠈⠀⠀⠀⠀⠀⠀⠀⠀ ⠀⠀⠀⠀⠀⠀⠀⠘⣀⠄⠊⠁⠀⠀⠀⠀⠀⠀⠀⠀⠀⠀⠀⠀⠀⠀⠀⠀⠀⠀ ⠀ ⣿⣿⣿⣿⣿⣿⣿⣿⡿⠿⠛⠛⠛⠋⠉⠈⠉⠉⠉⠉⠛⠻⢿⣿⣿⣿⣿⣿⣿⣿ ⣿⣿⣿⣿⣿⡿⠋⠁⠀⠀⠀⠀⠀⠀⠀⠀⠀⠀⠀⠀⠀⠀⠀⠉⠛⢿⣿⣿⣿⣿ ⣿⣿⣿⣿⡏⣀⠀⠀⠀⠀⠀⠀⠀⣀⣤⣤⣤⣄⡀⠀⠀⠀⠀⠀⠀⠀⠙⢿⣿⣿ ⣿⣿⣿⢏⣴⣿⣷⠀⠀⠀⠀⠀⢾⣿⣿⣿⣿⣿⣿⡆⠀⠀⠀⠀⠀⠀⠀⠈⣿⣿ ⣿⣿⣟⣾⣿⡟⠁⠀⠀⠀⠀⠀⢀⣾⣿⣿⣿⣿⣿⣷⢢⠀⠀⠀⠀⠀⠀⠀⢸⣿ ⣿⣿⣿⣿⣟⠀⡴⠄⠀⠀⠀⠀⠀⠀⠙⠻⣿⣿⣿⣿⣷⣄⠀⠀⠀⠀⠀⠀⠀⣿ ⣿⣿⣿⠟⠻⠀⠀⠀⠀⠀⠀⠀⠀⠀⠀⠶⢴⣿⣿⣿⣿⣿⣧⠀⠀⠀⠀⠀⠀⣿ ⣿⣁⡀⠀⠀⢰⢠⣦⠀⠀⠀⠀⠀⠀⠀⠀⢀⣼⣿⣿⣿⣿⣿⡄⠀⣴⣶⣿⡄⣿ ⣿⡋⠀⠀⠀⠎⢸⣿⡆⠀⠀⠀⠀⠀⠀⣴⣿⣿⣿⣿⣿⣿⣿⠗⢘⣿⣟⠛⠿⣼ ⣿⣿⠋⢀⡌⢰⣿⡿⢿⡀⠀⠀⠀⠀⠀⠙⠿⣿⣿⣿⣿⣿⡇⠀⢸⣿⣿⣧⢀⣼ ⣿⣿⣷⢻⠄⠘⠛⠋⠛⠃⠀⠀⠀⠀⠀⢿⣧⠈⠉⠙⠛⠋⠀⠀⠀⣿⣿⣿⣿⣿ ⣿⣿⣧⠀⠈⢸⠀⠀⠀⠀⠀⠀⠀⠀⠀⠀⠟⠀⠀⠀⠀⢀⢃⠀⠀⢸⣿⣿⣿⣿ ⣿⣿⡿⠀⠴⢗⣠⣤⣴⡶⠶⠖⠀⠀⠀⠀⠀⠀⠀⠀⠀⠀⠀⣀⡸⠀⣿⣿⣿⣿ ⣿⣿⣿⡀⢠⣾⣿⠏⠀⠠⠀⠀⠀⠀⠀⠀⠀⠀⠀⠀⠀⠀⠀⠛⠉⠀⣿⣿⣿⣿ ⣿⣿⣿⣧⠈⢹⡇⠀⠀⠀⠀⠀⠀⠀⠀⠀⠀⠀⠀⠀⠀⠀⠀⠀⠀⣰⣿⣿⣿⣿ ⣿⣿⣿⣿⡄⠈⠃⠀⠀⠀⠀⠀⠀⠀⠀⠀⠀⠀⠀⠀⠀⢀⣠⣴⣾⣿⣿⣿⣿⣿ ⣿⣿⣿⣿⣧⡀⠀⠀⠀⠀⠀⠀⠀⠀⠀⠀⠀⠀⢀⣠⣾⣿⣿⣿⣿⣿⣿⣿⣿⣿ ⣿⣿⣿⣿⣷⠀⠀⠀⠀⠀⠀⠀⠀⠀⠀⠀⢀⣴⣿⣿⣿⣿⣿⣿⣿⣿⣿⣿⣿⣿ ⣿⣿⣿⣿⣿⣦⣄⣀⣀⣀⣀⠀⠀⠀⠀⠘⣿⣿⣿⣿⣿⣿⣿⣿⣿⣿⣿⣿⣿⣿ ⣿⣿⣿⣿⣿⣿⣿⣿⣿⣿⣿⣷⡄⠀⠀⠀⣿⣿⣿⣿⣿⣿⣿⣿⣿⣿⣿⣿⣿⣿ ⣿⣿⣿⣿⣿⣿⣿⣿⣿⣿⣿⣿⣧⠀⠀⠀⠙⣿⣿⡟⢻⣿⣿⣿⣿⣿⣿⣿⣿⣿ ⣿⣿⣿⣿⣿⣿⣿⣿⣿⣿⣿⣿⠇⠀⠁⠀⠀⠹⣿⠃⠀⣿⣿⣿⣿⣿⣿⣿⣿⣿ ⣿⣿⣿⣿⣿⣿⣿⣿⡿⠛⣿⣿⠀⠀⠀⠀⠀⠀⠀⠀⢐⣿⣿⣿⣿⣿⣿⣿⣿⣿ ⣿⣿⣿⣿⠿⠛⠉⠉⠁⠀⢻⣿⡇⠀⠀⠀⠀⠀⠀⢀⠈⣿⣿⡿⠉⠛⠛⠛⠉⠉ ⣿⡿⠋⠁⠀⠀⢀⣀⣠⡴⣸⣿⣇⡄⠀⠀⠀⠀⢀⡿⠄⠙⠛⠀⣀⣠⣤⣤⠄
730,1,일단 쥰내 재밋다 일단 해보고 결정하셈 발로란트하시는분들 연습하실때도 좋음
730,0,"핵쟁이, 마이크 소음공해 중국인,러시아인들, 게임은 재밌지만 저 요소가 그걸 덮을만큼 큼"
730,0,"The game company has no intention of stopping nuclear weapons Don't say it. It's just stress, but there's too much nucleus.  그냥 핵판이다 하지마라 잡을 생각조차 안해 게임사는"
730,0,"진짜 병sin들 천지임 ㅋㅋ 지들 나라 말로만 브리핑하는 러시아, 무한전진 짱깨"
730,1,"중국인들 난징페스티벌, 시X핑욕 관련 닉네임보면 가만히 멀뚱멀뚱쳐다보는거 웃기네"
730,1,어릴 때 놀라웠던 클래식 FPS 경험을 다시 맛보게 해줌
730,0,커뮤니티상 나오는 유저수  120만 매칭 대기 시간 10분 ㅋㅋㅋㅋㅋㅋㅋㅋ
730,1,열혈단신으로 캐리 할 자신이 있다! 짱77ㅐ들과 러샨들과 시끄럽게 할 자신이 있다!! 헤드 못맞춰도 원망 안할자신 있다! 원탭헤드 맞고 뒤져도 원망 안할자신 있다!!  그러면 하십쇼
730,1,프리미엄 구매이후  사람이랑 매칭하려니 쿨다임 걸려  한번도 사람이랑 매칭 못하고 그냥 봇이랑 하고 있네요. 핵사용 한건도  아니고  처음 사람이랑  매칭하고 하니 쿨타임 이런   ㅠ
730,0,ㅅㅂ 재밌기는 한데 한 5~6라운드 하면 자꾸 게임 멈추냐 지웠다가 새로 설치하면 설치한 순간부터 컴퓨터 끄기 전까지는 잘되고 컴퓨터 껐다 키면 5~6라운드 하고나서 겜 멈춰서 할 수가 없다 ㅅㅂ
730,0,한 중 일 등 다른 타국 언어 쉽게 배울 수 있는 게임. 강추
730,1,ㅂㅕㅇㅅㅣㄴ ㅉㅏㅇ ㄲㅐㅅㅐㄲㅣㄷㅡㄹ ㅁㅗㅅ ㅎㅏㅁㅕㄴ ㅈㅜㄷㅜㅇㅇㅣㄹㅏㄷㅗ ㄷㅏㄱㅊㅣㄷㅓㄴㅈㅣㅆㅣㅂㅏㄹ
730,0,핵쟁이 넘쳐남 매크로 봇인지 작업인지 캐주얼 돌리면 갑자기 들어와선 킥투표로 멀쩡하게 하던 사람들 다 킥해버림ㅋㅋ 하던 게임에 들어가도 마찬가지임 하지마셈
730,1,게임 규칙도 간단하고 재밌는데 팀빨 병신겜에 헤드한방 억까 망겜이란건 알아둬야함
730,0,개 ㅂㅅ 같은겜  핵하나 못잡아서 병신짓하고있는데 벨브야 돈많이 받아 쳐먹으면 핵 시스템이라도 잘만들건가 개나소나 씨발 핵쓰고있는데   41킬에 헤드 90% 인데 밴안때리냐? ADR이 200 이넘는데 병신새끼들
730,1,"수요일마다 상자 얻은거 팔려고 시작했지만, 빠져나오지 못하고있다."
730,0,tl@Qkf ㅈ같은 핵안잡을꺼면 망하세요 그냥 나락가십쇼  ip 유출부터 잠수함 패치 싸~악 하면 뭐 달라지나 개 나락게임  핵부터 잡으라고 그냥 중국 ip 밴시켜 jinping ban plz
730,0,핵 유저 너무 많음 심각함.... 10판중 8판은 거의 핵 한명씩 껴있음.
730,1,이거 두판 하고 에이펙스 하면 재밌음 중국겜보다 중국인 많음
730,1,CS2 is good game as the CSGO was
730,0,핵쓰는애들 밴 절대 안당합니다^^ 카스2는 사설만하시거나 사지마세요 cheaters will never be banned ^^ CS2 should only be private or don't buy it.
730,0,예측샷 했다고 밴때리는 게임입니다 고인물은 할수없는 게임이에요 하지마세요
730,1,카스 게임은 재밌음 핵존나많음 짤깨존나많음 맵을 왜 나눠놨는지 그룹별맵만 뺑뺑이 돌릴수있음
730,1,게임은 의심할 여지 없이 재밌음 문제점은 돈슨같은 확률 아이템 집어 넣은거랑 중국...
730,0,I hate DUMB Cheater Dirty Chinese Noisy Chat+Stupid AIM=Chinese
730,1,게임이 너무 불안정 함. 게임 하다 보면 그 방에서 꼭 한 두명은 튕겨서 게임이 지연 됨.
730,0,IP Injection 빨리 고쳐라 ㅡㅡ -- 고쳐줘서 고오맙다
730,1,"""⣿⣿⣿⣿⣿⠟⠋⠄⠄⠄⠄⠄⠄⠄⢁⠈⢻⢿⣿⣿⣿⣿⣿⣿⣿ ⣿⣿⣿⣿⣿⠃⠄⠄⠄⠄⠄⠄⠄⠄⠄⠄⠄⠈⡀⠭⢿⣿⣿⣿⣿ ⣿⣿⣿⣿⡟⠄⢀⣾⣿⣿⣿⣷⣶⣿⣷⣶⣶⡆⠄⠄⠄⣿⣿⣿⣿ ⣿⣿⣿⣿⡇⢀⣼⣿⣿⣿⣿⣿⣿⣿⣿⣿⣿⣧⠄⠄⢸⣿⣿⣿⣿ ⣿⣿⣿⣿⣇⣼⣿⣿⠿⠶⠙⣿⡟⠡⣴⣿⣽⣿⣧⠄⢸⣿⣿⣿⣿ ⣿⣿⣿⣿⣿⣾⣿⣿⣟⣭⣾⣿⣷⣶⣶⣴⣶⣿⣿⢄⣿⣿⣿⣿⣿ ⣿⣿⣿⣿⣿⣿⣿⣿⡟⣩⣿⣿⣿⡏⢻⣿⣿⣿⣿⣿⣿⣿⣿⣿⣿ ⣿⣿⣿⣿⣿⣿⣹⡋⠘⠷⣦⣀⣠⡶⠁⠈⠁⠄⣿⣿⣿⣿⣿⣿⣿ ⣿⣿⣿⣿⣿⣿⣍⠃⣴⣶⡔⠒⠄⣠⢀⠄⠄⠄⡨⣿⣿⣿⣿⣿⣿ ⣿⣿⣿⣿⣿⣿⣿⣦⡘⠿⣷⣿⠿⠟⠃⠄⠄⣠⡇⠈⠻⣿⣿⣿⣿ ⣿⣿⣿⣿⡿⠟⠋⢁⣷⣠⠄⠄⠄⠄⣀⣠⣾⡟⠄⠄⠄⠄⠉⠙⠻ ⡿⠟⠋⠁⠄⠄⠄⢸⣿⣿⡯⢓⣴⣾⣿⣿⡟⠄⠄⠄⠄⠄⠄⠄⠄ ⠄⠄⠄⠄⠄⠄⠄⣿⡟⣷⠄⠹⣿⣿⣿⡿⠁⠄⠄⠄⠄⠄⠄⠄⠄"
730,0,"Hold on to the nucleus, you idiot"
730,0,짱개 시발 해킹당해서 정지 됬어 아니 이거 짱개새끼들 어떻게 하는거야?  인증이니 머니 다 해도 이걸 해킹하네?
730,1,재밌는 보장하나 에임과 총기 반동이 다른 fps게임과 달라서 안 맞을수도 있고 경쟁전할때 비매너 유저가 많기에 엄청난 인내심을 요구함...
730,0,이 븅신같은 개새끼들 아무것도 안했는데 vac차단당함. 네게브로 총 난사 하나 했다고 핵을 썻다나 뭐라나 개발자가 직접 차단햇는데 븅신새끼들임 눈깔 고자새끼들아 그딴식으로 살지말아라. --------------------------------- 2024년 4월 초에 드디어 개발자 븅신새끼들이 자기네들 실수 인정한다면서 vac차단 풀어줌 근데 개새끼들아 왜 프라임은 다시 질러야하니? 씨발!!!
730,1,눈가리고 아웅식으로 핵 쓰는 유저가 너무많음. 글옵에서 버전 업글되면서 무기 유지가 안되는게 킬포...  어쨰 버전을 업글할수록 게임은 다운그레이드가 되냐..
730,1,핵잡고겜하다가핵보고핵잡고겜하다가핵보고핵잡고겜하다가핵보고핵잡고겜하다가핵보고핵잡고겜하다가핵보고핵잡고겜하다가핵보고핵잡고겜하다가핵보고핵잡고겜하다가핵보고핵잡고겜하다가핵보고핵잡고겜하다가핵보고핵잡고겜하다가핵보고핵잡고겜하다가핵보고핵잡고겜하다가핵보고핵잡고겜하다가핵보고핵잡고겜하다가핵보고핵잡고겜하다가핵보고핵잡고겜하다가핵보고핵잡고겜하다가핵보고핵잡고겜하다가핵보고핵잡고겜하다가핵보고핵잡고겜하다가핵보고핵잡고겜하다가핵보고핵잡고겜하다가핵보고핵잡고겜하다가핵보고핵잡고겜하다가핵보고핵잡고겜하다가핵보고핵잡고겜하다가핵보고핵잡고겜하다가핵보고핵잡고겜하다가핵보고핵잡고겜하다가핵보고핵잡고겜하다가핵보고핵잡고겜하다가핵보고핵잡고겜하다가핵보고핵잡고겜하다가핵보고핵잡고겜하다가핵보고핵잡고겜하다가핵보고핵잡고겜하다가핵보고핵잡고겜하다가핵보고핵잡고겜하다가핵보고핵잡고겜하다가핵보고핵잡고겜하다가핵보고핵잡고겜하다가핵보고핵잡고겜하다가핵보고핵잡고겜하다가핵보고핵잡고겜하다가핵보고핵잡고겜하다가핵보고핵잡고겜하다가핵보고핵잡고겜하다가핵보고핵잡고겜하다가핵보고핵잡고겜하다가핵보고핵잡고겜하다가핵보고핵잡고겜하다가핵보고핵잡고겜하다가핵보고핵잡고겜하다가핵보고핵잡고겜하다가핵보고핵잡고겜하다가핵보고핵잡고겜하다가핵보고핵잡고겜하다가핵보고핵잡고겜하다가핵보고핵잡고겜하다가핵보고핵잡고겜하다가핵보고핵잡고겜하다가핵보고핵잡고겜하다가핵보고핵잡고겜하다가핵보고핵잡고겜하다가핵보고
730,0,매칭 수락버튼좀 눌러 씨발 장애인새끼들아 + 씹찐따 씹덕새끼들 마이크좀 압수해야함
730,0,이 새기들은 2까지 와서도 핵을 못잡네 십팔 벨브 개 ㅄ 새기들
730,1,"처음 출시(2012년 8월 22일)할 때 예약 구매로 구매했었는데 CS:S 유저로써 CS:GO에 적응하지 못했었습니다.  그래서 100시간도 하지 않고 방치하고 다시 CS:S를 했었습니다.(카솟은 갓겜이 맞습니다.) CS:S is god game  시간이 흘러 좀비탈출이 하고 싶어 다시 다운로드하고 보니 2023년 3월 말쯤 카스2 소식으로 떡상하여 4월 초부터 좀비 탈출만 많이 했습니다.  Lupercalia(JP), RSS(KR) 위주로 플레이를 했었고 ze_obj 시리즈를 알게 되며 6월부터는 거의 중국 서버에서 UB, zombieEden, ExG에서 OBJ HERO로써 많은 중국인들과 즐겼습니다.  그리고 어느덧 1,751.5시간이라는 시간을 플레이했습니다. 지금 CS:S(카스소스)와 CS:GO(카스글옵)의 플레이 타임이 동일한 것이 확인되어 이 순간 평가를 작성합니다.  11년이 지나서야 세대교체했습니다. 놀랍게도 2023년 '어버이의 은혜'상을 주기 위해 CS:S의 평가를 작성한 적이 있어 시간을 확인해 보니 똑같았습니다 https://steamcommunity.com/id/Nova1492/recommended/240/  2009년 PC방에서 우연히 봤던 좀비탈출을 14년이 지나서야 재미있게 즐기고 있는데 CS2 ZE가 흥했으면 좋겠습니다."
730,0,핵도 못잡는 개 좆망 게임 짱깨들은 솔직히 서비스에서 빼라좀 시파 진짜로 좀 빼 제발.. 게임성이고 뭐고 아니 시팔 하다가 정내미 뚝 떨어져서 못하겠다 시파
730,1,"하프라이프 모드에서 시작된 전설은 현재 '카스2'로 이어지고 있습니다. 이 게임은 클래식하고 전통적인 FPS 원칙을 유지하면서도, 차세대 FPS를 즐기는 플레이어들에게는 단순하고 짧은 플레이 방식이 매력적이지 않을 수 있다는 점을 고려해야 합니다. 작고 짜임새 있는 맵은 A지역과 B지역으로 나눠져 방어군과 공격군이 서로 다른 전술 전략을 펼치게 유도합니다. 더불어, 카스2에서는 한층 발전된 리얼한 전술 장비가 전세를 뒤집는 히든 카드로 작용하기도 합니다. 총알이 벽을 관통한다는 사실은 어느 한쪽의 전략이 노출되기만 해도 전멸이 초래되는 긴장감을 조성합니다. 플레이어의 취향에 따라 캐주얼하게 즐길 수 있지만, 깊이 파고들면 매우 복잡하고 어려운 게임이 될 수 있습니다. 만약 FPS 게임을 즐기는 사람이라면, 이 게임을 꼭 추천드리고 싶습니다."
730,1,고전 FPS 장르 좋아하시는 분이면 그냥 갓겜$^$ 에임 브레이킹이나 에임 향상하면서 느끼는 성취감이 지림
730,0,"러시아사람은 애@미가 없고 짱깨 새@끼들은 걍 나가 뒤지시고 벨브는 씨@발 핵 좀 잡아라 여태 추천 눌러줬다가 열받아서 그냥 비추로 바꾼다. 이젠 매치 돌리면 우리팀에도 핵, 상대도 핵. 핵 대전이라 그래도 점수라도 올려야 끝나고 현타 안 올 거 같아서 우리팀 핵은 응원하다 끝난다. 그래도 결국엔 핵 대전 경험해서 끝나면 똑같이 현타 존나옴. 어쩐다고. 안 하고말지 ㅅㅂ"
730,1,진짜 중국인들 개병신들 그냥 다 만리장성에서 뛰어내렸으면좋겠네진짜
730,1,따짜하오 워 싱시 울러 허쉬 니미 상스 워도지 워싱시 주니 쎙스 요도 찡마 짜이 번쯔
730,1,green green whats your problem
730,1,매우 재밌는 게임. 프라임을 사고 게임을 해서 얻은 상자와 스킨을 팔면 돈을 벌어요!
730,1,чтобы выиграть надо отсосать член бати. а так нормативно ....
730,1,정신이 온전하지 않은 사람들이 많아 보이지만 게임은 재미있어요 중국인들은 뉴비인 내가 봐도 멍청함ㅋ
730,0,사지도 하지도 마세요 진짜 지옥을 맛보고 싶으면 하셔도 됩니다
730,0,csgo 때 보다 핵이 ㅈㄴ 넘쳐나요 인질그룹에는 봇이 19명 있던데 들어가보면 강퇴당하고 이거 뭔가요?  핵을 뭐 더 잘 잡는다고 하더니 핵을 우회하기 쉽게 만들어놨나 봐요?
730,1,woh this is the top 1 fps game i love it
730,0,9999점 승급전 5번째 중국 한국 일본 러시아 사람안가리고 핵줜나 많음 그리고 애들은 밴웨이브 타이밍 아니면 실시간 밴안됨 ㅋㅋ 질병겜
730,0,F ikng valve never think of fixing cheating problems dumb shxx
730,1,재밌는데 핵좀 잡아라 제발..... 페잇 오윈은 하고싶지 않다
730,1,여러분이 이게임을 하는 이유 시발 다른 총겜 할게 없음 개새끼들아
730,0,볼보 ㅈ병신새끼들 망해라 유저들이 돈통이지?? 이 돼지새끼야
730,0,"너무 어려움 시발.,.................. 고인물들이 많아서 초보들은 유입이 힘듬"
730,1,"Everyone acknowledges that this game is a legend. To be honest, I give up about cheat users. However, the match-making system is requested to be improved. Learn how to operate Valorant. There is no shame in referring to the better. They match the group of five with the group of five. If our team is all solo and our opponent is a group of five, this is a disaster. Sadly, this happens very often. If you can't cut the cheat, please provide a better system."
730,1,아직 그지같은 개선점들이 필요한데... 게임은 더 진보했다. 그것만으로도 재밌다
730,1,https://steamcommunity.com/id/b1t333/inventory/#730_2_23880241518
730,1,매칭중 한국인만 잡히는 경우가 있음 그땐 너도나도 할꺼 없이 즐겜모드
730,1,중국인 애들아 제발 영어로 브리핑 해주면 곱게 처 들어주기라도 해라 하는플레이 보면 개 토나온다
730,1,VAC=Valve Allow Cheat  use the new anti cheat
730,0,cheaters so free from vac so disgusting
730,1,"이 게임은 전세계 정신병자들의 집합소입니다. 그중에서도 러시안 정신병자, 중궈 정신병자, 한국인 정신병자가 꿰차고있죠  만약 당신이 초보잔데 랜덤 팀원으로 한국인들을 만났다면 중국인 흉내를 내십시오. 왜냐구요? 한국인이라고 반갑다면 큰 오산입니다. 이 게임은 뉴비한테 한없이 엄격한 게임이라 바로 한국어로 당신의 어머니와 아버지의 안부를 물을 것 입니다. 중국어나 러시아어로 듣는 부모님 안부는 큰 타격이 없지만 우리의 모국어로 듣는 부모님 안부는 심리적으로 타격이 매우 클겁니다. 그러니 한국인들을 만났을땐 중국인으로, 중국인들을 만났을땐 러시아인으로, 러시아인들을 만났을땐 그냥 말을 아끼십시오 반응 해주면 24라운드 내내 쑤까블리얏을 듣게될 것 입니다."
730,1,경쟁 하지도안을건데 프라임산 내가 병신이다 ㅋㅋㅋㅋㅋㅋ
730,1,재미있는데 광고 계정이랑 핵쟁이 관리좀 했으면 좋겠습니다
730,0,"Cheater Strike 2 - A game with a lot of cheaters and no management of the Asian servers. 핵쟁이의 공격 2 글옵때도 그랬지만, 카스2되고 핵관리 아예 손놓은 듯한 벨브, 심지어 아시아 서버는 업데이트 할 때마다 서버문제가 계속 생기고 한국 플레이어가 몇명이나 된다고 서울서버 만드는 바람에 사람들이 오히려 서울서버를 차단하고 플레이함. 하고싶으면 결국엔 사설서버를 유료로 이용해야하는데 한국에선 즐기기가 쉽지 않음.  돈주고 사지말고 그냥 무료로 즐기다가 게임 지우는게 제일 현명합니다."
730,0,"발로 맛보고 카스2 나왔다길래 맛만 보려다가 게임 자체가 굉장히 재밌어서 혼자 열심히 해봄.  -  캐주얼만 하다가 실력이 좀 늘려면 이것저것 찾아보고 경쟁을 돌려야겠다 싶어서 솔큐로 하는데 ""유저 수준이 너무 떨어짐.""  글로벌 게임 하면서 중국인이 선녀다 싶은 게임이 있을까 싶었는데 카스 러시안, 동남아, 한국 유저에 비하면 중국 유저가 정말 선녀였음.  보이스도 안하면서 채팅으로 입 털기, 오더 안해놓고 팀탓 하더니 답답하면 보이스 하라니까 눈치껏 하라고 꼽주기, 본인도 하드캐리는 커녕 오버뎃 하면서 남 플레이에 훈수 오지게 두기 등등 이따구로 하는 한국 유저 때문에 접었다.  그 외에도 미숙한 맵에서 조금 부진하면 바로 추방 투표 열고 팀킬 하는 러시안 등등 확실히 고인 겜이라 그런가 뉴비 배척이 굉장히 심하다.  뉴비냐고 물어보고 맞다고 하면 어르고 알려주는게 맞는 것 같은데 일단 쌍욕 부터 박는 유저들 수준 잘 보고 간다.  -  이거랑 별개로 게임 자체는 정말 재밌다. 다인큐 하거나 가끔 솔큐 돌릴 때 유쾌한 중국인 파티 만나면 게임이 좀 안풀려도 으쌰으쌰 해서 역전할 때 맛이 기가 막히다."
730,1,https://steamcommunity.com/id/b1t333/inventory/#730_2_23880241518 https://steamcommunity.com/id/b1t333/inventory/#730_2_25795424610 https://steamcommunity.com/id/b1t333/inventory/#730_2_27727037778  ⠀⠀⠀⠀⠀⠀⠀⠀⠀⠀⠀⠀⠀⠀⠀⠀⠀⠀⠀⠀⠀⠀⠀ ⠀⠀⠀⠀⠀⠀⠀⠀⠀⠀⠀⠀⠀⠀⠀⠀⠀⠀⠀⠀⠀⠀⠀⠀⠀⠀⠀⠀⠀⠀⠀⠀⠀⠀⠀⠀⠀⠀⠀⠀⠀⠀⠀⠀⠀⠀⠀⠀⠀⠀⠀⠀⠀⠀⠀⠀⠀⠀⠀⠀⠀⠀ ⠀⠀⠀⠀⠀⠀⠀⠀⠀⠀⠀⠀⠀⠀⠀⠀⠀⠀⠀⠀⠀⠀⠀⠀⠀⠀⠀⠀⠀⠀⠀⠀⠀⠀⠀⠀⠀⠀⠀⠀⠀⠀⠰⣠⠀⠀⠀⠀⠀⠀⠀⠀⠀⠀⠀⠀⠀⠀⠀⠀⠀⠀ ⠀⠀⠀⠀⠀⠀⠀⠀⠀⠀⠀⠀⠀⠀⠀⠀⠀⠀⠀⠀⠀⠀⠀⠀⠀⠀⠀⠀⠀⠀⠀⠀⠀⠀⣶⣀⠀⠀⠀⠀⠀⠀⠀⠈⠹⣤⡌⠐⠀⣀⠀⠀⠀⠀⠀⠀⠀⠀⠀⠀⠀⠀ ⠀⠀⠀⠀⠀⠀⠀⠀⠀⠀⠀⠀⠀⠀⠀⠀⠀⠀⠀⠀⠀⠀⠀⠀⠀⠀⠀⠀⠀⠀⠀⢀⡀⣇⡇⠁⠀⠀⠀⠀⠀⠀⠀⠀⠀⢎⡽⢷⠀⠈⠛⢶⣶⡄⠀⠀⠀⠀⠀⠀⠀⠀ ⠀⠀⠀⠀⠀⠀⠀⠀⠀⠀⠀⠀⠀⠀⠀⠀⠀⠀⠀⠀⠀⠀⠀⠀⠀⠀⠀⠠⣀⢱⠀⠦⠃⠀⠀⠀⠀⠀⠀⠀⠀⠀⠀⠀⠻⣶⣄⠙⣠⠀⠀⢄⠈⢻⣷⣄⡀⠀⠀⠀⠀⠀ ⠀⠀⠀⠀⠀⠀⠀⠀⠀⠀⠀⠀⠀⠀⠀⠀⠀⠀⠀⠀⠀⠰⡀⠀⠀⠀⠀⠀⠈⠓⢇⠀⠀⠀⠀⠀⠀⠀⠀⠀⠀⠀⠀⠀⠀⠙⢿⣷⡉⠻⣦⠂⢀⠆⢙⣻⣷⣶⣷⣀⣀⠀ ⠀⠀⠀⠀⠀⠀⠀⠀⠀⠀⠀⠀⠀⠀⠀⠀⠀⠀⠀⠀⠀⡀⠘⣜⣀⡀⠀⠀⠀⠀⠈⠀⠀⠀⠀⠀⠀⠀⠀⠀⠀⠀⠀⠀⠀⠀⠀⠈⢿⣷⣄⠙⢷⣿⣿⣿⣾⣿⣿⣿⣿⣿ ⠀⠀⠀⠀⠀⠀⠀⠀⠀⠀⠀⠀⠀⠀⠀⠀⠀⠀⠀⠠⣴⠹⣄⠝⠂⠀⠀⠀⠀⠀⠀⡀⠀⠀⠀⠀⠀⠀⠀⠀⠀⠀⠀⠀⠀⠀⠀⠀⠀⠙⣿⣿⣾⣿⣿⣿⣿⣿⣿⣿⣿⣿ ⠀⠀⠀⠀⠀⠀⠀⠀⠀⠀⣀⠐⡆⠀⢀⠀⠀⢰⠙⣇⡘⠃⠀⠀⠀⠀⠀⠀⠀⠀⠀⢃⠀⠀⠀⠀⠀⠀⠀⠀⠀⠀⠀⠀⠀⠀⠀⠀⠀⠀⠘⢿⣿⣿⣿⣿⣿⣿⣿⣿⣿⣿ ⠀⠀⠀⠀⠀⠀⠀⡠⢔⠉⠀⠀⠈⢆⠉⢆⠀⡘⠚⠀⠀⠀⠀⠀⠀⠀⠀⠀⠀⠀⠀⠀⠀⠀⠀⠀⠀⠀⠀⠀⠀⠀⠀⠀⠀⠀⠀⠀⠀⠀⠀⠘⣿⣿⣿⣿⣿⣿⣿⣿⣿⣿ ⠀⠀⠀⠀⠐⠈⠀⠀⠀⠳⡀⠀⠀⠀⠳⠀⠀⠀⠀⠀⠀⠀⠀⠀⠀⠀⠀⠀⠀⠀⠀⠀⠀⠀⠀⠀⠀⠀⠀⠀⠀⠀⠀⠀⠀⠀⠀⠀⠀⠀⠀⠀⠀⠙⢿⣿⣿⣿⣿⣿⣿⣿ ⠀⠀⠀⠀⠀⠀⠀⠀⠀⠀⠙⣆⠀⠀⠀⠀⠀⠀⠀⠀⠀⠀⠀⠀⠀⠀⠀⠀⠀⠀⠀⠀⠀⠀⠀⠀⠀⠀⠀⠀⠀⠀⠀⠀⠀⠀⠀⠀⠀⠀⠀⠀⠀⠀⠀⠙⠻⣿⣿⣿⣿⣿ ⠀⠀⠀⠀⠀⠀⠀⠀⠀⠀⠀⠀⠀⠀⠀⠀⠀⠀⠀⠀⠀⠀⠀⠀⠀⠀⠀⠀⠀⠀⠀⠀⠀⠀⠀⠀⠀⠀⠀⠀⠀⠀⠀⠀⠀⠀⠀⠀⠀⠀⠀⠀⠀⠀⠀⠀⠀⠀⠻⣿⣿⣿ ⠀⠀⠀⠀⠀⠀⠀⠀⠀⠀⠀⠀⠀⠀⠀⠀⠀⠀⠀⠀⠀⠀⠀⠀⠀⠀⠀⠀⠀⠀⠀⠀⠀⠀⠀⠀⠀⠀⠀⠀⠀⠀⠀⠀⠀⠀⠀⠀⠀⠀⠀⠀⠀⠀⠀⠀⠀⠀⠀⠙⢿⣿ ⠀⠀⠀⠀⠀⠀⠀⠀⠀⠀⠀⠀⠀⠀⠀⠀⠀⠀⠀⠀⠀⠀⠀⠀⠀⠀⠀⠀⠀⠀⠀⠀⠀⠀⠀⠀⠀⠀⠀⠀⠀⠀⠀⠀⠀⠀⠀⠀⠀⠀⠀⠀⠀⠀⠀⠀⠀⠀⠀⠀⠀⠈⠀⠀⠀⠀⠀⠀⠀⠀⠀⠀⠀
730,0,20분넘게 기다려서 겨우 매칭 잡았더니 만나는게 핵쟁이라니요......
730,1,개재미있음 솔직히 만하면 초보자가  하기 어렵긴함 그래도 재미있음
730,1,"This game to me was a pretty good break from Valorant,  it is although very tough for beginners and you will have a hard time if its your first game. I loved cs 1 as it was a great game with amazing frames and lots of fun. Overall this game gets a 4.7/5"
730,1,움직이며 총 쏘면 못맞추는 감동적인 특수부대들에 관한 성장서사가 매력적인 게임이였습니다. 나 경기도 사는 18세 청년인데 이 게임 내 동년배들 전부 다 좋아한다. 나처럼 살지마시오.
730,0,터미네이터 핵쟁이들 좀 잡아봐 씨발련들아 ㅈ같아서 못하겟네 진짜루 ㅋㅋㅋ
730,0,출시 때 미완성의 느낌이 났으나  벨브가 많은 부분을 수정하고 고쳐서 많이 나아졌음.  다만  프리미어 기준 핵이 엄청 많아서  사설 서버가 반 필수인 상태임..  오윈(중국 사설 서버)에서 하려면 내 개인정보를 줘야 하고  페이스잇(싱가포르 쪽 서버)은 vpn을 켜야지만 핑 60을 유지하기에  어려움이 있다..
730,0,간헐적 프리징 팅김이 개좆같다 진짜  유저수는 많은데 경쟁돌리는 인원은 별로 없는듯  게임 난이도는 어렵지만 재미는 있음
730,0,cs2 very sucks..... fuck king go to hell~ chinese
730,0,글로벌 오펜시브를 더 화려하게 장식한것은 물론 유틸리티 성능개선또한 신박하고 좋았습니다.  전통적 전략 플레잉을 위해 더 많은 옵션이 없이 간단한 시스템과 룰만 구성되어진 환경에서 할 수 있다는 점 또한  게임의 몰입력에 도움을 주고있습니다. _________  별 이유없이 강퇴당하는 사람과 초보가 있어야할 자리에 못한다는 이유로 추방을 당하는 등  추방투표의 목적을 악용을 하는 사례가 많아지는거 같습니다.   한번 추방을 당하면 게임접속이 안되는 등 억울하게 게임진행이 막히는 경우도 발생하는데요.  극소수의 입장들만 당하는거라 인지하며 가볍게 넘어가는것에 대해 비추천을 넣었습니다.
730,1,반동 스프레이 패턴 어려워서 안했는데 CS2부터 반동추적 옵션 생겨서 훨 편하게 쏠 수 있음.
730,0,A game that doesn't catch hack users at all
730,1,This game is just so insane so nice
730,1,내가 뛰면서쏘면 ㅅ발 한발도 안맞고 상대가 뛰면서 쏘면 대가리에 두발 박히는 신박한 게임
730,0,이딴게 어떻게 전세계 1위 FPS게임임 전세계 1위 핵게임아님? 씨발 재평가가 필요함 진짜 운영진들 개좆같이 운영한다  핵을 잡질않네 안티치트 하나만쳐깔어 씨발 운영진새끼들아 쳐놀지말고
730,1,SO MANY china CHEATERS SO MANY china NOOBS SO MANY china KIDS
730,1,내가 잘하면 웰메이드 갓겜 상대가 잘하면 핵쟁이판 망겜
730,0,"장점 : 가격 자체는 싼 편이라고 생각함.  단점 : 1. 핵 많음, 1 기준 ㅈㄴ 많았고, 2 기준으로 간혹 보임(랭크 1만 이상 기준) 2. 솔큐로 랭전 돌리면 뇌없는 애들 많음. 특히 트롤이 많은데 신고해도 처리 절대 안함. 3. 매칭 시스템 이상함. 내 팀원은 언랭 4마리 잡아주고, 상대편은 1~1.6만이랑 잡힘.  솔큐로 1.7만까지 등반해봤으며, 각 나라별 병ㅅ들 때문에 고통받음. 즐겜하려면 랭크말고 캐주얼만 돌리는거 추천."
730,1,5252 기다릭 있었다구 ~ 근본겜 추억 생각도 나고 오랜만에 하니 재밌네요
730,0,짱개 좃망게임 3명남았는데 짱개2명이 투표해서 나 강퇴해서 추방당하는 병신같은게임
730,0,FUCKING VALVE  SO MANY CHEATERS
730,0,절대로 돈주고 업글 ㄴㄴ 무료로 핵쟁이 존나게많은 게임 모두가 핵을쓰는 게임 차라리 오윈가삼
730,1,죤나 재밌다 해봐라 배그 접게된다 배그도 이제 질린다.
730,0,"트롤러, 짱깨, 혐차는 애들 천국 / 팀킬, 3인큐 이상 파티들 고의로 추방 투표 / 역대급 ㅈ같은 경험을 다 해본 FPS"
730,1,감사합니다 유일신 goat 카스 2 게이븐 그저 유일신 goat 사이트 당신밖에 없습니다 Goat
730,0,중국인 씨발세끼들 경쟁전 하다가 존나나간다 인류의 암덩어리인 짱개 씨발럼들좀 멸종좀 시켜줘라
730,1,최적화도 잘 되어있고 예전 카스에서의 느낌도 좋고 재밌네요
730,0,그 나라는 그나라 끼리 만나게 하면 안되나 진짜 같이 못해먹겠다 매너도 똥이고 실력도 핵 아님 똥인데...
730,0,"크로스헤어 놔두고 지좆대로 총알이 튀게 만들거면 크로스헤어는 넣어두지 말던가, 분명히 적이 크로스헤어에 있는데 무슨 엑스컴마냥 탄이 사방으로 튀는데, 근본 fps고 뭐고 일단 조준한대로는 맞게 말들었으면,"
730,1,cs 1.0 부터 지금까지 하는 중 23년 지났네... 후 ㅋㅋ 이게 말이되나 ㅠ
730,0,형들 진짜 너무한거아냐? 10년동안 핵쟁이 중국인 러시아인 다 싸워가면서 게임했는데 지금와서 Red Trust Factor 주기야? 내가 핵쟁이로보여? 후... 진짜 좀 돌려놔줘 형들... 제발좀...   ------------------------------------------  개 쓸모없는게임 VAC 밴이나 먹인다 악평하면
730,0,잘하진 못해도 매판 열심히 했고 인종을 떠나서 항상 팀원무기 사주고 이기려 열심히하면 뭐하냐. 잘한판도 중국인4명 만나면 팀킬은 일상에 그거 막으려고 내가 팀킬하면 1라만 이기면 게임 승리인데 그때마다 추방투표해서 지들끼리 추방하는데 꾸역꾸역 참아가면서 했는데 너무 억울해서 더이상 못해먹겠다 씨발 중국게임. F u c k ing chinese
730,1,"[h1] fps의 클래식! 근본 고전게임! [/h1]  현대식 FPS들의 근본 2로 다시 태어나다.  뻣뻣한 달리기 모션과 특유의 정적인 무빙, 헤드보빙없는 정직한 20세기 FPS느낌 그대로! 최신 FPS를 즐기다 다시 카스2를 해보니 텍스처는 업그레이드 된것 같으나 시스템은 그대로라 마치 바둑을 두는듯한 고리타분함이 느껴졌습니다. 물론 그럼에도 동접 백만이 넘는 여전한 맛집. 케릭의 무빙이나 맵은 그대로 가지만, 광원효과나 텍스쳐가 말도 안되게 좋아져서 2020년대에 걸맞는 느낌이 듭니다. 역시 밸브답게 최적화마저 좋아 13700kf+4070ti로 WFHD 144hz는 가뿐하네요.   하지만 지나치게 화려하고 UI나 안내문조차 가독성이 떨어지는 요즘 게임들의 UI와 다르게 아주 정돈되어있고 가독성이 좋다고 느껴집니다. 차분하게 뺄거 다빼면서도 넣을 정보는 다 넣은 느낌. 최신 FPS보다가 오니 액셀을 보는듯한 느낌마저 듭니다.   특히 연막의 형태나 총으로 사격했을시의 연막변화가 인상적이네요. 케릭들의 스킬없이 오로지 총과 투척무기만으로 전략을 짜야하기에 디테일함이 돋보입니다. 피아의 구별이 아주 쉬우면서도 광원효과도 좋은데, 은폐는 의미 없고 엄폐만 의미있는 전통적인 FPS답습니다. 수풀만 보면 숨고싶은 배그유저라 어색하기도 하네요."
730,1,this game is so cool i love this game <3
730,1,카스1.6 유저인데 그시절느낌이라 넘 좋아용 (핑은 25 고정해야 비교적 한국인 만나는 편)
730,1,세계 각국의 욕설을 공부할 수 있는 아주 유익한 게임 입니다.^^
730,1,"글옵떄는 고인물느낌이 있었지만 카스2가 되고나서는 그단점마저 사라져서 나쁜건 없는거같음. 장점은 초보자도 다른게임들보단 더 접근성이 좋은거같고, 그냥 재밌음"
730,0,게임은 존나 잘 만들어놓고 10판중에 8판이 핵쟁이새끼들이네
730,1,오랫동안 이어진 이 게임에 역사에 대해 무슨 말이 필요 있겠습니까.. 다만 간혹가다 그 나라의 핵쟁이들 때문에 힘든 건 사실입니다만.. 그 부분만 뺀다면 재밌습니다.
730,0,은글슬쩍 esp 그냥 대놓고핵  조오온나 많아 접음 ㅇㅇ
730,1,내가 쏘면 절대 안맞고 상대가 쏘면 다 헤드 처맞는 그런 게임
730,0,"핵 안잡음, 안티치트 관련 패치 안함, 신규 상자, 신스킨 출시, 제우스 재사용으로 만들고 스킨 출시 경쟁 서울섭에서 만나는 외노자들은 월핵이 패시브 2024.02.12 카스접어요"
730,1,다좋은데 캐릭터 모델링이랑 히트박스가 서로 너무 따로놀음 유체이탈 ㅈ되누
730,1,woooooooooooohooooooooooooooooooooooo!
730,1,재밌음. 신선함. 다른 FPS 하다가 이거 하니까 힐링임.
730,1,"카스 2, 정말 재밌었습니다.게임 진입은 쉬운 편이며, 경쟁도 비슷비슷하게 잡히다 보니 게임이 재밌었습니다"
730,0,"too many cheaters in game china, taiwan, betnam etc... It's difficult to play a normal game Reporting it is useless"
730,0,2로 넘어오면서 창작마당 맵은 왜 막아놨고 로드아웃 버그 쳐걸렸는지 수정이 안되는데 뭔생각으로 이따구로냄?
730,0,"최악의 게임. 캐쥬얼 돌리면 핵 광고하는 중국인들 천지고, 경쟁 돌리면 이유도 없이 투표로 추방함. 게임을 제대로 할수가 없는 역대 최악의 게임"
730,1,카스 2로 넘어오면서 애플 유저들 카스 못하네 밸브 빨리 애플 지원 추가좀
730,0,한국 잼민이 존나 많음. 기본적인 맵구조 총쏠줄도 모르면서 내가 잘하지 하는 마음으로 프리미어 들어와서 패작하고 나가는 애들 개많음. 브리핑 1도 없음
730,1,이 게임은 발로란트의 하위 버전 같은 게임 추천 ㅈㅈ염~~~~~~~~
730,0,⣿⣿⣿⣿⣿⠟⠋⠄⠄⠄⠄⠄⠄⠄⢁⠈⢻⢿⣿⣿⣿⣿⣿⣿⣿ ⣿⣿⣿⣿⣿⠃⠄⠄⠄⠄⠄⠄⠄⠄⠄⠄⠄⠈⡀⠭⢿⣿⣿⣿⣿ ⣿⣿⣿⣿⡟⠄⢀⣾⣿⣿⣿⣷⣶⣿⣷⣶⣶⡆⠄⠄⠄⣿⣿⣿⣿ ⣿⣿⣿⣿⡇⢀⣼⣿⣿⣿⣿⣿⣿⣿⣿⣿⣿⣧⠄⠄⢸⣿⣿⣿⣿ ⣿⣿⣿⣿⣇⣼⣿⣿⠿⠶⠙⣿⡟⠡⣴⣿⣽⣿⣧⠄⢸⣿⣿⣿⣿ ⣿⣿⣿⣿⣿⣾⣿⣿⣟⣭⣾⣿⣷⣶⣶⣴⣶⣿⣿⢄⣿⣿⣿⣿⣿ ⣿⣿⣿⣿⣿⣿⣿⣿⡟⣩⣿⣿⣿⡏⢻⣿⣿⣿⣿⣿⣿⣿⣿⣿⣿ ⣿⣿⣿⣿⣿⣿⣹⡋⠘⠷⣦⣀⣠⡶⠁⠈⠁⠄⣿⣿⣿⣿⣿⣿⣿ ⣿⣿⣿⣿⣿⣿⣍⠃⣴⣶⡔⠒⠄⣠⢀⠄⠄⠄⡨⣿⣿⣿⣿⣿⣿ ⣿⣿⣿⣿⣿⣿⣿⣦⡘⠿⣷⣿⠿⠟⠃⠄⠄⣠⡇⠈⠻⣿⣿⣿⣿ ⣿⣿⣿⣿⡿⠟⠋⢁⣷⣠⠄⠄⠄⠄⣀⣠⣾⡟⠄⠄⠄⠄⠉⠙⠻ ⡿⠟⠋⠁⠄⠄⠄⢸⣿⣿⡯⢓⣴⣾⣿⣿⡟⠄⠄⠄⠄⠄⠄⠄⠄ ⠄⠄⠄⠄⠄⠄⠄⣿⡟⣷⠄⠹⣿⣿⣿⡿⠁⠄⠄⠄⠄⠄⠄⠄⠄ ⠄⠄⠄⠄⠄⠄⣸⣿⡷⡇⠄⣴⣾⣿⣿⠃⠄⠄⠄⠄⠄⠄⠄⠄⠄ ⠄⠄⠄⠄⠄⠄⣿⣿⠃⣦⣄⣿⣿⣿⠇⠄⠄⠄⠄⠄⠄⠄⠄⠄⠄ ⠄⠄⠄⠄⠄⢸⣿⠗⢈⡶⣷⣿⣿⡏⠄⠄⠄⠄⠄⠄⠄⠄⠄⠄⠄ 짱개 4인큐 팀으로 만나는 거 에바임 짱개년들 뒤졌으면 좋겠다
730,1,짱깨혐오만 있던 내게 러시안 혐오도 생겼다. 씨발롬들이 존나싸대면서 한번실수하면 마이크로 지랄함 특히 러스키새끼들 한국인중에도 병신새끼 가끔 있다.  한판할때 해커가 없던판보기가힘듬 프리미어 매치할때 3명이 해커인거봄 울팀1 적팀2  그래도 재밌어서 추천
730,0,핵좀 제발좀 제발 도중에 서렌도불가능하고 핵만나면 바로 삭제하고싶음 그리고 스팀은 짱개국 서버 따로운영해야함
730,0,please. literally i rlly dont wanna play with Chinese. make a Chinese server separately or something for us bruv
730,0,겜 돌렸다가 무슨 정지 당하냐? ㅋㅋㅋㅋㅋㅋㅋㅋㅋㅋㅋ vac밴? ㅋㅋㅋㅋㅋㅋㅋㅋㅋㅋㅋㅋㅋㅋ ㅈㄹ을 해라 걍 쓰레기 같은 겜 무고밴 지린다 진심 ㅋㅋㅋㅋㅋㅋㅋㅋㅋㅋㅋ
730,0,그냥 지들 맘에 안들면 추방하는 시스템 너무 맘에안듬 ㅡㅡ
730,1,씨발 핵쟁이 잡아라 벨브야 경쟁에 핵쟁이들 날뛴다 적팀에도 핵이 있고 우리팀도 핵이있고 뭔 지랄임?게임은 재미있는데 핵이 존나 많아요 ㄹㅇ 한 5판 중에 3판이 핵이야 시발 방사능 농도 시발 미쳤다 ㄹㅇ
730,0,"핵쟁이, 광고 매크로, 중국인, 작업장 등등 개같은 게임"
730,1,머ㄹ;ㅣ에총을맛으면 사람이죿ㅌ어요!!!!!!!!!!!!!!!!!!!!!!!!!!!!!!!!!!!!!!!!!!!!!!!!!!!!!!!!!!!!!!!!!!!!!!!!!!!!!!!!!!!!!!!!!!!!!!!!!!!!!!!!!!
730,0,애미뒤진 짱깨 핵쟁이들 짱깨 바퀴벌레 광고 메크로들때문에 개좆망겜임
730,1,진짜.. 중국 서버가 따로 있는데 아시아 서버에서 중국인들 안 만났으면 좋겠다..  공용어는 영어인데 중국어로 말하는데 진짜 미치겠음. 시끄럽기만 시끄럽고 정신병 올 거 같음
730,1,ui나 게임 안쪽 설정 그래픽 등등 글옵보다 접근성에 신경쓴 느낌이 나서 전작보다 훨씬 진입장벽이 낮고 입문하기 쉬운거같습니다 앙 추천띠~
730,0,너무 많은 사람들에게 신세를 졌다. 나로 말미암아 여러 사람이 받은 고통이 너무 크다. 앞으로 받을 고통도 헤아릴 수가 없다. 여생도 남에게 짐이 될 일 밖에 없다. 건강이 좋지 않아서 아무 것도 할 수가 없다. 책을 읽을 수도 글을 쓸 수도 없다.  너무 슬퍼하지 마라. 삶과 죽음이 모두 자연의 한 조각 아니겠는가? 미안해하지 마라. 누구도 원망하지 마라. 운명이다.  삭제해라. 그리고 집 가까운 곳에 아주 작은 비석 하나만 남겨라. 오래된 생각이다.
730,0,상지 까는데 여기도 열쇠 사야 하냐 ;;;;;;;;; 여기가 베그냐 ????????????????????  그냥 그래픽만 좋아진 카스 ...
730,1,오랜만에 해서 너무 재미 있네요 .  잘 즐기고 있습니다.
730,1,카스 글옵때부터 즐겨왔지만 프라임 계정임임에도 불구하고 매칭 잡히는 핵들 지들끼리 시끄럽게 노가리까는 중국인들 눈치없이 행동하는 사람들 여러 복병들이 많아 게임을 접는다고 마음먹고 접어도 결국 돌아오게 되는 게임인 것 같다 지금도 글옵때 접었다가 카스 2 출시소식 듣고 와서 해봤더니 재밌어서 하는중.. (그래서 시발 짱깨 언제 차단함?)
730,1,잼민이들이 적고 분탕도 적어서 쾌적한 게임 환경이 너무좋았어요
730,1,정말 재밌습니다 발로란트 그 이상의 게임 발로 하시는 분들 다 이거 하세요
730,0,겜은 괜찮은데 핵이 존나많고 짱깨는 대놓고쓰면 한국인은 아닌척 써서 더 ㅈ같음
730,0,핵쟁이들 너무 많음. 대놓고 사용한다고 자랑하고 상대팀한테 쌍욕박고 조롱하는데 이건 뭐 핵 안쓰는 새끼가 호구인 수준. 재밌게 하다가도 의욕이 뚝 떨어져버리네
730,1,이게 2지 근데 다 좋은데 사운드 바뀐게 적응이 잘 안되긴 함
730,1,옛날에도 그러더니 이제 핵쟁이들이 많아지는거 같네요. 빨리 조치하고 공지올려주세요!
730,0,게임은 정말 재밌습니다 그런데 그 뛰어난 재미를 억누르고 아니요 평가를 주게 된 건 다름 아닌 중국인 유저들 때문 ㅋㅋ 1등을 매번 해도 중국인 유저 4명을 만나서 폭탄을 매 판마다 넘겨받고 힘들게 해도 중국인 유저들은 열심히 하지도 않을 뿐더러 자기들끼리 중국말로 ㅈㄴ 시끄럽게 떠들어서 사플도 안됩니다 심지어 한번 지랄해주면 단체로 팀킬 그것도 경쟁에서 이런 일이 허다하다 보니 이 게임을 하면서 재미를 못 느낄 지경은 물론 스트레스 받아서 그만 두려고 합니다.
730,0,cs2 < valorant Delete fucking Awp plz
730,1,처음엔 존나 어려워서 접을까 생각하지만 하면 할수록 재미있고 무엇보다 중국인한테 천안문 노래 들려주고 강퇴당하는게 재미있네요
730,1,여전히 재미있는 게임성. 1.4때부터 나리카스 들락거리던 추억이 있는게임. 하지만 오십대는 돋보기 쓰고 하는중.
730,1,솔직히 재밌다 전통FPS 답고 향수가 느껴진다 그러나 핵들이 벌써 보인다. 빨간색들...그들은 그들만의 독단적인 서버 분리가 필요하다. 채팅창 더럽고 시끄럽다... 역겨운 놈들
730,1,시발 이게 게임이지  발로같은 개븅신이랑 같은 급이 아님
730,0,씨발련들이 경쟁에서 화염병 던지 위치에 어떻게든 단체로 뛰어들어가서 자살함. 이거에 대한 제재는 없음? 존나 억울하네 고의트롤 새끼들 다 밴처먹었으면 좋겠네
730,0,⣿⣿⣿⣿⣿⠟⠋⠄⠄⠄⠄⠄⠄⠄⢁⠈⢻⢿⣿⣿⣿⣿⣿⣿ ⣿⣿⣿⣿⣿⠃⠄⠄⠄⠄⠄⠄⠄⠄⠄⠄⠄⠈⡀⠭⢿⣿⣿⣿ ⣿⣿⣿⣿⡟⠄⢀⣾⣿⣿⣿⣷⣶⣿⣷⣶⣶⡆⠄⠄⠄⣿⣿⣿ ⣿⣿⣿⣿⡇⢀⣼⣿⣿⣿⣿⣿⣿⣿⣿⣿⣿⣧⠄⠄⢸⣿⣿⣿ ⣿⣿⣿⣿⣇⣼⣿⣿⠿⠶⠙⣿⡟⠡⣴⣿⣽⣿⣧⠄⢸⣿⣿⣿ ⣿⣿⣿⣿⣿⣾⣿⣿⣟⣭⣾⣿⣷⣶⣶⣴⣶⣿⣿⢄⣿⣿⣿⣿ ⣿⣿⣿⣿⣿⣿⣿⣿⡟⣩⣿⣿⣿⡏⢻⣿⣿⣿⣿⣿⣿⣿⣿⣿ ⣿⣿⣿⣿⣿⣿⣹⡋⠘⠷⣦⣀⣠⡶⠁⠈⠁⠄⣿⣿⣿⣿⣿⣿ ⣿⣿⣿⣿⣿⣿⣍⠃⣴⣶⡔⠒⠄⣠⢀⠄⠄⠄⡨⣿⣿⣿⣿⣿ ⣿⣿⣿⣿⣿⣿⣿⣦⡘⠿⣷⣿⠿⠟⠃⠄⠄⣠⡇⠈⠻⣿⣿⣿ ⣿⣿⣿⣿⡿⠟⠋⢁⣷⣠⠄⠄⠄⠄⣀⣠⣾⡟⠄⠄⠄⠄⠉⠻ ⡿⠟⠋⠁⠄⠄⠄⢸⣿⣿⡯⢓⣴⣾⣿⣿⡟⠄⠄⠄⠄⠄⠄⠄ ⠄⠄⠄⠄⠄⠄⠄⣿⡟⣷⠄⠹⣿⣿⣿⡿⠁⠄⠄⠄⠄⠄⠄⠄ ⣿⣿⣿⣿⣿⠟⠋⠄⠄⠄⠄⠄⠄⠄⢁⠈⢻⢿⣿⣿⣿⣿⣿⣿ ⣿⣿⣿⣿⣿⠃⠄⠄⠄⠄⠄⠄⠄⠄⠄⠄⠄⠈⡀⠭⢿⣿⣿⣿ ⣿⣿⣿⣿⡟⠄⢀⣾⣿⣿⣿⣷⣶⣿⣷⣶⣶⡆⠄⠄⠄⣿⣿⣿ ⣿⣿⣿⣿⡇⢀⣼⣿⣿⣿⣿⣿⣿⣿⣿⣿⣿⣧⠄⠄⢸⣿⣿⣿ ⣿⣿⣿⣿⣇⣼⣿⣿⠿⠶⠙⣿⡟⠡⣴⣿⣽⣿⣧⠄⢸⣿⣿⣿ ⣿⣿⣿⣿⣿⣾⣿⣿⣟⣭⣾⣿⣷⣶⣶⣴⣶⣿⣿⢄⣿⣿⣿⣿ ⣿⣿⣿⣿⣿⣿⣿⣿⡟⣩⣿⣿⣿⡏⢻⣿⣿⣿⣿⣿⣿⣿⣿⣿ ⣿⣿⣿⣿⣿⣿⣹⡋⠘⠷⣦⣀⣠⡶⠁⠈⠁⠄⣿⣿⣿⣿⣿⣿ ⣿⣿⣿⣿⣿⣿⣍⠃⣴⣶⡔⠒⠄⣠⢀⠄⠄⠄⡨⣿⣿⣿⣿⣿ ⣿⣿⣿⣿⣿⣿⣿⣦⡘⠿⣷⣿⠿⠟⠃⠄⠄⣠⡇⠈⠻⣿⣿⣿ ⣿⣿⣿⣿⡿⠟⠋⢁⣷⣠⠄⠄⠄⠄⣀⣠⣾⡟⠄⠄⠄⠄⠉⠻ ⡿⠟⠋⠁⠄⠄⠄⢸⣿⣿⡯⢓⣴⣾⣿⣿⡟⠄⠄⠄⠄⠄⠄⠄ ⠄⠄⠄⠄⠄⠄⠄⣿⡟⣷⠄⠹⣿⣿⣿⡿⠁⠄⠄⠄⠄⠄⠄⠄
730,0,the fucking game doesnt start!!!
730,0,⣿⣿⣿⣿⣿⠟⠋⠄⠄⠄⠄⠄⠄⠄⢁⠈⢻⢿⣿⣿⣿⣿⣿⣿ ⣿⣿⣿⣿⣿⠃⠄⠄⠄⠄⠄⠄⠄⠄⠄⠄⠄⠈⡀⠭⢿⣿⣿⣿ ⣿⣿⣿⣿⡟⠄⢀⣾⣿⣿⣿⣷⣶⣿⣷⣶⣶⡆⠄⠄⠄⣿⣿⣿ ⣿⣿⣿⣿⡇⢀⣼⣿⣿⣿⣿⣿⣿⣿⣿⣿⣿⣧⠄⠄⢸⣿⣿⣿ ⣿⣿⣿⣿⣇⣼⣿⣿⠿⠶⠙⣿⡟⠡⣴⣿⣽⣿⣧⠄⢸⣿⣿⣿ ⣿⣿⣿⣿⣿⣾⣿⣿⣟⣭⣾⣿⣷⣶⣶⣴⣶⣿⣿⢄⣿⣿⣿⣿ ⣿⣿⣿⣿⣿⣿⣿⣿⡟⣩⣿⣿⣿⡏⢻⣿⣿⣿⣿⣿⣿⣿⣿⣿ ⣿⣿⣿⣿⣿⣿⣹⡋⠘⠷⣦⣀⣠⡶⠁⠈⠁⠄⣿⣿⣿⣿⣿⣿ ⣿⣿⣿⣿⣿⣿⣍⠃⣴⣶⡔⠒⠄⣠⢀⠄⠄⠄⡨⣿⣿⣿⣿⣿ ⣿⣿⣿⣿⣿⣿⣿⣦⡘⠿⣷⣿⠿⠟⠃⠄⠄⣠⡇⠈⠻⣿⣿⣿ ⣿⣿⣿⣿⡿⠟⠋⢁⣷⣠⠄⠄⠄⠄⣀⣠⣾⡟⠄⠄⠄⠄⠉⠻ ⡿⠟⠋⠁⠄⠄⠄⢸⣿⣿⡯⢓⣴⣾⣿⣿⡟⠄⠄⠄⠄⠄⠄⠄ ⠄⠄⠄⠄⠄⠄⠄⣿⡟⣷⠄⠹⣿⣿⣿⡿⠁⠄⠄⠄⠄⠄⠄⠄  习近平的屁股很紧  조선인이 13억명 모이면 그게 중국이다.
730,0,"Game makes me suicidal, from teamates to case openings I wanna kms"
730,0,넷코드라는 레식에서 8년간 고질적인 문제를 얘들은 지들이 알아서 쳐먹네... 정신이 있냐없냐 스팀으로 돈벌었으면 유비소프트같은짓은 안해야지
730,0,CHEATER GAME CHEATER GAME CHEATER GAME CHEATER GAME CHEATER GAME CHEATER GAME CHEATER GAME CHEATER GAME CHEATER GAME CHEATER GAME CHEATER GAME CHEATER GAME CHEATER GAME CHEATER GAME CHEATER GAME CHEATER GAME
730,0,Every round is a cheat user round and Valve has left the cheat user unattended in the game and rather made them use the cheat more. Valve has completely ruined the game and has no intention of fixing it.
730,1,Prime을 구매하고 현재까지 약 30시간 플레이했습니다. 만. 아군이건 적군이건 3등 이상 하는 중국인을 본 적이 없습니다.  우리 팀 중국인 혼자 남았다면... 저는 탄식을 하지 않은 적이 없습니다.   Region Lock China
730,1,이건 게임이 아니라 고인물들 킬 딸딸이 야동이다. 야동 속 여배우가 되어 고인물들에게 0.1초 킬을 당하고 싶은 마조들에게 추천한다.
730,0,⣿⣿⣿⣿⣿⠟⠋⠄⠄⠄⠄⠄⠄⠄⢁⠈⢻⢿⣿⣿⣿⣿⣿⣿⣿ ⣿⣿⣿⣿⣿⠃⠄⠄⠄⠄⠄⠄⠄⠄⠄⠄⠄⠈⡀⠭⢿⣿⣿⣿⣿ ⣿⣿⣿⣿⡟⠄⢀⣾⣿⣿⣿⣷⣶⣿⣷⣶⣶⡆⠄⠄⠄⣿⣿⣿⣿ ⣿⣿⣿⣿⡇⢀⣼⣿⣿⣿⣿⣿⣿⣿⣿⣿⣿⣧⠄⠄⢸⣿⣿⣿⣿ ⣿⣿⣿⣿⣇⣼⣿⣿⠿⠶⠙⣿⡟⠡⣴⣿⣽⣿⣧⠄⢸⣿⣿⣿⣿ ⣿⣿⣿⣿⣿⣾⣿⣿⣟⣭⣾⣿⣷⣶⣶⣴⣶⣿⣿⢄⣿⣿⣿⣿⣿ ⣿⣿⣿⣿⣿⣿⣿⣿⡟⣩⣿⣿⣿⡏⢻⣿⣿⣿⣿⣿⣿⣿⣿⣿⣿ ⣿⣿⣿⣿⣿⣿⣹⡋⠘⠷⣦⣀⣠⡶⠁⠈⠁⠄⣿⣿⣿⣿⣿⣿⣿ ⣿⣿⣿⣿⣿⣿⣍⠃⣴⣶⡔⠒⠄⣠⢀⠄⠄⠄⡨⣿⣿⣿⣿⣿⣿ ⣿⣿⣿⣿⣿⣿⣿⣦⡘⠿⣷⣿⠿⠟⠃⠄⠄⣠⡇⠈⠻⣿⣿⣿⣿ ⣿⣿⣿⣿⡿⠟⠋⢁⣷⣠⠄⠄⠄⠄⣀⣠⣾⡟⠄⠄⠄⠄⠉⠙⠻ ⡿⠟⠋⠁⠄⠄⠄⢸⣿⣿⡯⢓⣴⣾⣿⣿⡟⠄⠄⠄⠄⠄⠄⠄⠄ ⠄⠄⠄⠄⠄⠄⠄⣿⡟⣷⠄⠹⣿⣿⣿⡿⠁⠄⠄⠄⠄⠄⠄⠄⠄ ⠄⠄⠄⠄⠄⠄⣸⣿⡷⡇⠄⣴⣾⣿⣿⠃⠄⠄⠄⠄⠄⠄⠄⠄⠄ ⠄⠄⠄⠄⠄⠄⣿⣿⠃⣦⣄⣿⣿⣿⠇⠄⠄⠄⠄⠄⠄⠄⠄⠄⠄ ⠄⠄⠄⠄⠄⢸⣿⠗⢈⡶⣷⣿⣿⡏⠄⠄⠄⠄⠄⠄⠄⠄⠄⠄⠄
730,1,카운터 스트라이크의 본래 색깔은 10%정도 갖고 있고 나머지 90%는 진보한 새로운 형태의 게임을 이루어냄  역시 실패없는 밸브인가
730,0,쩜육의 빠릿빠릿한 느낌좀 살려봐라 이게 카스인지 발로란트인지 인서전시인지 모르겠다 게이브야 핲라 포탈 레포데 팀포 다 유기하고 신규ip도 안내면서 은퇴는 왜 안하냐 스팀으로 돈만버냐
730,0,⣿⣿⣿⣿⣿⠟⠋⠄⠄⠄⠄⠄⠄⠄⢁⠈⢻⢿⣿⣿⣿⣿⣿⣿⣿ ⣿⣿⣿⣿⣿⠃⠄⠄⠄⠄⠄⠄⠄⠄⠄⠄⠄⠈⡀⠭⢿⣿⣿⣿⣿ ⣿⣿⣿⣿⡟⠄⢀⣾⣿⣿⣿⣷⣶⣿⣷⣶⣶⡆⠄⠄⠄⣿⣿⣿⣿ ⣿⣿⣿⣿⡇⢀⣼⣿⣿⣿⣿⣿⣿⣿⣿⣿⣿⣧⠄⠄⢸⣿⣿⣿⣿ ⣿⣿⣿⣿⣇⣼⣿⣿⠿⠶⠙⣿⡟⠡⣴⣿⣽⣿⣧⠄⢸⣿⣿⣿⣿ ⣿⣿⣿⣿⣿⣾⣿⣿⣟⣭⣾⣿⣷⣶⣶⣴⣶⣿⣿⢄⣿⣿⣿⣿⣿ ⣿⣿⣿⣿⣿⣿⣿⣿⡟⣩⣿⣿⣿⡏⢻⣿⣿⣿⣿⣿⣿⣿⣿⣿⣿ ⣿⣿⣿⣿⣿⣿⣹⡋⠘⠷⣦⣀⣠⡶⠁⠈⠁⠄⣿⣿⣿⣿⣿⣿⣿ ⣿⣿⣿⣿⣿⣿⣍⠃⣴⣶⡔⠒⠄⣠⢀⠄⠄⠄⡨⣿⣿⣿⣿⣿⣿ ⣿⣿⣿⣿⣿⣿⣿⣦⡘⠿⣷⣿⠿⠟⠃⠄⠄⣠⡇⠈⠻⣿⣿⣿⣿ ⣿⣿⣿⣿⡿⠟⠋⢁⣷⣠⠄⠄⠄⠄⣀⣠⣾⡟⠄⠄⠄⠄⠉⠙⠻ ⡿⠟⠋⠁⠄⠄⠄⢸⣿⣿⡯⢓⣴⣾⣿⣿⡟⠄⠄⠄⠄⠄⠄⠄⠄ ⠄⠄⠄⠄⠄⠄⠄⣿⡟⣷⠄⠹⣿⣿⣿⡿⠁⠄⠄⠄⠄⠄⠄⠄⠄ ⠄⠄⠄⠄⠄⠄⣸⣿⡷⡇⠄⣴⣾⣿⣿⠃⠄⠄⠄⠄⠄⠄⠄⠄⠄ ⠄⠄⠄⠄⠄⠄⣿⣿⠃⣦⣄⣿⣿⣿⠇⠄⠄⠄⠄⠄⠄⠄⠄⠄⠄ ⠄⠄⠄⠄⠄⢸⣿⠗⢈⡶⣷⣿⣿⡏⠄⠄⠄⠄⠄⠄⠄⠄⠄⠄⠄
730,0,제발 그나라 사람들이랑 서버좀 분리시켜줘라  어떻게 벌써 핵을쓰고다니냐
730,1,지금 뉴비들 오닌깐 고인물 걱정 필요 없음 재미있음 강추
730,1,짱깨와 이상한 한국인만 안 만나면 재밌음 짱깨 만나면 이길 생각하지마
730,1,서든이나 이런거 하다가 하니까 뭔가 신선하고 재밌긴함 ㅋㅋㅋ
730,1,핵의 유무를 떠나서 학창시절 미친듯이 했던 소스를 좋은 그래픽으로 할 수 있는것만으로 좋아연
730,1,모두 사이좋게 뚝배기가 터지는걸 보니 대두들만 모인게 확실합니다.
730,1,클래식 FPS 정석같은 게임입니다 정적인게임을 좋아하지 않는다면 추천하지 않습니다.
730,1,"추억돋고 좋은데 벌써 핵이 좀 많은 느낌이에요, 본인편 다 살아있는데 상대편 어디서 오는지 미리 쪼고있다가 땡겨버리네요"
730,1,csgo가 cs2가 되었지만 내겐 여전히 상자까는 게임이다
730,0,2가 나오면서 유저가 늘어난 거는 좋지만 병sin 들도 늘어나서 안타까운 게임
730,0,so bad team just doing troll. all time
730,0,봇전을 하고 캐주얼 돌렸는데 2번 죽고 게임 접음 분명 1초도 안된것 같은데 내가 죽어있음 fps에서 1초도 안되는 0.1초도 큰거는 알지만 공방에서 그런 녀석을 바로 만나니까 할 마음이 싹 사라짐 발로반트를 했을때는 이정도 까지는 아니었는데 이게 유독 고수들이 많은듯
730,0,개쓰레기 시궁창  하수구 게임 진짜 글옵 막바지에도 핵이 넘치다 생각했는데 지금은 그냥 기본 DLC 마냥 핵을 기본으로 탑재하는 게임 게임 삭제하세요^^
730,1,잼민접근금지구역 돌아가서 발로나 하거라 우메한 개잼민들
730,1,글옵 없어져서 행복합니다. 카스2 덕분에 방금 갖고잇던 상자 전부 처리하고 5만원 벌어갑니다^^ 이 돈으로 P의 거짓 사서 재밌게 즐길게요 감사합니다~
730,1,"지구상에서 가장 위대하고, 전 세계 모든 FPS게임 무릎 꿇게 할 수 있는 절대최강의 FPS게임 ... 나를 한때 준 프로게이머 까지 이끌어줬던 카운터스트라이크 ... 너무 고맙다 그리고 사랑한다."
730,1,그래픽 너무 좋아졌고 전에 비해 핵도 잘 잡는 느낌? 핵 의심되는 놈 두명 신고했더니 다음날 정지 먹은거 보고 일단은 잘 잡는 것 같음. 좀 더 지켜봐야 하긴 하지만 매칭시스템이랑 핵만 바로바로 잘 잡아주는거만 신경쓰면 될듯
730,1,"2가 나와서 잠깐 다시 해봤는데  딱히 크게 바뀐게 없다 그냥 알던 카스임  발로란트하다가 와서 그런가,   빙판위 움직이는듯한 느낌과   머리외에 총이 상대한테 맞았는지 안맞았는지 잘모르는 느낌은 적응이 안된다  재밌냐 없냐를 고르자면 재밌지만, 발로란트에서 다시 복귀 할 이유는 보이지않았음"
730,1,글옵을 안해봐서 원작을 경험해보신 기준은 모르겠지만 충분히 재밌게 즐길 수 있는 게임
730,0,경쟁 매칭을 개줟같이잡아줌 ㅡㅡ 좀 비슷하게 잡아야하는데 극과극임
730,0,상너매거 글옵 다시 대려와라 천하의 장지평이 노바2 인게 말이안된다 . 벨브 재기해라.
730,1,한라에 한번씩 처팅기는데 시봉방꺼 겜을 하라는거야 말라는거야
730,0,세상에서 가장 쓸모없는 생물중에 모기다음이 중국인이다    ⣿⣿⣿⣿⣿⠟⠋⠄⠄⠄⠄⠄⠄⠄⢁⠈⢻⢿⣿⣿⣿⣿⣿⣿⣿ ⣿⣿⣿⣿⣿⠃⠄⠄⠄⠄⠄⠄⠄⠄⠄⠄⠄⠈⡀⠭⢿⣿⣿⣿⣿ ⣿⣿⣿⣿⡟⠄⢀⣾⣿⣿⣿⣷⣶⣿⣷⣶⣶⡆⠄⠄⠄⣿⣿⣿⣿ ⣿⣿⣿⣿⡇⢀⣼⣿⣿⣿⣿⣿⣿⣿⣿⣿⣿⣧⠄⠄⢸⣿⣿⣿⣿ ⣿⣿⣿⣿⣇⣼⣿⣿⠿⠶⠙⣿⡟⠡⣴⣿⣽⣿⣧⠄⢸⣿⣿⣿⣿ ⣿⣿⣿⣿⣿⣾⣿⣿⣟⣭⣾⣿⣷⣶⣶⣴⣶⣿⣿⢄⣿⣿⣿⣿⣿ ⣿⣿⣿⣿⣿⣿⣿⣿⡟⣩⣿⣿⣿⡏⢻⣿⣿⣿⣿⣿⣿⣿⣿⣿⣿ ⣿⣿⣿⣿⣿⣿⣹⡋⠘⠷⣦⣀⣠⡶⠁⠈⠁⠄⣿⣿⣿⣿⣿⣿⣿ ⣿⣿⣿⣿⣿⣿⣍⠃⣴⣶⡔⠒⠄⣠⢀⠄⠄⠄⡨⣿⣿⣿⣿⣿⣿ ⣿⣿⣿⣿⣿⣿⣿⣦⡘⠿⣷⣿⠿⠟⠃⠄⠄⣠⡇⠈⠻⣿⣿⣿⣿ ⣿⣿⣿⣿⡿⠟⠋⢁⣷⣠⠄⠄⠄⠄⣀⣠⣾⡟⠄⠄⠄⠄⠉⠙⠻ ⡿⠟⠋⠁⠄⠄⠄⢸⣿⣿⡯⢓⣴⣾⣿⣿⡟⠄⠄⠄⠄⠄⠄⠄⠄ ⠄⠄⠄⠄⠄⠄⠄⣿⡟⣷⠄⠹⣿⣿⣿⡿⠁⠄⠄⠄⠄⠄⠄⠄⠄ ⠄⠄⠄⠄⠄⠄⣸⣿⡷⡇⠄⣴⣾⣿⣿⠃⠄⠄⠄⠄⠄⠄⠄⠄⠄ ⠄⠄⠄⠄⠄⠄⣿⣿⠃⣦⣄⣿⣿⣿⠇⠄⠄⠄⠄⠄⠄⠄⠄⠄⠄ ⠄⠄⠄⠄⠄⢸⣿⠗⢈⡶⣷⣿⣿⡏⠄⠄⠄⠄⠄⠄⠄⠄⠄⠄⠄
730,0,친구들과 함께하던 글옵은 어디로 갔는가 씨!!발 짱깨들
730,1,[h1] 1~2만원 정도 하는 프리미엄을 구매해야 더 재미있게 게임하실 수 있습니다 [/h1]  일단 구매한 사람들끼리만 매칭을 잡아줘서 핵이 별로 없기도 하고 (가끔 있긴함) 자신의 실력에 맞는 랭크가 나오며 밴픽이 가능한 모드가 열리는 등 여러가지 이득이 있습니다...만   [b] 돈낭비가 마렵거나 이 게임을 매우 자주 즐기실게 아니라면 굳이 사서 할 필요는 없습니다 [/b]  랭크 배치는 안나와도 랭크는 가능하니까요
730,0,регистрация урона в кс 2 стала хуже чем в стендофе
730,0,미친새끼들아 게임 성적이 좋은 날도 있을수 있지 잘한다고 프로그램 도움으로 이겼다고 판단하고 vac 차단 하냐? 씨벌  돈주고 산게임인데 핵을 왜쓰냐고 ㅆㅂ 병신같은 개발자들아
730,1,전통 할매 국밥집에서 전통 청년 국밥집 됨 재미는 있는데 민폐 만나면 화남
730,0,"이 게임은 작업장, 핵쟁이가 판치는 게임입니다. 밸브 개발자들도 손 놓고 방관하고 있죠  가볍게 즐기려고 캐주얼을 돌리면 작업장 경쟁이나 프리미어 돌리면 핵쟁이 신고해도 정지를 안 먹이니 신고할 의욕도 떨어짐  게임을 하란건지 알 수가 없어요.  계속 유저가 있으니 방관하는 것 같습니다. 한사람 한사람 접다보면 정신차리겠지란 희망이라도 갖고 접어보렵니다."
730,1,카스도 그렇고 발로란트도 그렇고 심하게 탄 퍼지는거 때문에 별로 안 좋아하는데 이번작에 추가된 반동 추적 조준선은 정말 마음에 드네요
730,0,병신같은겜아 짱깨새끼들좀 차단해라 매치기록도 안보여주고
730,1,발로정도로 재밋고 다양한 사람이랑 할수있다는거? 그리고 다시하기가 아니라 바로 서렌임
730,1,10년 넘어서 새로 출시 된 카스2. 모든 면이 대 만족임. 강추합니다. 그리고.. 국내 유일 카스2 커뮤니티 소개합니다. 오픈한 지 얼마 안되어 자료가 없지만 활성화되면 카스2 플레이에 도움이 될 것이라 생각합니다. 접속 바로고! www.cs2korea.com
730,0,rㅐ 비dㅡㅇ신 겜 경쟁패작에 핵에 뭔 개같은겜이냐 발로란트나 해라 차라리
730,0,아니 우리팀 짱개는 개못하고 상대팀 짱개는 핵을쓰고 개판임;;
730,0,돈주고 샀더니 무료화 진행 때려놓고 이번엔 리모델링만 해서 낸다음 다시 사라고요? 프리미엄? 적어도 전에 돈주고 산 사람들은 프리미엄 적용 시켜줘야지 ㅠㅠ
730,1,오래된 게임이고 유저도 아직 그만큼 많은 고전 명작 FPS 2로 바뀌면서 도전 과제가 1개 남고 모두 사라짐 리메이크 되었어도 그래픽이 뛰어나 졌다거나 하진 않고 렉이 조금 줄어든 것 같기도...?
730,1,최고의 게임 다른 FPS게임과 비교불가 밸브가 심심해서 업그레이드한거 같은데....역시 최고
730,1,님들 발로란트 하다가 질리면 이거하면 일주만에 발로란트가 다시 재밌습니다 저도 잼민이라 약간 옛날 게임은 안맞을줄 알았는데 너무 재미있네요 여러분들도 한번 카스 해주시길 바랍니다. 근데 안좋은 점이 있습니다 한국 유저들이 너무 욕을 합니다 욕을 해도 샵 처리도 안되고 핵도 조금 있는것 같습니다 그래도 많이 있지는 않으니 재미있게 플레이 할수있습니다^^ (물론 저도 욕을 쫌 하는 편입니다)
730,1,i love screaming russions on the mic <3
730,0,게임이 어렵다 어렵다한는데 진짜 필요성없이 브레이킹이 너무 힘들고 참 지랄같음 에임은 다따라가는데 저 에임랩 12만점치거든요? 에임다따라가는데 탄이 다튐ㅋ ㅋㅋㅋ 개 ㅈ망겜
730,0,ㅅㅂ i9 13900K 글카 4070TI인데 왜팅기냐고 이런개같은게임 왜합니까  무결성검사해라 영어로바꿔라 별짓다해도 카스만팅기네 발로란트나 하러간다 더러워서
730,1,정말 재밌어요! 옆집 발로란트랑은 차원이 다른 재미! 여러분도 꼭꼭꼭꼭꼭 해보세요!
730,0,과거 카운터스트라이크의 매우 재밌고 긍정적으로 즐겼었던 기억이 있어 글옵 후반부부터 카스2 출시로 플레이 하게 되었음.  인생 최악의 망겜이라해도 될 정도로 핵이 판을 침. 또한 계급제 점수제 등 각 실력별 클래스를 만들어 놓아서 게임을 하는 내내 스트레스를 사서 받음.  즐기기보다 스트레스 받으면서 하는 어이없는 정신육체 노동이랄까?  샷이 좋은 사람은 특히 안했으면 하는 게임임. 왜냐면 조금만 잘쏴도 핵으로 신고 받음.  안한는게 정신건강에 좋음.  인생 최악의 게임으로 변질
730,1,핵만 잘 잡으면 좋겠는데  어느 새 라이브러리에서 가장 많이 한 게임이 되었어
730,1,글픽이 좋아지고 게임은 여전히 재밌는데 핵이 너무 많고 프리미어 잠김 풀기위해 너무 많은 게임을 해야하는게 불편
730,1,발로란트보다 재밌음 근데 스킨이 졸라 비싸요 40만원 날림
730,1,일단 중국인 만나면 보이스 끄고 하세요 너무 시끄러워요 나머지는 재밌음
730,0,"ESSA BOSTA DE ESPREI DA AK ESTÁ UMA MERDA, ATIRAR ANDANDO FICOU UMA COISA DE RETARDADO, SEM CONTRA ESSA BOSTA QUE FICA TODA HORA TRAVANDO, VOCÊS FODERAM COM  O JOGO, ANTES ERA MARAVILHOSO AGORA VOCÊS TRANSFORAM ESSA JOGO EM UMA COISA ESCROTA, VOCÊS AINDA VÃO PERDER MUITO JOGADORES POR TER FEITO ESSA BOSTA"
730,1,연막으로 앞이 안보인다고? 총을 쏘면 총알의 충격파로 잠시 보인다고
730,0,개씨발좆엠창씨발개좆같은씨발게임좆같은씨발개좆씨발에미없는개엠창씨발엿같은좆빠는좆씨발개씨발애미없는애비없는엿같은게임하지마세요
730,1,이 게임은 원론적으로 쎆쓰와 구분할 수 없다.  그렇다.  밸브는 또 다른 쎆쓰를 발명한 것이라고 볼 수 있는 것이다.
730,1,GOOOOOOOOOOOOOOOOOOOOOOOOOOOOOOOOOOOOOOOOOOOOOOOD
730,1,저는 재밌는데 지환이는 재미없나봐요. 같이 하고 싶었는데...뭐 어쩌겠어요...혼자 해야지..
730,1,레인보우식스나 콜옵과같이 복잡하거나 방대만 맵의 전술 FPS에 지칠때 담백한 맛으로 즐기기 좋음. 핵이 있다고 하지만 유료 계정 구매하면 매칭시 클린 유저들 많이 접하게 됨.  코스요리에 질린 당신이라면 국밥과 같은 이 게임이 땡길수 있음.  다른게임에 비해 반동 잡기가 초반에 힘들수있는데  가능한 점사하는 습관을 기르고 뛰면서 쏘지 말자. 앉거나 걸어야함.   오랜만에 하는 카스가 너무 재밌다.  추신 : 스킨은 기존 게임과 달리 스팀 장터를 이용해 사고 팔기때문에 어색할순 있음.
730,1,제 처음 fps가 발로란트이지만 이거.... 너무 재밌어요 진짜 왜 이런 게임을 몰랐던건지 진짜 모르겠네요
730,1,https://steamcommunity.com/id/b1t333/inventory/#730_2_36437627296
730,0,겜키고 바로 30분만에 삭제 핵 없으면 게임하지마라 걍 ;;
730,1,발로란트를 왜함? 발로란트 할바엔 뜨-끈 하고 든-든한 (이하 생략)
730,0,글옵에선 괜찮았는데 cs2 베타기간동안 온갖버그란 렉들도 개선 안한상태로 내놔서 지금은 안하는게 정신건강에 도움됨
730,1,예전에 글옵이었던 시절 잠깐 하고 접었었습니다 카스2로 바꿔주길래 잠깐 해봤습니다 예상대로입니다.  다른 FPS를 해야겠습니다
730,1,It is a very great and fun experience to play this new version of cs-go WOULD RECOMMEND
730,1,개 좉같은 매칭 시스템 어케 안되나? 솔큐인데 맨날 5인큐 쳐만나게 하네 씹년들이
730,1,사실 그냥 그래픽 2% 좋아진 글옵이긴한데 상점창이 뉴비한테 편하게 바뀐것같음
730,0,"튜토리얼도 없이 게임 시작함(있는지도모름 그냥 메인화면이였음), 메인메뉴 보자마자 당황, 캐쥬얼있길래 들어가봄 들어가자마자 욕설난무 한놈이 아무놈 막잡고 욕하고있음 초딩들 크아슈퍼방장 가지고염병 떨듯이 막무가내로 추방투표,지가폭탄들면 존버저격하다가 남이 그짓하면 별별 욕설 다나옴 추방투표는 덤 오래된 게임에 한국인을 더하면 그냥 텃세짓 하고싶은 게임일 뿐. 저 염병을 매판 당하면서 할만한 게임은 아닌듯"
730,0,중국인들이 번역기 돌려서 욕하고 게임 끝나갈때 투표해서 추방당함 .. 뭐 이래
730,1,리뉴얼 되고서 깔끔해지고 예전맵 구조로 얼추다 바뀌어서 향수불러일으키기에 굳!!!
730,0,짱씨깨발년들아 ⣿⣿⣿⣿⣿⠟⠋⠄⠄⠄⠄⠄⠄⠄⢁⠈⢻⢿⣿⣿⣿⣿⣿⣿⣿ ⣿⣿⣿⣿⣿⠃⠄⠄⠄⠄⠄⠄⠄⠄⠄⠄⠄⠈⡀⠭⢿⣿⣿⣿⣿ ⣿⣿⣿⣿⡟⠄⢀⣾⣿⣿⣿⣷⣶⣿⣷⣶⣶⡆⠄⠄⠄⣿⣿⣿⣿ ⣿⣿⣿⣿⡇⢀⣼⣿⣿⣿⣿⣿⣿⣿⣿⣿⣿⣧⠄⠄⢸⣿⣿⣿⣿ ⣿⣿⣿⣿⣇⣼⣿⣿⠿⠶⠙⣿⡟⠡⣴⣿⣽⣿⣧⠄⢸⣿⣿⣿⣿ ⣿⣿⣿⣿⣿⣾⣿⣿⣟⣭⣾⣿⣷⣶⣶⣴⣶⣿⣿⢄⣿⣿⣿⣿⣿ ⣿⣿⣿⣿⣿⣿⣿⣿⡟⣩⣿⣿⣿⡏⢻⣿⣿⣿⣿⣿⣿⣿⣿⣿⣿ ⣿⣿⣿⣿⣿⣿⣹⡋⠘⠷⣦⣀⣠⡶⠁⠈⠁⠄⣿⣿⣿⣿⣿⣿⣿ ⣿⣿⣿⣿⣿⣿⣍⠃⣴⣶⡔⠒⠄⣠⢀⠄⠄⠄⡨⣿⣿⣿⣿⣿⣿ ⣿⣿⣿⣿⣿⣿⣿⣦⡘⠿⣷⣿⠿⠟⠃⠄⠄⣠⡇⠈⠻⣿⣿⣿⣿ ⣿⣿⣿⣿⡿⠟⠋⢁⣷⣠⠄⠄⠄⠄⣀⣠⣾⡟⠄⠄⠄⠄⠉⠙⠻ ⡿⠟⠋⠁⠄⠄⠄⢸⣿⣿⡯⢓⣴⣾⣿⣿⡟⠄⠄⠄⠄⠄⠄⠄⠄ ⠄⠄⠄⠄⠄⠄⠄⣿⡟⣷⠄⠹⣿⣿⣿⡿⠁⠄⠄⠄⠄⠄⠄⠄⠄ ⠄⠄⠄⠄⠄⠄⣸⣿⡷⡇⠄⣴⣾⣿⣿⠃⠄⠄⠄⠄⠄⠄⠄⠄⠄ ⠄⠄⠄⠄⠄⠄⣿⣿⠃⣦⣄⣿⣿⣿⠇⠄⠄⠄⠄⠄⠄⠄⠄⠄⠄ ⠄⠄⠄⠄⠄⢸⣿⠗⢈⡶⣷⣿⣿⡏⠄⠄⠄⠄⠄⠄⠄⠄⠄⠄⠄
730,1,작업장 닉네임이 다 어떻게 짱깨냐? 시펄 진짜 정떨어지네
730,0,f     u c    k    i   n   g china   ⣿⣿⣿⣿⣿⠟⠋⠄⠄⠄⠄⠄⠄⠄⢁⠈⢻⢿⣿⣿⣿⣿⣿⣿⣿ ⣿⣿⣿⣿⣿⠃⠄⠄⠄⠄⠄⠄⠄⠄⠄⠄⠄⠈⡀⠭⢿⣿⣿⣿⣿                           ⣿⣿⣿⣿⡟⠄⢀⣾⣿⣿⣿⣷⣶⣿⣷⣶⣶⡆⠄⠄⠄⣿⣿⣿⣿ ⣿⣿⣿⣿⡇⢀⣼⣿⣿⣿⣿⣿⣿⣿⣿⣿⣿⣧⠄⠄⢸⣿⣿⣿⣿                           ⣿⣿⣿⣿⣇⣼⣿⣿⠿⠶⠙⣿⡟⠡⣴⣿⣽⣿⣧⠄⢸⣿⣿⣿⣿ ⣿⣿⣿⣿⣿⣾⣿⣿⣟⣭⣾⣿⣷⣶⣶⣴⣶⣿⣿⢄⣿⣿⣿⣿⣿                           ⣿⣿⣿⣿⣿⣿⣿⣿⡟⣩⣿⣿⣿⡏⢻⣿⣿⣿⣿⣿⣿⣿⣿⣿⣿ ⣿⣿⣿⣿⣿⣿⣹⡋⠘⠷⣦⣀⣠⡶⠁⠈⠁⠄⣿⣿⣿⣿⣿⣿⣿                           ⣿⣿⣿⣿⣿⣿⣍⠃⣴⣶⡔⠒⠄⣠⢀⠄⠄⠄⡨⣿⣿⣿⣿⣿⣿ ⣿⣿⣿⣿⣿⣿⣿⣦⡘⠿⣷⣿⠿⠟⠃⠄⠄⣠⡇⠈⠻⣿⣿⣿⣿                           ⣿⣿⣿⣿⡿⠟⠋⢁⣷⣠⠄⠄⠄⠄⣀⣠⣾⡟⠄⠄⠄⠄⠉⠙⠻ ⡿⠟⠋⠁⠄⠄⠄⢸⣿⣿⡯⢓⣴⣾⣿⣿⡟⠄⠄⠄⠄⠄⠄⠄⠄                           ⠄⠄⠄⠄⠄⠄⠄⣿⡟⣷⠄⠹⣿⣿⣿⡿⠁⠄⠄⠄⠄⠄⠄⠄⠄ ⠄⠄⠄⠄⠄⠄⣸⣿⡷⡇⠄⣴⣾⣿⣿⠃⠄⠄⠄⠄⠄⠄⠄⠄⠄                           ⠄⠄⠄⠄⠄⠄⣿⣿⠃⣦⣄⣿⣿⣿⠇⠄⠄⠄⠄⠄⠄⠄⠄⠄⠄ ⠄⠄⠄⠄⠄⢸⣿⠗⢈⡶⣷⣿⣿⡏⠄⠄⠄⠄⠄⠄⠄⠄⠄⠄⠄
730,1,개시발 짱개련들아 니들은 왜 이렇게 사람같이 게임을 하지못하냐
730,1,뭔가 그래픽이 밝아지고 스포츠한 게임으로 변함. 재미있음.
730,1,This game is super cool cause U guys gonna be died a lot by AWP ! FUK
730,1,"하기야 좋긴 하고, 재미도 더러 있긴한데... 아 씨발 내 컴퓨터가 좆같잖아!"
730,0,"매칭 개판, 프리미어 솔큐 돌렸는데 상대 5인큐 ㅋㅋ 이런판이 2판중 1판임 그리고 핵이 너무 많음..그래픽만 달라진 글옵.."
730,0,그 나라 차단 앙망합니다 Region lock C  ⣿⣿⣿⣿⣿⠟⠋⠄⠄⠄⠄⠄⠄⠄⢁⠈⢻⢿⣿⣿⣿⣿⣿⣿⣿ ⣿⣿⣿⣿⣿⠃⠄⠄⠄⠄⠄⠄⠄⠄⠄⠄⠄⠈⡀⠭⢿⣿⣿⣿⣿ ⣿⣿⣿⣿⡟⠄⢀⣾⣿⣿⣿⣷⣶⣿⣷⣶⣶⡆⠄⠄⠄⣿⣿⣿⣿ ⣿⣿⣿⣿⡇⢀⣼⣿⣿⣿⣿⣿⣿⣿⣿⣿⣿⣧⠄⠄⢸⣿⣿⣿⣿ ⣿⣿⣿⣿⣇⣼⣿⣿⠿⠶⠙⣿⡟⠡⣴⣿⣽⣿⣧⠄⢸⣿⣿⣿⣿ ⣿⣿⣿⣿⣿⣾⣿⣿⣟⣭⣾⣿⣷⣶⣶⣴⣶⣿⣿⢄⣿⣿⣿⣿⣿ ⣿⣿⣿⣿⣿⣿⣿⣿⡟⣩⣿⣿⣿⡏⢻⣿⣿⣿⣿⣿⣿⣿⣿⣿⣿ ⣿⣿⣿⣿⣿⣿⣹⡋⠘⠷⣦⣀⣠⡶⠁⠈⠁⠄⣿⣿⣿⣿⣿⣿⣿ ⣿⣿⣿⣿⣿⣿⣍⠃⣴⣶⡔⠒⠄⣠⢀⠄⠄⠄⡨⣿⣿⣿⣿⣿⣿ ⣿⣿⣿⣿⣿⣿⣿⣦⡘⠿⣷⣿⠿⠟⠃⠄⠄⣠⡇⠈⠻⣿⣿⣿⣿ ⣿⣿⣿⣿⡿⠟⠋⢁⣷⣠⠄⠄⠄⠄⣀⣠⣾⡟⠄⠄⠄⠄⠉⠙⠻ ⡿⠟⠋⠁⠄⠄⠄⢸⣿⣿⡯⢓⣴⣾⣿⣿⡟⠄⠄⠄⠄⠄⠄⠄⠄ ⠄⠄⠄⠄⠄⠄⠄⣿⡟⣷⠄⠹⣿⣿⣿⡿⠁⠄⠄⠄⠄⠄⠄⠄⠄ ⠄⠄⠄⠄⠄⠄⣸⣿⡷⡇⠄⣴⣾⣿⣿⠃⠄⠄⠄⠄⠄⠄⠄⠄⠄ ⠄⠄⠄⠄⠄⠄⣿⣿⠃⣦⣄⣿⣿⣿⠇⠄⠄⠄⠄⠄⠄⠄⠄⠄⠄ ⠄⠄⠄⠄⠄⢸⣿⠗⢈⡶⣷⣿⣿⡏⠄⠄⠄⠄⠄⠄⠄⠄⠄⠄⠄
730,0,아니 2 업뎃 해서 들어왔는데 내 스킨 어디갔냐... 아니 비싼거만 없어진거 뭐냐..
730,1,02년에 처음 접한 게임. 오랜만에 다시 하는데 여전히 재밌다.
730,1,짱깨만 없으면 완벽한게임 진짜 팀킬에 의사소통 단절력 갑 중국뺸 아시아섭 만들어줘라
730,0,아니 시발 코멘트 하도 달아달라고 찡찡거려서 싫다고 했는데 왜 패드립 처 박는데 새끼야
730,1,1%가 부족합니다. 진입장벽이 높습니다 무료게임인데 그래픽이 상당히 고퀄리티입니다.
730,0,팀전하는데 권총으로 울편 4명을 한방씩에 보내버리내 핵쩜.
730,1,중국인 시발련들 역시 cs2 도 똑같음  애미뒤진 중국인들 ㅈㄴ 많음  ⣿⣿⣿⣿⣿⠟⠋⠄⠄⠄⠄⠄⠄⠄⢁⠈⢻⢿⣿⣿⣿⣿⣿⣿⣿ ⣿⣿⣿⣿⣿⠃⠄⠄⠄⠄⠄⠄⠄⠄⠄⠄⠄⠈⡀⠭⢿⣿⣿⣿⣿ ⣿⣿⣿⣿⡟⠄⢀⣾⣿⣿⣿⣷⣶⣿⣷⣶⣶⡆⠄⠄⠄⣿⣿⣿⣿ ⣿⣿⣿⣿⡇⢀⣼⣿⣿⣿⣿⣿⣿⣿⣿⣿⣿⣧⠄⠄⢸⣿⣿⣿⣿ ⣿⣿⣿⣿⣇⣼⣿⣿⠿⠶⠙⣿⡟⠡⣴⣿⣽⣿⣧⠄⢸⣿⣿⣿⣿ ⣿⣿⣿⣿⣿⣾⣿⣿⣟⣭⣾⣿⣷⣶⣶⣴⣶⣿⣿⢄⣿⣿⣿⣿⣿ ⣿⣿⣿⣿⣿⣿⣿⣿⡟⣩⣿⣿⣿⡏⢻⣿⣿⣿⣿⣿⣿⣿⣿⣿⣿ ⣿⣿⣿⣿⣿⣿⣹⡋⠘⠷⣦⣀⣠⡶⠁⠈⠁⠄⣿⣿⣿⣿⣿⣿⣿ ⣿⣿⣿⣿⣿⣿⣍⠃⣴⣶⡔⠒⠄⣠⢀⠄⠄⠄⡨⣿⣿⣿⣿⣿⣿ ⣿⣿⣿⣿⣿⣿⣿⣦⡘⠿⣷⣿⠿⠟⠃⠄⠄⣠⡇⠈⠻⣿⣿⣿⣿ ⣿⣿⣿⣿⡿⠟⠋⢁⣷⣠⠄⠄⠄⠄⣀⣠⣾⡟⠄⠄⠄⠄⠉⠙⠻ ⡿⠟⠋⠁⠄⠄⠄⢸⣿⣿⡯⢓⣴⣾⣿⣿⡟⠄⠄⠄⠄⠄⠄⠄⠄ ⠄⠄⠄⠄⠄⠄⠄⣿⡟⣷⠄⠹⣿⣿⣿⡿⠁⠄⠄⠄⠄⠄⠄⠄⠄ ⠄⠄⠄⠄⠄⠄⣸⣿⡷⡇⠄⣴⣾⣿⣿⠃⠄⠄⠄⠄⠄⠄⠄⠄⠄ ⠄⠄⠄⠄⠄⠄⣿⣿⠃⣦⣄⣿⣿⣿⠇⠄⠄⠄⠄⠄⠄⠄⠄⠄⠄ ⠄⠄⠄⠄⠄⢸⣿⠗⢈⡶⣷⣿⣿⡏⠄⠄⠄⠄⠄⠄⠄⠄⠄⠄⠄
730,1,"사람들이 늘 꽉차있는 돈가스 집이 리모델링을 했다고 하네요?  그래서 오랜만에 옛정의 추억을 기억하며 다시 돌아왔어요.  으음...?  똑같네요. 똑같아요.  기울어진 간판을 다시 올리고 다 떨어져가던 글자도 페인트로 다시 그렸긴 했지만, 이상하게도 딱히 바뀐 건 없는 것 같다는 생각이 들어요.   예전 처음 시작했을 돈가스집이 딱 이런 깔끔함부터 시작하지 않았을까. 라는 생각이 들었거든요.  표지판에는 인테리어가 바뀌고, 주방도 깔끔해졌다고는 생각해요. 뭐 그것뿐이에요.  들어와보니 단골들이 자리를 꿰차고 있어서 그게 잘 보이지가 않아요. 리모델링을 하던간에 음식에만 집중하고 있어서 저도 모르게 배가 고파졌어요.  주방이 깔끔하던 말던가간에 여전히 뿜어져나오는 수증기와 이제는 덜 시끄러운 환풍기 따위는 단골들도 잘 모르는 듯 하지만...뭐 그게 그렇게 신경쓰일 일은 아니잖아요?  예전보단 깔끔해진 메뉴판도 뭐...다 떨어져가던 파일을 교체하고 다시 프린트한 것 뿐이지 메뉴는 여전해요.  새로운 사람들은 다들 들어오길 꺼려하는 것 같아요. 들어와도 한 입 맛보고 다시는 오지 않을 것 같은 표정이에요.  저는 오랜만에 오니 음식은 맛있었어요.  여전히 그리운 할머니의 손맛이 느껴져서 추억이 느껴지고, 이번에는 제대로 개편을 했는지 접시에 구름이 그려져 있고요.  뭐...맛은 그대로네요. 분명 알고 있던 맛이에요.  소스가 바뀌었을까요...? 그런건 아닌 것 같아요.  전 소스보단 소금이 좋아서 소금으로 부탁하니까 바로 내주셨어요. 소금 맛도 그대로네요.  뭐가...달라졌을까요.  여긴 여전히 새로운 사람은 없고 단골들로만 가득한 돈가스집인데."
730,1,음음 그래그래. 형은 FPS의 원탑이라는 것은 사실이야.  중국인이 많은것도 사실이지.
730,0,Finally I got legs so I can properly tea bag the enemy. 12/10 Thank you Gabe   10/25 This game is ruined they patched the vending machine in the kitchen at office. </3
730,1,"zdfhsrthj styka5yka45yjm5tyma5etmjaerg56u ,srtn,45yiu7krsmtydumaerthm4,5hrghtyje4rh h  tu"
730,0,애들이 잘 하는건지 핵인건지  눈 마주치면 바로 헤드 꽃힘;;
730,0,the VoIP: ⣿⣿⣿⣿⣿⠟⠋⠄⠄⠄⠄⠄⠄⠄⢁⠈⢻⢿⣿⣿⣿⣿⣿⣿⣿ ⣿⣿⣿⣿⣿⠃⠄⠄⠄⠄⠄⠄⠄⠄⠄⠄⠄⠈⡀⠭⢿⣿⣿⣿⣿ ⣿⣿⣿⣿⡟⠄⢀⣾⣿⣿⣿⣷⣶⣿⣷⣶⣶⡆⠄⠄⠄⣿⣿⣿⣿ ⣿⣿⣿⣿⡇⢀⣼⣿⣿⣿⣿⣿⣿⣿⣿⣿⣿⣧⠄⠄⢸⣿⣿⣿⣿ ⣿⣿⣿⣿⣇⣼⣿⣿⠿⠶⠙⣿⡟⠡⣴⣿⣽⣿⣧⠄⢸⣿⣿⣿⣿ ⣿⣿⣿⣿⣿⣾⣿⣿⣟⣭⣾⣿⣷⣶⣶⣴⣶⣿⣿⢄⣿⣿⣿⣿⣿ ⣿⣿⣿⣿⣿⣿⣿⣿⡟⣩⣿⣿⣿⡏⢻⣿⣿⣿⣿⣿⣿⣿⣿⣿⣿ ⣿⣿⣿⣿⣿⣿⣹⡋⠘⠷⣦⣀⣠⡶⠁⠈⠁⠄⣿⣿⣿⣿⣿⣿⣿ ⣿⣿⣿⣿⣿⣿⣍⠃⣴⣶⡔⠒⠄⣠⢀⠄⠄⠄⡨⣿⣿⣿⣿⣿⣿ ⣿⣿⣿⣿⣿⣿⣿⣦⡘⠿⣷⣿⠿⠟⠃⠄⠄⣠⡇⠈⠻⣿⣿⣿⣿ ⣿⣿⣿⣿⡿⠟⠋⢁⣷⣠⠄⠄⠄⠄⣀⣠⣾⡟⠄⠄⠄⠄⠉⠙⠻ ⡿⠟⠋⠁⠄⠄⠄⢸⣿⣿⡯⢓⣴⣾⣿⣿⡟⠄⠄⠄⠄⠄⠄⠄⠄ ⠄⠄⠄⠄⠄⠄⠄⣿⡟⣷⠄⠹⣿⣿⣿⡿⠁⠄⠄⠄⠄⠄⠄⠄⠄
730,0,지웠다 깔아도 안되고 뭔짓을 해도 파일손상 어쩌고하면서 안되네 검사결과는 무결점
730,1,발로란트 많이 했었는데 이번에 카스2 출시되고 처음 카스 자체를 접해보니 정말 재밌네요 ㅎㅎ
730,1,초5때 시작해서 여태까지 하는게임  대략 2001년부터 했구나
730,0,20년전 카스 소스랑 대동소이한 퀄에 DLC 아이템 상점에 잔뜩있네요. 그냥 리터칭한 리소스에 헛웃음이 나는 게임
730,0,고인물이 썩어넘치는 게임.  토씨하나 안바꾸고 깔아줘서고맙다~ 라고 또박또박 들려오더라   안해시발    캐쥬얼은 누구 죽으면 다 위치 알려주고    경쟁은 뭐 어떻게 돌아가는건지 모르겠는데 시작하자마자는 아니고 2라부터 나 죽이면서 승리하고 님없어도 이김 ㅎㅎ 이지랄 당함    다음매칭때 같은팀되길래 시작하자마자 대가리 날리려고했는데 바로 나가지더라 ㅋㅋㅋ    남이 나 두번죽이는건 강제강퇴 안되고. 내가 시작하자마자 대가리 날리려는건 칼같이 잡네     뭔 시발 장난해?
730,1,매마른 FPS계에 긴장감을 주는 게임. 나도 못맞추고 적도 못ㅁ맞추니까 잼있음
730,1,조금 해보고 바로 발로 개같이 유기했다 나처럼 발로 유기할놈 찾아요
730,1,짱깨 시벌럼들     ⣿⣿⣿⣿⣿⠟⠋⠄⠄⠄⠄⠄⠄⠄⢁⠈⢻⢿⣿⣿⣿⣿⣿⣿⣿ ⣿⣿⣿⣿⣿⠃⠄⠄⠄⠄⠄⠄⠄⠄⠄⠄⠄⠈⡀⠭⢿⣿⣿⣿⣿ ⣿⣿⣿⣿⡟⠄⢀⣾⣿⣿⣿⣷⣶⣿⣷⣶⣶⡆⠄⠄⠄⣿⣿⣿⣿ ⣿⣿⣿⣿⡇⢀⣼⣿⣿⣿⣿⣿⣿⣿⣿⣿⣿⣧⠄⠄⢸⣿⣿⣿⣿ ⣿⣿⣿⣿⣇⣼⣿⣿⠿⠶⠙⣿⡟⠡⣴⣿⣽⣿⣧⠄⢸⣿⣿⣿⣿ ⣿⣿⣿⣿⣿⣾⣿⣿⣟⣭⣾⣿⣷⣶⣶⣴⣶⣿⣿⢄⣿⣿⣿⣿⣿ ⣿⣿⣿⣿⣿⣿⣿⣿⡟⣩⣿⣿⣿⡏⢻⣿⣿⣿⣿⣿⣿⣿⣿⣿⣿ ⣿⣿⣿⣿⣿⣿⣹⡋⠘⠷⣦⣀⣠⡶⠁⠈⠁⠄⣿⣿⣿⣿⣿⣿⣿ ⣿⣿⣿⣿⣿⣿⣍⠃⣴⣶⡔⠒⠄⣠⢀⠄⠄⠄⡨⣿⣿⣿⣿⣿⣿ ⣿⣿⣿⣿⣿⣿⣿⣦⡘⠿⣷⣿⠿⠟⠃⠄⠄⣠⡇⠈⠻⣿⣿⣿⣿ ⣿⣿⣿⣿⡿⠟⠋⢁⣷⣠⠄⠄⠄⠄⣀⣠⣾⡟⠄⠄⠄⠄⠉⠙⠻ ⡿⠟⠋⠁⠄⠄⠄⢸⣿⣿⡯⢓⣴⣾⣿⣿⡟⠄⠄⠄⠄⠄⠄⠄⠄ ⠄⠄⠄⠄⠄⠄⠄⣿⡟⣷⠄⠹⣿⣿⣿⡿⠁⠄⠄⠄⠄⠄⠄⠄⠄ ⠄⠄⠄⠄⠄⠄⣸⣿⡷⡇⠄⣴⣾⣿⣿⠃⠄⠄⠄⠄⠄⠄⠄⠄⠄ ⠄⠄⠄⠄⠄⠄⣿⣿⠃⣦⣄⣿⣿⣿⠇⠄⠄⠄⠄⠄⠄⠄⠄⠄⠄ ⠄⠄⠄⠄⠄⢸⣿⠗⢈⡶⣷⣿⣿⡏⠄⠄⠄⠄⠄⠄⠄⠄⠄⠄⠄
730,0,사람들이 물고빠는 시리즈라 맛볼겸 프라임 구매했는데 추천하지 않음 1.불공정한 매치메이킹 2.전작에서 넘어온 핵쟁이들 3.이유를 알 수 없는 스터터링  재미있는 게임인건 맞지만 위 문제로 인한 스트레스를 감당하면서 할 정도로 재미있지는 않음
730,1,역시 원조 겜이라 그런지 총쏘는맛이 좋고  아직까진 핵안보임 ㅇㅇ
730,1,카스의 최대 장점 :  스킨팔이로 스팀머니를 채울 수 있따
730,0,글옵하던분들한테는 그냥저냥 할만할듯. 그외에는 글쎄.. 달라진거라곤 쥐뿔도 없고 고여버릴대로 고인 이런 게임에 뉴비 유입이 있을지는 회의적
730,1,⣿⣿⣿⣿⣿⠟⠋⠄⠄⠄⠄⠄⠄⠄⢁⠈⢻⢿⣿⣿⣿⣿⣿⣿⣿ ⣿⣿⣿⣿⣿⠃⠄⠄⠄⠄⠄⠄⠄⠄⠄⠄⠄⠈⡀⠭⢿⣿⣿⣿⣿ ⣿⣿⣿⣿⡟⠄⢀⣾⣿⣿⣿⣷⣶⣿⣷⣶⣶⡆⠄⠄⠄⣿⣿⣿⣿ ⣿⣿⣿⣿⡇⢀⣼⣿⣿⣿⣿⣿⣿⣿⣿⣿⣿⣧⠄⠄⢸⣿⣿⣿⣿ ⣿⣿⣿⣿⣇⣼⣿⣿⠿⠶⠙⣿⡟⠡⣴⣿⣽⣿⣧⠄⢸⣿⣿⣿⣿ ⣿⣿⣿⣿⣿⣾⣿⣿⣟⣭⣾⣿⣷⣶⣶⣴⣶⣿⣿⢄⣿⣿⣿⣿⣿ ⣿⣿⣿⣿⣿⣿⣿⣿⡟⣩⣿⣿⣿⡏⢻⣿⣿⣿⣿⣿⣿⣿⣿⣿⣿ ⣿⣿⣿⣿⣿⣿⣹⡋⠘⠷⣦⣀⣠⡶⠁⠈⠁⠄⣿⣿⣿⣿⣿⣿⣿ ⣿⣿⣿⣿⣿⣿⣍⠃⣴⣶⡔⠒⠄⣠⢀⠄⠄⠄⡨⣿⣿⣿⣿⣿⣿ ⣿⣿⣿⣿⣿⣿⣿⣦⡘⠿⣷⣿⠿⠟⠃⠄⠄⣠⡇⠈⠻⣿⣿⣿⣿ ⣿⣿⣿⣿⡿⠟⠋⢁⣷⣠⠄⠄⠄⠄⣀⣠⣾⡟⠄⠄⠄⠄⠉⠙⠻ ⡿⠟⠋⠁⠄⠄⠄⢸⣿⣿⡯⢓⣴⣾⣿⣿⡟⠄⠄⠄⠄⠄⠄⠄⠄ ⠄⠄⠄⠄⠄⠄⠄⣿⡟⣷⠄⠹⣿⣿⣿⡿⠁⠄⠄⠄⠄⠄⠄⠄⠄ ⠄⠄⠄⠄⠄⠄⣸⣿⡷⡇⠄⣴⣾⣿⣿⠃⠄⠄⠄⠄⠄⠄⠄⠄⠄ ⠄⠄⠄⠄⠄⠄⣿⣿⠃⣦⣄⣿⣿⣿⠇⠄⠄⠄⠄⠄⠄⠄⠄⠄⠄ ⠄⠄⠄⠄⠄⢸⣿⠗⢈⡶⣷⣿⣿⡏⠄⠄⠄⠄⠄⠄⠄⠄⠄⠄⠄
730,1,xin jja jja jja hao wo yuo bingchilling
730,1,중국인들은 그냥 죽어 마땅하며  러시아인들은 하루 빨리 푸틴이 징집해서 총에 맞고 죽어야 할 것  게임은 발로란트 500% 상위호환
730,1,M4사랑해M4사랑해M4사랑해M4사랑해M4사랑해M4사랑해M4사랑해M4사랑해M4사랑해M4사랑해M4사랑해M4사랑해M4사랑해M4사랑해M4사랑해M4사랑해M4사랑해M4사랑해M4사랑해M4사랑해M4사랑해M4사랑해M4사랑해M4사랑해M4사랑해M4사랑해M4사랑해M4사랑해M4사랑해M4사랑해M4사랑해M4사랑해M4사랑해M4사랑해M4사랑해M4사랑해M4사랑해M4사랑해M4사랑해M4사랑해M4사랑해M4사랑해M4사랑해M4사랑해M4사랑해M4사랑해M4사랑해M4사랑해M4사랑해M4사랑해M4사랑해M4사랑해M4사랑해M4사랑해M4사랑해M4사랑해M4사랑해M4사랑해M4사랑해M4사랑해M4사랑해M4사랑해M4사랑해M4사랑해M4사랑해M4사랑해M4사랑해M4사랑해M4사랑해M4사랑해M4사랑해M4사랑해M4사랑해M4사랑해M4사랑해M4사랑해M4사랑해M4사랑해M4사랑해M4사랑해M4사랑해M4사랑해M4사랑해M4사랑해M4사랑해M4사랑해M4사랑해
730,1,класна гра!zvzvzvzvzvzvzvzvzvzvzvzvzvzvzvzvzvzv
730,1,전작과 동일하게 10에 9은 주둥이로 게임하는 참깨들과 함께합니다
730,1,No.1 FPS게임.. 왜 No.1 FPS게임인지. 유저를 위한 게임이 어떤지 표준이 되는 게임제작사와 게임.
730,0,옵치2 같은 리뉴얼  새 게임 같지 않은 새 게임 기존 유저불만도 유입도 만족 못시키는 듯
730,0,껍데기만 최신이고 플레이는 너무 올드해서 카스1이랑 다를께 없어 이질감 너무 장난 아닌데? 거기다 환불도 안됨 님들 그냥 브레이킹 fps할꺼면 그냥 무료겜들 많잖아 발로란트나 서든이나 차라리 그거 하셈 굳이 19000원 값어치는 안되는것 같음 이거 ㄹㅇ임..
730,1,카스를 시작하고 제 인생이 바뀌기 시작했습니다. 카스 2는 정말로 훌륭한. 그것은 나를 흥분하게 만듭니다. 카스 2 시작으로 멈춰있던 나의 가슴이 다시 뛰기 시작했다. 나는 이것을 추천하는 것을 추천한다.
730,1,⣿⣿⣿⣿⣿⠟⠋⠄⠄⠄⠄⠄⠄⠄⢁⠈⢻⢿⣿⣿⣿⣿⣿⣿⣿ ⣿⣿⣿⣿⣿⠃⠄⠄⠄⠄⠄⠄⠄⠄⠄⠄⠄⠈⡀⠭⢿⣿⣿⣿⣿ ⣿⣿⣿⣿⡟⠄⢀⣾⣿⣿⣿⣷⣶⣿⣷⣶⣶⡆⠄⠄⠄⣿⣿⣿⣿ ⣿⣿⣿⣿⡇⢀⣼⣿⣿⣿⣿⣿⣿⣿⣿⣿⣿⣧⠄⠄⢸⣿⣿⣿⣿ ⣿⣿⣿⣿⣇⣼⣿⣿⠿⠶⠙⣿⡟⠡⣴⣿⣽⣿⣧⠄⢸⣿⣿⣿⣿ ⣿⣿⣿⣿⣿⣾⣿⣿⣟⣭⣾⣿⣷⣶⣶⣴⣶⣿⣿⢄⣿⣿⣿⣿⣿ ⣿⣿⣿⣿⣿⣿⣿⣿⡟⣩⣿⣿⣿⡏⢻⣿⣿⣿⣿⣿⣿⣿⣿⣿⣿ ⣿⣿⣿⣿⣿⣿⣹⡋⠘⠷⣦⣀⣠⡶⠁⠈⠁⠄⣿⣿⣿⣿⣿⣿⣿ ⣿⣿⣿⣿⣿⣿⣍⠃⣴⣶⡔⠒⠄⣠⢀⠄⠄⠄⡨⣿⣿⣿⣿⣿⣿ ⣿⣿⣿⣿⣿⣿⣿⣦⡘⠿⣷⣿⠿⠟⠃⠄⠄⣠⡇⠈⠻⣿⣿⣿⣿ ⣿⣿⣿⣿⡿⠟⠋⢁⣷⣠⠄⠄⠄⠄⣀⣠⣾⡟⠄⠄⠄⠄⠉⠙⠻ ⡿⠟⠋⠁⠄⠄⠄⢸⣿⣿⡯⢓⣴⣾⣿⣿⡟⠄⠄⠄⠄⠄⠄⠄⠄ ⠄⠄⠄⠄⠄⠄⠄⣿⡟⣷⠄⠹⣿⣿⣿⡿⠁⠄⠄⠄⠄⠄⠄⠄⠄ ⠄⠄⠄⠄⠄⠄⣸⣿⡷⡇⠄⣴⣾⣿⣿⠃⠄⠄⠄⠄⠄⠄⠄⠄⠄ ⠄⠄⠄⠄⠄⠄⣿⣿⠃⣦⣄⣿⣿⣿⠇⠄⠄⠄⠄⠄⠄⠄⠄⠄⠄ ⠄⠄⠄⠄⠄⢸⣿⠗⢈⡶⣷⣿⣿⡏⠄⠄⠄⠄⠄⠄⠄⠄⠄⠄⠄
730,1,우리가 모두 바랬던 옳게된 엔진교체 보고있나 니트로? 보고있나 블리자드?
730,1,⣿⣿⣿⣿⣿⠟⠋⠄⠄⠄⠄⠄⠄⠄⢁⠈⢻⢿⣿⣿⣿⣿⣿⣿⣿ ⣿⣿⣿⣿⣿⠃⠄⠄⠄⠄⠄⠄⠄⠄⠄⠄⠄⠈⡀⠭⢿⣿⣿⣿⣿ ⣿⣿⣿⣿⡟⠄⢀⣾⣿⣿⣿⣷⣶⣿⣷⣶⣶⡆⠄⠄⠄⣿⣿⣿⣿ ⣿⣿⣿⣿⡇⢀⣼⣿⣿⣿⣿⣿⣿⣿⣿⣿⣿⣧⠄⠄⢸⣿⣿⣿⣿ ⣿⣿⣿⣿⣇⣼⣿⣿⠿⠶⠙⣿⡟⠡⣴⣿⣽⣿⣧⠄⢸⣿⣿⣿⣿ ⣿⣿⣿⣿⣿⣾⣿⣿⣟⣭⣾⣿⣷⣶⣶⣴⣶⣿⣿⢄⣿⣿⣿⣿⣿ ⣿⣿⣿⣿⣿⣿⣿⣿⡟⣩⣿⣿⣿⡏⢻⣿⣿⣿⣿⣿⣿⣿⣿⣿⣿ ⣿⣿⣿⣿⣿⣿⣹⡋⠘⠷⣦⣀⣠⡶⠁⠈⠁⠄⣿⣿⣿⣿⣿⣿⣿ ⣿⣿⣿⣿⣿⣿⣍⠃⣴⣶⡔⠒⠄⣠⢀⠄⠄⠄⡨⣿⣿⣿⣿⣿⣿ ⣿⣿⣿⣿⣿⣿⣿⣦⡘⠿⣷⣿⠿⠟⠃⠄⠄⣠⡇⠈⠻⣿⣿⣿⣿ ⣿⣿⣿⣿⡿⠟⠋⢁⣷⣠⠄⠄⠄⠄⣀⣠⣾⡟⠄⠄⠄⠄⠉⠙⠻ ⡿⠟⠋⠁⠄⠄⠄⢸⣿⣿⡯⢓⣴⣾⣿⣿⡟⠄⠄⠄⠄⠄⠄⠄⠄ ⠄⠄⠄⠄⠄⠄⠄⣿⡟⣷⠄⠹⣿⣿⣿⡿⠁⠄⠄⠄⠄⠄⠄⠄⠄ ⠄⠄⠄⠄⠄⠄⣸⣿⡷⡇⠄⣴⣾⣿⣿⠃⠄⠄⠄⠄⠄⠄⠄⠄⠄ ⠄⠄⠄⠄⠄⠄⣿⣿⠃⣦⣄⣿⣿⣿⠇⠄⠄⠄⠄⠄⠄⠄⠄⠄⠄ ⠄⠄⠄⠄⠄⢸⣿⠗⢈⡶⣷⣿⣿⡏⠄⠄⠄⠄⠄⠄⠄⠄⠄⠄⠄
730,1,⣿⣿⣿⣿⣿⠟⠋⠄⠄⠄⠄⠄⠄⠄⢁⠈⢻⢿⣿⣿⣿⣿⣿⣿⣿ ⣿⣿⣿⣿⣿⠃⠄⠄⠄⠄⠄⠄⠄⠄⠄⠄⠄⠈⡀⠭⢿⣿⣿⣿⣿ ⣿⣿⣿⣿⡟⠄⢀⣾⣿⣿⣿⣷⣶⣿⣷⣶⣶⡆⠄⠄⠄⣿⣿⣿⣿ ⣿⣿⣿⣿⡇⢀⣼⣿⣿⣿⣿⣿⣿⣿⣿⣿⣿⣧⠄⠄⢸⣿⣿⣿⣿ ⣿⣿⣿⣿⣇⣼⣿⣿⠿⠶⠙⣿⡟⠡⣴⣿⣽⣿⣧⠄⢸⣿⣿⣿⣿ ⣿⣿⣿⣿⣿⣾⣿⣿⣟⣭⣾⣿⣷⣶⣶⣴⣶⣿⣿⢄⣿⣿⣿⣿⣿ ⣿⣿⣿⣿⣿⣿⣿⣿⡟⣩⣿⣿⣿⡏⢻⣿⣿⣿⣿⣿⣿⣿⣿⣿⣿ ⣿⣿⣿⣿⣿⣿⣹⡋⠘⠷⣦⣀⣠⡶⠁⠈⠁⠄⣿⣿⣿⣿⣿⣿⣿ ⣿⣿⣿⣿⣿⣿⣍⠃⣴⣶⡔⠒⠄⣠⢀⠄⠄⠄⡨⣿⣿⣿⣿⣿⣿ ⣿⣿⣿⣿⣿⣿⣿⣦⡘⠿⣷⣿⠿⠟⠃⠄⠄⣠⡇⠈⠻⣿⣿⣿⣿ ⣿⣿⣿⣿⡿⠟⠋⢁⣷⣠⠄⠄⠄⠄⣀⣠⣾⡟⠄⠄⠄⠄⠉⠙⠻ ⡿⠟⠋⠁⠄⠄⠄⢸⣿⣿⡯⢓⣴⣾⣿⣿⡟⠄⠄⠄⠄⠄⠄⠄⠄ ⠄⠄⠄⠄⠄⠄⠄⣿⡟⣷⠄⠹⣿⣿⣿⡿⠁⠄⠄⠄⠄⠄⠄⠄⠄ ⠄⠄⠄⠄⠄⠄⣸⣿⡷⡇⠄⣴⣾⣿⣿⠃⠄⠄⠄⠄⠄⠄⠄⠄⠄ ⠄⠄⠄⠄⠄⠄⣿⣿⠃⣦⣄⣿⣿⣿⠇⠄⠄⠄⠄⠄⠄⠄⠄⠄⠄ ⠄⠄⠄⠄⠄⢸⣿⠗⢈⡶⣷⣿⣿⡏⠄⠄⠄⠄⠄⠄⠄⠄⠄⠄⠄
730,1,글옵1때는 재밌긴한데 좀 구형틱해서별로였는데 그래도 업뎃해서2로넘어오니까 산뜻한 이느낌
730,1,게임은 재밌는데 고인물컷이 존나 높아졌나 못하겠음 ㄷㄷ
730,0,"Suck ,,, worst upgrade haha nothing changed but worsed"
730,0,кс го обычную зря убрали там было лучше чем эта паль
730,1,"Игра только вышла а я уже 2.6к часов наиграл, не рекомендую, затягивает!"
730,0,벼엉시인같은 게임 짱깨 씨이이빠아알년들 어후 진짜 보이스도 듣기 조오옷같고 하는짓거리도 조오옷벼어어엉신 같네 서버 분리안하나 어휴 씨이이발 안하고만다
730,0,핵은 고질병 같은 것이죠  이 게임에선 마우스로 신기를 벌이는사람이 매우 많습니다  거의 모두가 프로급이라고 봐도 되죠 단 1킬도 올리기 어렵습니다.
730,0,#RegionLockChina 캐쥬얼 공개 매치메이킹에서 중국인들 어뷰징중이고 들어가자마자 킥하는데 뭐 중국인 방만 들어가지니 게임 자체가 불가능함
730,1,몇년 안했더니 짜앙퀘 놈들이 내 아이디 VAC-BAN 먹여놨네... 쩝  슬프다
730,0,⣿⣿⣿⣿⣿⠟⠋⠄⠄⠄⠄⠄⠄⠄⢁⠈⢻⢿⣿⣿⣿⣿⣿⣿⣿ ⣿⣿⣿⣿⣿⠃⠄⠄⠄⠄⠄⠄⠄⠄⠄⠄⠄⠈⡀⠭⢿⣿⣿⣿⣿ ⣿⣿⣿⣿⡟⠄⢀⣾⣿⣿⣿⣷⣶⣿⣷⣶⣶⡆⠄⠄⠄⣿⣿⣿⣿ ⣿⣿⣿⣿⡇⢀⣼⣿⣿⣿⣿⣿⣿⣿⣿⣿⣿⣧⠄⠄⢸⣿⣿⣿⣿ ⣿⣿⣿⣿⣇⣼⣿⣿⠿⠶⠙⣿⡟⠡⣴⣿⣽⣿⣧⠄⢸⣿⣿⣿⣿ ⣿⣿⣿⣿⣿⣾⣿⣿⣟⣭⣾⣿⣷⣶⣶⣴⣶⣿⣿⢄⣿⣿⣿⣿⣿ ⣿⣿⣿⣿⣿⣿⣿⣿⡟⣩⣿⣿⣿⡏⢻⣿⣿⣿⣿⣿⣿⣿⣿⣿⣿ ⣿⣿⣿⣿⣿⣿⣹⡋⠘⠷⣦⣀⣠⡶⠁⠈⠁⠄⣿⣿⣿⣿⣿⣿⣿ ⣿⣿⣿⣿⣿⣿⣍⠃⣴⣶⡔⠒⠄⣠⢀⠄⠄⠄⡨⣿⣿⣿⣿⣿⣿ ⣿⣿⣿⣿⣿⣿⣿⣦⡘⠿⣷⣿⠿⠟⠃⠄⠄⣠⡇⠈⠻⣿⣿⣿⣿ ⣿⣿⣿⣿⡿⠟⠋⢁⣷⣠⠄⠄⠄⠄⣀⣠⣾⡟⠄⠄⠄⠄⠉⠙⠻ ⡿⠟⠋⠁⠄⠄⠄⢸⣿⣿⡯⢓⣴⣾⣿⣿⡟⠄⠄⠄⠄⠄⠄⠄⠄ ⠄⠄⠄⠄⠄⠄⠄⣿⡟⣷⠄⠹⣿⣿⣿⡿⠁⠄⠄⠄⠄⠄⠄⠄⠄ ⠄⠄⠄⠄⠄⠄⣸⣿⡷⡇⠄⣴⣾⣿⣿⠃⠄⠄⠄⠄⠄⠄⠄⠄⠄ ⠄⠄⠄⠄⠄⠄⣿⣿⠃⣦⣄⣿⣿⣿⠇⠄⠄⠄⠄⠄⠄⠄⠄⠄⠄ ⠄⠄⠄⠄⠄⢸⣿⠗⢈⡶⣷⣿⣿⡏⠄⠄⠄⠄⠄⠄⠄⠄⠄⠄⠄
730,0,ㅅㅣ발 맥 버전 출시 해달라고 빨리 왜 1은 되게했으면서 2에서 갑자기 못하는데 ㅅㅂ 내 유일한 FPS인데;;
730,1,중국인들이랑 이유없이 킥하는 트롤들이 딸려온다는 소식은 못들었는데
730,1,소드오프 가격 할인좀... 맥7 뭔가 연사가 느려진 느낌 m249 탄퍼짐  실화인가.. 네게브는 역시 좋아
730,1,can I get some good crates valve
730,0,얘네는 왜 사람들이 그 화려한 게임들 두고 카스를 하는건지 이해를 못하나보네...
730,1,발로 하다가 지치신 분들 일로 넘어 오세요 지짜 개꿀잼임
730,1,슈팅 게임중 가장 슈팅게임의 느낌이 나는 게임입니다. 배그 다음으로 가장 멋진 FPS게임이었습니다. 다만 컴퓨터 인공지능이 좀더 향상되었으면 하네요.
730,0,카스2 라고 해놓고 바뀐것이 단 하나도 없는  고인물 게임
730,1,2 나왔대서 5년만에 다시 깔아서 해봤는데 뭐 때문에 접었는지 다시 깨달음
730,0,진입절벽 때문에 발로란트에서 사용하는 실제 반동 반영 크로스헤어 가져온 것 말곤 그대로
730,0,그래픽이 어색하다. 티어링이 발생한다. 앞으로 두고봐야 한다 The graphics are awkward. Tearing occurs. We have to wait and see
730,1,"갓겜 2  창작마당이나 도전과제가 사라진 상태로 나온 것은 조금 아쉬운 부분.  업데이트로 점점 개선되면 좋겠다.  더욱 세련되어졌지만 무기 모션은 여전하다. 좀 바꿔줬으면...  덤으로, 글로벌 오펜시브에서 넘어온 스킨들의 경우 신 모델에 덮어씌워진 것이 아닌 구 모델을 그대로 가져와 CS2에서 보기엔 뭔가 이질감이 든다."
730,1,뭔가 똑같은 국밥집인데 가게 리모델링만 하고 메뉴판은 그대로인 느낌
730,1,이 시발롬들아 이렇게 신경 써 줄거 팀포에 조금만 쏟아주면 어디 덧나니 시발련들아?
730,1,gicdullah macdada dogun elnur oynuya bilsin
730,0,"옛날 카스 시디로 깔고 시디키 넣고 자체적 서버에서 운영했을때부터 쩜오, 쩜육, 카스 소스를 거쳐 글옵까지 왔지만 개인적으로 카스 시리즈 통틀어 글옵이 제일 재미없다.  아주 지극히 개인적인 희망사항으로 다음 후속작은 카솟2 같이 나오길 바랬는데 단순 뇌피셜 추정일 뿐이지만 이번에 공개된 카스2는 그냥 글옵2인 것 같다.  ---------------------------------------------  카운터 스트라이크2 업데이트 이후  역시 그냥 글로벌 오펜시브 2 였다. 광원 좋아진거에 총알에 연막 뚫리는 것 정도로 게임 타이틀이 바뀔만한가 하면 그건 아닌 것 같다.  그냥 글옵2 일 뿐. 광고 엄청 한 것 치고는 별 거 없다.   게임 엔진의 업그레이드로 인한 여러 광원, 그래픽, 물리효과는 변화는 있으나 솔직히 걍 글로벌 오펜시브다. 쩜오에서 쩜육으로 간 것 보다 변화가 더 없는 것 같다."
730,1,장점 : 전세계 플레이어들과 전투를 진행할 수 있다 단점 : 전세계 병신들과 전투를 진행할 수 있다  아 짱꼐련아 닥쳐봐 좀
730,0,Every single competitive match is a hacker's party. Do not even try the game
730,1,⠀⣄⣀⠀⠀⠀𝙃𝘼𝙑𝙀 𝘼 𝙉𝙄𝘾𝙀 𝘿𝘼𝙔⠀⠀⠀⢀⣠⡀ ⠀⠀⢰⡿⠙⠳⣦⣄⠀⠀⠀⠀⠀⠀⠀⠀⠀⠀⠀⠀⣀⣤⡾⠛⢹⡇ ⠀⠀⢸⡇💗⠀⠙⠿⣦⣀⣀⣤⣤⣤⣄⣀⣠⡾⠛⠁💗⢸⡇ ⠀⠀⢸⣷⠀⠀⠀⠀⠀⠈⠉⠉⠉⠉⠉⠉⠉⠉⠀⠀⠀⠀⠀⠀⢸⡇ ⠀⠀⠀⣿⠀⠀⠀⠀⠀⠀⠀⠀⠀⠀⠀⠀⠀⠀⠀⠀⠀⠀⠀⠀⠀⣸⡇ ⠀⠀⢠⡿⠁⠀⠀⠀⠀⠀⠀⠀⠀⠀⠀⠀⠀⠀⠀⠀⠀⠀⠀⠀⠀⢹⣇ ⠀⣤⣾⣇⡀⢸⡇⠀⠀⣿⠀⠀⠀⠀⠀⠀⠀⠀⢸⡇⠀⢰⡗⢀⣠⣿⣤ ⠀⢀⣿⣈⡁⠈⢷⣤⣼⣿⠠⣄⠀⢀⠀⢀⡄⠘⢷⣤⣼⡇⠀⣩⣿⣂ ⠀⠈⢻⡇⠀⠀⠀⠀⠀⠀⠀⠀⢹⣶⠟⢷⡾⠁⠀⠀⠀⠀⠀⠀⢠⡿⠉ ⠀⠀⠀⢻⣆⠀⠀⠀⠀⠀⠀⠀⠀⠀⠀⠀⠀⠀⠀⠀⠀⠀⠀⠀⢠⡾⠃ ⠀⠀⠀⠀⠙⢷⣤⣀⠀⠀⠀⠀⠀⠀⠀⠀⠀⠀⠀⠀⢀⣠⡶⠟ ⠀⠀⠀⠀⠀⠀⠈⠙⠛⠶⠶⣶⣤⣤⣤⣶⡶⠶⠟⠛⠉
730,0,"처음 경쟁전 돌릴때부터 학살하니까 신고 많이 당해서 신뢰도 레드 되고 그 이후로 모든 게임 현재까지 50판 넘을때까지 항상 핵쟁이 들로 넘쳐나고 전부 스핀돌면서 자기들끼리 핵으로 싸우고있다, 좆망겜 도저히 게임을 즐길수가 없다. + 추가로 CS2 업데이트 이후에 게임하다가 자꾸 게임 튕겨서 들어가보니 재연결 버튼이 없어서 탈주 패널티로 - 1000점 깎였다 망겜임."
730,1,[table] [tr] [td][h1][i]⠀⠀⠀⠀⠀⠀⠀⠀⠀⠀⠀⠀⠀⠀♫ BY2 - 凑热闹 ♫⠀⠀⠀⠀[/i][/h1] [h1]───────⚪───────────────────────────────────[/h1] ⠀▐▐ ⠀►▏ ⠀⠀──○─ 🔊 ⠀₁:₂₅ / ₃:₅₀ ⠀⠀⠀⠀⠀⠀⠀⠀⠀⠀⠀⠀⠀⠀⠀⠀⠀⠀⠀⠀⠀⠀⠀⠀⠀⠀⠀⠀⠀ᴴᴰ⚙ ❐ ⊏⊐[/td]   https://www.youtube.com/watch?v=m9AyrTv5NZw
730,0,"After the introduction of the second part, I am not able to enjoy this game"
730,1,일단..재밌어요...근데..어려워요..그리고.....고수...가...많은?...느낌이에요..
730,1,약 2000만원의 상자깡 . 본계 + 부계 포함 약 3000시간의 에임연습. 거래한 스킨 내역들만 약 집 한채 가량. 2012년부터 해왔지만 좋은 추억으로 남겼다.  하지만 CS2 라는 병@신같은 게임 출시로 인하여 모든것이 무너졌다.  씨@발 서브틱인지 뭐 서브미시브틱인지 좀 고쳐라 스프레이 안맞는다 ㅈ병@신 벨브야
730,0,"핵도 안잡어 스킨도 안만들어 고객센터도 없어 도대체 하는게 뭘까,,,  일은 하는걸가????   매칭도 병신시스템  파티는 파티끼리 잡히는게 정상 아닐까 ... 그리고 제발 중국인은 그냥 서버 따로 만들어서 넣어라 ㄹㅇ 존나 역겨운 원숭이년들 짖는거 듣는거도 지친다.... covid 19 no1 china~  핵잡아달라니깐 게임내에서 신고하라는 미친놈들은 처음  보네"
730,1,씻팔 짱깨련들아 27일에 카스2 나온다는데 그때까지 숨참음
730,1,진짜 타격감 ㅈ된다 ㅋㅋㅋㅋㅋㅋㅋㅋㅋㅋㅋㅋㅋㅋㅋㅋㅋㅋㅋㅋㅋ
730,1,"짱개, 러시안잼민이들 제발 국가에서 게임 막아줬으면 좋겠따"
730,1,⠀⠀⠀⠀⠀⠀⠀⠀⠀⠀⠀⠀⠀⠀⠀⠀⠀⠀⠀⠀⠀⠀⠀⠀⠀⠀⠀⠀⠀⠀⠀⠀⠀⠀⠀⠀⠀⠀⠀⠀⠀⠀⠀⠀⠀⠀⠀⠀⠀⠀ ⠀⠀⠀⠀⠀⠀⠀⠀⠀⠀⠀⠀⠀⠀⠀⢀⣀⣤⣴⣶⣶⣶⣾⣿⣿⣿⣿⣷⣶⣶⣦⣤⣄⣀⠀⠀⠀⠀⠀⠀⠀⠀⠀⠀⠀⠀⠀⠀⠀⠀ ⠀⠀⠀⠀⠀⠀⠀⠀⠀⠀⠀⠀⣀⣤⣶⣿⣿⣿⣿⣿⣿⣿⣿⣿⣿⣿⣿⣿⣿⣿⣿⣿⣿⣿⣿⣶⣤⡀⠀⠀⠀⠀⠀⠀⠀⠀⠀⠀⠀⠀ ⠀⠀⠀⠀⠀⠀⠀⠀⠀⠀⣠⣾⣿⣿⣿⣿⣿⣿⣿⣿⣿⣿⣿⣿⣿⣿⣿⣿⣿⣿⣿⣿⣿⣿⣿⣿⣿⣿⡄⠀⠀⠀⠀⠀⠀⠀⠀⠀⠀⠀ ⠀⠀⠀⠀⠀⠀⠀⠀⢀⣼⣿⣿⣿⣿⣿⣿⣿⣿⣿⣿⣿⣿⣿⣿⣿⣿⣿⣿⣿⣿⣿⣿⣿⣿⣿⣿⣿⣿⡿⡀⠀⠀⠀⠀⠀⠀⠀⠀⠀⠀ ⠀⠀⠀⠀⠀⠀⠀⢀⣿⣿⣿⣿⣿⣿⣿⣿⣿⣿⣿⣿⣿⣿⣿⣿⣿⣿⣿⣿⣿⣿⣿⣿⣿⣿⣿⣿⣿⣿⣿⣿⣷⡀⠀⠀⠀⠀⠀⠀⠀⠀ ⠀⠀⠀⠀⠀⠀⠀⣾⣿⣿⣿⣿⣿⣿⣿⣿⣿⣿⣿⣿⣿⠿⠛⠛⠿⠿⣿⡿⠟⠛⠻⠿⠿⠿⢿⣿⣿⣿⣿⣿⣿⣿⡆⠀⠀⠀⠀⠀⠀⠀ ⠀⠀⠀⠀⠀⠀⢸⣿⣿⣿⣿⣿⣿⣿⣿⣿⣿⣿⡟⠉⠀⠀⠀⠀⠀⠀⠀⠀⠀⠀⠀⠀⠀⠀⠀⠀⠉⠈⢿⣿⣿⣿⣿⠀⠀⠀⠀⠀⠀⠀ ⠀⠀⠀⠀⠀⠀⣿⣿⣿⣿⣿⣿⣿⣿⣿⣿⣿⡿⠁⠀⠀⠀⠀⠀⠀⠀⠀⠀⠀⠀⠀⠀⠀⠀⠀⠀⠀⠀⠘⣿⣿⣿⣿⡇⠀⠀⠀⠀⠀⠀ ⠀⠀⠀⠀⠀⠀⣿⣿⣿⣿⣿⣿⣿⣿⣿⣿⣿⣶⡆⠀⠀⠀⠀⠀⠀⠀⠀⠀⠀⠀⠀⠀⠀⠀⠀⠀⠀⠀⠀⢻⣿⣿⣿⣇⠀⠀⠀⠀⠀⠀ ⠀⠀⠀⠀⠀⠀⣿⣿⣿⣿⣿⣿⣿⣿⣿⣿⣿⣗⣠⠀⠀⠀⠀⠀⠀⠀⠀⠀⠀⠀⠀⠀⠀⠀⠀⠀⠀⠀⠀⢸⣿⣿⣿⣿⠀⠀⠀⠀⠀⠀ ⠀⠀⠀⠀⠀⠀⣿⣿⣿⣿⣿⣿⣿⣿⣿⣿⣿⣿⣿⠿⣷⣶⣦⣄⠀⠀⠀⠀⠀⠀⠀⠀⣀⡀⠀⠀⠀⠀⠀⠈⣿⣿⣿⡏⠀⠀⠀⠀⠀⠀ ⠀⠀⠀⠀⠀⢸⠟⣿⣿⣿⣿⣿⣿⣿⣿⣿⣿⡏⠀⠀⠀⠈⠙⢿⡆⠀⠀⠀⠀⠀⠀⠀⠉⠉⠀⠀⠀⠀⠀⠀⢸⣿⣿⠃⠀⠀⠀⠀⠀⠀ ⠀⠀⠀⠀⠀⠸⣲⣿⢿⣿⣿⣿⣿⣿⣿⣿⣿⣿⣶⣶⣶⢶⣄⢸⣿⡄⠀⠀⠀⢠⣴⣶⣶⣦⣄⡀⠀⠀⠀⠀⠀⣿⡏⠀⠀⠀⠀⠀⠀⠀ ⠀⠀⠀⠀⠀⢠⡏⠀⠘⣿⣿⣿⣿⣿⣿⡿⠻⠿⠄⠀⠀⠀⠀⠸⣿⡇⠀⠀⠀⠀⠙⠉⠉⠉⠉⠉⠀⠀⠀⠀⠀⡏⠀⠀⠀⠀⠀⠀⠀⠀ ⠀⠀⠀⠀⠀⠸⡧⣧⠀⣿⣿⣿⣿⣿⣿⠀⠀⠀⠀⠀⠀⠀⠀⠘⢿⡇⠀⠀⠀⠀⠀⠀⠀⠀⠀⠀⠀⠀⠀⠀⠀⠀⠀⠀⠀⠀⠀⠀⠀⠀ ⠀⠀⠀⠀⠀⠀⣼⡟⢿⣿⣿⣿⣿⣿⡷⠀⠀⠀⠀⠀⠀⠀⢀⢀⣼⠃⠀⠀⠀⠀⠀⠀⠀⠀⠀⠀⠀⠀⠀⠀⠀⠀⠀⠀⠀⠀⠀⠀⠀⠀ ⠀⠀⠀⠀⠀⠀⠃⣸⣿⣿⣿⣿⣿⣿⣿⡀⠀⠀⠀⠀⠀⣴⡏⠙⠛⠀⠀⠀⠀⠀⠀⠠⡀⠀⠀⠀⠀⠀⠀⠀⠀⠀⠀⠀⠀⠀⠀⠀⠀⠀ ⠀⠀⠀⠀⠀⠀⠀⠙⣿⣿⣿⣿⣿⣿⣿⣇⠀⠀⠀⠀⠈⠙⢷⣶⠴⢦⣀⣀⢀⣤⠤⠀⠻⣆⠀⠀⠀⠀⠀⠀⠀⠀⠀⠀⠀⠀⠀⠀⠀⠀ ⠀⠀⠀⠀⠀⠀⠀⠀⢻⣿⣿⣿⣿⣿⣿⣿⣷⢀⢀⣀⡀⠀⠀⠀⠀⠀⠉⠉⠀⠀⠀⠀⠀⠈⢣⠀⠀⠀⠀⠀⠀⠀⠀⠀⠀⠀⠀⠀⠀⠀ ⠀⠀⠀⠀⠀⠀⠀⠀⢸⣿⣿⣿⣿⣿⣿⣿⣿⣿⣿⣿⣿⣿⣧⣀⣀⣀⡀⠀⢀⠀⠀⠀⢀⣀⠀⠀⠀⠀⠀⠀⠀⠀⠀⠀⠀⠀⠀⠀⠀⠀ ⠀⠀⠀⠀⠀⠀⠀⠀⠘⣿⣿⣿⣿⣿⣿⣿⣿⣿⠛⢻⢿⢿⣿⣿⣿⠿⠿⠿⠛⠛⠋⠉⠉⠁⠀⠀⠀⠀⠀⠀⠀⠀⠀⠀⠀⠀⠀⠀⠀⠀ ⠀⠀⠀⠀⠀⠀⠀⠀⠀⣿⣿⣿⣿⣿⣿⣿⣿⣯⡀⠀⠀⠀⠀⠉⠉⢐⠀⠀⠀⠀⠀⠀⠀⠀⠀⠀⠀⠀⠀⠀⠀⠀⠀⠀⠀⠀⠀⠀⠀⠀ ⠀⠀⠀⠀⠀⠀⠀⢀⣾⢿⣿⣿⣿⣿⣿⣿⣿⣿⣧⠀⠀⠀⠀⠀⠀⠀⠀⠀⠀⠀⠀⠀⠀⠀⠀⠀⠀⠀⠀⠀⠀⠀⠀⠀⠀⠀⠀⠀⠀⠀ ⠀⠀⠀⠀⠀⠀⣠⣾⣿⡆⢻⣿⣿⣿⣿⣿⣿⣿⣿⣧⡀⠀⠀⠀⠀⠀⠀⠀⠀⠀⠀⠀⠀⠀⠀⠀⠀⠀⠀⠀⠀⠀⠀⠀⠀⠀⠀⠀⠀⠀ ⠀⠀⠀⢀⣤⣾⣿⣿⣿⣷⠀⠙⢿⠋⠙⢿⣿⣿⣿⣿⣿⣷⣤⣀⣀⠀⠀⠀⠀⠀⠀⠀⠀⠀⢠⣄⡀⠀⠀⠀⠀⠀⠀⠀⠀⠀⠀⠀⠀⠀ ⣀⣤⣾⣿⣿⣿⣿⣿⣿⣿⣇⠀⠈⠣⠀⠀⠙⢿⣿⣿⣿⣿⣿⣿⣿⣿⣿⣷⣿⠏⠁⠀⠀⠀⠈⣿⣿⣿⣶⣤⣀⠀⠀⠀⠀⠀⠀⠀⠀⠀ ⣿⣿⣿⣿⣿⣿⣿⣿⣿⣿⣿⡄⠀⠀⠀⠀⠀⠀⠈⠁⠀⠉⠛⠛⠻⠿⠿⠛⠉⠀⠀⠀⠀⠀⠀⣿⣿⣿⣿⣿⣿⣿⣶⣦⣄⡀⠀⠀⠀⠀
730,1,이 게임이 발로보다 구린 단 한가지가 탈주자 없으면 서렌 안되는거임
730,1,"Меня выебали 100, но я не сдался)"
730,1,똥손으로 처음 접하는 총쏘는 게임. 조작법이 간단해서 할만하다. 문제는 보이지 않는 누군가의 의해서 3초밖에 버틸수 없다는것 . 나는 총을 못쏴봤다.  역시 나는 싱글플레이어 힐링 게임이 좋다. 이 거지 같은 게임
730,1,군대간 사이에 짜장새끼들이 내 1130시간을 무로 만들었다 ㅅ발새끼들 ⣿⣿⣿⣿⣿⠟⠋⠄⠄⠄⠄⠄⠄⠄⢁⠈⢻⢿⣿⣿⣿⣿⣿⣿⣿ ⣿⣿⣿⣿⣿⠃⠄⠄⠄⠄⠄⠄⠄⠄⠄⠄⠄⠈⡀⠭⢿⣿⣿⣿⣿ ⣿⣿⣿⣿⡟⠄⢀⣾⣿⣿⣿⣷⣶⣿⣷⣶⣶⡆⠄⠄⠄⣿⣿⣿⣿ ⣿⣿⣿⣿⡇⢀⣼⣿⣿⣿⣿⣿⣿⣿⣿⣿⣿⣧⠄⠄⢸⣿⣿⣿⣿ ⣿⣿⣿⣿⣇⣼⣿⣿⠿⠶⠙⣿⡟⠡⣴⣿⣽⣿⣧⠄⢸⣿⣿⣿⣿ ⣿⣿⣿⣿⣿⣾⣿⣿⣟⣭⣾⣿⣷⣶⣶⣴⣶⣿⣿⢄⣿⣿⣿⣿⣿ ⣿⣿⣿⣿⣿⣿⣿⣿⡟⣩⣿⣿⣿⡏⢻⣿⣿⣿⣿⣿⣿⣿⣿⣿⣿ ⣿⣿⣿⣿⣿⣿⣹⡋⠘⠷⣦⣀⣠⡶⠁⠈⠁⠄⣿⣿⣿⣿⣿⣿⣿ ⣿⣿⣿⣿⣿⣿⣍⠃⣴⣶⡔⠒⠄⣠⢀⠄⠄⠄⡨⣿⣿⣿⣿⣿⣿ ⣿⣿⣿⣿⣿⣿⣿⣦⡘⠿⣷⣿⠿⠟⠃⠄⠄⣠⡇⠈⠻⣿⣿⣿⣿ ⣿⣿⣿⣿⡿⠟⠋⢁⣷⣠⠄⠄⠄⠄⣀⣠⣾⡟⠄⠄⠄⠄⠉⠙⠻ ⡿⠟⠋⠁⠄⠄⠄⢸⣿⣿⡯⢓⣴⣾⣿⣿⡟⠄⠄⠄⠄⠄⠄⠄⠄ ⠄⠄⠄⠄⠄⠄⠄⣿⡟⣷⠄⠹⣿⣿⣿⡿⠁⠄⠄⠄⠄⠄⠄⠄⠄ ⠄⠄⠄⠄⠄⠄⣸⣿⡷⡇⠄⣴⣾⣿⣿⠃⠄⠄⠄⠄⠄⠄⠄⠄⠄ ⠄⠄⠄⠄⠄⠄⣿⣿⠃⣦⣄⣿⣿⣿⠇⠄⠄⠄⠄⠄⠄⠄⠄⠄⠄ ⠄⠄⠄⠄⠄⢸⣿⠗⢈⡶⣷⣿⣿⡏⠄⠄⠄⠄⠄⠄⠄⠄⠄⠄⠄
730,0,Tlqkf 훈련소 갔다 온 동안 해킹당해서 정지먹었는데 몇번이나 문의 넣어도 안풀어주더라 유도리 ㅈㄴ없네 러시아 ip던데 TLqkf
730,0,?  보통 2를 낸다고 하면 새로운게임을 따로 하나 만들지 않나? 기존게임에 덮어쓰기를 한다고 발상이 신기하네 비추천
730,0,DO NOT PLAY THIS DREADFUL GAME I WOULD RATHER JUMP OF A BRIDGE THAN TOUCH IT AGAIN :)
730,1,"FPS의 근본 게임이며, 재미는 뭐 말할 것 없고 맵 퀄리티도 상당함. 근데 Counter Strike 2 라고 야심차게 새로운 게임으로 출시할 정도로 바뀐건 없어요, 글로벌 오펜시브에 비해서."
730,1,En saa uutta tuotetta haltuuni --> CS2. En halua jatkossa asioida yrityksenne kanssa.
730,1,짱깨 러샤애들 입 막고 핵쟁이 쳐내면 세계최고의 근본 명작 FPS 게임
730,1,게임 플레이 스타일이 좀 달라짐 클래식에서 벗어나는 시도는 꽤 괜찮은듯 앞으로 운영만 잘되면 좋겠다 핵 좀 잡고
730,1,재밌습니다 저장공간만 있으면 무조건 하시고 프라임은 자기 실력에 따라 사세요
730,1,ben oynamak 400 saat sonuncunda anlamak csgo oyun iyi
730,1,맛있다 외국 향신료가 다량 첨가되어 있지만 총 쏘는 맛을 좋아하는 나로서는 맛있다
730,1,게임이 너무 고퀄이고 해체 폭발 이라는데 더 고퀄  개제밌다
730,1,robloxta bi oyun var o oyunda roblox
730,1,얘들아 좆로란트에서 헤드노린거 억까다 뭐다 하지마라 이게임이 진정한 억까에서 살아남기다.
730,1,沒有共産黨才有新中國 没有共产党才有新中国 méiyǒu gòngchǎndǎng cái yǒu xīn zhōngguó 공산당이 없어야 신 중국이 있다. 沒有共産黨才有新中國 没有共产党才有新中国 méiyǒu gòngchǎndǎng cái yǒu xīn zhōngguó 공산당이 없어야 신 중국이 있다. 共産黨(它)腐敗為自己 共产党(它)腐败为自己 gòngchǎndǎng (tā) fǔbài wèi zìjǐ 공산당 (것들)은 자신들을 위해 부패한다. 共産黨它一心賣中國 共产党它一心卖中国 gòngchǎndǎng tā yīxīn mài zhōngguó 공산당 것들은 한마음으로 중국을 팔아먹는다. 它指給了人民死亡的道路 它指给了人民死亡的道路 tā zhǐ gěi le rénmín sǐwáng de dàolù 인민에게 죽음의 길을 가리켰고 它領導中國走向黑暗 它领导中国走向黑暗 tā lǐngdǎo zhōngguó zǒuxiàng hēiàn 중국을 암흑으로 이끈다 它殺害了國人八千萬 它杀害了国人八千万 tā shāhài le guórén bāqiānwàn 팔천만 인민을 살해했고 它敗壞了人民道德 它败坏了人民道德 tā bàihuài le rénmín dàodé 인민의 도덕을 훼손했다. 它建設了流氓土匪窩 它建设了流氓土匪窝 tā jiànshè le liúmáng tǔfěi wō 깡패들의 소굴을 세웠고 它實行了獨裁壞處多 它实行了独裁坏处多 tā shíxíng le dúcái huàichù duō 독재 체제의 나쁜 점을 많이 실행했다 沒有共産黨才有新中國 没有共产党才有新中国 méiyǒu gòngchǎndǎng cái yǒu xīn zhōngguó 공산당이 없어야 신 중국이 있다. 沒有共産黨才有新中國 没有共产党才有新中国 méiyǒu gòngchǎndǎng cái yǒu xīn zhōngguó 공산당이 없어야 신 중국이 있다.
730,1,ㅋㅋㅋㅋㅋㅋㅋㅋㅋㅋㅋㅋㅋㅋㅋㅋㅋㅋㅋㅋㅋㅋㅋㅋㅋㅋㅋㅋㅋㅋㅋㅋㅋㅋㅋㅋㅋㅋㅋㅋㅋ
730,1,이유는 모르겠다만 경쟁전에서 한국말 할줄 아는 러시아인하고 매치가 잘 잡힘
730,1,https://steamcommunity.com/profiles/76561198113666193/inventory/#730_2_16782854947
730,1,당신이 성공한 인생을 살고싶다면 거들떠도 보면 안되는 게임!
730,1,최고의 총겜이긴한데 너무 어려움  내가 쏘면 다 빚나감 상대가 쏘면 다 해드샷
730,1,1000 시간 이상 할 정도로 재밌는 게임입니다. 국내에서는 다소 유명하지 않은 것 같은데 제가 가장 좋아하는 게임입니다.
730,0,핵이 더럽게 많으며 뉴비라고는 찾아볼수 없으니 가급적 안하는걸 추천함
730,1,"괜히 오랫동안 많은 사람들이 즐기는 게 아니다. FPS의 근본 CS, 에임이 어느 정도 되는 사람이라면 재밌게 즐길만 합니다.  어떤 행동을 하더라도 대부분의 행동에서 소리가 나기 때문에 사플도 많이 중요하고 상대가 압도적으로 잘 해서 보는 족족 머리를 따여도 버틸 수 있는 튼튼한 멘탈도 필요합니다.  최근에 프리미어만 해서 경쟁은 잘 모르겠지만 캐주얼은 사람 많은 특정 시간대를 제외하면 유저가 없어서 봇들이랑 놀거나 중국 작업장이랑 매칭 잡혀서 강퇴당하는 불쾌한 경험도 할 수 있으니 주의가 필요합니다.  경쟁 여러번 해보시고 너무 재밌다 하시면 프라임 결제하세요. 매주 수요일 마다 초기화되는 레벨업 보상이 있어서 이걸 팔면 약간 돈을 벌 수도 있습니다."
730,1,https://steamcommunity.com/id/donkgojo/inventory/#730_2_41640713724 https://steamcommunity.com/id/b1t333/inventory/#730_2_38824393609 https://steamcommunity.com/profiles/76561198023592320/inventory/#730_2_13592133217
730,1,"Узбеки в этой игре- это отдельный мем.Не советую с ними играть.А так, игру советую.Поляки топ"
730,1,"핵 안막아서 프라임 사게 만드려는게 학계의 정설, 하지만 프라임 사도 많다는게 함정. 우리 왼쪽에 빨간색 나라랑 우리 위쪽 쭉가면 불곰나라가 매칭되는 팀원의 99%인 게임,"
730,1,"지독하게 가난했던 어린 시절. 나는 10살 때 상도동으로 이사하는 바람에 친구는 한 명도 없었다. 심각하게 내성적인 성격으로 친구 사귀기를 힘들어했던 어느 날... 밀리터리 덕후 친구를 만나게 되었고, 그렇게 카운터 스트라이크 1.6을 접하게 되었다. 친구따라 볼록 모니터에 사양이 좋지 않았던 피시방을 밥먹듯 놀러 다녔고, 당시 친구는 PC방 대회에 나갈 정도로 FPS 게임에 신동이었다. 그 당시 20대 형들과 아저씨들은 10살짜리 꼬마가 휘두르는 AK를 보고 감탄했던 기억이 떠오른다. 나에게 소중한 추억이자 가장 완벽한 게임, 카운터 스트라이크였다."
730,1,https://steamcommunity.com/id/FMPONE/inventory/#730_2_38467376667 https://steamcommunity.com/id/ITFYTD/inventory/#730_2_4168219487 https://steamcommunity.com/profiles/76561198197530105/inventory/#730_2_37185877866  ♥
730,0,"Россияне, китайцы, испортили эту игру."
730,1,재미있는데 핵이 많긴함 근데 핵 있으면 다른 그룹 가면됨
730,1,실버부터 글엘까지 한 매치에서 볼수있는 미쳐버린 매칭 시스템
730,1,"- PC room I'm wearing dirty clothes to the PC room on purpose.  And when I turned on the GLOB, the background music of the game sounded so grand  Everyone around me looks at me  ""Isn't that Global Opportunity?""  ""Pfft, you're playing such a difficult game with such a poor outfit.""  ""You're obviously a Newbie, but you're a beginner trying to taste the Seoul server after hearing rumors.""  I don't care if the person next to me watches it or not  Take out a USP and grab it  If you have a cigarette on the main screen  People around me gathered around me  ""Wow, you're crazy. You're a global elite.""  ""Oh, my...""""Is it real?"" ""No. Isn't it the best thing in my area?"" Heejun said last time that he can't go to ""Glass.""  ""What is this person doing that you were humbly not saying anything even though you had this skill?'  I don't know how to talk like this much  There. My seat.'  If you say this, the spectators will  ""Sorry...""I'm sorry  ""Hey!"" 'Stop taking pictures and hurry up and move away! What are you doing  Then I'll go to a high school girl who's taking a picture of her face with a camera  'Pictures. difficulty.'  Please say something and sit down again  I watch CS:GO videos on YouTube  ""This is how much money you have""  When I was saying something  A female part-timer at a PC room (Cool Beauty, known for being the prettiest in the neighborhood, with a body level of S)  ""It's free.""  He gave me a cup of coffee and there was a post-it under the cup  ""Do you want to play Battleground with us?"" , , 010-XXXX-XXXX'    [Laughing] [Laughing] [Laughing] [Laughing]!!! Laughing...Lol... Lol...      -Lunar New Year -  I had a fight with my family while playing Cass in Lunar New Year...  ""What's that humble old game?""  I was watching TV with my damn family.. I heard a disgusting word that I couldn't let go of.  ""Oh, was it a cheap Nexon game with zombies?""  ""Well, they'll be caught up by Valorant in a few months.""  Hey...  ""Really, they make it up. They're all the same shooting game.""  Knock it off.  ""What? Major? Hey, the only thing a major can do is baseball! Hahahaha!"" ""E-sports?"" Sitting on the computer is a sport! ""Hey!""  Strain- I did it...  ""Haha! That's amazing!""  What?  ""Ha ha! We lost! This was a super big game! Let's be legends again and dominate the FPS game world, hey!"" ""My heart for LUCAS was delivered!"" ""I want to buy the M9 Sapphire from Invent!""  All of a sudden, the atmosphere became friendly -_-;  For the rest of the time, we continued to discuss and revise the contents by reading Namuwiki's text.  (They were fighting about who is better at playing the game between device and simple in Namuwiki GOAT, but as I kept revising simple to GOAT, the fans of device players are coordinating and reporting it. Thanks to this, I was blocked by IP. I think my sister [16 years old, beautiful girl of grade S in Tokyo, looking into her agency, ranking AK 1] is the culprit. It was so cute that I couldn't help but move on.)  This Lunar New Year It might be quite enjoyable."
730,1,"게임을 설치하는 것은 무료이지만, 경쟁또는 티어 등등 이런 것을 하려면 프라임 계정을 사야합니다, 캐주얼 모드는 무료로 할 수 있는데, 생각보다 재밌고 발로란트랑 비슷합니다, 하지만 핵이 조금 있어요, 충분히 프라임 계정을 살 만큼에 가치가 있다고 생각합니다"
730,1,⣿⣿⣿⣿⣿⠟⠋⠄⠄⠄⠄⠄⠄⠄⢁⠈⢻⢿⣿⣿⣿⣿⣿⣿⣿ ⣿⣿⣿⣿⣿⠃⠄⠄⠄⠄⠄⠄⠄⠄⠄⠄⠄⠈⡀⠭⢿⣿⣿⣿⣿ ⣿⣿⣿⣿⡟⠄⢀⣾⣿⣿⣿⣷⣶⣿⣷⣶⣶⡆⠄⠄⠄⣿⣿⣿⣿ ⣿⣿⣿⣿⡇⢀⣼⣿⣿⣿⣿⣿⣿⣿⣿⣿⣿⣧⠄⠄⢸⣿⣿⣿⣿ ⣿⣿⣿⣿⣇⣼⣿⣿⠿⠶⠙⣿⡟⠡⣴⣿⣽⣿⣧⠄⢸⣿⣿⣿⣿ ⣿⣿⣿⣿⣿⣾⣿⣿⣟⣭⣾⣿⣷⣶⣶⣴⣶⣿⣿⢄⣿⣿⣿⣿⣿ ⣿⣿⣿⣿⣿⣿⣿⣿⡟⣩⣿⣿⣿⡏⢻⣿⣿⣿⣿⣿⣿⣿⣿⣿⣿ ⣿⣿⣿⣿⣿⣿⣹⡋⠘⠷⣦⣀⣠⡶⠁⠈⠁⠄⣿⣿⣿⣿⣿⣿⣿ ⣿⣿⣿⣿⣿⣿⣍⠃⣴⣶⡔⠒⠄⣠⢀⠄⠄⠄⡨⣿⣿⣿⣿⣿⣿ ⣿⣿⣿⣿⣿⣿⣿⣦⡘⠿⣷⣿⠿⠟⠃⠄⠄⣠⡇⠈⠻⣿⣿⣿⣿ ⣿⣿⣿⣿⡿⠟⠋⢁⣷⣠⠄⠄⠄⠄⣀⣠⣾⡟⠄⠄⠄⠄⠉⠙⠻ ⡿⠟⠋⠁⠄⠄⠄⢸⣿⣿⡯⢓⣴⣾⣿⣿⡟⠄⠄⠄⠄⠄⠄⠄⠄ ⠄⠄⠄⠄⠄⠄⠄⣿⡟⣷⠄⠹⣿⣿⣿⡿⠁⠄⠄⠄⠄⠄⠄⠄⠄ ⣿⣿⣿⣿⣻⣿⣿⣿⣿⣿⣿⣿⣿⣿⣿⣿⣿⣿⣿⣿⣿⣿⣿⣿ ⣿⣿⣿⣵⣿⣿⣿⠿⡟⣛⣧⣿⣯⣿⣝⡻⢿⣿⣿⣿⣿⣿⣿⣿ ⣿⣿⣿⣿⣿⠋⠁⣴⣶⣿⣿⣿⣿⣿⣿⣿⣦⣍⢿⣿⣿⣿⣿⣿ ⣿⣿⣿⣿⢷⠄⣾⣿⣿⣿⣿⣿⣿⣿⣿⣿⣿⣿⣏⢼⣿⣿⣿⣿ ⢹⣿⣿⢻⠎⠔⣛⣿⣿⣿⣿⣿⣿⣿⣿⣿⣿⣿⣿⡏⣿⣿⣿⣿ ⢸⣿⣿⠇⡶⠄⣿⣿⠿⠟⡛⠛⠻⣿⡿⠿⠿⣿⣗⢣⣿⣿⣿⣿ ⠐⣿⣿⡿⣷⣾⣿⣿⣿⣾⣶⣶⣶⣿⣁⣔⣤⣀⣼⢲⣿⣿⣿⣿ ⠄⣿⣿⣿⣿⣾⣟⣿⣿⣿⣿⣿⣿⣿⡿⣿⣿⣿⢟⣾⣿⣿⣿⣿ ⠄⣟⣿⣿⣿⡷⣿⣿⣿⣿⣿⣮⣽⠛⢻⣽⣿⡇⣾⣿⣿⣿⣿⣿ ⠄⢻⣿⣿⣿⡷⠻⢻⡻⣯⣝⢿⣟⣛⣛⣛⠝⢻⣿⣿⣿⣿⣿⣿ ⠄⠸⣿⣿⡟⣹⣦⠄⠋⠻⢿⣶⣶⣶⡾⠃⡂⢾⣿⣿⣿⣿⣿⣿ ⠄⠄⠟⠋⠄⢻⣿⣧⣲⡀⡀⠄⠉⠱⣠⣾⡇⠄⠉⠛⢿⣿⣿⣿ ⠄⠄⠄⠄⠄⠈⣿⣿⣿⣷⣿⣿⢾⣾⣿⣿⣇⠄⠄⠄⠄⠄⠉⠉ ⠄⠄⠄⠄⠄⠄⠸⣿⣿⠟⠃⠄⠄⢈⣻⣿⣿⠄⠄⠄⠄⠄⠄⠄ ⠄⠄⠄⠄⠄⠄⠄⢿⣿⣾⣷⡄⠄⢾⣿⣿⣿⡄⠄⠄⠄⠄⠄⠄ ⠄⠄⠄⠄⠄⠄⠄⠸⣿⣿⣿⠃⠄⠈⢿⣿⣿⠄⠄⠄⠄⠄⠄⠄
730,1,걍 쌉 레전드임. 솔직히 기대 안하고 그냥 심심해서 깔았는데 생각보다 재밌어서 지금 이것만 계속 플레이중. 존나 쩔음. 걍 FPS 뭐할지지 고민중인 사람들은 걍 이거 하셈.
730,1,망겜                                   긍까 니들도 해라
730,1,north korea sim goews hard!!!!
730,1,요즘은 이겜 모르는 애들이 많은데 발로란트 조상격 게임 발로란트 처럼 스킬이 없어도 변수들이 많아서 재미있다
730,1,kidayt po rangam naxuy pojaluysta zayebali meenya so svoimi novami
730,1,"카스는 스팀 시작하면서 알고 있던 게임이긴 하지만 당시엔 안 했다. 하지만 최근 발로란트가 유명해지면서 자연스럽게 발로를 해봤다. 이게 무슨! 게임이 너무 똑같다. 발로의 유행에 배가 아팠다. 그래서 카스를 시작했다. 어머나 세상에... 카스를 하면 할 수록 카스는 완벽했다. 게임의 토대, 총기의 밸런스, 투척 무기들의 다양한 기능, 맵 종류, 재미, 사운드, 세세한 디테일, 맵에 따른 캐릭터 스킨, 모드, 핵, 유저 등 모든 것이 카스였다.   반면 느그집 유사 카스 짝퉁 게임은 이해할 수 없는 맵 구조, 이상한 우클릭 기능, 구별하기 힘든 스킬 및 밸런스, 캐릭터에 따른 유불리...... 하지만 발로가 더 인기있다. 여름이었다."
578080,1,스팀 아이디 해킹 당했을 때 중국인 때문에 게임 정지 먹음 ㅋㅋㅋ
578080,1,딱 현질할만한거 연막 / 원하는 총/가방 스킨 이정도가 끝 나머진 그냥 하면 됨 뉴진스 뽑고 람보뽑고했는데 돈 ㅈㄴ깨져서 그냥 필요한거만 산단 마인드로 하고 걍 하는게 나음 핵 아직도 많긴한데 사람도 많긴해서 친구들이랑 하면 재밌기는함
578080,0,불법프로그램을 사용한 적이 없는데 100년정지 먹었어요
578080,1,"시작한지 얼마 안 되었지만, 재밌어요... 다만 AS서버랑 KRJP서버 합친거는 진짜 별로임..."
578080,0,이 씨발 잘하면 무고밴 못하면 냅두는 개 짱개 짜장면집 게임 중국인 신고만 느그들 신고냐?여러분들은 시간 날리지 마시죠 혼자 열심히해서 치킨 먹으려 해도 밴당합니다~
578080,1,컴퓨터 사면 그냥 무조건 해야하는 게임 긴말 안하겠습니다
578080,0,"ㅅㅂ 24시간 무고밴좀 그만 때려라 계정 새로 만들어서 해도 계속 무고밴이네"
578080,1,재미짐 요즘 핵도 잘 잡는듯 경쟁은 안해봐서 모르겠지마는
578080,0,솔직히 다른 FPS 게임도 많은데 굳이 이게임에 흥미는 굳이 크게 없을듯 그것도다 더욱 심한거 핵쟁이들이 판을 치고 돌아다닌다는거 그러니 배린이 분들도 하다가 어디서 총을 쏜건지도 알아가는 시간도 없이 바로 그자리에서 죽어버려서 나가는버리는 경우가 허다하다는것 그리고 고인물도 많고 하니 치킨 먹기가 빡세다
578080,1,얼엑때부터 정말 재미있게 즐긴 게임 PC방 사양의 기준이 될 정도로 유행했던 국민게임 핵 만나면 화나지만 다시 누르게 되는 게임 다인큐가 훨씬 재밌고 솔큐는 엄
578080,1,배린이스쿼드 들어갔다가 님은 진짜 배린이시네요 듣고 마상입음
578080,1,지금은 많이 어렵지만 생존게임에 대한 김장감이 있고 안하고 있다 보면 생각 나는 게임입니다.
578080,0,게임 하다가 8위에서 보급 먹고 기다리고 있었는데 충돌 이 난리 치면서 나가짐 아니 사람한테 죽었으면 인정을 하겠는데 아무것도 안하고 튕겨서 자기장에 뒤진건 뭔 망겜이길래 이러는데 추천을 하겠냐
578080,0,이유 없이 무고밴을 하더니 문의를 해도 풀어주지도 않고 참 사람 당황스럽게 함. 핵을 쓰지도 않고 개못해서 의심의 여지가 없는데 영구밴처리는 너무하잖아....
578080,0,개 병신 같은 프로그램 수준 한것도 없는데 왜 영정을 떄려 씨발
578080,0,시발 중국 짱깨 애미뒤진 저능아 핵쟁이들이 존~~~~~~~~~~~~~나 많음
578080,1,장점 친구들과 같이하면 재밌다 그리고 또 재밌다 핵만 없으면 진짜 최고의 게임이다
578080,1,"정말 최고의 게임        은 아니고"
578080,1,아니 계정해킹되서 정지당한건 풀어줘야지 않소? 핵 보다 해킹이 더 문제임
578080,1,아주 재미있습니다 정말로 꼭하세요 반드시 하세요  정말재미있어요
578080,0,"Unknown crash.  Our engineers will look into this problem. 이 지랄로 작작 튕겨라"
578080,0,개 씨발련들이 계단에 처 끼는 ㅈ버그좀 고ㅠ쳐라 애ㅔ미 뒤졌냐ㅐ ㅆ발련들이 일겜이면 걍 나가겠는데 경쟁에서도 이지랄이면 어쩌자는거냐 ㅆ발 이거 보면 내 점수 돌려내라 ㅆ발련들아
578080,1,이런류의 fps게임은 배그밖에 없어요 처음하면 어렵긴한데 하다보면 재미를 찾을수 있어요 무조건 하세요 개재미있음
578080,1,뉴비들만 많이 배그로 유입된다면 너무 재밌는 게임! 질리지도 않고 시간이 녹는다.
578080,0,못 하는 사람은 암걸리는 게임 개 같은거 배그 왜 함? 그럴바엔 디맥 이지투 플라티나 랩 블루아카나 하지
578080,1,배그 배틀로얄 게임 선구자 최고의 게임 자랑스러운 국산게임 강추
578080,1,"역시 fps계의 국밥 같은 존재임 솔직히 이게임을 뛰어넘는 총게임은 없을 듯..."
578080,1,"적이 안보여요  적이 안보여서 TOP10에 간적이 많아요 재밌음"
578080,1,이 게임은 떠나도 다시 돌아오는 게임입니다. 경고합니다 발을 들이면 나가기 쉽지 않아요.
578080,1,게임에 요소들이 너무 많아 여러전략적인 플레이가 가능합니다.
578080,1,...................................................................................
578080,1,"너무 재미뜸, mui vien, great game, hao, sugoiii"
578080,0,1시간 동안 업데이트 했는데 개 씨@발 삭제하고 다시 깔라네
578080,0,이 ㅈ같은게임은 왜 플레이를 여러번 눌러서 시작해야함?시ㅡ발꺼
578080,0,"제 잘못도 아닌데 해킹 당한것도 억울한데 안풀어줌 사용한 돈이 얼마인데 스킨뽑으려고 돈도 많이 섰는데 그냥 말이 안됨. ip 추적하면 뻔히 다 나오는데 그냥 해킹당한 아이디로 중국 놈들이 핵쓴걸 나보고 어떻게 막으라고 하는건지, 2차 보안도 뚫린게 내 잘못이라네요.. 어이가 없어서 그냥. 돈내고 산 내 자신이 너무 후회됨 진심으로 왜. 나같은 피해자만 돈도 잃고 계정도 잃어버리는지 이해를 할수가 없음. 이러고는 배그 유명한사람들은 해킹당하면 바로 복구해 주겠죠.. 에휴.."
578080,1,긴장감 넘치다 어렵다 하지만 1등하면 짜릿하다 재미지다 랜쿼드하면 개새끼들이 많다
578080,0,해킹좀 막아봐요 왜 내가 정지를 먹어야해요 씨발롬ㄷㄹㅇ러ㅏㅣ;란오 ㅠㅏㅣ너ㅕㄹ오ㅔ사ㅜ류ㅗㅡ'
578080,0,이 게임이 망한다면 핵새끼들때문일거다 ㅆ 솔로 돌리면 핵쓰는 놈이 더 많은거같아
578080,1,피방오면 할 게임이 롤이랑 배그밖에 없어서 걍 ㅈ같음 게임 존나 잘 만들긴함 제작자 파이팅 !!
578080,0,"개 시발 애미없는 판정에 차타고 컨트롤2, 3, 4 연타해도 바로바로 안바뀌는건 기본, 뭐만하면 차 ㅈㄴ 미끄러지는 ㅈ 같은 게임 제발 에이펙스 레전드 보고 배울건 배워라 시발럼들아"
578080,1,매우 재미있다 창의적으로 새로운 플레이를 개척하면서 끊임없는 재미를 느낄수있다
578080,0,버그로 자꾸 튕기는 최악의 게임이지만 너 없이는 이제 살 수 없어
578080,0,배그 핵 갑자기 많아짐 부정프로그램 사용자 많음 게임을 할맛이 하나도 없어짐 의상도 전부 중국풍에 중국기업임?중국이랑 서버를 왜 합침 ?
578080,1,"같이 스쿼드하는 친구가 있는데요 개 좆같이 못합니다. 정xx 황xx 이xx개 좃같이못해요 근데도 재밌다 동의? 보근~ 근데왜 무료됏노 빡치노"
578080,0,핵못잡고 해킹당해도 운영상 그대로 유지되어야해서 조치를 못하는등의 게임을 어떻게 추천하나요 저도 정내미 떨어져서 이제 그만 할랍니다
578080,1,인생 게임 하지만 중국인들 핵은 막지 못하고있는 실정...
578080,1,"게임은 너무 재밋고 최적화도 잘되어있어서 대 만족해요  그러나 , 불법 프로그램이 판을 쳐서 흥미를 잃어가고있습니다 ... ㅠㅠ"
578080,1,아니 도대체 어디서 쏘는거야 진짜 모르겠는데 억울해 죽겠네 하
578080,0,이거 너무 애매해요 재미는 있는데 오류가 해결하기 조금 힘듦
578080,0,"봇은 배린이가 잡고 배린이는 고인물이 잡고 고인물은 핵이 잡음 이 무슨 개탄스러운 게임임"
578080,0,"fps인데 뭔 핵쟁이들만 긎득그득그득그득 해여 게임은 참 잘 만들었는데 핵이 너무너누머눔 많고 안잡아서 킹받음여 하지마"
578080,1,이런 재밌는게임을 안하면 후회함 하지만 스킨은 너무 비싼데 쳥롱베릴 가지고싶다.
578080,1,ㅗㅗㅗㅗㅗㅗㅗㅗㅗㅗㅗㅗㅗㅗㅗㅗㅗㅗㅗㅗㅗㅗㅗㅗㅗㅗㅗㅗㅗㅗㅗㅗㅗㅗㅗㅗㅗㅗㅗㅗㅗㅗㅗㅗㅗㅗㅗㅗㅗㅗㅗㅗㅗㅗㅗㅗㅗㅗㅗㅗㅗㅗㅗㅗㅗㅗㅗㅗㅗㅗㅗㅗㅗㅗㅗㅗㅗㅗㅗㅗㅗㅗㅗㅗㅗㅗㅗㅗㅗㅗㅗㅗㅗㅗㅗㅗㅗㅗㅗㅗㅗㅗㅗㅗㅗㅗㅗㅗㅗㅗㅗㅗㅗㅗㅗㅗㅗㅗㅗㅗㅗㅗㅗㅗㅗㅗㅗㅗㅗㅗㅗㅗㅗㅗㅗㅗㅗㅗㅗㅗㅗㅗㅗㅗㅗㅗㅗ
578080,0,"핵이 많음 듀랭 없어서 듀쿼드 2ㄷ4 강제 갱뱅당해야함"
578080,0,"씨발아 핵이 존나 판치는데 누가 하고 싶냐? 개같은 새끼들아 2만원 돈주고 샀는데 니기미 씨발 2년이 넘었는데 핵새끼들 해결은 커녕 니기미 씨발 그대로다 정신차려라 썅년들아 누가 추천을 해 썅년들아"
578080,0,컴퓨터 좋은사람이 아니라면 이 게임을 절대 하지마세요.  최적화는 제대로 이루어지지않아 렉만 엄청 걸리고 옛날엔 잘 돌아갈수있던 사양이 현재되어선 감당이 되지않는게 말이 되는 경우입니까?  그리고 정말 이 게임이 이상한게 뭘 눌렀다고 게임이 이유없이 튕겨지고 이후 접속하면 렉은 더욱 심하게 걸리는게 말이됩니까?  게임을 하지말란겁니까
578080,0,이 개같은 것들아 겜 로딩 중에 alt + tab 하면 컴터 자체에 렉 걸리는 문제가 출시 때부터 있던 문제를 아직도 안 고쳐. 이것때문에 겜 접는다. 오랜만에 업뎃 잘되었다고 해서 왔는데 또 같은 렉에 그대로 삭제한다.
578080,1,개 야르 아미르 아자르 구자르 퉁퉁퉁퉁 퉁 퉁 퉁 사후르
578080,0,아니 정지를 너무 제대로 확인 안하고 때림 무고하게 정지 먹는게 너무 많음
578080,1,돈 독오른 악귀들이 들어와서 게임을 망쳤다 그떄 그 감성은 사라지고 내년안에 탕탕특공대한테도 따일듯
578080,0,고인물 겜이라 뉴비는 설 자리가 없다 적당히 해라 망할
578080,1,너무 재미있다 님들도 꼭 해보세요 공포게임도 포함 되어 있음
578080,0,게임킬때마다 무한로딩 되는 버그를 현재도 여전히 방치 해놓았슴 그것뿐아니라 자잘한 2018년에 존재했던 버그가 현재 2025년까지 여전히 심심히 발견됨 버그문제를 방치해놓고 개선문제또한보일려는 의지는 없음
578080,1,"고등학생 때 한창 하다가 오랜만에 복귀했는데 여전히 재밌네요 예전보다 더 많은 요소들이 추가되고 맵도 다양해서 매 판 더욱 새롭습니다.  캐주얼모드의 추가, 업적 시스템 같은 것들이 게임을 풍부하게 해주는데 참 좋은 방향성인 것 같습니다!"
578080,1,내가 팀킬을했는데 그 친구가 진심으로 화를 낸다면 이 게임을 지워라
578080,1,"한국인이 게임을 잘하는 이유 : 대다수가 중국인인데 중국인 대다수가 핵쟁이임"
578080,1,솔직히 잘만들었는데 현질해야만 친구랑 일댈 뜰수있는게 개잼민이로써 살짝 아쉬움
578080,1,너무 고여버렸어 게임이... 비슷비슷한 사람끼리 매칭이 잡혔다는 가정하에 배틀로얄 게임 중에선 상당히 재밌는 편이라고 생각함 그래도 지금 입문하는건... 그닥 추천하지 않음...
578080,0,"존나 중국한테 관대한 회사임, 중국 시장 크다고, 중국새키들 핵쓰는거 그냥 인정해줌, 사장이 짱깨 새키인지 시벌 공산당 새키인지  짱깨 핵 게임임, 시벌 한국에도 핵 풀던가 개새캬, 중국새기들 핵 못잡으면 한국서버 만들던가 시벌 핵병신겜임,  한국에도 핵 만들어서 팔어!! 중국ㅇ은 핵사서 한다드만 시벌, 짱개회사 새키들아, 존나 빡쳐서 쓴다, [술취한건 비밀]"
578080,0,씨발 해킹당해서 어떤년이 게임중이길래 비밀번호까지 바꿧는데 이지랄 또 났는데 정지는 내가당하냐 씨발 ㅈ같은 게임
578080,1,지연이가 많이 보이는데 이건 배그 자체의 문제인가 아니면 내 데스크탑이 문제인가
578080,1,핵 준나리 많음 무슨 레벨이 30대인데  솔로만 돌리면 바로 핵피엔딩 제발 관리좀 똑바로 해라 그리고 내가 신고해서 핵 잡았으면 그 판은 핵한테 뒤진건데 보상도 없고 ㅈ망겜이 되가고 있다
578080,0,사녹 렉좀 어떻게 해봐 나중에 에란겔이랑 미라마도 부서지게 한다매
578080,1,this game so happy happy good job game
578080,1,"배그는 너무 재밌고요 레벨 올리기도 빡세지 않는 게임 인것 같아요 근데 좀 아쉬운점은 제가 연막 스킨을 얻고 싶은데 연막스킨이 안 나오점 이런거  빼고는 다 괜찮아요."
578080,1,돌이켜보면 친구와 함께하는게 즐거웠던 게임  내 20대 초반이 담겨있는 게임
578080,1,어? 왜 내 위치를 알지 어? 왜 헤드만 쏘지 어? 왜 쏘는데 왜 반동이 없지 어? 마우스가 왜 끊기지 어~ 또 핵이야 한잔해~
578080,1,개재미있다 오래하고싶지는 않다 사람들 많으면 재미있는데 다른사람들이 존나잘해서 가끔 재미가 없다 다른총기도 쓰고싶은데 성능차이가 뉴비도 느낄만큼 나서 겜 다양성이 많이 떨어진다
578080,1,"어떤 게임은, 준수한 게임성을 가지고도 게임 바깥의 일로 평가를 받게 된다.  배그가 딱 그 꼴이다.  시대를 풍미한 슈팅 배틀로얄의 상징이자, 게이머들의 역린이 어디에 있는지 여실히 보여주는 반면교사."
578080,1,다른 FPS 게임들 많이 해봤지만 배그가 제일 어려운 것 같다 친구들 또는 지인들과 하면 갓겜
578080,0,"핵 유저들 꽁꽁 숨어있다가 마지막 생존 2명 남았을때 본성 드러내고 1등 기회 날려버리는것들 없으면 다시 추천할게요.  일단은 아니네요."
578080,0,개씨부럴 짱꺠련들이 핵 ㅈㄴ 써서 겜을 못하겠다. 매판마다 핵 쳐 만나는데 일 안하냐? 핵 잡기가 어렵다해도 핵 키는 순간 불법 프로그램 감지 이딴 거 안뜸? 개병1신 짱꺠회사 일 ㅈ같이하네 서버 통합은 ㄹㅇ 왜 한거냐? 니들 편해질려고만 하고 유저들은 생각안하냐? ㅈ같아서 못하겠네 시1발 그리고 템 드랍률은 왜 ㅇㅈㄹ이냐? 집 한 채를 다 털었는데 총 하나가 안 나오는게 말이 되냐? 적 앞에만 총 주고 내 앞에는 아무것도 안주고 시1발거 일 처리 똑바로 해라 ㅉㅉ
578080,1,할만 함 뭐 할 게임 없을 때 하던가 근데 좀 열 받긴함 부트캠프가서 계속 살아남으면 하고 맨날 가서 뒤지기만 하면 다시 지우삼
578080,0,아니 짱깨가 털어서 정지먹었는데 왜 복구 안해줌? 이걸왜 내가 감당해야하는건지 모르겠네
578080,0,"운영 진짜 쓰레기같이함 배그에 돈안쓰는거 추천합니다.  돈써봣자 무고밴, 각종 버그 , 핵도 못잡고 그냥 개판임 스트레스만받음"
578080,1,혜안님 영상을 보고 해보고 싶다는 생각이 들어 해보았지만 처음에는 하기가 싫어지만 게속 하다보니 재미가 있고 실력이 조금식 늘어나는게 보여서 기분이 좋았다. 하지만 재미 있는 컨텐츠나 이벤트가 있었지만 좋았겠다. 예로 저번에 나왔던 좀비 모드를 리메이크해서 한번더 나왔스면 좋겠다
578080,1,억까 때문에 죽었다기 보단 내 실력 땜에 죽었다는게 느껴지는게 뭔가 좋음 발로 같은 게임은 그냥 거의 운빨만 좋으면 다 해먹는 게임이라 억까로 죽으면 빡침 내가 배그를 별로 안해서 그런가?
578080,1,한번 재미삼아 해봤는데 그새 1달을 이어서 했네요 너무 재밌음;
578080,0,제가 핵을 썼다구요? 뭐요? 아니 핵 쓸꺼면 이점수에 안있지 않았을까요?
578080,1,gooooooooooooooooooooooooooooooooooooooooooooooooooooooood
578080,1,........................................................................................................................................
578080,1,카배 스배합 1100시간유저입니다 그만좀튕기세요 야팔공포겜
578080,1,요새 핵이 없어서 재밌긴하나 무개념 외국인들이 너무 많네요~?
578080,1,다 좋은데 핵이 너무많아요 그리고 진입장벽이 상당히 높아요ㅠㅠ
578080,0,"가장 기본적인 실행이 제대로 되지 않음. 원래부터 안되던 거도 아니고, 잘 즐기던 겜이 보안프로그램이 제대로 실행이 안된다면서 고대로 팅겨버린다. 무결성검사부터 재설치등 별의 별 짓을 다했으나 소용없었음. 심지어 같이 듀오돌린 사람에게 스샷 받아보니 핵 유저마냥 추방시켰다는 메시지를 띄워버림. 이게 맞나 싶다."
578080,1,초보자들은 30분 동안 열심히 파밍하고 5초만에 털린다음 재밌다 하는 겜 근데 또 재미는 있음 ㅇㅇ
578080,1,fps 좋아하면 할만하지만 2017년도의 그 뽕맛은 아직 잊혀지지가 않음
578080,0,"스팀가드해놔도 해킹계속당하는걸 복구도안해주고 무조건안된다고만 함  망겜 망해라"
578080,0,운영도 중국에서 돈 마이 번다고 핵자체를 검열 안하는거 같은데 그럴거면 서버를 나누던가 드러워서 내가 안한다
578080,1,We don't have to spend money in this game!!!
578080,1,섬광 까던지면 발작할 거리에선 다들 일제사격해서 저기 적 한 놈 겨우 잡는데  막상 서로 긁으면서 시일~실쪼개다가 한놈 발끈해서 야차룰 뜨자고 도발하면 팀원끼리는 또 존나게 잘 담굼ㅋㅋㅋ
578080,1,"최근 일반전 기준으로 핵도 없어서 스쿼드로 1~2시간씩 매일 하면 정말 재미있게 할 수 있다. 다만, 최적화 문제나 프레임 드랍이 아직도 있는건 많이 아쉬운 부분이다. ★: 4 / 5"
578080,1,"인간과 사이보그(AIM BOT)의 전투를 할 수 있는 게임. 미래 전쟁에서 AI가 인간을 상대 할 경우 속수무책으로 당할 수 있단걸 느끼게 해준다."
578080,0,"뉴비는 게임의 절반을 알 수 없는 곳에서 날아온 총알에 맞아 죽는 걸 반복함 게임을 잘한다고 생각할 때 하면 좋아요 언제나 충분한 패배감을 안겨줍니다"
578080,1,"배틀그라운드 완성도 높은 게임, 스릴있는 게임, 현실적 요소를 고로 갖춘 게임 추천합니다."
578080,0,18 오랜만에 다시해볼라했더니 5판하는데 4판이 노빠구핵이네 핵도 한명이아니라 두팀세팀이 핵이고 8년동안 핵못잡은거 앞으로도 못잡겠지  와진짜 ㅈ같아서 도저히 못하겠다
578080,1,게임 자체만 놓고 보면 훌륭함 게임성도 뛰어난 게 맞음 근데 핵 유저가 많다는 게 아쉬울 따름
578080,0,아니씨발 ㅋㅋㅋㅋㅋㅋㅋㅋㅋㅋㅋㅋㅋ보안 지랄 자빠졌네 스팀가드 다 깔고 스팀로그인 무조건 폰으로 들어가게 해놨드만 갑자기 원스휴먼 중에 중복로그인 떳다하면서 곧 이어 배그 영정 맞은거 실화?? 마지막에 언제 한지도 기억이 가물가물한데 2017년에 돈주고 산게임을 지들이 해킹 확인 여부도 안해놓고 정지 갈기냐 펍지 씨발롬들아 돌려놔라 기분 나쁘니까
578080,1,역시 스팀.. 너무 재밌는 게임!! 항상 잘 이용하고 있습니다 너무 감사합니다!! ㅎㅎ
578080,1,솔로에서 겜하다가 갑자기 툭소리와 함께 쳐뒤지는것만 빼면 재밌음
578080,0,"If you are an AMD user, DO NOT PLAY THIS SHIT. It fucking crashed over 5 times per an hour."
578080,1,전략과 긴장감이 넘치는 배틀로얄! 실력과 운이 맞물리는 승부의 짜릿함이 일품입니다.
578080,1,핵쟁이들이 좀 있긴 하지만 신고하면 바로바로 처리해 줘서 ㄱㅊ하다고 생각함
578080,1,건강한 배그 생태계를 위하여 상대방을 존중한다는 의미로 언제나 로비로 나가기전 신고버튼을 눌러 상대에게 개잘핵을 표합시다. 그럼 5건중 3건의 임시정지 조치 메세지를 받을 수 있습니다. 다들 즐거운 배그하시길~
578080,1,재밌는데 중국인이랑 통합되서 팀킬하고 중국말로 욕하는 애들땜에 좀 그렇네요
578080,1,"내 생각에 이게임은 게임자체도 재밌지만 파밍을하며 이동을하며 전투를하며 친구들과 대화하는 그런 노가리가 재밌는거같다 이게임을 하면 고등학생떄 피시방에서 친구들과 라면을 먹던..  홍시,아티스트를 틀어놓고 운전을 했던.. 그떄가 생각이난다."
578080,1,A good video game. Perhaps a great game. possibly even an amazing game.
578080,1,"데이즈에서 하이즈로, 하이즈에서 배틀그라운드로.  배틀로얄 게임의 대중화의 문을 열었다고 생각하는 게임. 누구나 즐길수 있고, 게임의 캐주얼성과 깊이 둘다 있다고 생각하는 좋은게임 한국 최고의 글로벌 아웃풋 게임"
578080,1,좋다!!!!!!!!!!!!!!!!!!!!!!!!!!!!
578080,1,배그는 정말 젊은시절에 재밌게 했던 작품... 그런데 이거 나 돈주고 샀었던거 같은데 무료네? ㅠㅠ
578080,1,재미의 고점이 높진 않지만 재미의 저점이 매우 높은 안정적인 게임
578080,1,무고벤을 하는 시스템은 매우 훌륭하지 아니하지만 신고자를 우대해주는 시스템과 이를 판별도 못하면서 멋대로 이유도 안알려주고 무작정 24시간 벤을 때리는 시스템은 가히 훌륭하지 못합니다.
578080,1,개 아잰데 가끔 저녁에 한판 할라하면 어디서 쐈는지 모르게 쳐뒤지는데 걍 돈받고 ai모드 가능하게 하면 어떰?
578080,1,"이 게임을 할땐 고등학생이였는데, 지금은 어엿한 직장을 다니는 반오십 청년이 되어있네요.  추억을 가지게해준 게임, 만들어주셔서 감사합니다."
578080,1,아 존나 고인물 많아요 배린이 힘드렁 ㅜㅜㅜㅜㅜㅜㅜㅜㅜㅜ
578080,1,"친구들이랑 하기 좋은 게임! 수다 떨 땐 존버하고, 좀 즐기고 싶을 땐 돌격하고~"
578080,0,접속을 2번인가 3번 하고 안했는데 짱깨가 플레이하고 핵쓰고 정지먹고 다했는데  정지는 내가당함 그럴수있지 근데 왜 안풀어줌????핵쟁이잡는거 운영진이해야지 왜 책임을 관리도 못하는 게임 구매한 사람에게 책임을 전가하지>?? 짱깨한테 해킹장해서 빡쳐서 시진핑딸래미 사진도걸어놨는데 풀어주슈 좋게말할때
578080,1,판처파우스트는 대전차로 쓰라고 만든 무기인데 이거를 갖다가 얼마나 스폰률이 허벌창이면 허구언날 사람한테 쏴대는게 일상인가요 ?   대도시 내리면 10판중에 3~4판은 판처 맞고 죽어요. 좀 살려주세요.   그리고 다이아 ~ 마스터 구간은 천하제일 핵 대회인건 알겠는데 얼마나 핵이 많으면 브론즈 ~ 실버 구간에서도 10판중에 4~5판 이상을 핵한테 죽나요 ?   좀 쓸 데도 없는거 처만들어서 유저들 개고생 시키지 말고 기본만이라도 지켜봐요. 월급루팡 자식들아.  그래도 게임은 재밌어요 ^^
578080,1,"재미있음.근데 약간 어려울수 있고, 또 렉이 좀 걸릴수도 있음"
578080,1,유영우랑 같이 하면 재밌는 게임.  어려운데 가끔 킬하면 칭찬해줘서 좋음 ㅎㅎ
578080,0,나 아무것도 안하고 3달 동안 접속 안했는데 갑자기 한달전에 영정먹더니 풀리지도 않는단다. 운영을 무슨 이런식으로 하냐 펍지
578080,0,이런 쌉 잣같은 게임 골드에서 6판 연속 핵 때문에 죽는게 말이 돼냐 진짜 아 개빡치네 서버 통합은 왜한거냐 스쿼드 하면 중국인 밖에 없어
578080,0,중국한테 넘어가고 핵 천국에 렉 점점 심해지고 컴퓨터 자체에 바이러스 감염되는지 컴퓨터도 점점 이상해짐;
578080,1,"if you play this game, your mental will be broken."
578080,0,추천 좆도 안함 뭔 맨날 업데이트 한번 할때마나 버그랑 렉이 존나 많이 걸림 진짜 그럴때마다 펍지세끼들 싹싹김치해버리고 싶음 시발련들 업데이트 정닥히 해야지 시발 이서율같은 세끼들이 추천 안함 하지마세요
578080,0,사녹 프레임드랍좀 고쳐봐 시발련들아 돈만 받아쳐먹지말고
578080,0,게임 보안 프로그램 뭐시기 하면서 무결성 검사도 다 했는데 게임 실행이 안되요 펍지 찐 실망
578080,0,오랜만에 들어와서 게임하는데 한판 1킬하고 뒤졌는데 ㅋㅋㅋ계정 확인한다고 정지래 쉬발 ㅋㅋ고맙다 안하고 만다
578080,1,"tlqkf 살다살다 무고밴을 당해보네  컴퓨터 전선을 일주일전에 뽑아놨다가 이제켰는데 지랄이야"
578080,1,게임은 너무나도 재미있지만 높은 사양을 권장합니다 100시간동안 집에서하다 업뎃을 하다보니 결국 제컴으론 못돌리더라구요.... 80시간을 피방에서만 어휴우우... 학생 유저로서 말합니다 이거 개재밌다
578080,1,진짜 좋긴한데 AI로 정지 맥이고 억울하게 정지먹은 사람은 문의 해도 AI  로 처 내는데 이건 좀 고쳐야하지 않나? 영상 까지 보내서 억울함을 호소 햇는데 읽지도 보지도 않고 AI로 ;; 흠 .. 핵만 AI 로 하고 좀 다른 문의는 읽어라 ;;
578080,1,엄청 재미있고 스킨 도 이쁜거 많아서 뽑기 할때 좋은거 뜨면 기분이 좋아요
578080,1,배그 사향좀 낮춰주세요 너무 렉걸려요 한번만 진심으로 부탁드립니다 꾸벅
578080,1,"배그를 하면서 실력도 늘리고 폰보다 컴으로 하면서 경험도 하고 제미도 쌋고 아주 많이... 시간이 가는줄도 모르고 하면 큰일이 날것갔습니다."
578080,0,진짜 해킹떄문에 문의 하는것도 ㅈㄴ 어렵게 해놨네 ㅅㅂ새끼들
578080,1,어우 핵쟁이 개많네 이게 우리나라 게임 맞냐 진짜 퀄리티는 개쩌는데 약간 문제가 좀 많은 것 같은 느낌이다. 하지만 좋으니까 만족합니다.
578080,1,일단 너무 재미있고 전에 계정에 해킹 한 번 당해서 좀 실증날려고 했는데 그냥 게임 자체가 재밌고 레벨 상관없이 같이 할 수 있다는 점에서 좋은 거 같아요. 그리고 배그하고 다른 총게임 하면 은근 처음해본거 치곤 잘하는 느낌이랄까요.. 추천드립니다!!
578080,0,솔직히 지금 고여버린 사람이 너무 많아서 지금 시작할거면 비추
578080,0,"CPU 존나 쳐먹는 돼지병신겜 겜이 존나 불쾌함 최적사향 최저사향 개낮게 잡아놓고 훨씬 높은거 써야 돌아감"
578080,1,만약 이 게임을 처음으로 접해본다면 이해해야하는것들이 많아서 힘들수도 있겠지만 조금만 노력한다면 금방 익숙해질수 있음. FPS 게임중 제일 잘 만든겜인것 같다
578080,0,"핵쟁이 너무 많아요 한국에서 이만한 FPS게임이 없긴한데 그래도 7주년이벤트 이런거 많이하지말고 핵부터잡아주세요"
578080,1,이 겜은 다른건 몰라도 스트레스를 안 받아서 좋음 ㅇㅇ
578080,1,스타크래프트 이후로 명실히 새로운 민속놀이라 할 수 있는 게임. 얼엑때 사서 카배도 샀고 무료화된 지금도 가끔 즐기고 있다.
578080,0,야 어떻게 5070이면 그래도 4070ti 수준인데 4070ti급을 단 컴퓨터가 시작을 못하냐? 다른게임들은 죄다 잘만돌아가는데
578080,1,애매한 조작감이 열받아요 뭔가 그 현실적이지도 비현실적이지도 않은 조작감이 불쾌한 골짜기랑 비슷하달까
578080,1,렉걸리고 오류뜨는건 진짜 문제고 핵도 못잡으면서 무고벤 먹이는것도 문제긴 하지만 재밌어서함
578080,1,배틀그라운드 너무 재밌어요 다들 한번씩 해보시면 좋갯어요!
578080,1,"장점 처음 오픈했을 때부터 정말 즐겁게 했던 기억이 가득한 게임 지금도 가끔 재밌게 할 수 있어서 좋음  단점 그놈의 핵쟁이들........... 고인물들... 뉴비는 이제 없겠지만 만약에 있다면 좀 힘들듯???"
578080,1,"친구들과 가벼이 즐기기에 참 좋은 게임입니다. 다만 예전과 다르게 평균 수준이 대폭 상향되어서 뉴비들이 즐기기엔 다소 진입 장벽이 있네요. AI랑 하는 건 너무 쉽고, 유저랑 하는건 또 너무 어려워서, 중간의 무언가가 있었으면 합니다.  그치만 오늘도 감사히 재밌게 잘 플레이 했습니다. 고맙습니다."
578080,1,워모드워모드워모드워모드워모드워모드워모드워모드워모드워모드워모드워모드워모드워모드워모드워모드워모드워모드워모드워모드워모드워모드워모드워모드워모드워모드워모드워모드워모드워모드워모드워모드워모드워모드워모드워모드워모드워모드워모드워모드워모드워모드워모드워모드워모드워모드워모드워모드워모드워모드워모드워모드워모드워모드워모드워모드워모드워모드워모드워모드워모드워모드워모드워모드워모드워모드워모드워모드워모드워모드워모드워모드워모드워모드워모드워모드워모드워모드워모드워모드워모드워모드워모드워모드워모드워모드워모드워모드워모드워모드워모드워모드워모드워모드워모드워모드워모드워모드워모드워모드워모드워모드워모드워모드워모드워모드워모드워모드워모드워모드워모드워모드워모드워모드워모드워모드워모드워모드워모드워모드워모드워모드워모드워모드워모드워모드워모드워모드워모드워모드워모드워모드워모드워모드워모드워모드워모드워모드워모드워모드워모드워모드워모드워모드워모드워모드워모드워모드워모드워모드워모드워모드워모드워모드워모드워모드워모드워모드워모드워모드워모드워모드워모드워모드워모드워모드워모드워모드워모드워모드워모드워모드워모드워모드워모드워모드워모드워모드워모드워모드워모드워모드워모드워모드워모드워모드워모드워모드워모드워모드워모드워모드워모드워모드워모드워모드워모드워모드워모드워모드워모드워모드워모드워모드워모드워모드워모드워모드워모드워모드워모드워모드워모드워모드워모드워모드워모드워모드워모드워모드워모드워모드워모드워모드워모드워모드워모드워모드워모드워모드워모드워모드워모드워모드워모드워모드워모드워모드워모드워모드워모드워모드워모드워모드워모드워모드워모드워모드워모드워모드워모드워모드워모드워모드워모드워모드워모드워모드워모드워모드워모드워모드워모드워모드워모드워모드워모드워모드워모드워모드워모드워모드워모드워모드워모드워모드워모드워모드워모드워모드워모드워모드워모드워모드워모드워모드워모드워모드워모드워모드워모드워모드워모드워모드워모드워모드워모드워모드워모드워모드워모드워모드워모드워모드워모드워모드워모드워모드워모드워모드워모드워모드워모드워모드워모드워모드워모드워모드워모드워모드워모드워모드워모드워모드워모드워모드워모드워모드워모드워모드워모드워모드워모드워모드워모드워모드워모드워모드워모드워모드워모드워모드워모드워모드워모드워모드워모드워모드워모드워모드워모드워모드워모드워모드워모드워모드워모드워모드워모드워모드워모드워모드워모드워모드워모드워모드워모드워모드워모드워모드워모드워모드워모드워모드워모드워모드워모드워모드워모드워모드워모드워모드워모드워모드워모드워모드워모드워모드워모드워모드워모드워모드워모드워모드워모드워모드워모드워모드워모드워모드워모드워모드워모드워모드워모드워모드워모드워모드워모드워모드워모드워모드워모드워모드워모드워모드워모드워모드워모드워모드워모드워모드워모드워모드워모드워모드워모드워모드워모드워모드워모드워모드워모드워모드워모드워모드워모드워모드워모드워모드워모드워모드워모드워모드워모드워모드워모드워모드워모드워모드워모드워모드워모드워모드워모드워모드워모드워모드워모드워모드워모드워모드워모드워모드워모드워모드워모드워모드워모드워모드워모드워모드워모드워모드워모드워모드워모드워모드워모드워모드워모드워모드워모드워모드워모드워모드워모드워모드워모드워모드워모드워모드워모드워모드워모드워모드워모드워모드워모드워모드워모드워모드워모드워모드워모드워모드워모드워모드워모드워모드워모드워모드워모드워모드워모드워모드워모드워모드워모드워모드워모드워모드워모드워모드워모드워모드워모드워모드워모드워모드워모드워모드워모드워모드워모드워모드워모드워모드워모드워모드워모드워모드워모드워모드워모드워모드워모드워모드워모드워모드워모드워모드워모드워모드워모드워모드워모드워모드워모드워모드워모드워모드워모드워모드워모드워모드워모드워모드워모드워모드워모드워모드워모드워모드워모드워모드워모드워모드워모드워모드워모드워모드워모드워모드워모드워모드워모드워모드워모드워모드워모드워모드워모드워모드워모드워모드워모드워모드워모드워모드워모드워모드워모드워모드워모드워모드워모드워모드워모드워모드워모드워모드워모드워모드워모드워모드워모드워모드워모드워모드워모드워모드워모드워모드워모드워모드워모드워모드워모드워모드워모드워모드워모드워모드워모드워모드워모드워모드워모드워모드워모드워모드워모드워모드워모드워모드워모드워모드워모드워모드워모드워모드워모드워모드워모드워모드워모드워모드워모드워모드워모드워모드워모드워모드워모드워모드워모드워모드워모드워모드워모드워모드워모드워모드워모드워모드워모드워모드워모드워모드워모드워모드워모드워모드워모드워모드워모드워모드워모드워모드워모드워모드워모드워모드워모드워모드워모드워모드워모드워모드워모드워모드워모드워모드워모드워모드워모드워모드워모드워모드워모드워모드워모드워모드워모드워모드워모드워모드워모드워모드워모드워모드워모드워모드워모드워모드워모드워모드워모드워모드워모드워모드워모드워모드워모드워모드워모드워모드워모드워모드워모드워모드워모드워모드워모드워모드워모드워모드워모드워모드워모드워모드워모드워모드워모드워모드워모드워모드워모드워모드워모드워모드워모드워모드워모드워모드워모드워모드워모드워모드워모드워모드워모드워모드워모드워모드워모드워모드워모드워모드워모드워모드워모드워모드워모드워모드워모드워모드워모드워모드워모드워모드워모드워모드워모드워모드워모드워모드워모드워모드워모드워모드워모드워모드워모드워모드워모드워모드워모드워모드워모드워모드워모드워모드워모드워모드워모드워모드워모드워모드워모드워모드워모드워모드워모드워모드워모드워모드워모드워모드워모드워모드워모드워모드워모드워모드워모드워모드워모드워모드워모드워모드워모드워모드워모드워모드워모드워모드워모드워모드워모드워모드워모드워모드워모드워모드워모드워모드워모드워모드워모드워모드워모드워모드워모드워모드워모드워모드워모드워모드워모드워모드워모드워모드워모드워모드워모드워모드워모드워모드워모드워모드워모드워모드워모드워모드워모드워모드워모드워모드워모드워모드워모드워모드워모드워모드워모드워모드워모드워모드워모드워모드워모드워모드워모드워모드워모드워모드워모드워모드워모드워모드워모드워모드워모드워모드워모드워모드워모드워모드워모드워모드워모드워모드워모드워모드워모드워모드워모드워모드워모드워모드워모드워모드워모드워모드워모드워모드워모드워모드워모드워모드워모드워모드워모드워모드워모드워모드워모드워모드워모드워모드워모드워모드워모드워모드워모드워모드워모드워모드워모드워모드워모드워모드워모드워모드워모드워모드워모드워모드워모드워모드워모드워모드워모드워모드워모드워모드워모드워모드워모드워모드워모드워모드워모드워모드워모드워모드워모드워모드워모드워모드워모드워모드워모드워모드워모드워모드워모드워모드워모드워모드워모드워모드워모드워모드워모드워모드워모드워모드워모드워모드워모드워모드워모드워모드워모드워모드워모드워모드워모드워모드워모드워모드워모드워모드워모드워모드워모드워모드워모드워모드워모드워모드워모드워모드워모드워모드워모드워모드워모드워모드워모드워모드워모드워모드워모드워모드워모드워모드워모드워모드워모드워모드워모드워모드워모드워모드워모드워모드워모드워모드워모드워모드워모드워모드워모드워모드워모드워모드워모드워모드워모드워모드워모드워모드워모드워모드워모드워모드워모드워모드워모드워모드워모드워모드워모드워모드워모드워모드워모드워모드워모드워모드워모드워모드워모드워모드워모드워모드워모드워모드워모드워모드워모드워모드워모드워모드워모드워모드워모드워모드워모드워모드워모드워모드워모드워모드워모드워모드워모드워모드워모드워모드워모드워모드워모드워모드워모드워모드워모드워모드워모드워모드워모드워모드워모드워모드워모드워모드워모드워모드워모드워모드워모드워모드워모드워모드워모드워모드워모드워모드워모드워모드워모드워모드워모드워모드워모드워모드워모드워모드워모드워모드워모드워모드워모드워모드워모드워모드워모드워모드워모드워모드워모드워모드워모드워모드워모드워모드워모드워모드워모드워모드워모드워모드워모드워모드워모드워모드워모드워모드워모드워모드워모드워모드워모드워모드워모드워모드워모드워모드워모드워모드워모드워모드워모드워모드워모드워모드워모드워모드워모드워모드워모드워모드워모드워모드워모드워모드워모드워모드워모드워모드워모드워모드워모드워모드워모드워모드워모드워모드워모드워모드워모드워모드워모드워모드워모드워모드워모드워모드워모드워모드워모드워모드워모드워모드워모드워모드워모드워모드워모드워모드워모드워모드워모드워모드워모드워모드워모드워모드워모드워모드워모드워모드워모드워모드워모드워모드워모드워모드워모드워모드워모드워모드워모드워모드워모드워모드워모드워모드워모드워모드워모드워모드워모드워모드워모드워모드워모드워모드워모드워모드워모드워모드워모드워모드워모드워모드워모드워모드워모드워모드워모드워모드워모드워모드워모드워모드워모드워모드워모드워모드워모드워모드워모드워모드워모드워모드워모드워모드워모드워모드워모드워모드워모드워모드워모드워모드워모드워모드워모드워모드워모드워모드워모드워모드워모드워모드워모드워모드워모드워모드워모드워모드워모드워모드워모드워모드워모드워모드워모드워모드워모드워모드워모드워모드워모드워모드워모드워모드워모드워모드워모드워모드워모드워모드워모드워모드워모드워모드워모드워모드워모드워모드워모드워모드워모드워모드워모드워모드워모드워모드워모드워모드워모드워모드워모드워모드워모드워모드워모드워모드워모드워모드워모드워모드워모드워모드워모드워모드워모드워모드워모드워모드워모드워모드워모드워모드워모드워모드워모드워모드워모드워모드워모드워모드워모드워모드워모드워모드워모드워모드워모드워모드워모드워모드워모드워모드워모드워모드워모드워모드워모드워모드워모드워모드워모드워모드워모드워모드워모드워모드워모드워모드워모드워모드워모드워모드워모드워모드워모드워모드워모드워모드워모드워모드워모드워모드워모드워모드워모드워모드워모드워모드워모드워모드워모드워모드워모드워모드워모드워모드워모드워모드워모드워모드워모드워모드워모드워모드워모드워모드워모드워모드워모드워모드워모드워모드워모드워모드워모드워모드워모드워모드워모드워모드워모드워모드워모드워모드워모드워모드워모드워모드워모드워모드워모드워모드워모드워모드워모드워모드워모드워모드워모드워모드워모드워모드워모드워모드워모드워모드워모드워모드워모드워모드워모드워모드워모드워모드워모드워모드워모드워모드워모드워모드워모드워모드워모드워모드워모드워모드워모드워모드워모드워모드워모드워모드워모드워모드워모드워모드워모드워모드워모드워모드워모드워모드워모드워모드워모드워모드워모드워모드워모드워모드워모드워모드워모드워모드워모드워모드워모드워모드워모드워모드워모드워모드워모드워모드워모드워모드워모드워모드워모드워모드워모드워모드워모드워모드워모드워모드워모드워모드워모드워모드워모드워모드워모드워모드워모드워모드워모드워모드워모드워모드워모드워모드워모드워모드워모드워모드워모드워모드워모드워모드워모드워모드워모드워모드워모드워모드워모드워모드워모드워모드워모드워모드워모드워모드워모드워모드워모드워모드워모드워모드워모드워모드워모드워모드워모드워모드워모드워모드워모드워모드워모드워모드워모드워모드워모드워모드워모드워모드워모드워모드워모드워모드워모드워모드워모드워모드워모드워모드워모드워모드워모드워모드워모드워모드워모드워모드워모드워모드워모드워모드워모드워모드워모드워모드워모드워모드워모드워모드워모드워모드워모드워모드워모드워모드워모드워모드워모드워모드워모드워모드워모드워모드워모드워모드워모드워모드워모드워모드워모드워모드워모드워모드워모드워모드워모드워모드워모드워모드워모드워모드워모드워모드워모드워모드워모드워모드워모드워모드워모드워모드워모드워모드워모드워모드워모드워모드워모드워모드워모드워모드워모드워모드워모드워모드워모드워모드워모드워모드워모드워모드워모드워모드워모드워모드워모드워모드워모드워모드워모드워모드워모드워모드워모드워모드워모드워모드워모드워모드워모드워모드워모드워모드워모드워모드워모드워모드워모드워모드워모드워모드워모드워모드워모드워모드워모드워모드워모드워모드워모드워모드워모드워모드워모드워모드워모드워모드워모드워모드워모드워모드워모드워모드워모드워모드워모드워모드워모드워모드워모드워모드워모드워모드워모드워모드워모드워모드워모드워모드워모드워모드워모드워모드워모드워모드워모드워모드워모드워모드워모드워모드워모드워모드워모드워모드워모드워모드워모드워모드워모드워모드워모드워모드워모드워모드워모드워모드워모드워모드워모드워모드워모드워모드워모드워모드워모드워모드워모드워모드워모드워모드워모드워모드워모드워모드워모드워모드워모드워모드워모드워모드워모드워모드워모드워모드워모드워모드워모드워모드워모드워모드워모드워모드워모드워모드워모드워모드워모드워모드워모드워모드워모드워모드워모드워모드워모드워모드워모드워모드워모드워모드워모드워모드워모드워모드워모드워모드워모드워모드워모드워모드워모드워모드워모드워모드워모드워모드워모드워모드워모드워모드워모드워모드워모드워모드워모드워모드워모드워모드워모드워모드워모드워모드워모드워모드워모드워모드워모드워모드워모드워모드워모드워모드워모드워모드워모드워모드워모드워모드워모드워모드워모드워모드워모드워모드워모드워모드워모드워모드워모드워모드워모드워모드워모드워모드워모드워모드워모드워모드워모드워모드워모드워모드워모드워모드워모드워모드워모드워모드워모드워모드워모드워모드워모드워모드워모드워모드워모드워모드워모드워모드워모드워모드워모드워모드워모드워모드워모드워모드워모드워모드워모드워모드워모드워모드워모드워모드워모드워모드워모드워모드워모드워모드워모드워모드워모드워모드워모드워모드워모드워모드워모드워모드워모드워모드워모드워모드워모드워모드워모드워모드워모드워모드워모드워모드워모드워모드워모드워모드워모드워모드워모드워모드워모드워모드워모드워모드워모드워모드워모드워모드워모드워모드워모드워모드워모드워모드워모드워모드워모드워모드워모드워모드워모드워모드워모드워모드워모드워모드워모드워모드워모드워모드워모드워모드워모드워모드워모드워모드워모드워모드워모드워모드워모드워모드워모드워모드워모드워모드워모드워모드워모드워모드워모드워모드워모드워모드워모드워모드워모드워모드워모드워모드워모드워모드워모드워모드워모드워모드워모드워모드워모드워모드워모드워모드워모드워모드워모드워모드워모드워모드워모드워모드워모드워모드워모드워모드워모드워모드워모드워모드워모드워모드워모드워모드워모드워모드워모드워모드워모드워모드워모드워모드워모드워모드워모드워모드워모드워모드워모드워모드워모드워모드워모드워모드워모드워모드워모드워모드워모드워모드워모드워모드워모드워모드워모드워모드워모드워모드워모드워모드워모드워모드워모드워모드워모드워모드워모드워모드워모드워모드워모드워모드워모드워모드워모드워모드워모드워모드워모드워모드워모드워모드워모드워모드워모드워모드워모드워모드워모드워모드워모드워모드워모드워모드워모드워모드워모드워모드워모드워모드워모드워모드워모드워모드워모드워모드워모드워모드워모드워모드워모드워모드워모드워모드워모드워모드워모드워모드워모드워모드워모드워모드워모드워모드워모드워모드워모드워모드워모드워모드워모드워모드워모드워모드워모드워모드워모드워모드워모드워모드워모드워모드워모드워모드워모드워모드워모드워모드워모드워모드워모드워모드워모드워모드워모드워모드워모드워모드워모드워모드워모드워모드워모드워모드워모드워모드워모드워모드워모드워모드워모드워모드워모드워모드워모드워모드워모드워모드워모드워모드워모드워모드워모드워모드워모드워모드워모드워모드워모드워모드워모드워모드워모드워모드워모드워모드워모드워모드워모드워모드워모드워모드워모드워모드워모드워모드워모드워모드워모드워모드워모드워모드워모드워모드워모드워모드워모드워모드워모드워모드워모드워모드워모드워모드워모드워모드워모드워모드워모드워모드워모드워모드워모드워모드워모드워모드워모드워모드워모드워모드워모드워모드워모드워모드워모드워모드워모드워모드워모드워모드워모드워모드워모드워모드워모드워모드워모드워모드워모드워모드워모드워모드워모드워모드워모드워모드워모드워모드워모드워모드워모드워모드워모드워모드워모드워모드워모드워모드워모드워모드워모드워모드워모드워모드워모드워모드워모드워모드워모드워모드워모드워모드워모드워모드워모드워모드워모드워모드워모드워모드워모드워모드워모드워모드워모드워모드워모드워모드워모드워모드워모드워모드워모드워모드워모드워모드워모드워모드워모드워모드워모드워모드워모드워모드워모드워모드워모드워모드워모드워모드워모드워모드워모드워모드워모드워모드워모드워모드워모드워모드워모드워모드워모드워모드워모드워모드워모드워모드워모드워모드워모드워모드워모드워모드워모드워모드워모드워모드워모드워모드워모드워모드워모드워모드워모드워모드워모드워모드워모드워모드워모드워모드워모드워모드워모드워모드워모드워모드워모드워모드워모드워모드워모드워모드워모드워모드워모드워모드워모드워모드워모드워모드워모드워모드워모드워모드워모드워모드워모드워모드워모드워모드워모드워모드워모드워모드워모드워모드워모드워모드워모드워모드워모드워모드워모드워모드워모드워모드워모드워모드워모드워모드워모드워모드워모드워모드워모드워모드워모드워모드워모드워모드워모드워모드워모드워모드워모드워모드워모드워모드워모드워모드워모드워모드워모드워모드워모드워모드워모드워모드워모드워모드워모드워모드워모드워모드워모드워모드워모드워모드워모드워모드워모드워모드워모드워모드워모드워모드워모드워모드워모드워모드워모드워모드워모드워모드워모드워모드워모드워모드워모드워모드워모드워모드워모드워모드워모드워모드워모드워모드워모드워모드워모드워모드워모드워모드워모드워모드워모드워모드워모드워모드워모드워모드워모드워모드워모드워모드워모드워모드워모드워모드워모드워모드워모드워모드워모드워모드워모드워모드워모드워모드워모드워모드워모드워모드워모드워모드워모드워모드워모드워모드워모드워모드워모드워모드워모드워모드워모드워모드워모드워모드워모드워모드워모드워모드워모드워모드워모드워모드워모드워모드워모드워모드워모드워모드워모드워모드
578080,0,"다 재밌는데요 복귀 유저, 뉴비한테 너무 잔인해요 철권도 아니고 게임은 재밌는데 비슷한 사람끼리 매칭좀 잡아주세요"
578080,0,일을 뒤지게 안함 문의는 똑같은 매크로 답변 계정 도용으로 인한 제재후 영구 정지 해제는 해줄게 다만? 하드벤은 먹어 마인드
578080,0,"[h1] 예전에는 좋았는데 요즘은 그냥 게임이 산으로 감 [/h1]  뭐 이런 저런 문제 다 제쳐두고 자기장 존버한테 당한 경험만으로 그냥 배그 존나 하기 싫어짐. [h2] 예전에는 아무리 구상 챙기고 부스트 빨아도 마지막 자기장 맞으면 아파서 무조건 들어가야하는데 왜 지금은 처음 자기장부터 마지막 자기장이 완전히 닫을 때까지 맞아도 버틸 수 있는 기믹은 왜 넣은거임? [/h2] 그냥 전술 가방 + 응급 처치 장비 챙기고 구상하고 부스트 아이템 최대한 쟁겨놓고, 거기에 전파방해배낭 몇 개 쟁겨서 자기장 바깥부터 존버해서 마지막 자기장 안에 있는 사람이 자기장 다 닫혀서 말라 죽을 때까지 사물 뒤에 숨으면 그냥 무적임. 자기장 안에 있는 사람이 바깥에 존버하고 있는 사람이 대놓고 개활지에 돌아다니지 않는 이상 아예 찾을 수도 없음. 그냥 자기장 버텨서 존버승할 수 있으면 뭐하러 개고생하면서 몸 숨겨가며 사람 찾으면서 총 쏘고 그러는거임?    이게 그렇게 어렵지도 않음. 자기장 안에서 숨고 총 쏘는 것보다 그냥 키보드 셋팅하고 딸깍질 몇번 하면 됨. 3살 아기도 가르치면 할 수 있겠다. 아이템이야 파밍 안된 곳 가면 차고 넘침. 그래서 황당함. 오죽하면 이런 플레이 행태를 배틀로얄 게임에서 사람들이 존버충들이라고 욕하고 그러겠음? [b] 그런데 플레이어가 그 플레이를 지향하든 말든 상관없지만, 배틀로얄 장르 만든다는 개발자 쪽에서는 이걸 가능하게 만들면 안되지. [/b] 그냥 기획 쪽에서 생각 제대로 안하고 아이템 내놓다가 이게 가능하게 되었거나 아니면 이걸 의도했다면 그냥 그 사람은 기획을 하면 안됨. 이 게임은 서로 총싸움하라고 있는 배틀로얄이고 애초부터 자기장은 안쪽으로 들어가라고 점점 아파지는 건데, 그걸 버틸 수 있게 해놓았으면, 자기장 맞으면서 최대한 숨어서 구상 빨고 전파배낭 갈아끼워가며 존나 버티면 됨. 그냥 싸우는 의미가 없음. 그러면 왜 배틀로얄함? 그냥 그런 거 다 무시하고 최대한 숨어서 구상 빨고 아드 빨고 존나 째면 되는데? 이걸로 프로 대회 나가면 나도 프로 선수로 쳐주나? 게임 이따구로 만드니까 잘 즐기고 있던 사람도 기가 차서 안하게 되지.   내가 이럴려고 열심히 에임 잡고, 전략 배우고, 게임 이것저것 배운 걸 그냥 허무하게 만듬. 아니 그리고 적어도 타 게임은 버티기 싸움 들어가도 자기장 내내 맞은 사람보다 자기장을 안 맞고 있는 사람이 유리한 형태로 가야되는데, 이 게임은 사람도 안 잡고 파밍질 오래하면 그냥 날먹이 가능함. 총 싸움 굳이 안해도 되고, 그냥 자기장 속에 맞으며 최대한 숨어서 치료만 하면 날먹이 가능한 게임임. 이 게임 분명 오래된 게임일텐데, 이런 게 아직까지도 가능한 거 보고 그냥 기가 차서 안한다.   이것도 게임을 즐기는 방법이라고?  [b] 유저는 그래도 됨. 상관없지. 근데 개발자가 그걸 할 수 있게 만들면 안되지. [/b] 그럴거면 배틀그라운드가 아니라 그냥 존버그라운드라고 짓지 그러냐?"
578080,1,배그 플레이한지 50시간만에 친구와 하면서 첫 치킨 먹었습니다 링스에 파마스까지 쓰니까 미쳤어요그냥 게임 개재밌어요 핵쟁이한테 죽으면서 화나던 그 게임이 아니야!
578080,1,예전엔 안 그랬던 거 같은데 지금은 겜 돌리면  100명의 사람들 중 중 절반은 다 봇같음 봇 ㅈㄴ많음  1등을 해도 예전만큼의 그 뿌듯함이 없음 할 거 없을 때 걍 한 번씩 깔짝이는 게임
578080,1,솔로스쿼드로 한 분대 닦아버리는것만큼 재미있는게 없죠.
578080,1,친구들이랑 같이하며는 재밌고 레전드 상황이 많이나와서 재밌으니까 추천함
578080,0,핵 핵 핵 핵 핵  이렇게 핵을 다섯번 외쳐보자. 하루종일 만난 핵이 다섯팀이나 있다는 말이다.
578080,1,"겜 퀄리티 등등 다 괜찮은데(핵 제외) 접속 오류 좀 고쳐주세요... 윈도우 보안 시스템 다 꺼놔야 되는 상황인데  이러다가 바이러스 걸려서 책임져 주실 거 아니면 빨리 해결좀요.... 오류코드 0x77E7D826"
578080,0,무고밴 무고밴 무고밴 무고밴 무고밴 무고밴 무고밴 무고밴 무고밴 무고밴 무고밴 무고밴 무고밴 무고밴 무고밴 무고밴 무고밴 무고밴 무고밴 무고밴 무고밴 무고밴 무고밴 무고밴 무고밴 무고밴 무고밴 무고밴 무고밴 무고밴 무고밴 무고밴 무고밴 무고밴 문의에 대한 매크로 답변 매크로 답변 매크로 답변 매크로 답변 매크로 답변 매크로 답변 매크로 답변 매크로 답변 매크로 답변매크로 답변매크로 답변매크로 답변매크로 답변매크로 답변매크로 답변매크로 답변매크로 답변매크로 답변매크로 답변매크로 답변매크로 답변매크로 답변매크로 답변매크로 답변매크로 답변매크로 답변매크로 답변매크로 답변매크로 답변매크로 답변매크로 답변
578080,1,초보에게 너무 어렵다하면뇌가쪼그라든다이거 해서 머리가 아팟다 너무 어려워ㅇㅅ  🚗🚗 [h1] 총게임 [/h1]
578080,1,"아무리 핵 때문에 고생했다고 하더라도 핵을 쓰지도 않았는데, 그냥 실력늘어서 킬 좀 많이 했다고 바로 기간 정지 먹여버리네요....;;"
578080,0,"장점 : 이벤트가 많다. 단점 : 이벤트 내용물이 적다."
578080,0,"아니 해외에서 하는데, 맵은 선택할수 있게 해주셔야죠 선생님들.. 이거 바뀌면 게임추천할게유"
578080,1,씨발 뒷치기좀 작작해 좆같게 안보일때 ㅈㄴ쏘네 씨발련들에휴 ㅉㅉ
578080,1,이 게임을 통해 단합력을 키울수 있고 친구와의 우정을 키울수 있습니다!!
578080,0,tlqkf 핵도 안썼는데 임정만 몇번을 쳐먹인는거야 문의는 매크로로 쳐하고 시발 ㅈ같은겜
578080,1,야뭐야 겜좀할랬는데 왜 벤당해있어 어떤짱개가 내계정해킹했냐고 ㅋㅋㅋㅋㅋㅋㅋㅋㅋㅋㅋㅋㅋㅋㅋㅋㅋㅋㅋㅋㅋㅋㅋㅋㅋㅋㅋㅋㅋㅋㅋㅋㅋㅋㅋㅋㅋㅋㅋㅋㅋㅋㅋㅋㅋㅋㅋㅋㅋㅋㅋㅋㅋㅋㅋㅋㅋㅋㅋㅋㅋㅋㅋㅋㅋㅋㅋㅋㅋㅋㅋㅋㅋㅋㅋㅋㅋㅋㅋㅋㅋㅋㅋㅋㅋㅋㅋㅋㅋ
578080,1,짱깨련이 내 계정 해킹해서 880시간이나 쳐 했음 근데 ? 핵 써서 영정먹음 근데 ? 정지가 안 풀림 나 ? ㅈㄴ 억울해 풀어주세요 제발진짜로제발요
578080,0,핵은 날이갈수록 판치고 잡는것도 줄어들고 사녹은 도대체 패치를 왜 안해주는건지 교전중에 튕기기 바쁘고 이제는 대기실에서도 렉이 걸려서 서버 연결도 안됨 일 좀 하셈
578080,0,일단 핑 한번씩 튀는데 ㅅㅂㄹ들이 문의하면 우리 인터넷 문제 ㅇㅈㄹ함 그리고 소리나 마이크땜에 문의 넣으면 1000만원짜리 헤드셋끼고 있어도 헤드셋 문제라고 하는데요 근데 유저들이 1억짜리 헤드셋 껴도 우리 헤드셋 문제라고 하면 그래도 하시겠습니까??
578080,0,"어떻게 핵이 8년을 판침 8년동안 쳐맞고 생긴 노하우가 ""봇에게 유기"""
578080,0,구토와 어지러움 극한의 시력저하까지 유발하는 암적인 겜. 거기에 수시로 하는 옷장사 아이템 장사는 토나오는수준
578080,0,"지금 두개의 배그 아이디가 있는데 둘다 해킹당해져 있고 정지가 당해져 있는 상태입니다, 고객샌터에 전화로 연결도 안되고 해서 챗봇으로 문의 드렸는데 제대로 된 답변도 없고 대처를 안해주니 다른사람에게 배그를 추천안해주고 싶네요"
578080,0,32:9 지원을 안하고 자동으로 21:9로 만들어주던지 위아래 너무 짤리고 9070xt 그래픽카드로 게임을 하면 미친듯이 끊김 게임 요즘 라데온 많이 팔리는데 문제네요
578080,0,언리얼 시절부터 해왔던 배그를 오랜만에 하려고 들어왔는데 해킹당해서 모든 스킨 다 팔리고 심지어 계정 VAC밴을 당해서 고객지원센터에 물어보니 해결할 수 없다고 하더군요... 예전 추억이 들어있는 계정인데 참 슬프네요... 해킹으로 밴 당하면 풀 수 없다는게 이게 배그 운영인지..
578080,0,"r개역겨움 ㄹㅇ 지들 잘못으로 해킹 당한거면 복구해줘야지  ㅉㅉ"
578080,0,"^^ㅣ발 뭐만 하면 충돌 남;; 아ㅏㅏㅏㅏㅏㅏㅏㅏㅏㅏㅏㅏㅏㅏㅏㅏㅏㅏㅏㅏ 시ㅣㅣㅣㅣㅣㅣㅣㅣㅣㅣㅣㅣㅣ발"
578080,1,"해ㅐㅐㅐㅐㅐㅐㅐㅐㅐㅐㅐㅐㅐㅐㅇㅇㅇㅇㅇㅇㅇㅇㅇㅇㅇㅇㅇㅇㅇㅇㅇㅇㅇ 보ㅗㅗㅗㅗㅗㅗㅗㅗㅗㅗㅗㅗㅗㅗㅗㅗㅗㅗㅗㄲㄲㄲㄲㄲㄲㄲㄲㄲㄱ"
578080,1,매우 매우 재미써열 너무재밌어서 중독성 레전드 한번해봐요
578080,1,단점은 중국인이 많지만 한국인을 만나면 정말로 즐겁고 재미가 있습니다 장점은 전체다 입니다
578080,1,gooooooooooooooooooooooooooood
578080,0,몇년이 지났는데도 핵이랑 개적화 해결을 왜 못함? 그냥 안 하는 수준인데
578080,0,핵이 어지간하게 많아야지 비켄디 트레인에 8팀 떨어졋는데 6팀이 핵이면 이게 게임이냐 시벌것들아
578080,1,155+546+464621631649476513213498479745132132321947974616164983213216497+61313168498475
578080,1,tlqkf 개좆같으 ㄴ쓰레기 핵 좆망겜 장애인게임 저리갖다가 끄지라고 애미;고아련 게임아
578080,0,"카배는 사람이 없고 울며 겨자먹기로 스배하는데 일반, 경쟁은 그렇다치고 인스텐스같은 아케이드에서도 핵쓰네 ㅁㅊ 매판 몇명을 신고하는줄 모르겠다 한 짱깨 인구수만큼 신고박아야 클린해지려나? FPS중 할겜 없어서 배그하는데 배그는 역시 한두달하고 삭제가 제맛 ㅋㅋㅋㅋ"
578080,0,배그는 게임이 근본부터 틀려먹었어요. 왜 존버를 ㅅ발 허락하는겁니까 같은 자리에 1분이상있으면 자살기능 추가해주세요
578080,0,t아니; 무슨 젠을 시발 뜨문뜨문처하나 어떻게  템이 뚝이랑 배울만나오고 권총이없냐? 벨런스 좆같이 짜놧다
578080,1,이거 제 친구 컴에서 렉이 너무 심하거든요? 그것 좀 고쳐주세요 제 친구도 게임 원활하게 할 권리가 있는데 왜 제 친구 차별하세요ㅗ
578080,1,뉴비가 하려면 정보 좀 찾아야하는 건 다른 겜도 마찬가지라 영상 보고 이거저거 조율 좀 해서 플레이하면 적당히 즐기기 괜찮고 처음 할 때 키 같은 거 하나도 모르는데 오른쪽에 필요한 키 다 떠서 좋아요
578080,0,내가 이게임에 현질 ㅈㄴ하고 중딩때부터 4000시간을 게임햇는데 짱개새기가 해킹햇다고 영정맥이고 안풀어주는게 맞냐 시발 문의도 좆같이해주고 존나 짜증나네 내계정 돌려줘 시발 펍지 본사 어디에요 시발 계정 돌려줘
578080,0,ㅄ 같은 무한로딩 걸려서 겜한판을 못하네 ㅈ 비응신 펍지야 겜 최적화부터 해라
578080,1,매우재미있는 게임입니다 꼭깔아서 해보세요 (지금은 고인물들이 많이 서식중~~ ㄷㄷ)
578080,0,무슨 패치만 하면 렉이 더 심해지나요 답답해 미치겠네요. 패치하면 오히려 원활해져야 되는 거 아닌가요?
578080,0,고인물들이 너무 많아요 뉴비 폐사 게임 친구들하고 다같이하면 재밌어요
578080,1,"장점:  1. 솔직히 배그만큼 신박한 게임은 없음, 처음 만들 때 시스템 자체를 잘 만들긴 함 2. 계속 플레이해도 질리지 않음 3. 업데이트 주기적으로 해줌 4. 그래픽도 나쁘진 않은 편임 5. 다른 게임을 하다가도 배그는 한번씩 다시 돌아오게 되긴 함 6. 콜라보레이션이 많아서 좋긴 함. 뉴진스, 람보르기니, 에스파, 부가티, 블랙핑크, 마동석 등등  단점: 1. 핵쟁이가 너무 많음. 2판에 1판꼴로 핵피엔딩임 2. 고인물이 너무 많음. 이게 고인물인지 핵인지 모르겠음. 그래서 저는 그냥 바로 신고를 박는편 3. 최적화가 아직 안좋음.  4. 돈미새 바이브가 거의 매 업데이트마다 나타남. 뉴진스, 성장형 스킨, 등등  결론: 그냥 할려면 하고 말려면 마셈 근데 핵쟁이 땜에 좀 빡칠수 있음 총 잘맞으면 기부니가 좋음"
578080,1,이야야야야야야 ~ 나한테 죽는 사람 다 바보 ~~ 메롱메롱
578080,1,장점은 하면 할수록 재미있다는것이고 단점은 불법프로그램을 사용하는 유저가 너무 많다는 것이다
578080,1,This game is too hard but so nice!!
578080,1,꾸준히 업데이트하는 모습만 봐도 좋은게임이란건 확실해요
578080,0,핵 개 많음 잡는지 모르겠음 ㅋㅋ 돈독올라서 캐쉬템 개뽑고 p2w 만들어버리기 ㅋㅋ
578080,1,예예  무료인데 존나 좋아요 씹 가성이 원탑 입니다 여러분들 당장 쳐 깔고 쳐 하십쇼
578080,1,여자친구 겜멍 보여주기 좋은 게임 / 디코와 함께하세요
578080,0,ㅈ 병50마냥 핵 일부로 안쳐잡음 개버러지임 쓴돈이아까워서 카배를 못감
578080,1,너무 재밌어요~ 일단 총기와 차량의 디테일이 너무 좋고 킬 할때마다 쾌감이 그냥 디시 안해도 될꺼같아요~~
578080,1,얼리 시절에 시작해서 250랩쯤 찍고 그만했는데 8주년에 복귀 했다 고인물들 쇼츠를 보면서 여러가지 바뀐 방식이나 팀원 블루칩 부활 등등 새롭다. 그리고 점점 또 적응해간다. 이 가격에 이 퀄리티 이정도 인구수면 더 바랄게 없다.
578080,1,분명 불법 프로그램 사용자도 많고 일반게임에 양학도 많긴 하지만 감도를 어느정도 맞추고 게임에 대한 이해도가 조금씩 생기다보면 할 만 하다고 생각함 물론 불법 프로그램을 사용하지 않고 잘 하는 사람들이 피해를 보는 신고 시스템은 조금 문제가 있긴하지만 거지같은 불법 프로그램 특성상 어쩔 수 없다는 것도 어느정도 이해하고 있음 문제는 감도를 깎는것이 게임 내부에서 본인에게 맞는 감도를 깎는다는것은 힘들어서 유튜브 혹은 타인(고인물들)에게 도움을 받는게 필수인 상황 하지만 그것조차 사람에따라 감도를 맞추는 방법이 다 달라 알려주는 사람마다 다른 느낌이라 감도 교정을 받을때마다 거기에 적응하기가 힘든편 적응만 해라 살아남아라
578080,0,게임에 지장가는 버그좀 고치면안되나 버그때메 존나 재미없음
578080,0,두번이나 해킹 당하고 풀어달라고 해도 풀어주지도 않더니만 나중에는 그냥 신고 먹였다고 영구 정지를 먹여버리냐? 진짜 이만큼 게임 하고도 핵을 쓰고 싶겠냐고 게임에 대한 애정도 식을대로 다 식어버렸네 개같은 게임
578080,1,고성능 컴퓨터를 필요로 하지만 그만큼 재미가 두배입니다
578080,0,짱깨와 핵이 판을 치는곳 짱깨와 핵을 패죽이는 재미를 느끼고 싶다면 플레이해라
578080,1,바닥에서 쓰래기 줍고 주운걸로 사워서 1등하는 게임 2등 하면 애교 함 ㅋ
578080,1,[h1] 총보다 사람 찾는게 더 어려운 게임 [/h1]  씨발 총은 길가에 있는 담배꽁초보다 많은데 사람 찾는게 더 어렵네
578080,1,"갓갓갓갓갓갓킹킹킹킹킹킹 갓겜(요즘 말이많은 안티치트 빼고) 신은 평등하니까 이런 갓겜에도 단점이 따라붙기 마련 핵이 있다는 것자체로도 게임의 흥행은 보장된게 아니겠습니까? 이것이 배그다"
578080,1,"정말 재밌게 잘 즐기고 있지만, 한 번씩 사람 많은 밀집 지역으로 첫 스타트를 끊으면 가미카제가 된 기분... 무엇보다 대규모 좀비 공방전 같은 모드도 나왔으면 좋겠음.  이런 그레픽에 이런 무기들을 들고 언제, 어디서 몰려 올 지 모르는 좀비들을 쳐내가면서 난이도 조절도 하고."
578080,1,"배그 @ㅐ미 처 터진 씨발 새끼들아 2시부터 6시까지 업데이트를 처하는게 말이 되냐? 왜 Cㅣ발 99퍼에서 멈추고, 또 다시 했더니 95퍼에서 멈추고 g랄이냐 C발련들아. 업데이트를 처하질 말던가 개새끼들이, 시간 존나 날렸녜 씨발련들아. 지역을 바꿔도 지랄이야 오 ㅐ씨빨 ㅆㅃㅃㅆㅈㅂ. 안그래도 최적화 좆같았는데"
578080,1,"amazing game, I will play till i die"
578080,0,"tlqkf 일단 게입 접근성이 ㅈ박았고 될때도 있고 안될떄도 있고 이게 뭔 게임인지 점점 망겜이라는 소리 들을때마다 왜인지 이유를 알 것 같음 8주년이나 됐으면 게임 시스템이나 고칠 것이지 게임 내에 문제가 있는게 아님 내가 배그를 6년 가까이 하면서 클라이언트 문제로 접속 못한게 한두번이 아니었음  그리고 이런 문제가 있으면 해결 방법을 공홈에 처올리던지 방법을 내놓으라고ㅓ ㅅㅂ"
578080,0,@ㅐ미 뒤짐 겜임 하면 자기 엄마 창@년 증명하는거임 내가 97년 살면서 이렇게 @ㅐ미 뒤진 겜은 처음 본다
578080,1,동해물과 백두산이 마르고 닳도록 하느님이 보우하사 우리나라 만세 무궁화 삼천리 화려 강산 대한 사람 대한으로 길이 보전하세
578080,0,핵쟁이들은 안잡으면서 엉뚱한 플레이어 정지 처때리고 문의 넣어도 나몰라라 하고 운영을 개 ㅈ같이 할꺼면 걍 서비스종료하고 핵앤슬러쉬 겜 ㅇ처만드세요
578080,1,친구들이랑 같이하기 딱 좋은게임 배틀로얄 fps 교과서
578080,0,아니 ㅅㅂ 보상받고있는데 갑자기 100년 정지를 처때리네 아니 한게 없는데 뭔 100년 정지야 운영 똑바로 안하나 펍지 좋소회사 꼬라지하고는
578080,0,"""⣿⣿⣿⣿⣿⠟⠋⠄⠄⠄⠄⠄⠄⠄⢁⠈⢻⢿⣿⣿⣿⣿⣿⣿⣿ ⣿⣿⣿⣿⣿⠃⠄⠄⠄⠄⠄⠄⠄⠄⠄⠄⠄⠈⡀⠭⢿⣿⣿⣿⣿ ⣿⣿⣿⣿⡟⠄⢀⣾⣿⣿⣿⣷⣶⣿⣷⣶⣶⡆⠄⠄⠄⣿⣿⣿⣿ ⣿⣿⣿⣿⡇⢀⣼⣿⣿⣿⣿⣿⣿⣿⣿⣿⣿⣧⠄⠄⢸⣿⣿⣿⣿ ⣿⣿⣿⣿⣇⣼⣿⣿⠿⠶⠙⣿⡟⠡⣴⣿⣽⣿⣧⠄⢸⣿⣿⣿⣿ ⣿⣿⣿⣿⣿⣾⣿⣿⣟⣭⣾⣿⣷⣶⣶⣴⣶⣿⣿⢄⣿⣿⣿⣿⣿ ⣿⣿⣿⣿⣿⣿⣿⣿⡟⣩⣿⣿⣿⡏⢻⣿⣿⣿⣿⣿⣿⣿⣿⣿⣿ ⣿⣿⣿⣿⣿⣿⣹⡋⠘⠷⣦⣀⣠⡶⠁⠈⠁⠄⣿⣿⣿⣿⣿⣿⣿ ⣿⣿⣿⣿⣿⣿⣍⠃⣴⣶⡔⠒⠄⣠⢀⠄⠄⠄⡨⣿⣿⣿⣿⣿⣿ ⣿⣿⣿⣿⣿⣿⣿⣦⡘⠿⣷⣿⠿⠟⠃⠄⠄⣠⡇⠈⠻⣿⣿⣿⣿ ⣿⣿⣿⣿⡿⠟⠋⢁⣷⣠⠄⠄⠄⠄⣀⣠⣾⡟⠄⠄⠄⠄⠉⠙⠻ ⡿⠟⠋⠁⠄⠄⠄⢸⣿⣿⡯⢓⣴⣾⣿⣿⡟⠄⠄⠄⠄⠄⠄⠄⠄ ⠄⠄⠄⠄⠄⠄⠄⣿⡟⣷⠄⠹⣿⣿⣿⡿⠁⠄⠄⠄⠄⠄⠄⠄⠄"
578080,1,친구많으면 무조건 하셈 잘하는 놈 한 명은 있어야 함 아니면 고인물한테 개 쳐맞고 겜 ㅈㄴ하기 싫어져서 누구보다 빠르게 접는 게임
578080,1,정말재미있는 저의 인생게임입니다 정말 재미를 느끼고싶을때는 꼭 이게임을해보세요
578080,1,여러가지 파밍하며 서바이벌 및 여러 아케이드 심장이 콩닥콩닥! 재미있게 하고 있어요~
578080,0,불법프로그램 사용자가 너무많아서 주변인들에게 추천을 할 수 없는 게임.
578080,0,아니 내가 어지간히 평가를 안하는데 어제까지만 하더라도 잘 했는데 갑자기 무고밴을 하니까 개 빡치네 니네 일 제대로 안해? 빨리 풀어라
578080,0,스팀가드 썻는데도 핵쟁이한테 계정 털려서 정지 먹었습니다 사정 사정 해도 안풀어주네요 ㅉ
578080,0,32000원주고 스배사고 32000원주고 카배사고 그 때의 그 감성은 없어진듯하다.
578080,1,"게임이 재밌고 몇시간을 해도 질리지 않고, 현실감이 있는 그런 게임이라 이렇게까지 제가 하는 게임은 없습니다.  단"
578080,0,스트레스 ㅈㄴ 받음 하지마세요 잔쩌 열 ㅈㄴ 받아요 고인물 ㅈㄴ 많음 ㅈㅈ용 배그 ㅎㅇㅌ
578080,1,"이거 사람 몸에 불을 지르는 게임 입니다 아주 게임 할때마다 화가나서 몸이 달아오르고  피냄새때문에 잠을 못잡니다 수류탄 트라우마 덕에 밤에 경련 이르키면서 깨기도 하고(진짜입니다) 아주 신세계를 경험 할수 있고 남녀 할아버지 할머니 아기 어린이 심약자 까지 한번씩 시켜보고 싶은 게임입니다 한번 빠지면 헤어나올수 없는 마성의 게임인거 같습니다 지금은 에이전트 들과 함께 배틀그라운드를 즐기며 하루하루 살아가고 있습니다"
578080,0,"우선 신고 시스템이 말도 안됩니다, 누가 고의적으로 신고를 계속 한다면 24시간 정지를 당하는거, 고객센터에 문의를 해도 똑같은 메크로 답변에 아무 대처도 안해줍니다, 이래놓고 무슨 게임을 해라는건지 무고벤이라는게 있다는건 들었어도 제가 당한것도 처음이고 공식카페에 보면 수 많은 사람들이 무고벤으로 게임을 떠나거나 카카오 배그로 넘어가는 사람들이 대부분 입니다, 고객센터 답변이라도 정성껏 해주시고 신고관련 시스템 보완좀 해주세요"
578080,0,뭔 이벤트를 계속 클랜원들이랑 하래 혼자 심심할 때 마다 하는데 무슨 시팔 클랜이야
578080,0,해킹 당해서 영구정지를 먹었는데 복구 방법이 너무 어려워요
578080,1,"핵쟁이들 많은건 여전히 아쉽지만.. 배그만한 게임이 없습니다 ㅎㅎ"
578080,0,제발 망해주세요. 민우의 인생이 망가지고 있어요. 부탁합니다 빌겠습니다
578080,0,그지같은 해킹당하고 핵도 말같잔ㅎ게 많고 짱개게임임 이제는 ㅋㅋ패치도 노망나서 똑바로 하지도않고
578080,0,"동시 접속자 수가 많아 질수록 불법 프로그램 사용 유저들이 더 많아 집니다. FPS의 숙명이라지만 너무나도 정도가 심합니다."
578080,1,친구들이랑 하기 재밌음. 근데 친구가 못하면 폭력을 사용할 수 있는 점 유의하셈. 커플끼리 하다 살려주는 알콩달콩함을 맛볼수있음.
578080,0,愿称之为世界上最垃圾的游戏，垃圾的游戏体验，网络环境比韩国人的母亲逼还差，玩这个游戏是有多么想不开，PUBG屎中屎，韩国人用脚写的，玩其他游戏延迟低得很，玩PUBG延迟高就不说了，还TMD经常掉线。总之屎中屎的游戏
578080,1,진짜 개 존나 재밌음 ㅋ 배그가 재미없다? 그럼걍 김블루 매드무비 보셈 ㅋ
578080,1,좋은점:업데이트 자주해주고 게임성도 좋은거 같다. 단점: 돈을 쓰지 않으면 무과금인 사람에게는 이쁜 스킨을 얻을수 있는 기회가 없어진다. 무과금이어도 좀 이쁜 스킨좀 내줬으면 한다.
578080,1,"이건 우리사회에 있어 중요한 문제이고 한번쯤은 깊게 생각할 가치가있는 문제입니다 호랑이가쎈가 개미핥기가쌘가.. 물론 대부분 아니 거의 모든 사람이 호랑이가 쌔다고 생각하실겁니다 호랑이하면 사자와함께 정글의 양대산맥으로뽑이죠 또 호랑이의 몸메문신은 보는이로부터 심장마져멈추어버릴듯합니다 하지만 개미핥기또한 긴혀바닥으로 개미를 핥타먹습니다 아 ! 얼마나 무섭습니까 개미를 핥아먹을 생각을하다니 개네는 안가르쳐줘도 개미를핥타먹습니다 여기서... 호랑이랑 개미핥기랑싸우면 호랑이가이긴다는 편견은 버려야합니다 이경기에서 주요관점은 얼마나 급소를잘때리고 잘피하느냐에 달려있습니다 그런데 평소 복부단련은안한 호랑이는 복부가 약합니다 복부를계속맞다보면 처음에는모르겟지만 피로가 점점쌓여 나중에는 치명적이게 될수 있습니다 호랑이는 배에왕자가없고 이마빡에잇습니다 그만큼박치기를 잘한다는 뜻이죠 하지만 개미핥기에게는 소용없습니다 개미핥기는 동체공학적구조로돼잇어서 박치기를아무리해도 개미를 할습니다 아 ! 얼마나 무서운가 저는 여기서 개미핥기에게 한표던지겟습니다 물론싸워바야알겟지만 개미핥기의잠재파워는 위대합니다  내용출처 : 나 개미핥기임 뭔가 전문적인 해석을 곁들인 것처럼 보이는 이 답변은 곳곳에 보이는 오타와 내용들이 가히 병맛이라 독자들을 웃기기에 충분한 내용이었다. 그리고 당당히 베스트 답변으로 채택되었다. 그리고 그 내용은 여러 사이트로 퍼져 많은 사람들을 안드로메다로 보내 버리는 데 지대한 공헌을 했다. 1.1. 오타 수정[편집] 오타를 수정하면… 이건 우리 사회에 있어 중요한 문제로 한 번쯤은 깊게 생각할 가치가 있는 문제입니다. 호랑이가 센가 개미핥기가 센가… 물론 대부분, 아니 거의 모든 사람이 호랑이가 세다고 생각하실 겁니다. 호랑이 하면 사자와 함께 정글의 양대산맥으로 뽑히죠.[1] 또 호랑이의 몸의 문신은 보는 이로부터 심장마저 멈추어 버릴 듯합니다.(보는 이의 심장마저 멈추게 해 버릴 듯합니다.) 하지만 개미핥기 또한 긴 혓바닥으로 개미를 핥아 먹습니다. 아! 얼마나 무섭습니까? 개미를 핥아먹을 생각을 하다니… 걔네는 안 가르쳐 줘도 개미를 핥아먹습니다. 여기서… 호랑이랑 개미핥기랑 싸우면 호랑이가 이긴다는 편견은 버려야 합니다. 이 경기에서 주요 관점은 얼마나 급소를 잘 때리고 잘 피하느냐에 달려 있습니다. 그런데 평소 복부 단련을 안 한 호랑이는 복부가 약합니다. 복부를 계속 맞다 보면 처음에는 모르겠지만 피로가 점점 쌓여 나중에는 치명적이게 될 수 있습니다. 호랑이는 배에 왕 자가 없고 이마에 있습니다. 그만큼 박치기를 잘한다는 뜻이겠죠. 하지만 개미핥기에게는 소용없습니다. 개미핥기는 동체 공학적 구조로 돼 있어서 박치기를 아무리 해도 개미를 핥습니다. 아! 얼마나 무서운가? 저는 여기서 개미핥기에게 한 표 던지겠습니다. 물론 싸워 봐야 알겠지만 개미핥기의 잠재파워는 위대합니다. 내용출처: 나 개미핥기임"
578080,0,그냥 하지마세요. 게임에 목숨걸은 고졸백수들이 이악물고 하는 게임입니다. 뉴비들은 절대로 절대로 살아남을 수 없는 구조입니다
578080,0,씨발 쓰레기 게임 펍지 망해라 인조이도 개박아놓고 어휴
578080,1,뭐? 돌뒤에 사람있다고? 아 저거? 아 아니야? 아 그럼 저건감? 아 저ㄱ...
578080,0,이씨1발`1`새1``21ㄲㅣ들 사녹을 어떻게 처 만들었길래 총 쏠라하면 렉이 처 걸려 다른맵은 안걸리는데 최적화 안하나 진짜
578080,1,우리 따거 행님들 나 죽으면 복수 해주고 친절 한것 같은데 마이크만 키면 귀가 아프다.
578080,0,쌉고수가 많아서 플래이 하기 힘듦 (초보는 알아서 레밸업)
578080,0,아니 ㅆ1발 왤케 튕기는거야 잘 게임하다 갑자기 튕기니까 짜증나네 뭐가 문젠데? 시키는대로 다해줬잖아 재설치 무결성 다 해줬잖아 뭐가 문젠데
578080,1,오직 배그뿐이야오직 배그뿐이야오직 배그뿐이야오직 배그뿐이야오직 배그뿐이야오직 배그뿐이야오직 배그뿐이야오직 배그뿐이야오직 배그뿐이야오직 배그뿐이야오직 배그뿐이야오직 배그뿐이야오직 배그뿐이야오직 배그뿐이야오직 배그뿐이야오직 배그뿐이야오직 배그뿐이야오직 배그뿐이야오직 배그뿐이야오직 배그뿐이야오직 배그뿐이야오직 배그뿐이야
578080,1,"yhrhgirtihriohgurnuhruoshuruohrsporpod thhrhrhrhtrhr hthrhtrhrhr thtr ththrhhytrrtggr8uygritiriyhgyrtyi"
578080,0,다고여서 할맛안남 친구들이랑 할때하지 혼자서는 절대안할듯
578080,0,재미없음 렉 겁나걸림 다시는 안함 나 신고해주셈 이계정 없애야됨
578080,0,"스팀에서 관리를 못하는 건지 크래프트에서는  신경을 안쓰는건지 계속 해킹 당해서 피해자들은 나오는데 이런게임은 어떻게 망하지 않나요? 제발 망해주세요"
578080,0,대규모업데이트 한뒤로 10판중9~10판이 짱개들임 배그 ㅈ망함 걍 다른겜하세요
578080,1,친구들하고 같이 하면 재밌음 다른 FPS와는 달리 심한 반동땜에 마우스 패드를 큰걸로 바꾸게 한 게임
578080,0,진짜 개 병@신겜이 맞음 핵은 아직도 많고 막자기장에 사양상관없이 크래시나 뜨고 시발 ㅈ같은겜
578080,1,와 ㄹㅇ갓겜입니다 ㅁㅊ발로 오버워치 이딴거랑비교도않돼는갓겜 내가플레이시간1100시간고수로서 맹새한다 ㄹㅇ 씹 갓겜 근데 계정삭제는어케하는지 모르겠네 ㅋㅋㅋ
578080,1,꺠끗한 게임이 되어 장수 게임이 되었으면 좋겠네요 중국인들아 제발 핵 쓰지 말고 실력을 늘려라
578080,1,같이 개그코드 맞는 듀오 찾으면 진쩌ㅏ 꿀잼임 공식 디코방 있어서 좋음
578080,0,뭔 서버 터짐? PC에 메모리나  cpu사용량은 50퍼도 안되는데 왜자꾸 안되냐
578080,1,ㅇㅇㅇㅇㅇㅇㅇㅇㅇㅇㅇㅇㅇㅇㅇㅇㅇㅇㅇㅇㅇㅇㅇㅇㅇㅇㅇㅇㅇㅇㅇㅇㅇㅇㅇㅇㅇㅇㅇ
578080,1,"얼리때 3.4만원 주고 샀는데 해~킹해서,@해엑$,쓰고 정지 쳐,먹,인 짱.깨.새.끼야 시,진,핑.똥.구.멍이다"
578080,1,피쳐들이 좀 더 다양해지는건 찬성하지만 퀵하게 사용이 가능하도록 하는 데에 집중할 필요가 있다고 생각함. 성능을 떠나 동작이 불편하고 번거로우면 외면 당한다는 점임. 무한한 확장성을 기대할 수 있는 장르이기에 오래오래 씹고뜯을 만한 게임.
578080,0,재미있게 플레이하고 있는데 해킹 복구는 안해주고 아무것도 안해주니까 개빡침 걍 안함 ㅅㄱ  맨날 임시정지도 정도것해야지 난 피방에서 플레이하고 로그아웃 누르고 갔음  스팀가드도 있는데 뭐가 문제가 되서 안풀어주는거임?  비추천 카배로 가라 ㅈㅂ
578080,1,"장점은 플레이 하시는분들이 늘었습니다. BUT 핵좀 잡아줘요 ㅠㅠ 제발!!!!!!!! 그리고 패드립하는 사람이 너무 많아요!!!ㅜㅜ 게임 즐겁자고 하지ㅠㅠ 부모님 안부물을려고 하는거 아니잖아요 ㅠㅠ"
578080,1,아주 재밌어요 모배하다가 컴배하면 모배가 재미없어질듯요 너무 리얼함 ㄷㄷ
578080,1,정말 한딴한땀 만든 느낌이 나서 정말 하는내내 눈물이 납니다! 개발자님들의 노고에 머리숙여 감사드리며 앞으로의 개발도 더욱 힘내시길 바랍니다 항상 화이팅! 배그 흥해라!
578080,1,너무너무제밌어요 풍선보급 풍선 다으면 터지는거 패치 제발
578080,1,그렇게 욕하고 해도 결국은 배그만 한 곳이 없더라...
578080,1,3D 멀미 걱정되어서 해볼 엄두도 못내다가 멀미약 먹으면서 일주일 넘게 배그 했는데 함께하는 사람들이 있으면 더욱 재미있게 플레이 할 수 있는 것 같아서 좋아요
578080,0,붏법프로그램 사용이 너무 많음 새로운 유저가 한다고 하면 추천하지 않을듯함
578080,0,유저랑 기싸움 ㅈㄴ하는 운영에 질린다 핵도 못막으면서 서버는 합쳐버리고 중국풍 스킨 찍어내고 테스트 서버 삭제한 후로 지들 마음대로 유저들이 좀 더 쉽게 플레이할 수 있다나 뭐라나 개같은 기능들 패치해놓고 유저들이 롤백해달라하면 한 두달 뒤에나 롤백해주고 그냥 지들 ㅈ대로 하는 ㅈ망겜 뉴비는 절대 비추천
578080,0,"핵 개많은데 못잡고, 버그 개많고 그냥 서비스 수준 짱개겜임"
578080,1,"3월23일 22시쯤에 무기스킨을 뽑았는데 성장스킨이 당첨되었는데 제 무기창고에 없어요, 분명히 밀수품에서 핑크하트성장용스킨이 나왔어요, 확인부탁드립니다,"
578080,0,내 핫타임 보상 내놔 십련들아. 나 장현초 3학년 짱 출신 김태현인데 좋은 말로 할 때 내 핫타임 보상 갖고와라 ㅇㅇ. 오빠한테 호오온난다?
578080,1,내 추억의 게임 중 하나 였다는 것은 무시 못한다. 물론 대부분을 카카오 배그로 했었다.
578080,0,이벤트 한다고해서 사이트만 들어가면 전부 컴퓨터 정보 빼갈라고 노력하시네
578080,1,ㅎㅎㅎㅎㅎㅎㅎㅎㅎㅎㅎㅎㅎㅎㅎㅎㅎㅎㅎㅎㅎㅎㅎㅎㅎㅎㅎㅎㅎㅎㅎㅎㅎㅎㅎㅎㅎㅎㅎㅎㅎㅎㅎㅎㅎㅎㅎㅎㅎㅎㅎㅎㅎㅎㅎㅎㅎㅎㅎㅎㅎㅎㅎㅎㅎㅎㅎㅎㅎㅎㅎㅎㅎㅎㅎㅎㅎㅎㅎㅎㅎㅎㅎㅎㅎㅎㅎㅎㅎㅎㅎㅎㅎㅎㅎㅎㅎㅎ
578080,1,아주 조음 스트레스 받기도 하지만 없어지는 게임 호호호ㅗ홓
578080,1,핵 존나 많구뇨 게임하는데 갲버그 개 많습ㅈ니다 꼭 플래이하세ㅐ요^^
578080,1,가끔식 플레이가 안되는 버그가 있지만 친구들과 하기 좋은 게임인것 같다
578080,1,"Recommended. Events after events and updates after updates. The only thing that will make you mad is there are LOTS and LOTS of hackers. Also, feels like pubg parters have better chance of getting event gold boxes."
578080,1,"계정 해킹당하고 정지먹고 풀어달라니까 안풀어주고 핵쟁이새끼들은 존나 판치고 안잡고다니고 내가진짜 어디까지 봐주면서 해야되는지 모르겠지만, 그래도 배그 사랑합니다 진짜.. ㅆㅂ"
578080,1,개 굿 게임 너무 재밋숴요 근데ㅐ 옷이 너무 비싸서 그지면 엄두도 못냄 빤스입고 게임해야됌 ㅠㅠ
578080,1,개꿀잼 뉴비배척겜? 뉴비챙기는게임 이거보다 더 좋은건 없음
578080,1,ㅅㅂ꺼 컴퓨터가 안좋아서 렉이 걸리네 그래도 재밌으니끼 추추
578080,0,⣿⣿⣿⣿⣿⠟⠋⠄⠄⠄⠄⠄⠄⠄⢁⠈⢻⢿⣿⣿⣿⣿⣿⣿⣿ ⣿⣿⣿⣿⣿⠃⠄⠄⠄⠄⠄⠄⠄⠄⠄⠄⠄⠈⡀⠭⢿⣿⣿⣿⣿ ⣿⣿⣿⣿⡟⠄⢀⣾⣿⣿⣿⣷⣶⣿⣷⣶⣶⡆⠄⠄⠄⣿⣿⣿⣿ ⣿⣿⣿⣿⡇⢀⣼⣿⣿⣿⣿⣿⣿⣿⣿⣿⣿⣧⠄⠄⢸⣿⣿⣿⣿ ⣿⣿⣿⣿⣇⣼⣿⣿⠿⠶⠙⣿⡟⠡⣴⣿⣽⣿⣧⠄⢸⣿⣿⣿⣿ ⣿⣿⣿⣿⣿⣾⣿⣿⣟⣭⣾⣿⣷⣶⣶⣴⣶⣿⣿⢄⣿⣿⣿⣿⣿ ⣿⣿⣿⣿⣿⣿⣿⣿⡟⣩⣿⣿⣿⡏⢻⣿⣿⣿⣿⣿⣿⣿⣿⣿⣿ ⣿⣿⣿⣿⣿⣿⣹⡋⠘⠷⣦⣀⣠⡶⠁⠈⠁⠄⣿⣿⣿⣿⣿⣿⣿ ⣿⣿⣿⣿⣿⣿⣍⠃⣴⣶⡔⠒⠄⣠⢀⠄⠄⠄⡨⣿⣿⣿⣿⣿⣿ ⣿⣿⣿⣿⣿⣿⣿⣦⡘⠿⣷⣿⠿⠟⠃⠄⠄⣠⡇⠈⠻⣿⣿⣿⣿ ⣿⣿⣿⣿⡿⠟⠋⢁⣷⣠⠄⠄⠄⠄⣀⣠⣾⡟⠄⠄⠄⠄⠉⠙⠻ ⡿⠟⠋⠁⠄⠄⠄⢸⣿⣿⡯⢓⣴⣾⣿⣿⡟⠄⠄⠄⠄⠄⠄⠄⠄ ⠄⠄⠄⠄⠄⠄⠄⣿⡟⣷⠄⠹⣿⣿⣿⡿⠁⠄⠄⠄⠄⠄⠄⠄⠄
578080,1,진짜 친구들과 함께하기 너무 좋은 게임같아요. 꾸미는 맛이 너무 좋습니다!
578080,1,gorwoddlsk whssk duftlagl wkqdkfk goraks djqtdmaus rpdladl rhoscksgdmsep gor wkqdmf todrkrdmf dks gksms rpdla zzzz dkagh wkrtjd dhksfy
578080,1,일단 게임이 너무 재밌음ㅋㅋㅋㅋㅋ진짜 갓겜 굳굳 진짜 평생 가주세요
578080,1,게임 버그가 많지만 그래도 엄청 재밌고 지그까지 재밌게 300시간 정도 했는데 엄청 추천하는 게임 이비낟
578080,0,솔직히 말해서 이거 스킨 레벨업 다 뽑을수 있게하고 업그레이드할라면 현질해야되는데 총 쏘는 게임이지 솔직히 현질하는 게임은 아니잖아요 그냥 시원하게 도면이랑 업그레이드 되는거 다 뿌리고 g코인 11000000000000000000000000000000000000개 다 뿌리죠 아니면 삭제할게요
578080,1,"배린이인데, 꽤 재밌습니다. 총의 반동 구현이 실제같아서 좋습니다"
578080,1,재밌음 존버하다가 킬하는거 개 짜릿함 근데 내가 당하면 개 빡침
578080,1,DASDFADADDAFDHD USHRO;HSJFHSOJFS
578080,0,잘 되다가도 가끔씩 네트워크 지연이라면서 한무 로딩 걸림 걍;;
578080,1,3/5 진입장벽이 매우 높고  총의 반동이 심함 생각해야 될것들이 많음 불쾌한 상황도 많음 그래도 긴장감 만큼은 즐기기 좋음
578080,0,아니 억까망겜  스트레스 유발망겜  6번 연속 억까 그리고 자기장을 ㅈㄴ 아프게 해놓고 속도는 ㅈㄴ빨라요 ㅅㅂㄲ 이겜하다 고혈압으로 골로가겠다
578080,0,"핵 ㅈㄴ많음핵 ㅈㄴ많음핵 ㅈㄴ많음핵 ㅈㄴ많음핵 ㅈㄴ많음핵 ㅈㄴ많음핵 ㅈㄴ많음핵 ㅈㄴ많음핵 ㅈㄴ많음핵 ㅈㄴ많음핵 ㅈㄴ많음핵 ㅈㄴ많음핵 ㅈㄴ많음핵 ㅈㄴ많음핵 ㅈㄴ많음핵 ㅈㄴ많음핵 ㅈㄴ많음핵 ㅈㄴ많음핵 ㅈㄴ많음핵 ㅈㄴ많음핵 ㅈㄴ많음핵 ㅈㄴ많음핵 ㅈㄴ많음핵 ㅈㄴ많음핵 ㅈㄴ많음핵 ㅈㄴ많음핵 ㅈㄴ많음핵 ㅈㄴ많음핵 ㅈㄴ많음핵 ㅈㄴ많음핵 ㅈㄴ많음핵 ㅈㄴ많음핵 ㅈㄴ많음핵 ㅈㄴ많음핵 ㅈㄴ많음핵 ㅈㄴ많음핵 ㅈㄴ많음핵 ㅈㄴ많음핵 ㅈㄴ많음핵 ㅈㄴ많음핵 ㅈㄴ많음핵 ㅈㄴ많음핵 ㅈㄴ많음핵 ㅈㄴ많음핵 ㅈㄴ많음핵 ㅈㄴ많음핵 ㅈㄴ많음핵 ㅈㄴ많음핵 ㅈㄴ많음핵 ㅈㄴ많음핵 ㅈㄴ많음핵 ㅈㄴ많음핵 ㅈㄴ많음핵 ㅈㄴ많음핵 ㅈㄴ많음핵 ㅈㄴ많음핵 ㅈㄴ많음핵 ㅈㄴ많음핵 ㅈㄴ많음핵 ㅈㄴ많음핵 ㅈㄴ많음핵 ㅈㄴ많음핵 ㅈㄴ많음핵 ㅈㄴ많음핵 ㅈㄴ많음핵 ㅈㄴ많음핵 ㅈㄴ많음핵 ㅈㄴ많음핵 ㅈㄴ많음핵 ㅈㄴ많음핵 ㅈㄴ많음핵 ㅈㄴ많음핵 ㅈㄴ많음핵 ㅈㄴ많음핵 ㅈㄴ많음핵 ㅈㄴ많음핵 ㅈㄴ많음핵 ㅈㄴ많음핵 ㅈㄴ많음핵 ㅈㄴ많음핵 ㅈㄴ많음핵 ㅈㄴ많음핵 ㅈㄴ많음핵 ㅈㄴ많음핵 ㅈㄴ많음핵 ㅈㄴ많음핵 ㅈㄴ많음핵 ㅈㄴ많음핵 ㅈㄴ많음핵 ㅈㄴ많음핵 ㅈㄴ많음핵 ㅈㄴ많음핵 ㅈㄴ많음핵 ...................../´¯/) ....................,/¯../ .................../..../ ............./´¯/'...'/´¯¯`·¸ ........../'/.../..../......./¨¯\ ........('(...´...´.... ¯~/'...') .........\.................'...../ ..........''...\.......... _.·´ ............\..............( ..............\.............\......................./´¯/) ....................,/¯../ .................../..../ ............./´¯/'...'/´¯¯`·¸ ........../'/.../..../......./¨¯\ ........('(...´...´.... ¯~/'...') .........\.................'...../ ..........''...\.......... _.·´ ............\..............( ..............\.............\......................./´¯/) ....................,/¯../ .................../..../ ............./´¯/'...'/´¯¯`·¸ ........../'/.../..../......./¨¯\ ........('(...´...´.... ¯~/'...') .........\.................'...../ ..........''...\.......... _.·´ ............\..............( ..............\.............\......................./´¯/) ....................,/¯../ .................../..../ ............./´¯/'...'/´¯¯`·¸ ........../'/.../..../......./¨¯\ ........('(...´...´.... ¯~/'...') .........\.................'...../ ..........''...\.......... _.·´ ............\..............( ..............\.............\......................./´¯/) ....................,/¯../ .................../..../ ............./´¯/'...'/´¯¯`·¸ ........../'/.../..../......./¨¯\ ........('(...´...´.... ¯~/'...') .........\.................'...../ ..........''...\.......... _.·´ ............\..............( ..............\.............\......................./´¯/) ....................,/¯../ .................../..../ ............./´¯/'...'/´¯¯`·¸ ........../'/.../..../......./¨¯\ ........('(...´...´.... ¯~/'...') .........\.................'...../ ..........''...\.......... _.·´ ............\..............( ..............\.............\.."
578080,0,좆망겜하지마셈 소리도 안들리고 삥도 안날아감 그냥 하지마셈
578080,1,"재미있는 배틀로얄 장르를 가지고 있는 게임중 현실성이 있는 게임 이면서. 게임 내에서 여러가지를 실험을 해볼 수 있다.  어느 다른 배틀로얄 장르중 자유도가 높은 게임이다"
578080,1,두뇌를 사용하여 협동 작전 등 누뇌 사용에 도움이됩니다
578080,1,50$ gift - [steamcommunity.com/gift/656029928308](https://steamshort.guru/s/VNTKQ) @everyone
578080,1,"재밌음.. 아무리 배그가 아쉬워도 이 장르에서 대체할만한 게임이 없다는거 자체로 끝난거임.. 물론 얼리엑세스 시절 분위기는 전혀 느끼지 못하게 됐지만, 만약 그대로 갔으면 배그가 이렇게 성공적인 게임이 됐을까 싶음.. 배그가 대성공한만큼 그 때 향수를 느끼게 해주면 어떨까싶음.. 중국이 돈 많이주는건 백번 이해하지만 게임이 너무 중국인 입맛에 맞는 쪽으로 간다 ㅠㅠ"
578080,0,오랫만에 게임할랬는데 정지당해있음 ㅋㅋㅋㅋㅋㅋㅋㅋㅋㅋㅋㅋㅋㅋㅋㅋㅋㅋㅋㅋㅋㅋㅋㅋㅋ
578080,1,카구팔 너프좀 ㅈㅂㅈㅂㅈㅂㅈㅂㅈㅂㅈㅂㅈㅂㅈㅂㅈㅂㅈㅂㅈㅂㅈㅂㅈㅂ 헤드샷 넘나 무서움 너프좀 ㅈㅂㅈㅂㅈㅂㅈㅂ
578080,1,재밌고 신나지만 가끔 100년 정지 먹는데 쫌 심하긴하다
578080,1,ㅋㅋㅋㅋㅋㅋㅋㅋㅋㅋㅋㅋㅋㅋㅋㅋㅋㅋㅋㅋㅋㅋㅋㅋㅋㅋㅋㅋㅋㅋㅋㅋㅋㅋㅋㅋㅋㅋㅋㅋㅋㅋㅋㅋㅋㅋㅋㅋㅋㅋㅋㅋㅋㅋㅋㅋㅋㅋㅋㅋㅋㅋㅋㅋㅋㅋㅋㅋㅋㅋㅋㅋㅋㅋㅋㅋㅋㅋㅋㅋㅋㅋㅋㅋㅋㅋㅋㅋㅋㅋㅋㅋㅋㅋㅋㅋㅋㅋㅋㅋㅋㅋㅋㅋㅋㅋㅋㅋㅋㅋㅋㅋㅋㅋㅋㅋㅋㅋㅋㅋㅋㅋㅋㅋㅋㅋㅋㅋㅋㅋㅋㅋㅋㅋㅋㅋㅋㅋㅋㅋㅋㅋㅋㅋㅋㅋㅋㅋㅋㅋㅋㅋㅋㅋㅋㅋㅋㅋㅋㅋㅋㅋㅋㅋㅋㅋㅋㅋㅋㅋㅋㅋㅋㅋㅋㅋㅋㅋㅋㅋㅋㅋㅋㅋㅋㅋㅋㅋㅋㅋㅋㅋㅋㅋㅋㅋㅋㅋㅋㅋㅋㅋㅋㅋㅋㅋㅋㅋㅋㅋㅋㅋㅋㅋㅋㅋㅋㅋㅋㅋㅋㅋㅋㅋㅋㅋㅋㅋㅋㅋㅋㅋㅋㅋㅋㅋㅋㅋㅋㅋㅋㅋㅋㅋㅋㅋㅋㅋㅋㅋㅋㅋㅋㅋㅋㅋㅋㅋㅋㅋㅋㅋㅋㅋㅋㅋㅋㅋㅋㅋㅋㅋㅋㅋㅋㅋㅋㅋㅋㅋㅋㅋㅋㅋㅋㅋㅋㅋㅋㅋㅋㅋㅋㅋㅋㅋㅋㅋㅋㅋㅋㅋㅋㅋㅋㅋ
578080,0,일반전 돌리면 초보랑 500레벨이랑 매칭시켜주는 개 jot망겜 ㅇㅇ
578080,1,44444444444444444444444444444444444444444444444444
578080,1,개잼개잼개잼개잼개잼개잼개잼개잼개잼개잼개잼개잼개잼개잼개잼개잼개잼개잼개잼개잼개잼개잼개잼개잼개잼개잼개잼개잼개잼개잼개잼개잼개잼개잼개잼개잼개잼개잼개잼개잼개잼개잼개잼개잼개잼개잼개잼개잼개잼개잼개잼개잼개잼개잼개잼개잼개잼개잼개잼개잼개잼개잼개잼개잼개잼개잼개잼개잼개잼개잼개잼개잼개잼개잼개잼개잼개잼개잼개잼개잼개잼개잼개잼개잼개잼개잼개잼개잼개잼개잼개잼개잼개잼개잼개잼개잼개잼개잼개잼개잼개잼개잼개잼개잼개잼개잼개잼개잼개잼개잼개잼개잼개잼개잼개잼개잼개잼개잼개잼개잼개잼개잼개잼개잼개잼개잼개잼개잼개잼개잼개잼개잼개잼개잼개잼개잼개잼개잼개잼개잼개잼개잼
578080,1,유튜버들이 하는 영상 보면서 하게되면 실력도 늘고 재밌어짐 굿굿
578080,1,핵은없는거같은데 고여서 힘듬... 5년만에 할라니까 하나도모르겠네
578080,1,아니 저좀 도와주세요 문의하는게 너무어려워요  진짜 스팀배그하는데 이미해킹한번당해서 해결했는데 그다음부터 갑자기 영구정지되고 다른계정만들어도 계속 정지되고 진짜 스트레스받네 스팀진짜.. 도와주세요
578080,0,"맨날 뭐 좀 하려하면 컴퓨터 사양이 낮은 편도 아닌데 렉 걸려서 죽고, 게임 튕겨서 1등 놓치고 정말 너무 열 받는 게임입니다."
578080,1,핵 별로못봄 재밌음 근데 짱깨새끼들이 존나게시끄러움 씨발련들 ㅋㅋ
578080,0,"8주년 씨팔련들이 뇌가쳐없나 플레이어들 다 헤드셋끼고 겜 할텐데 음성뽕 지리게 해놨네 개념없는 병신새끼들"
578080,1,드르르르르르르르르 펑 드르르르르르르르르 총알 다못쓰고끝나는 게임
578080,1,"스팀 배틀그라운드의 장점은 스릴있다, 재미있다, 단점은 핵이 좀 있다, 부정행위를 하는 유저들이 좀 있다"
578080,0,이 겜은 아무리 뽑을 해도 뜨지도 않아요 펍지야 고소먹고 싶어? 이게 말이 되 나 밀수품 쿠폰으로 20번 하루에 넘게 뽑았는데 이게 뭐냐고 오래 한사람만 주는겨냐 펍지야 스킨이 뭐 이리 비싼거야 그냥 스킨하나 주는게 너무 어려운거야? 현질을 해야 그 멋있는걸 쓸수 있는겨냐고 그지들은 색 바뀐거 좀 못 쓰는거야? 에초에 성장 돈도 엄청나게 많이 드는데 나같은 사람 보고 그걸어떻게 지불하라고 그 색깔 바뀌고 외형 바뀐게 얼마를 때가는 거야 사탄들아 펍지야 솔직히 해명
578080,1,"j,ckcvghjgcnjgt hghdhhhhh41345347343434354---"
578080,1,"너무너무 재미있어요!!!!!!!!!!!!!!!! 저랑 게임 할사람 히히히헤ㅐ헤ㅔㅎㅎ"
578080,1,크래쉬났는데 왜 없뎃을 다시받아야 하죠?ㅋㅋㅋㅋㅋㅋㅋㅋㅋㅋ 스트레스받기 좋은 게임이네ㅋㅋ
578080,1,"단점:잘하는 사람들이 너무많아 입문하는 유저는 힘들수있음. 장점:재미있고 이런 종류의 FPS게임은 이거 하나. 단연 최고라고 할수있음"
578080,0,버그는 정지하지않쿠  정상플레이어만 죽도로 조사하는 개임회사  잘한다  ㅋㅋㅋㅋㅋㅋ
578080,1,멀미를 조금이나마 극복할 수 있게 해주었던 게임 그리고 스팀 게임중 가장 많은 시간을 보낸 게임!! 근데 가끔 컨디션 안 좋으면 심하게 도지는 . . . 혼자 해도 재미있고 친구들이랑 같이 해도 재미있어요! 점점 갈수록 고인물도 많아지고 게임 자체 디자인적 요소가 많아지고 있습니다. 그치만 핵쟁이들은 나빠!!!!!!!  멀미: ★★★★★ 또는 ☆☆☆☆☆ (하는 날은 하고 안 하는 날은 안 해서)  멀미 심한 사람들은 하면서 저처럼 극복해 보는 게 나쁘지 않을지도?
578080,1,"진짜 내가해본게임중 최고로재미있었다 이게임 무료인데 스팀깔고선 안하는사람이 없으면 하는 부동의 1위게임"
578080,0,야이 배그 개새끼야 애미 창보지 핑크보지년아 애미죽었냐 랙ㅈ ㄴ걸리게 만들어놨네 씨발새끼
578080,1,재밌다.요즘 다시 시작했는데 초반의 흥미를 되찾은거 같은 기분이다
578080,1,네네네네네네네네네네네네ㅔㄴ네네네ㅔㅔ네네네넨걍 하세요 개재밌어요
578080,1,아주 굳!!!!!!!!!!!!!!!!!!!!!!!!!!!!!!!!!!!!!!!!!!!!!!!!!!!!!!!!!!!!!!!!!!!!!!!!!!!!!!!!!!!!!!!!!!!!!!!!!!!!!!!!!!!!!!!!!!!!!!!!!!!!!!!!!!!!!!!!!!!!!!!!!!!!!!!!!!!!!!!!!!!!!!!!!!!!!!!!!!!!!!!!!!!!!!!!!!!!!!!!!!!!!!!!!!!!!!!!!!!!!!!!!!!!!!!!!!!!!!!!!!!!!!!!!!!!!!!!!!!!!!!!!!!!!!!!!!!!!!!!!!!!!!!!!!!!!!!!!!!!!!!!!!!!!!!!!!!!!!!!!!!!!!!!!!!!!!!!!!!!!
578080,0,"핵쟁이 잡을 맘은 있는거냐 진짜 경쟁모드에 핵쟁이시키들 판치는 거 진짜 역겹다"
578080,0,개 시발 사녹 밖에 안하는데 파괴 업데이트 지리게 잘해놓고 부활 쳐넣어서 막 자기장에 40명이 부대끼고 싸우는 개판을 조져놔서 꼬접하게 함 원래도 쳐 좁은데 사람 바글바글하다고 느껴졌는데 감 다 쳐 뒤진 패치를 해서 자멸하는 수준 그냥 스킨디자이너급
578080,0,업데이트를 무슨 8시간이나 하냐 ?ㅋㅋㅋㅋㅋㅋㅋㅋㅋㅋㅋ
578080,1,카카오베그는 연령제한이 있어서 못했는데 스팀은 그냥 깔아도 되서 서비스가 좋았고 상자도 잘줘요
578080,0,"많은 분들이 알고 있는 것 처럼 그나라의 음성 공격, 핵공격, 개인전에서의 티밍 등이 지속됩니다. 또한 초보자 한테는 적응하기 힘든 게임이라고 생각합니다. 예를 들어 베틀필드, 카스, 발로, 서든 등등의 fps를 하신 분들이라면"
578080,1,걍 너무 재밋음 경쟁열었는데 티어올리는것도 겁나재밌고 스킨굳이 현질안해도 에쁜거 많이 줘서 ㄹㅇ 개굴임 ㅇㅇ
578080,0,"매주 업뎃도 불편하고 업뎃중 게임불가 함 해킹이나 핵 등 불법프로그램을 못잡아서 재미 없어짐"
578080,0,ㅈ같은 짱깨새끼들 때문에 차단 당했는데 풀려면 존나 귀찮아서 그냥 접는다  지금까지도 핵 안잡고 짱깨 새끼들은 존나 핵쓰면서 잘노는거 보면 진짜 꼴받아가지고 그냥 삭제한다
578080,0,사양이 낮아 핑이 팅기면 게임에서 추방당하는 갓겜입니다 강추해요~
578080,0,배그 처음 시작하는데 여자가 중국어로 뭐 샬라샬라하는매크로  애들밖에 없어 ㅡㅡ
578080,1,진짜 이게임은 돈을 쓸수밖에 없음 스킨하나는 더럽게 잘만듬 ㅎㄷㄷ 꼭 해보시길
578080,1,"매우매우 무서운 공겜입니다  꼭 해보시길!추천드립니다"
578080,1,너무너무 재미있긴한데 경쟁전이 유료여서 너무 아쉽고 유료가 아닌 무료 였다면 전세계 사람들이 할 정도로 재미있을꺼같다
578080,1,"500WJAAAAAAAAAAAAAAAAAAAAAAAAAAAAAAAAAAAAAAAAAAAAAAAAAAAAAAAAAAAAAAAAAAAAAAAAAAAAAAAAAAAAAAAAAAAAAAAAAAAAAAAAAAAAAAAAAAAAAAAAAAAAAAAAAAAAAAAAAAAAAAAAAAAAAAAAAAAAAAAAAAAAAAAAAAAAAAAAAAAAAAAAAAAAAAAAAAAAAAAAAAAAAAAAAAAAAAAAAAAAAAAAAAAAAAAAAAAAAAAAAAAAAAAAAAAAAAAAAAAAADDDDDDDDDDDDDDDDDDDDDG,LKNGH                        SWDEFRTGYH' HJKL;' RTYUIOP[WER56783E4R5TY67UIOXCVBNM,."
578080,0,"ㅋㅋㅋㅋㅋㅋㅋㅋㅋㅋㅋㅋ 그냥 무고벤 운영진들 하는 꼬라지 진짜 개역겨움 걍 개토나옴 ㅋㅋㅋㅋㅋㅋㅋㅋㅋ 핵 안써도 썼다고 ㅈㄹ 에휴 빠가사리들 모임 ㅉㅉ"
578080,1,배그 빨리 글카 로드율 문제좀 해결해주셈;; 1월에 업뎃하고부터 원래 90%였던 글카 로드율이 40%대에서 더 올라가질 않아요..
578080,1,"장점: 진짜 재밌음 단점: 핵 유저가 개많은데 운영자들이 단속을 잘 못함"
578080,1,"이 게임은 걍 재밌어요 걍 하세요 좋은말로 할떄^^ (신고하지마세요)"
578080,0,"제가 게임도 안했는데 밴 당해있네요 이게 말이 되나 싶습니다. 정말 개 구린 게임 이네요."
578080,1,약간의 버그와 해킹 문제만 아니면 정말 좋은게임입니다 근데 자주 게임이 꺼져요
578080,0,총 쏘다 죽고 총 쏘다 죽고 총 쏘다 죽고 총 쏘다 죽고 총 쏘다 죽고 총 쏘다 죽고 총 쏘다 죽고 총 쏘다 죽고 총 쏘다 죽고 총 쏘다 죽고 총 쏘다 죽고 총 쏘다 죽고 총 쏘다 죽고 총 쏘다 죽고 총 쏘다 죽고 총 쏘다 죽고 총 쏘다 죽고 총 쏘다 죽고 총 쏘다 죽고 총 쏘다 죽고 총 쏘다 죽고 총 쏘다 죽고총 쏘다 죽고 총 쏘다 죽고 총 쏘다 죽고 총 쏘다 죽고총 쏘다 죽고 총 쏘다 죽고 총 쏘다 죽고 총 쏘다 죽고 총 쏘다 죽고 총 쏘다 죽고 총 쏘다 죽고 총 쏘다 죽고 총 쏘다 죽고 총 쏘다 죽고 총 쏘다 죽고 총 쏘다 죽고 총 쏘다 죽고 총 쏘다 죽고 총 쏘다 죽고 총 쏘다 죽고 총 쏘다 죽고 총 쏘다 죽고 총 쏘다 죽고 총 쏘다 죽고 총 쏘다 죽고 총 쏘다 죽고 총 쏘다 죽고 총 쏘다 죽고 총 쏘다 죽고 총 쏘다 죽고총 쏘다 죽고 총 쏘다 죽고 총 쏘다 죽고 총 쏘다 죽고총 쏘다 죽고 총 쏘다 죽고 총 쏘다 죽고 총 쏘다 죽고 총 쏘다 죽고 총 쏘다 죽고 총 쏘다 죽고 총 쏘다 죽고 총 쏘다 죽고 총 쏘다 죽고 총 쏘다 죽고 총 쏘다 죽고 총 쏘다 죽고 총 쏘다 죽고 총 쏘다 죽고 총 쏘다 죽고 총 쏘다 죽고 총 쏘다 죽고 총 쏘다 죽고 총 쏘다 죽고 총 쏘다 죽고 총 쏘다 죽고 총 쏘다 죽고 총 쏘다 죽고 총 쏘다 죽고 총 쏘다 죽고총 쏘다 죽고 총 쏘다 죽고 총 쏘다 죽고 총 쏘다 죽고총 쏘다 죽고 총 쏘다 죽고 총 쏘다 죽고 총 쏘다 죽고 총 쏘다 죽고 총 쏘다 죽고 총 쏘다 죽고 총 쏘다 죽고 총 쏘다 죽고 총 쏘다 죽고 총 쏘다 죽고 총 쏘다 죽고 총 쏘다 죽고 총 쏘다 죽고 총 쏘다 죽고 총 쏘다 죽고 총 쏘다 죽고 총 쏘다 죽고 총 쏘다 죽고 총 쏘다 죽고 총 쏘다 죽고 총 쏘다 죽고 총 쏘다 죽고 총 쏘다 죽고 총 쏘다 죽고 총 쏘다 죽고총 쏘다 죽고 총 쏘다 죽고 총 쏘다 죽고 총 쏘다 죽고총 쏘다 죽고 총 쏘다 죽고 총 쏘다 죽고 총 쏘다 죽고 총 쏘다 죽고 총 쏘다 죽고 총 쏘다 죽고 총 쏘다 죽고 총 쏘다 죽고 총 쏘다 죽고 총 쏘다 죽고 총 쏘다 죽고 총 쏘다 죽고 총 쏘다 죽고 총 쏘다 죽고 총 쏘다 죽고 총 쏘다 죽고 총 쏘다 죽고 총 쏘다 죽고 총 쏘다 죽고 총 쏘다 죽고 총 쏘다 죽고 총 쏘다 죽고 총 쏘다 죽고 총 쏘다 죽고 총 쏘다 죽고총 쏘다 죽고 총 쏘다 죽고 총 쏘다 죽고 총 쏘다 죽고총 쏘다 죽고 총 쏘다 죽고 총 쏘다 죽고 총 쏘다 죽고 총 쏘다 죽고 총 쏘다 죽고 총 쏘다 죽고 총 쏘다 죽고 총 쏘다 죽고 총 쏘다 죽고 총 쏘다 죽고 총 쏘다 죽고 총 쏘다 죽고 총 쏘다 죽고 총 쏘다 죽고 총 쏘다 죽고 총 쏘다 죽고 총 쏘다 죽고 총 쏘다 죽고 총 쏘다 죽고 총 쏘다 죽고 총 쏘다 죽고 총 쏘다 죽고 총 쏘다 죽고 총 쏘다 죽고 총 쏘다 죽고총 쏘다 죽고 총 쏘다 죽고 총 쏘다 죽고 총 쏘다 죽고총 쏘다 죽고 총 쏘다 죽고 총 쏘다 죽고 총 쏘다 죽고 총 쏘다 죽고 총 쏘다 죽고 총 쏘다 죽고 총 쏘다 죽고 총 쏘다 죽고 총 쏘다 죽고 총 쏘다 죽고 총 쏘다 죽고 총 쏘다 죽고 총 쏘다 죽고 총 쏘다 죽고 총 쏘다 죽고 총 쏘다 죽고 총 쏘다 죽고 총 쏘다 죽고 총 쏘다 죽고 총 쏘다 죽고 총 쏘다 죽고 총 쏘다 죽고 총 쏘다 죽고 총 쏘다 죽고 총 쏘다 죽고총 쏘다 죽고 총 쏘다 죽고 총 쏘다 죽고 총 쏘다 죽고총 쏘다 죽고 총 쏘다 죽고 총 쏘다 죽고 총 쏘다 죽고 총 쏘다 죽고 총 쏘다 죽고 총 쏘다 죽고 총 쏘다 죽고 총 쏘다 죽고 총 쏘다 죽고 총 쏘다 죽고 총 쏘다 죽고 총 쏘다 죽고 총 쏘다 죽고 총 쏘다 죽고 총 쏘다 죽고 총 쏘다 죽고 총 쏘다 죽고 총 쏘다 죽고 총 쏘다 죽고 총 쏘다 죽고 총 쏘다 죽고 총 쏘다 죽고 총 쏘다 죽고 총 쏘다 죽고 총 쏘다 죽고총 쏘다 죽고 총 쏘다 죽고 총 쏘다 죽고 총 쏘다 죽고총 쏘다 죽고 총 쏘다 죽고 총 쏘다 죽고 총 쏘다 죽고 총 쏘다 죽고 총 쏘다 죽고 총 쏘다 죽고 총 쏘다 죽고 총 쏘다 죽고 총 쏘다 죽고 총 쏘다 죽고 총 쏘다 죽고 총 쏘다 죽고 총 쏘다 죽고 총 쏘다 죽고 총 쏘다 죽고 총 쏘다 죽고 총 쏘다 죽고 총 쏘다 죽고 총 쏘다 죽고 총 쏘다 죽고 총 쏘다 죽고 총 쏘다 죽고 총 쏘다 죽고 총 쏘다 죽고 총 쏘다 죽고총 쏘다 죽고 총 쏘다 죽고 총 쏘다 죽고 총 쏘다 죽고총 쏘다 죽고 총 쏘다 죽고 총 쏘다 죽고 총 쏘다 죽고 총 쏘다 죽고 총 쏘다 죽고 총 쏘다 죽고 총 쏘다 죽고 총 쏘다 죽고 총 쏘다 죽고 총 쏘다 죽고 총 쏘다 죽고 총 쏘다 죽고 총 쏘다 죽고 총 쏘다 죽고 총 쏘다 죽고 총 쏘다 죽고 총 쏘다 죽고 총 쏘다 죽고 총 쏘다 죽고 총 쏘다 죽고 총 쏘다 죽고 총 쏘다 죽고 총 쏘다 죽고 총 쏘다 죽고 총 쏘다 죽고총 쏘다 죽고 총 쏘다 죽고 총 쏘다 죽고 총 쏘다 죽고총 쏘다 죽고 총 쏘다 죽고 총 쏘다 죽고 총 쏘다 죽고 총 쏘다 죽고 총 쏘다 죽고 총 쏘다 죽고 총 쏘다 죽고 총 쏘다 죽고 총 쏘다 죽고 총 쏘다 죽고 총 쏘다 죽고 총 쏘다 죽고 총 쏘다 죽고 총 쏘다 죽고 총 쏘다 죽고 총 쏘다 죽고 총 쏘다 죽고 총 쏘다 죽고 총 쏘다 죽고 총 쏘다 죽고 총 쏘다 죽고 총 쏘다 죽고 총 쏘다 죽고 총 쏘다 죽고 총 쏘다 죽고총 쏘다 죽고 총 쏘다 죽고 총 쏘다 죽고 총 쏘다 죽고총 쏘다 죽고 총 쏘다 죽고 총 쏘다 죽고 총 쏘다 죽고 총 쏘다 죽고 총 쏘다 죽고 총 쏘다 죽고 총 쏘다 죽고 총 쏘다 죽고 총 쏘다 죽고 총 쏘다 죽고 총 쏘다 죽고 총 쏘다 죽고 총 쏘다 죽고 총 쏘다 죽고 총 쏘다 죽고 총 쏘다 죽고 총 쏘다 죽고 총 쏘다 죽고 총 쏘다 죽고 총 쏘다 죽고 총 쏘다 죽고 총 쏘다 죽고 총 쏘다 죽고 총 쏘다 죽고 총 쏘다 죽고총 쏘다 죽고 총 쏘다 죽고 총 쏘다 죽고 총 쏘다 죽고총 쏘다 죽고 총 쏘다 죽고 총 쏘다 죽고 총 쏘다 죽고 총 쏘다 죽고 총 쏘다 죽고 총 쏘다 죽고 총 쏘다 죽고 총 쏘다 죽고 총 쏘다 죽고 총 쏘다 죽고 총 쏘다 죽고 총 쏘다 죽고 총 쏘다 죽고 총 쏘다 죽고 총 쏘다 죽고 총 쏘다 죽고 총 쏘다 죽고 총 쏘다 죽고 총 쏘다 죽고 총 쏘다 죽고 총 쏘다 죽고 총 쏘다 죽고 총 쏘다 죽고 총 쏘다 죽고 총 쏘다 죽고총 쏘다 죽고 총 쏘다 죽고 총 쏘다 죽고 총 쏘다 죽고총 쏘다 죽고 총 쏘다 죽고 총 쏘다 죽고 총 쏘다 죽고 총 쏘다 죽고 총 쏘다 죽고 총 쏘다 죽고 총 쏘다 죽고 총 쏘다 죽고 총 쏘다 죽고 총 쏘다 죽고 총 쏘다 죽고 총 쏘다 죽고 총 쏘다 죽고 총 쏘다 죽고 총 쏘다 죽고 총 쏘다 죽고 총 쏘다 죽고 총 쏘다 죽고 총 쏘다 죽고 총 쏘다 죽고 총 쏘다 죽고 총 쏘다 죽고 총 쏘다 죽고 총 쏘다 죽고 총 쏘다 죽고총 쏘다 죽고 총 쏘다 죽고 총 쏘다 죽고 총 쏘다 죽고총 쏘다 죽고 총 쏘다 죽고 총 쏘다 죽고 총 쏘다 죽고 총 쏘다 죽고 총 쏘다 죽고 총 쏘다 죽고 총 쏘다 죽고 총 쏘다 죽고 총 쏘다 죽고 총 쏘다 죽고 총 쏘다 죽고 총 쏘다 죽고 총 쏘다 죽고 총 쏘다 죽고 총 쏘다 죽고 총 쏘다 죽고 총 쏘다 죽고 총 쏘다 죽고 총 쏘다 죽고 총 쏘다 죽고 총 쏘다 죽고 총 쏘다 죽고 총 쏘다 죽고 총 쏘다 죽고 총 쏘다 죽고총 쏘다 죽고 총 쏘다 죽고 총 쏘다 죽고 총 쏘다 죽고총 쏘다 죽고 총 쏘다 죽고 총 쏘다 죽고 총 쏘다 죽고 총 쏘다 죽고 총 쏘다 죽고 총 쏘다 죽고 총 쏘다 죽고 총 쏘다 죽고 총 쏘다 죽고 총 쏘다 죽고 총 쏘다 죽고 총 쏘다 죽고 총 쏘다 죽고 총 쏘다 죽고 총 쏘다 죽고 총 쏘다 죽고 총 쏘다 죽고 총 쏘다 죽고 총 쏘다 죽고 총 쏘다 죽고 총 쏘다 죽고 총 쏘다 죽고 총 쏘다 죽고 총 쏘다 죽고 총 쏘다 죽고총 쏘다 죽고 총 쏘다 죽고 총 쏘다 죽고 총 쏘다 죽고총 쏘다 죽고 총 쏘다 죽고 총 쏘다 죽고 총 쏘다 죽고 총 쏘다 죽고 총 쏘다 죽고 총 쏘다 죽고 총 쏘다 죽고 총 쏘다 죽고 총 쏘다 죽고 총 쏘다 죽고 총 쏘다 죽고 총 쏘다 죽고 총 쏘다 죽고 총 쏘다 죽고 총 쏘다 죽고 총 쏘다 죽고 총 쏘다 죽고 총 쏘다 죽고 총 쏘다 죽고 총 쏘다 죽고 총 쏘다 죽고 총 쏘다 죽고 총 쏘다 죽고 총 쏘다 죽고 총 쏘다 죽고총 쏘다 죽고 총 쏘다 죽고 총 쏘다 죽고 총 쏘다 죽고총 쏘다 죽고 총 쏘다 죽고 총 쏘다 죽고 총 쏘다 죽고 총 쏘다 죽고 총 쏘다 죽고 총 쏘다 죽고 총 쏘다 죽고 총 쏘다 죽고 총 쏘다 죽고 총 쏘다 죽고 총 쏘다 죽고 총 쏘다 죽고 총 쏘다 죽고 총 쏘다 죽고 총 쏘다 죽고 총 쏘다 죽고 총 쏘다 죽고 총 쏘다 죽고 총 쏘다 죽고 총 쏘다 죽고 총 쏘다 죽고 총 쏘다 죽고 총 쏘다 죽고 총 쏘다 죽고 총 쏘다 죽고총 쏘다 죽고 총 쏘다 죽고 총 쏘다 죽고 총 쏘다 죽고총 쏘다 죽고 총 쏘다 죽고 총 쏘다 죽고 총 쏘다 죽고 총 쏘다 죽고 총 쏘다 죽고 총 쏘다 죽고 총 쏘다 죽고 총 쏘다 죽고 총 쏘다 죽고 총 쏘다 죽고 총 쏘다 죽고 총 쏘다 죽고 총 쏘다 죽고 총 쏘다 죽고 총 쏘다 죽고 총 쏘다 죽고 총 쏘다 죽고 총 쏘다 죽고 총 쏘다 죽고 총 쏘다 죽고 총 쏘다 죽고 총 쏘다 죽고 총 쏘다 죽고 총 쏘다 죽고 총 쏘다 죽고총 쏘다 죽고 총 쏘다 죽고 총 쏘다 죽고 총 쏘다 죽고총 쏘다 죽고 총 쏘다 죽고 총 쏘다 죽고 총 쏘다 죽고 총 쏘다 죽고 총 쏘다 죽고 총 쏘다 죽고 총 쏘다 죽고 총 쏘다 죽고 총 쏘다 죽고 총 쏘다 죽고 총 쏘다 죽고 총 쏘다 죽고 총 쏘다 죽고 총 쏘다 죽고 총 쏘다 죽고 총 쏘다 죽고 총 쏘다 죽고 총 쏘다 죽고 총 쏘다 죽고 총 쏘다 죽고 총 쏘다 죽고 총 쏘다 죽고 총 쏘다 죽고 총 쏘다 죽고 총 쏘다 죽고총 쏘다 죽고 총 쏘다 죽고 총 쏘다 죽고 총 쏘다 죽고총 쏘다 죽고 총 쏘다 죽고 총 쏘다 죽고 총 쏘다 죽고 총 쏘다 죽고 총 쏘다 죽고 총 쏘다 죽고 총 쏘다 죽고 총 쏘다 죽고 총 쏘다 죽고 총 쏘다 죽고 총 쏘다 죽고 총 쏘다 죽고 총 쏘다 죽고 총 쏘다 죽고 총 쏘다 죽고 총 쏘다 죽고 총 쏘다 죽고 총 쏘다 죽고 총 쏘다 죽고 총 쏘다 죽고 총 쏘다 죽고 총 쏘다 죽고 총 쏘다 죽고 총 쏘다 죽고 총 쏘다 죽고총 쏘다 죽고 총 쏘다 죽고 총 쏘다 죽고 총 쏘다 죽고총 쏘다 죽고 총 쏘다 죽고 총 쏘다 죽고 총 쏘다 죽고
578080,1,I don t like Battle Royale game
578080,1,yftgddd너무 재밌는대 렉더 잘 걸리고 핵도 ㄴ맣음
578080,1,배그 45분차 배린이의 험난한 입문기 처음 들어와서 처음 해보는 게임이였는데 아무 생각 없이 1층으로 내려갔는데 죽었다. 언제 온거지 싶었다.  두번째로 했을때는 팀이 차 타고 오길래 태워주는줄 알고 기다리고 있었는데 차로 치려고 하더니 팀킬을 하고 죽이고 욕설을 하였다. 슬펐다 아무리 생각해봐도 뒤에 가는 차 보고 있었는데 갑자기 내 머리를 따더니 와서 욕하면서 주먹으로 죽이는건 이해가 안간다 실수가 아닌걸까.  이 경험 이후 이 게임은 하면 안되겠다 싶어서 접었다. 의욕도 안나고 끔찍한 경험을 해서 다시는 못할것 같다.  배린이의 입문기 끝.
578080,0,이 애미뒤진련들아 뭐했다고 VAC차단을 처 맥이고 지랄이야 씹새끼들아
578080,1,존나 재밌음. 고인물 게임이지만 차타면서 판처만 쏴도 재밌는 게임.
578080,0,출시 당시에는 집에 컴퓨터가 안좋아서 못했는데 금전적 여유가 생기고 컴퓨터 좋은거 사서 24년도 처음 시작했는데 진짜 정떨어저서 이젠 못하겠음 3인칭은 거의 매판마다 핵 유저가있고 1인칭은 핵써도 봇이 많아서 추방도 안당함 핵 안쓰는 내가 바보되는 느낌이랄까... 총기간에 밸런스 차이는 어느 FPS나 다 있음 하지만 이 게임은 기본적인 공정성이 무너짐
578080,1,이거 솔찍히 고인물들이 쫌 많긴 한데 친구들하고 같이하면 못해도 재미있어요 ㅎㅎ
578080,1,존나 재밌다ㅏㅏㅏㅏㅏㅏㅏㅏㅏㅏㅏㅏㅏㅏㅏㅏㅏㅏㅏㅏㅏㅏㅏㅏㅏㅏㅏㅏ
578080,0,1. 핵을 거의 안잡음 2. 총기의 벨런스가 알맞지않음 3. 서버 분류 희망
578080,1,ZSDFASF  ASFASDFASDFASDFAA SDFSDFAS
578080,1,"아니 뭔, 오랜만에 해보겠다고 해서 쳐죽고 돌아다니다가 간신히 운 좋게 하나 눕혔더니 바로 불법 프로그램 사용했다고 정지 때려버리는 게임 관리 클라스는 어디서 나오는 개념임?"
578080,1,진짜 재미는 있는데 듀오나 팀겜할때 트롤들이 팀킬하는거 좀 막아줘요
578080,0,배틀그라운드가 점점 존버만 타면 이길수있는 메타로 변하는중임. 그냥 처음에 내리고 집에서 총 하나만 먹어놓고 구석에서 존버만 타고 있으면 알아서 애들이 찾아와서 죽어줌 근데 그걸 잡으려고 갔다가 한명한테 스쿼드 전부가 죽는 경우가 존나 많음 게임이 존나 잘못된 방향으로만 나아가고있다는것에 정석을 보여주는 게임인거같음 옛날에 갓겜이다 피시방 점유율 1등 넘볼만하다 이런소리를 많이 들었던 게임인데 지금은 보면 배그 병신겜 배그 좆망겜 배그한다고 하면 그런 병신 존버만 타면 되는겜을 왜 함? 이런식으로 바뀜 결국에 존버싸움으로 변질되서 참 아쉬운 게임인거같음
578080,1,"FPS의 새 지평을 연 게임으로, 친구들과 옹기종기 모여 쉬이 할 수 있는 접근성이 단연코 압도적이다.  플레이를 하다 보면 더 잘 쏘고 싶고, 파츠에 관해 더 나은 이해도를 갖고 싶어지는 등 인게임 내 구간별 난이도도 있어 쉽게 물리지 않는 것 또한 장점이라고 생각한다.  주기적인 업데이트를 통한 개발진들의 열정을 볼 수 있어, 향후 행보가 더욱 기대되는바이다."
578080,1,장점은 스트레스가 풀린다는 점이고 단점은 핵이 많다는 점입니다.
578080,1,tlqkf 60프레임 모니터로 하지마라 렉 ㅈㄴ 걸린다
578080,0,완전 짱 대박 쓰레기게임 핵이 판치는 지저분한 게임 비추
578080,1,그냥 핵이나 팀킬은 영정을 때려야 합니다. 안 그러면 게임을 쉽게 알고 더 합니다. 한번 해본애들은 반성을 잘 안해요. 제가 많이 당해봤어요 그리고 핵 판별 할때 프로그램으로 하지 말고 리플레이를 보세요. 요즘 핵 판별 프로그램에 안걸리는 핵도 나왔다고 합니다. 그러니 게임을 이이상 망치기 싫다면 제대로 운영을 해야 합니다.
578080,0,아니 집에서 할려고 깔았는데 컴터가 구려서 로딩도 안되고 피방가서 하려고 켰는데 청소년 이용 불가 게임이라고 떠서 못하는데 진짜 개짜증나네 나도 배그 해보고싶다고 좀
578080,1,"""⣿⣿⣿⣿⣿⠟⠋⠄⠄⠄⠄⠄⠄⠄⢁⠈⢻⢿⣿⣿⣿⣿⣿⣿⣿ ⣿⣿⣿⣿⣿⠃⠄⠄⠄⠄⠄⠄⠄⠄⠄⠄⠄⠈⡀⠭⢿⣿⣿⣿⣿ ⣿⣿⣿⣿⡟⠄⢀⣾⣿⣿⣿⣷⣶⣿⣷⣶⣶⡆⠄⠄⠄⣿⣿⣿⣿ ⣿⣿⣿⣿⡇⢀⣼⣿⣿⣿⣿⣿⣿⣿⣿⣿⣿⣧⠄⠄⢸⣿⣿⣿⣿ ⣿⣿⣿⣿⣇⣼⣿⣿⠿⠶⠙⣿⡟⠡⣴⣿⣽⣿⣧⠄⢸⣿⣿⣿⣿ ⣿⣿⣿⣿⣿⣾⣿⣿⣟⣭⣾⣿⣷⣶⣶⣴⣶⣿⣿⢄⣿⣿⣿⣿⣿ ⣿⣿⣿⣿⣿⣿⣿⣿⡟⣩⣿⣿⣿⡏⢻⣿⣿⣿⣿⣿⣿⣿⣿⣿⣿ ⣿⣿⣿⣿⣿⣿⣹⡋⠘⠷⣦⣀⣠⡶⠁⠈⠁⠄⣿⣿⣿⣿⣿⣿⣿ ⣿⣿⣿⣿⣿⣿⣍⠃⣴⣶⡔⠒⠄⣠⢀⠄⠄⠄⡨⣿⣿⣿⣿⣿⣿ ⣿⣿⣿⣿⣿⣿⣿⣦⡘⠿⣷⣿⠿⠟⠃⠄⠄⣠⡇⠈⠻⣿⣿⣿⣿ ⣿⣿⣿⣿⡿⠟⠋⢁⣷⣠⠄⠄⠄⠄⣀⣠⣾⡟⠄⠄⠄⠄⠉⠙⠻ ⡿⠟⠋⠁⠄⠄⠄⢸⣿⣿⡯⢓⣴⣾⣿⣿⡟⠄⠄⠄⠄⠄⠄⠄⠄ ⠄⠄⠄⠄⠄⠄⠄⣿⡟⣷⠄⠹⣿⣿⣿⡿⠁⠄⠄⠄⠄⠄⠄⠄⠄"
578080,1,게임 자체는 정말 재밌다고 느끼지만 가끔 다른 사람들이랑도 해보고 싶어 4인큐를 돌려보곤 하는데 매칭 된 사람 중에 중국인들이 많고 그 중에서도 매크로 음성을 마구 틀다가 탈주하는 사람들이 자주 있습니다.  후에 알기론 핵을 홍보하기 위해 녹음 된 음성을 매크로로 재생하고 있었던 것 같습니다.
578080,0,"플레이의 다양성을 추구하며 꾸준한 업데이트를 하는 것은 높이 평가할 사안이지만, 일정 시점부터 과금을 하면 더 유리하게 플레이할 수 있도록 하여 공정함을 보장하지 않는 게임이 된 이상 형평성을 갖췄다고 할 수 없습니다. 총기 밸런스는 여전히 이상적이지 않는데 반해 상식에 벗어난 스킨들만 대거 출시한다는 점에서 비추천할 이유는 충분하다고 생각합니다. 가장 중요한 비인가 프로그램을 사용하는 일명 핵쟁이들은 펍지측에서 잡아내기 위해 노력하고 있는 것을 알지만 여전히 의심에 의심을 거듭하며 게임을 해야하는 것은 명시적 사실이기에 다른 플레이어에게 선뜻 추천하기는 어려울 것 같습니다."
578080,0,아니 진짜 ** 핵 관리 안하냐 무슨 경쟁에도 핵 일반에도 핵 내가 게임을 못하는데도 핵만 만나는건 너무한거 아냐? 어디까지 핵이 있는겨
578080,1,현질 유도빼곤 다 좋습니다. 할수록 재미진데 자주 만나게 되는 핵 때문에 피곤하네요.
578080,1,시간 가는 줄 모르고 했네요 단점은 걍 중국인이 많다는 점?
578080,0,일반 유저 의견 무시하고 운영 개같이 말아먹고 스킨팔이나 하는 중국유저 원툴 겜
578080,1,"AIOHGAHLJG  DSHIOUGHISDHGOIDUSFHGOSDFG8GLKAG8GAOIR"
578080,1,LOLOLOLOLOL ㅋㅋㅋㅋ 겁나 재밌다 74시간 ㅋㅋㅋㅋㅋㅋㅋㅋㅋㅋㅋㅋㅋㅋㅋ
578080,1,PUBG Shied error라는데요...아무리 무결성 검사와 재설치를 해도 고쳐지지 않습니다. 혹시 다른 유저분들 중 해결 방법을 아시는 분이 계시다면 꼭 알려주세요..
578080,1,개꿀잼인데 왜 안함 오석이 300시간인데 나보다 못함 ㄹㅇㅋㅋ
578080,0,발적화 개심해서 이럴거면 차라리 2를 출시하세요 이 망할놈들아
578080,1,이맛에 부계정 쓰지~ 본계로 게임 하기 너무 힘들면 부계로 오세요!  본계에서 7킬 이상 하기 힘든가요? 그럼 부계로 오세요 부계에서 11킬 하고 정지 4번 먹었어요 !!! 너무 재미있어요~ 뉴비인척 하면 재미가 2배!!
578080,0,시발 핵쟁이새끼들한테 계정만 4만번을 쳐 털리고있는데 시발 응 아무튼 니잘못임~ 시전하는꼬라지 보면 진짜 싹다 모가지 쳐버리고싶다 아니 게임을 대체 어떻게 만들어두면 스팀2차인증까지 해뒀는데 계정이 털리냐 진짜
578080,1,진심 론도에서 전손 틀고 드라이브하면서 돌아댕기면 낭만이 개쩔어요 한번 해보세요 진심
578080,0,"ㅈㄴ판치는 핵. 잡으라는 핵유저는 못잡고 엄한사람 임시차단 처박는 비옹신같은 놈들 경쟁 두세판돌리면 기본 24시간 또는 72시간 밴때려서 출석보상도못받고 왜 왜 아케이드할때는 냅두고 경쟁 두세판돌리면 밴때리는가 이 ㅈ같은새기들아 게임좀하자"
578080,1,좀 핵 같은거 있긴 하지만 근데 막상 플레이 하니까 모배 하듯이 하니까 옛날 생각 나고 그리고 배그 pc는 원래부터 했었는데 좀 배린이 였지만 성장한 그런 느낌이다 일단 스팀 배그는 좀 나쁘지 않다고 본다
578080,0,뭔 씨발 짱깨년들은 다 핵쟁이네 핵 존나많으니까 그냥 다른게임하세요
578080,1,"경쟁전 유료화할꺼면 왜 무료화라며 홍보한지 모르겟다. 이게임하려고 컴퓨터 샀으니 그냥 질렀지만 말로는 핵쟁이 거르기위함이라는데 그걸왜 게이머에게 전가하나 그리고 돈주고 경쟁해야되도 핵쟁이 많아 ㅋㅋ 그냥 돈벌고 싶었던거잖아 핵쟁이좀 잡고 리니지식가챠대신 게임성좀 올려봐라... 그래도 이게임하려고 내인생이 좋은방향으로 가서 추천은 해준다(?)"
578080,0,ㅋㅋㅋ어차피 할 게임 없어서 배그로 돌아오게되어있더라 씨발것...ㅈ병신겜
578080,1,고딩 시절과 함께한 갓겜. 지금 게임분위기가 어떤지는 모르겠다.
578080,0,핵을 사용하지 않아도 무지성으로 정지를 시키는 탓에 게임을 원활하게 즐기지 못함. 심지어 정지에 대한 고객센터 대처도 너무 느리고 보상도 하나도 없음
578080,0,망겜 제가 뭐 다른 플레이어들 한테 피해 준것도 없는데 3일 정지이네요
578080,1,분명 즐겁게 게임을 하고있었는 데 갑자기 팅기더니 영구밴을 때리네.... 아니 도대체 왜 가만히 있는 사람에 머리를 빠따로 후릴수가 있어요...?
578080,0,경쟁전에 핵이 너무 많이 존재 하는데 관리자는 뭐하고 있습니까 떨어지는 경쟁 포인트는 어떻게 복구해주나요
578080,0,게임을 하던중이였는데 알수없는 이유로 이 겜만 들어가면 겁나 렉이 걸리면서 겜을 플레이할수 없을 많큼 렉이걸린다
578080,1,wwwwwwwwwwwwwwwwwwwwwwwwwwwwwwwwwwwwwwwwwwwwww
578080,0,시발 샷건이 50m에서 한방 처나고 집을 한개 털어도 템은 안나오고 뭐 게임을 시발 어떻게 하라는거임? 그럼 뭐 스발 집을 맨날 다녀야함? 가정방문 ㅈ되게 해야하나 시발 겜
578080,1,"일단 반동이 겁나심해요 어크 너무 어려워요,  엄프도 힘들어요"
578080,0,짱깨들 핵쟁이 너무 많은 스팀애들도 짱깨애들이여서 비추천
578080,1,;p;pppppppppuuuuuuuubbbbbbbbbbbbbbbbbbbbbbbbbbbbbbbbbbbbbbggggggggggggggggggggggggggggggggggggggggggggggggggggggggggggggggggggggggggggggggggggggggggg       goat
578080,0,재밌다 매우매우 재미있다. 룩딸 게임이 되어있었다. 차량 커스텀 게임이 되어있었다.
578080,1,기계들이랑 싸울 수 있는 기회를 주는 좋은 게임인것 같아요$$
578080,1,144시간 플레이했는데 베릴 반동잡기가 어려운거같아요 내가 똥손인가 ;;;;;ㅠㅠ
578080,1,재미있다 하지만 마이크로 시끄럽게 소리지르고 나가는 악성유저가 너무 많다
578080,1,다 좋음 그러나 스팀가드를 이용해도 해킹을 너무 자주당함
578080,0,ㄹㅇ 핵 ㅈㄴ 많음 시작할때 핵 추방되는거 보고 일좀 하나 싶었는데 게임 시작하면 핵 ㅈㄴ많음
578080,0,중국인이 먼저 제 친구 팀킬하고 중국인 두명이 저 팀킬하려 해서 결론은 제가 둘다 이겼는데 팀킬이라고 정지를 주네요 완전 비추천입니다 유도리가 없네요
578080,1,잠수타다 펌프로 죽은 친구야 기억나니..? 나 너 죽인 사람이야 난 아직도 그 상황이 머리속에서 잊혀지지 않아 매일 너가 떠올라 매일 그 손맛이 매일 그 피비린내가 매일 너의 표정이 너가 보고 싶어 다시 한번 죽이고 싶어 내가 잘해줄게 한 번만 더 나에게 돌아와 줘
578080,0,개병신 최적화 ㅈ도 안하는 겜 권장사양 1060에 r5 1600이라지;만 대규모 업데이트 때 마다 cpu랑 그래픽카드를 바꿔야하는 개 병신 게임
578080,0,垃圾游戏，几乎都是作弊玩家，官方一点不作为不管作弊玩家，根本不适合玩，建议新手不要玩这个垃圾游戏 This is a rubbish game. Almost all players cheat. The official government doesn't care about cheating players at all. Not suitable for playing at all. It is recommended that novices not play this kind of garbage game. 이것은 쓰레기 게임이다. 거의 모든 플레이어가 속임수를 씁니다. 공식 정부는 플레이어를 속이는 데 전혀 관심이 없습니다. 놀기에 전혀 적합하지 않습니다. 초보자는 이러한 정크 게임을 하지 않는 것이 좋습니다.
578080,1,너무 재밌습니다!! 총으로 사람 대가리를 맞출때가 잴 좋아요 그리고 함정에 빠트려서 괴롭히는 것도 재밌습니다 여러분들도 꼭 해보세요!!
578080,0,ㅅㅂ 최적화좀 해라 1060쓰는데 겜이 들어가지지가 않노
578080,1,그냥 ㅈㄴ 재밌음 근데 하는 이유는 혜안을 만나기 위해서 ㅋ
578080,1,굉장히 재밌는게임입ㄴ디ㅏ 이게 무료 ㄷㄷ 안세준와꾸 도윤
578080,0,흠.. 슈탁 개 못하는데 잘하는 척 개 많이 하네 ㅉㅉ
578080,0,이것은 중국 게임이다  너네는 중국인한테 속고 있다 현질을 하면 안돼
578080,1,생각없이 하기에 재밌고 몬스터 대가리 깨는 손맛이 있음 근데 계속하면 좀 질리고 컨텐츠가 너무 한정적임. 게다가 ㅈ같은 패치를 해서 최근에 시작한 유저는 하롤에 들어가지 못하고 거래에서 물건 팔지도 못함
578080,1,내 생존시간보다 로비에서 기다리다 낙하산 타고 내려가는 시간이 더 김 슈밤.
578080,1,개ㅐㅐㅐㅐㅐㅐㅐㅐㅐㅐㅐㅐㅐㅐㅐㅐㅐㅐㅐㅐㅐㅐㅐㅐㅐㅐㅐㅐㅐㅐㅐ재밌음
578080,0,"다시아, 에란겔 절벽 개병신임  차 스폰 좀 시발년들아 애미 다 죽이고 싶네"
578080,1,★★★☆  (타 계정으로 3000시간)  베타 때부터 했지만 이만한 배틀로얄 게임은 없었다
578080,0,해킹 당해서 영구제제 먹었는데 안풀어줌 내 돈 날리고 시간 날린 기분임 굉장히 나빠 !!
578080,1,초반에는 어렵더라도 좀 하다보면 괭장히 재미있어지는 게임
578080,1,"굉장히 재미있어요 fps게임을 즐기는 사람들이라면 한번씩 해야되죠,,! 하지만.... 이 게임은 진입장벽이 낮은 것 처럼 보이지만 굉장히 높거든요 아무튼 화이팅이에요 ㅎㅎ 감사드립니다."
578080,1,무료되고 공짜로 하니까 좋은 그래픽에 너무 양심 찔림.. 버그 쫌 있지만 그래도 할만하고 플러스는 꼭 사고싶은 느낌
578080,0,배틀그라운드 안하고있었는데 갑자기 영구정지를 당했더라구요 왜 이러는지 모르겠네요 진짜 너무 화나네요
578080,1,8년전 얼리억세스때 3만2천원 주고 친구들이랑 에란겔에서 미쳤었던 시절
578080,0,누가누가 더 좋은 핵 쓰는지 보는 게임인거 같은데  모니터링 강화했다고 하는데 한게임에서 적어도 2~3팀은 핵으로 만나는데 강화한게 맞나 궁금하네 어디에 내려도 핵이있다면 한게임에 몇명이 핵인지... 핵이라고 신고 하면 뭐하나 관리자는 멍때리고 방치하는데 핵때문에 접었다가 없어졌다길래 다시 시작했더만 또 핵때문에 접고싶네... 관리를 못할거면 핵들만 있는 서버를 만들어주던가 어떤 맵이던 어떤 게임이든 다있네 아케이드도 경쟁도 일반도 앉아도 헤드 일어서도 헤드 뛰어도 헤드 ㅋㅋㅋㅋㅋㅋㅋㅋㅋㅋㅋㅋ 신고했는데 정지를 안당한거면 사람 손으로 저런 플레이가 된다는거네? 그럼 왜 가만히 있어 다들 프로 데뷔시키지  니네가 눈깔이 ㅂ신이 아니고서야 가만히 둘수가 있는지 궁금하네  아니면 핵샾이랑 손잡고 뒷돈 받아 처먹나
578080,1,얘드라 형인데 배틀그라운드fps가 아니고 공포게임 아니냐 무섭다;; 갑툭튀 주의 키고 해라
578080,0,아니 배그야 훈련장에 섬광되는게 말이되니 샷연습좀할라면 옆에서 섬광 준내던져서 내 화면이 온통 하얗게 물든다 무슨 겨울왕국도아니고 정신좀 차려라
578080,1,딴겜하다 지쳐서 오랜만에 배그 접속했는데 생각보다 너무 재밌어서 요즘 열심히 함
578080,1,업데이트에서도 노력하는 모습이 보여서 재미있게 플레이하고 있습니다
578080,1,"친구들이랑 하면 재밌는게임 하지만 혼자 하면 개노잼게임"
578080,1,아니 재미는 있는데.. 분명 보너스로 g코인을 더 준다고 떠서 샀는데 왜 안주죠? 이러면 제가 사고싶은거를 못사는데요;; 보너스 아니였으면 안살거였는데 오류 개쩌네요 재미는 있으니까 추천 누를게요
578080,1,먼저 탈주 못하게 해주세요. 탈주하면 시간 패널티 및 정지. 블루칩 있으면 뭐해. 자기 먼저 죽고 탈주해버리면 의미가 없어요.
578080,1,"솔직히 배그 아직 재밌음 사실 거의 안해보고 해본지 얼마안돼서 더 재밌음"
578080,1,어그 스킨 드디어 뽑았다 !!!!!!!!!!!!!!!!!!!!!!!!!!!!!!!!
578080,1,시간 때우기 좋고 친구 팀킬할때가 가장 재미있었음 ㅇㅇ
578080,1,제발좀 핵 좀 잡아줘요 왜 잘만든게임을 핵 때문에 망치고 있는지 돈 벌만큼 벌었다 이건가요? 유저들 떠나기전에 정신차립시다.
578080,0,똥겜 핵쟁이들좀 잡아라 그리고 중국인은 중국인만 묶어서 게임 시켜라 다른 나라에 피해입히지마라
578080,1,FPS게임중 가장 근본있고 초심도 아직까지 유일하게 잘 지켜가며 업데이트도 새로운 내용으로 잘 하는거같고 총 하나하나의 개성과 특색이 너무 좋은거같습니다 배그라는 게임은 시작한지는 얼마 지나지않았지만 정말 재미잇고 친구들과 함계하기 좋은게임 같습니다 그러므로 배틀그라운드를 다른 유저들에게 추천하고싶습니다
578080,0,"핵반 고인물반  개병신같은겜 나같은 뉴비는 숨쉬기도 힘듬"
578080,1,"일단 확실한건 배그를 따라올 배틀로얄은 아직까지 없음 피파 마냥 대체가 안됌"
578080,1,혹시 한국서버 돌리는데 왜 중국인만 만나나요?ㅜㅠ 한국인들이 없는데 버그인가요..
578080,0,진짜 개 더럽다. 중국인이 내 계정 해킹해서 핵쓰고 정지처분받은거 풀어달랬더니 인증될만한 자료가 없다면서 해지도 안풀어준다... 재 문의도 넣어봤는데 지들은 건강한 게임을 원한다고 안된다고 하는데 억울하게 계정도용당한 일반인은 뭐가 되는거냐 진짜... 예전부터 스팀가드를 걸어놓고 현진 많이 했는데 해킹당한거면 스팀가드 왜 쓰는지 모르겠음...
578080,0,생각나서 들어오면 아이구! 내가 왜 접었는지 바로 알게되는 게임 그래도 예전에는 배그 유튜버라도 챙겨는 봤는데 겜이 점점 망가져서 배그 유튜버도 게임 접더라
578080,0,펍지 게임좆같이 운영하네 뉴비가 치킨먹는게 그렇게 꼴보기 싫었냐? 비인가프로그램? 니 애미가 비인간겠지
578080,1,정말 즐거워요 중국따거형님들의 시원한 푸쉬를 받으면 정말 게임이 미칠거같아요 상어잡이당하면서 정말 게임이 즐거워요
578080,1,너무 재미있어요 친구들이랑 하면 재미가2배에요 꼭해보세요
578080,1,아니 시발 내가 왜 씨발 진짜로 짱개 개 병신같은 새끼들한테 해킹당해서 2200시간 한거 피해 봐야됌? 그동안 배그 진심이라서 현질도 하고 핵을 한번도 쓴적이 없는데 개 좆같은 새끼들 떄문에 피해 본다는게 진짜제일 좆같음 계정 복구 찾아봐도 친절하게 되어 있지도 않고 뭐 어케 하라는거임???
578080,1,정통 FPS라서 다른 게임 하다가도 결국 돌아오는 마성의 게임
578080,0,아니 나는 부정행위를 하지않았는데 갑자기 24시간 정지를하네여;;
578080,1,솔로와 스쿼드의 차이가 얼마나 큰지 느껴주게 해준 게임. 장르가 바뀝니다.
578080,1,너무 재밌다ㅏㅏㅏㅏㅏㅏㅏㅏㅏㅏㅏㅏㅏㅏㅏㅏㅏㅏㅏㅏㅏㅏㅏㅏㅏ
578080,0,중국몽한테 스팀계정 털리면 가장 먼저 털리는 게임이라고 보시면 돼요~
578080,0,개병1신 짱깨들한테 핵으로 다 따임 코로나의 주범 사람 먹는놈들 악질 중의 악질 세계 악질 차이나 넘버99
578080,0,시발 짱깨가 내 아이디로 게임했는데 왜 제본체가 vac밴을먹는건지 슈발 풀려고해도 스팀에서 도용당한거 인증받아서 하라는데 해서 도용당한거 보내줘도 안풀어주고 광저우 거주하는 시아오쩌둥 시발련아 너 내눈에 보이면 천안문사태 한번더보게 해준다 시발련아 착짱죽짱 오늘부터 중국집도 노쇼합니다
578080,0,비밀창고 열쇠만 먹으면 짱깨가 차타고 달려와서 수류탄 까는 병신겜
578080,1,도훈이가 계속 사녹 바위에서 절 밀어요.... 그럴 때마다 부엉이가 달려와서 저에게 낙하산을 줍니다....
578080,0,병신 씨발 현질 확률 개병신 엄마 처터진 개좆망겜 님들도 꼭 현질하세요 성장형무기로~~
578080,0,재밌는 게임이지만 중국인들이 게임 ㅈ같이함. 스쿼드로 만나면 서로 때리면서 피채우는 미션하고 수류탄 막던지면서 미션 깨고 진짜 중국인만나면 게임 그냥 나감. 서버통합 안했으면 갓겜.
578080,1,일단 무료로 배푼다는게 장점인거 같은데 저는 못참고 경쟁돌릴려고 현질하긴 했는데 무료로도 사용하기 좋습니다
578080,0,해킹으로 인해 제재를 받았는데 조치를 해주지도 않는 쓰레기 같은 게임 그냥 접는게 답인듯
578080,1,요즘 일 못 나가서 배그 겜창 인생 살고 있지만 오늘을 기점으로 다시 맘잡고 배그 실력과 인생 티어가  모두 오르는 인생이 되길 기원합니다. 2025 다들 새해 복 많이 받으세요 .
578080,1,100에서 싸우고 각자에 총들로 죽이면서 1등을 하면 또 도파민이 터지고 이 게임을 계속하게돼요
578080,1,진짜 갓겜이라는 말이 나올 정도로 처음에는 어렵지만 계속 하다 보면 수ㅣ움
578080,1,the standard of battle royale genre
578080,1,여러분 절대 권장사양으로 안돌아가니까 제발 더 좋은 컴퓨터 사세요 권장사양으로 딱 컴터 맞추지 마시고... 제 친구 권장사양으로 맞춰서 했다가 60프레임도 안나와서 컴터 중고로 팔고 새로 사서 돈지랄 했어요
578080,0,"알수없는 이유로 영구정지 당하고 이후로 조치를 안해주세요 배그를 아예접게 됩니다 인게임 안에서 돈 안쓰는 걸 추천합니다"
578080,1,장점은 봇이 없고 재미가있다. 단점은 핵이 너무 많다.
578080,0,이딴 게임을 왜하는거냐  권장이 r 5 1600 에 1060인데 r 5 2600 에 3060 인데 최저 사양 으로 해도 렉 겁나 걸림 최적화진짜 개같음 내 플탐 3.9 시간중에 3시간은 로딩시간이라고 봐도 무방함;;
578080,1,재미는 정말 있지만 컴퓨터가 고사양이 아니면 랙이 걸린다는 단점이 있습니다
578080,1,걍 시발꺼 존나 재밌있음 핵쟁이들도 한번씩 있는데 그게 매력임 플러스 사서 한번씩ㄱㄱ
578080,0,일단은요 뽑기 ㅈ망겜이고요 맵도 ㅈㄴ 재미가없고요 맨날 처 돌려서 내는거 보면 약간 @ㅐ미가 뒤진거 같고요 신 맵좀 내주면 좋겠고 과금유도 뒤지기 싫으면 적당히 하면 좋겠습니다
578080,1,핵만 좀 없었으면 더 좋았을듯... 핵을 너무 못 잡음.. 1레벨 짜리들 개잘쏴서 데스캠 보면 부계정인가? 하는 의혹과 함께 죽기 전까지는 나에게 고정 되어있는 에임이 죽자마자 미친듯이 튀는거 보고 핵이라고 확정지음. 핵 때문에 할 마음이 사라지는 건 사실이지만 게임자체는 재미있음. 핵만 어떻게 좀 해줬으면 하는 바램. 그래도 요즘은 예전보다 경기 추방이 빠르게 진행되니 조금 더 기다려야 하나 하는 생각도 듦.
578080,1,그냥 존나 재밌어요 경쟁도 현질안하고 할수있으면 너무 좋겠습니다
578080,1,배그는 스트리머들의 영상만 보다가 시작했다. 처음 시작했을때는 굉장히 어려웠는데 지금은 재밌다. 특히 M24. 이거 쏘는 맛이있어서 좋다.
578080,0,소...솔직히 유입들이 하기엔 너무 힘들어졌다 생각해요...
578080,1,핵쟁이 하나도 없고 재밌고 짜릿하고 색다르다 왤래 발로 하다 와서 fps 게임 다 질리는데 배그 만큼은 재밌다
578080,1,GOOOOOOOOOOOOOOOOOOOOOOOOOOOOOOOOOOOD
578080,1,"Fantastic anti cheat, grow from failures. They caught me that I opened the cod mw2019 unlock tool 씨팔."
578080,1,"분명 나는 쐈는데 내가 졌다면 9탄이고 분명 존나 맞출려는데 빗나가면 7탄이고 근본은 5탄총이다 참고로 난 베릴쓴다"
578080,1,유료화때 플레이할때부터 지금까지 배그를 사서 후회한적이 없었다...
578080,1,"아니 저기요 전 한국사람 17살인데여 애초에 제가 핵을쓰면 골드 5에 있어요?ㅋㅋㅋㅋㅋㅋ 진짜 어이없네 최근에 3만원 현질에다 경쟁까지 샀는데 이건 아니지 시발련들아"
578080,1,"56 세원이 또 왓다56 세원이 또 왓다56 세원이 또 왓다56 세원이 또 왓다56 세원이 또 왓다56 세원이 또 왓다56 세원이 또 왓다56 세원이 또 왓다56 세원이 또 왓다56 세원이 또 왓다56 세원이 또 왓다56 세원이 또 왓다56 세원이 또 왓다56 세원이 또 왓다56 세원이 또 왓다56 세원이 또 왓다56 세원이 또 왓다56 세원이 또 왓다56 세원이 또 왓다56 세원이 또 왓다56 세원이 또 왓다56 세원이 또 왓다"
578080,1,핵쓰는 짱개새끼들이랑 같은 큐 잡히면 기분 좆같아짐. 그거 빼곤 재밋음
578080,1,FPS 게임이라 재미있고 파밍하고 팀원과 같이  적이랑 싸우는게 재미있다
578080,0,갑자기 싸우고 있는데 팅기는게 맞나요 ? 마지막 치킨전인데 팅겨가지고 못먹었는데 이런 억까를 만들어요 ;
578080,1,평소에 롤만하다가 한판해봤는데 200레벨까지 와버렸네여... 계속 해도 질리지 않아요 핵만 잡아주시면 완벽한 게임입니다.
578080,1,아니 진짜 개재밌는데 경쟁전이좀 많이 비싸서 경쟁전 비용만 무료로해주면 진짜 생 완벽 똥꼬 ㄹㅇ 노무현이 인정하고 윤석열이 인정한 개쌉 인정겜
578080,0,"핵쟁이가 너무 많음 핵을 잡아도 해킹계정이라 피해는 다른 사람이 봄"
578080,1,배그 일단 좆같을때는 진짜 개 좆같음 억까나 낙사 버그 하지만 치킨 먹을떄 이 뽕맛은 진짜 맛도리다
578080,1,머 배그라고하면 끝이조^^ 거기다 스팀쪽이 좀더 심참이라던지 사람이라던지 많음
578080,0,요즘 하는 꼬라지 보면 그냥 시발 옛 배그가 ㅈㄴ 그리워진다 돈은 돈대로 쳐먹으니 하지마셈
578080,1,t1qkf 안들어가져요 창모드랑 화질도 바꿨더만 안들어가져요 훈련장 들어가야 연습을 하는데 안 들어가진다고요
578080,1,진짜 발로란트하다가 배그로 넘어오니까 배그가 진짜로 힐링게임인걸 알아버렸습니다
578080,1,"FUBG은 누구인가?  맹인에게, 그는 눈이다.  배고픈 자에게, 그는 요리사이다.  목마른 자에게, 그는 물이다.  FUBG이 주장하면, 나는 동의한다  FUBG이 말하면, 나는 듣는다.  FUBG에게 하나의 팬이 있다면, 그건 나일것이다.  FUBG에게 팬이 하나도 없다면 나는 이세상에 없을 것이다.  Faker, me"
578080,1,활동 게임이지만 친구들이랑 해서 팀킬 하는 맛이 좋아요
578080,1,아니 시발 짱깨 새끼가 내 계정 핵써서 정지먹었는데 어떻게 안되요 시발?? 정지 풀어주세요ㅠㅠ 최근에 경쟁할수 있는거 패스 샀는데 시발 정지 풀어달라고요ㅜㅜ
578080,1,이은성 서동민 내 뉴진스 하니 스킨 15만원짜리 환불해줘라
578080,1,라떄는 말이야 배그 초창기가 개 씹 명작이였어 핵이 난동을 피우던 시절을 아니? 지금의 핵은 옛날 의 그  지옥을 못봐서 그렇다
578080,1,개인적으로 너무 괜찮게 플레이했고 너무재밌어요 무조권 추천
578080,1,재밋ㄱ어요 홍성현은 너무 못해요 그래도 게임은 재밌어요
578080,0,정말 좆같은 게임이네요 비추천 합니다 엄마가 단단히 뒤진 게임이 분명합니다
578080,1,항상 재밋게 하고  있는게임이고 여러가지 맵 모드 기타등등있어 재밋고 배린이와 고인물 차이점이 큼
578080,0,상식적으로 킬뎃 0.6 평균피해량 100인 유저가 핵으로 신고당해서 정지되는게 말이 된다고 생각하냐? 문의해도 똑같은 매크로 답변만보내고 유저 개병신으로보는데 닼닼 인수해서 넥슨 뒤에서 칼찌한 그저 병신기업답다 씨발련들아 ㅋㅋ 겜못하면 접으라도 아니고 개좆같이 운영하네 ㅋㅋㅋ
578080,1,재밌지만 최적화좀 했으면 좋겠음 cpu온도 너무 올라감
578080,0,핵도 안쓰는데 중국인한테 계정 털리고 복구 하고 게임하는데 하루 지나니까 영정때림 ㄹㅈㄷ 게임
578080,0,아니 씨벌 매번 패치 할 때마다 1인으로 설정해 놓은거 왜 자꾸 4인으로 바꿔놓지 말라고 썩을 놈들아.  시작할 때마다 원치않던 4인 플레이 들어가기 싫다고 이 미친놈들아.
578080,1,고인물 하나도 없어요. 솔직히 저 같은 초보가 해도 딱 좋은 게임입니다. 어서 해보세요! 이 게임을 하고 mit에 합격하고 이른 나이에 교수가 되었습니다.
578080,1,진짜 재밋어요 항상 치킨먹어요 핵쟁이 들도 벌써 9명이나 검거했어요 참잘했어요
578080,1,해킹으로 사라진 제 게임을 찾습니다... 프로필에 정지기록 떠있는거 너무 치욕스럽고 불쾌함... 나 핵 안썼다고...쓰는 법도 모른다고...
578080,0,배그는 중국을 버리지 못해서 망한것이다. 그외의 문제도 많겠지만...
578080,0,배그 시발 새끼들 뽑기 진짜 ㅈ같이 해놨네 죽일까 진짜....아니 인간적으로 100번정도 뽑으면 양심껏 5~6번은 나와야하는거 아님? 근데 ㅅ2222ㅂ 이건 사람 호구로 보나 아오 이 망할 배그 그냥 뽑기하면 안됨 기대를 하면 안됨 그냥 ㅈ망겜임
578080,1,정말 재미있는 게임이지만 너무 한국인이 없는거 같아요 그리고 중국인 너무 많아요 한국인이랑 하고싶어요
578080,0,잘만 플레이하고 있었는데 갑자기 다음날 웹사이트에 연결할 수 없다 뜨고 아예 실행이 안되는데 무슨 이유인지도 모르고 이게 왜 이럴까요
578080,1,"this game download speed is purking shit that, why you made this game like dog, please turn on the speed very ulrta super fast"
578080,1,핵 때문에 억까 당할 땐 열받고 화나지만 킬하고 우승하면 기분 좋아져서 겜 하게 됌ㅋㅋ
578080,0,5판 중 4판은 핵 만남 중국서버랑 왜 통합한 지 모르겠음
578080,0,"스팀가드달고 해킹당함 재화 복구해달라니까 거부함 핵도안잡음 ㅆㅂ 어쩌란건지"
578080,1,스배는 정말 완벽한 게ㅐ임입니다 하지만 들어갈때 렉이 너무 심ㅎ매서 싫어요
578080,1,배그가 재밌긴함 콜라보도 많이하구 fps좋아하는분들은 한번씩 해보는것을 추천드립니다
578080,1,이러니 저러니 해도 한국 게임중에 이만한게 없다잉?  7 / 10
578080,1,요새 게임들 하면 배그만한 게임은 또 없어서 더 좋아지길 바라는건 기대하진 않음. 요새 핵 너무 많던데 신경 써주면 좋을듯 하다.
578080,0,일단 뉴비 입장에서 글을 써보자면...핵인지 뭔지는 솔직히 내 실력이 아직 ㅄ 이라 잘 모르겠고...시스템 상으로 문제가 있는 건 중간중간 살짝씩 끊김?이 심하다는거.  사양 올려보면 cpu는 i9 급에 rtx 4090 씁니다. 노트북 용이긴 하지만 전력 175w급 끌어다써서 배그는 문제없이 돌리 사양이라 생각하는데 진심 잔렉이 너무 많음. 그래픽카드 드라이버도 업데이트 해봤는데 별로..  암튼 게임은 개인적으로 재미져요. 뉴비가 들어가기에 난이도가 너무 지금은 고인물들이 많아서 문제긴 하지만ㅋㅋㅋ 쨌든 개인적으로 잔렉 때문에 좋은 점수는 못 줄 듯.
578080,1,재밌있다 총게임을 많이하는 사람은 좋아한다 fps잘하는 사람도 좋아한다
578080,1,존나 재밌는데 중국인 개 시발럼들이 팀킬 존나 함 개 병신같은 중궐라년들
578080,0,예.... 5년전부터  해던 유저 입니다  예날  그감성  다  어디갔죠?
578080,0,한국서버를 중국서버에 편입시키는 짓을 할거면  게임을 라이브러리에서 삭제하는 이벤트도 같이 했어야하지않나?
578080,0,핵좀 잡아줘라 10판하면 뭔 반타작으로 다섯 판에 한 명 꼴로 있냐
578080,0,"존나 노잼 그냥 노잼임 레드존에 죽는확률인 100프로인듯 솔ㅈㅣㄱ히 핵은 안잡고 스킨민ㄴ 존니 미ㅏㄴ들어재    ㅈ;ㄴ찐 ㅅ;ㅣㄹ망이다"
578080,1,진짜 갓겜갓겜하는 이유가 다있음 겜자체도 꿀잼이고 태이고 맵같은 경우에도 한국맵 고증을 진짜 잘살린듯 배그 인생겜 ㄹㅇ
578080,1,핵이 있어서 짜증 날때도 있지만 총게임 이어서 재미있다.
578080,0,뭔 오류가 시@@@@@@@@@발 이렇게 많냐  해결해야 하는게 좆ㅈㅈㅈㅈㅈㅈㅈㅈㅈ나 많아요 뷰웅ㅇㅇㅇㅇㅇㅇㅇㅇㅇ신겜
578080,0,ㅋㅋ 진짜 중국 혐오 할수밖에 없네 결국 내 아이디도 영정 시켜버리기~~~ 참 짜증이 안날수가 없네 ㅉ
578080,1,이것만 매일 하고있음 대체할수있는 게임이 나와야 빠져나갈텐데 ^^;;;;
578080,1,ㄴ ㅐ ㄱ ㅏ 마 ㄹ 하 느 ㄴ ㄷ ㅔ ㅆ ㅣ ㅂ ㄴ ㅗ ㅈ ㅐ ㅁ
578080,0,"업데이트 후 게임실행이 안됨 컴퓨터 끄고 다시키고 이런짓을 해야 겨우 가능"
578080,0,이딴게임하지마세요 정신적으로 이상해지고 일상생활도 못할정도입니다.
578080,1,아니 진짜 중국인들 개많아서 게임이 안들어가져요 패치좀 제대로 해줘요 좀 ㅉㅉ
578080,1,이게임을 시작하고 나서 인생이 달라지진 않았습니다. 방구석 게이머가 게임 정도 한다고 해서 인생이 바뀌지는 않겠죠 하지만 마이크를 키고 모르는 사람들을 만난다는 경험이 얼마나 값진 경험인지 모르고 살왔던 과거에 비해서는 정말 달라졌죠 처음보는 사람과 단시간에 가까워져서는 실제로 목숨을 건 전투를 하듯이 몇년은 같이 생활했던 전우인것처럼 우리는 함께 할 수 있었습니다. 게임뿐이어도 이렇게나 사람들과 함께 하는것이 즐거운데 실제로 만난다면 어떨까 싶어지더라구요. 저는 문밖을 나갔고 세상을 만났습니다.이제는 동작대교를 건너며 사녹에서 인서클을 하듯이 출근을 합니다. 감사합니다.
578080,1,대황 김x서 찬양하라 나를 이 게임으로 초대하였다 역시 김x서
578080,1,"my lover love this so i started it good date"
578080,1,"안녕하세요 이 게임은 좀 아쉬운거 같아요 운영자분 제가 한 마디만 하자면... ""아 쉬운거지."""
578080,1,숨참고 러브다이브 우우우우우 라라랄라라랄 우우우우우우 숨참고 러브다이브
578080,1,핵이 조금있기는한데 그래도 할거없을떄? 아니면 방송 컨텐츠로도 나쁘지않네여 dd good!
578080,1,친구 없는 찐따가 하면 재미 존 노잼 우우우우ㅜ우우ㅜㅜ
578080,1,게임이 전체적으로 깔끔하고 fps게임 좋아하시면  이게임 추천드립니다 스릴넘치고 각각의 외형이나 스킨등 여러가지 재미있는 게임아라고 볼수있습니다.
578080,1,에이징커브가 실시간으로 오는게 느껴져요 하면할수록 죠랄사를 더 많이함 어쩌다 한번씩 오는 도파민에 중독되서 계속 하게됨
578080,1,"너무 재밌습니다  현실적이고 적당히 게임하기도 편하고 좋아요"
578080,1,"중국인들의 핵과 비매너 한국유저,총기 밸런스 문제가 좀 심하지만 재밌긴 함"
578080,0,짱개들이 신고 했다고 아무 잘못없는 내가 무고벤 당하고 72시간 정지 개같은거 그냥 현질한거 환불해주세여 아이디 버릴테니까
578080,1,생존 FPS게임 중에 이만한게 없다 아쉬운것은 핵을 잡지 못하고 지속된다는것
578080,1,이 게임이 진짜 운빨이랑 실력 모든게 다 필요한 게임이 아닐까 합니다.
578080,1,아니 게임 자체는 재밌거든요? 근데 핵이랑 이런게 졸라 많아요
578080,1,그냥 모바일 배그 하다가 컴퓨터 배그를 하니깐 엄청 그래픽더 좋고 엄청 부르럽개 잘되네여 제가 게임 하는것 중에서 재일 재밌어요 다른 사람들이 컴퓨터 배그를 하는 이유를 알것같은데요 모든 사람들이 컴퓨터 배그를 하는것을 추천 들어요 스킨도 잘뜨고 이밴드도 엄청 많이 해줘서 너무 좋네요 저는 이게임에 대해서 엄청난 만족을 하고 있습니다 컴퓨터가 안좋으면 조금 화질도 깨지고 랙 좀 조금 걸릴 것같은데 제 컴퓨터도 좋은게 아닌데도 엄청 게일이 잘돌아 가네요 진심으로 컴퓨터 배그를 추천 드림니다 다른 사람들고 소통 하면서 게임 하는 걸 제일 좋아 하는데 컴퓨터 배그는 모든 사람들이 게임 하면 좋겠네요
578080,0,컴퓨터 좋은건데 계속 튕기고 아무것도 안했는데 부정행위로 정지시켜 버리네요 14만원 돌려주세요 진짜..
578080,0,"병신게임, navagio.sys가 뭔지는 모르겠는데 이 시@발련 때문에 게임 다시 다운 받는중. 운영은 핵을 잡을 생각이 없으며, 이미 만들어 놓은 게임으로 쌀먹만하려고 하고. 짱깨인지 우리나라 사람인지는 모르겠는데 핵쓰는 새@끼들 바글바글하고, 시발"
578080,1,같은나라 사람끼리 만나게 해주는건 너무 좋은거 같음 그래도 특정 맵이 자주뜨는건 어쩔수 없나봄
578080,1,카카오라이언 스킨 다시 나와라 사줄게 제발............
578080,1,여긴 총이 야발 다 좋음 근데 초보가 들면 그냥 딱총이 돼어버림 링스든 애땁이든 걍 다 딱총이 돼어버림
578080,1,가끔 끌릴 때 하면 재밌음 사실 그냥 수다떨면서 드라이브 하는 쪽을 좋아하지만 친구들은 모두 사녹만 플레이해서 차를 탈 기회가 많지 않다
578080,1,이 게임 지우면 생각나서 다시 깔고... 이 게임 지우면 생각나서 다시 깔고...이 게임 지우면 생각나서 다시 깔고...이 게임 지우면 생각나서 다시 깔고...이 게임 지우면 생각나서 다시 깔고...이 게임 지우면 생각나서 다시 깔고...이 게임 지우면 생각나서 다시 깔고...이 게임 지우면 생각나서 다시 깔고...이 게임 지우면 생각나서 다시 깔고...이 게임 지우면 생각나서 다시 깔고...이 게임 지우면 생각나서 다시 깔고...
578080,0,최적화 쓰레기같은 머저리게임. 싸가지가 없음. 업데이트 하면 할수록 렉만 쳐 걸리고 유저한테 알아서 하라고 강요하는 게임.
578080,1,하하 너무 재밌있다 하 하 하 하 하 하 하 하 하 하 하 하 하 하 하
578080,1,일단 fps 근본 게임이고  질리지 않게 할 수 있음  잘하면 ㅋㅋㅋㅋㅋㅋㅋㅋ
578080,1,아주 재밌지만 한편으로는 죽을때마다 ㅈㄴ 킹받지만 아주 재밌지
578080,0,"해킹을 당한것도 억울한데 지금 현재 배틀그라운드 프로그램에서 강갑적인 재제를 받고 있어 힘든 상태입니다 스팀 가드를 사용했음에도 해킹을 당하였고 지금 플레이를하면 조그만 반응을빨리하는순간 배틀그라운드 자체에서  프로그램이 부정프로그램의심으로 24시간 계정 검사를 한다고 게임중 바로 팅겨버리네요 현재 4회째 진행했으면  앞으로도 당할거같아 플레이 영상을 촬영하면서 게임진행중입니다 플레이어가 억울함을 당했으면 그렇지 않게  도와주지못할망정 더한다고 생각하네요 즐거운 플레이를 위함및스트레스를 풀기위해 하는게임에서 점점 더 극한 스트레스를 받으면서 게임중입니다 이런점에서 해킹당하지않을 자신있는분만 플레이가능할거같네요  (운영관리자에게 문의를 해도 그어떤 관리자도 늘똑같은 매크로식 답변을 보내고있음) (해결방안 없음) (배틀그라운드에서 프로그램이라 어쩔수없다고함)(그 프로그램을 만들었으면 해결방안도 만들생각을못함) (결론:게임은 재미있다 하지만 해킹과동시에 아이디는 그냥 없애 버려야한다)"
578080,0,맨날  업뎃  이따우고  좀  한번에  잘하면 안되나? 현질은  졸 라 유도하면서  서버 관리 개판이고 \
578080,1,"추천은 하지만 고인물이 너무 많아서 뉴비가 즐기기 어려운 것 같다. 완전 분리를 해주거나 AI 횟수제한 없었으면.."
578080,1,"일단 난 이게임을 산지 오래됬지만, 혼자 했을때의 충격은 절대 예상할수없는 미친공포였다. 난 원래 뒤에서 따라오는것도 무서워하지만, 소리가 갑자기 펑 쾅 쫭! 이런것들에 대한 무서움이 많다. 어쨌든 처음에 혼자했을때 소리가 뒤에서 났고 개무서워서 방에 숨어있었다. 숨어있으면 소리들리니까 괜찮겠지..  위에서 발소리가 쿵쿵쿵!!! 콩콩콩!! 꽁꽁꽁!! 나길래 나도 소리안내고 조용히 숨어있었다. 그러면서 창문으로 밖에 여기저기 조심스럽게 귀신피하듯이 보고있는데 갑자기 누가 개빨리 쾅쾅하면서 총을 개큰소리로 드르르를륵!!!!! 나는 아아아아앆ㄲㄲㄲㄲㄲㅇㄴ러ㅏㅇ너라 ㅅ어 라발 하면서 게이밍 체어에서 넘어짐. 그 공포는 정말 아직도 생생하다.  그리고선, 몇년이 지난 최근. 케쥬얼이라는걸 접했다. 배그 케쥬얼은 8명 빼고 다 NPC라 할만하다.  친구들과 4명이서 하는거라 재미있기도하고 요즘엔 또 한국사람들도 매치해준다. 따라서 결론은 요즘 배그 (케쥬얼) 할만하다. 만약 할사람이 없다? 하면 여기(밑에링크)로 와라. 무조건 환영해줄게.  다시한번 말하지만 나같이 쫄보에 똥손도 재미있게 할수있다.  하지만 중요한거 하나. 헤드폰 2.1쓰면 안된다. 총소리나 발소리는 어디서 나는지는 파악가능하게 가능한 5.1헤드셋을 사용하도록.  나같이 즐겜러들을 위한 게임 커뮤니티 디스코드 >>> https://discord.gg/2RE4E9DnDf"
578080,0,짱깨어 쓰는 새끼들 보면 99% 문화대혁명 살아남은 짐승새끼들이고 1%가 따거임
578080,1,왜 나만 총 안떠왜 나만 총 안떠왜 나만 총 안떠왜 나만 총 안떠왜 나만 총 안떠왜 나만 총 안떠왜 나만 총 안떠왜 나만 총 안떠왜 나만 총 안떠왜 나만 총 안떠왜 나만 총 안떠왜 나만 총 안떠왜 나만 총 안떠왜 나만 총 안떠왜 나만 총 안떠왜 나만 총 안떠왜 나만 총 안떠왜 나만 총 안떠왜 나만 총 안떠왜 나만 총 안떠왜 나만 총 안떠왜 나만 총 안떠왜 나만 총 안떠왜 나만 총 안떠왜 나만 총 안떠왜 나만 총 안떠왜 나만 총 안떠왜 나만 총 안떠왜 나만 총 안떠왜 나만 총 안떠왜 나만 총 안떠왜 나만 총 안떠왜 나만 총 안떠왜 나만 총 안떠
578080,0,과금 유도 ㅈ되고 핵 판치고 중궈들 넘치고 버그 ㅈㄴ많고 운영 ㅈ같이 하냐 시발겜 첨에 할때는 좋았는데 가면갈수록 망해가는 느낌이 드네; 조만간 망하겠노
578080,0,게임 ㅈ같이 만들고 있네 ㅆㅂ 은신처 확율을 이 ㅈㄹ로 만들면 누가 뽑으라고
578080,1,일단 재밌기함 근데 고인물들 많아서 뉴비들 갈려나가는 게임은 맞는듯
578080,1,"아케이드성이 섞여있는것은 분명하지만 이만큼 친구들이랑 재미있게 게임할수 있는게 있을까 싶습니다. Thank you PUBG."
578080,0,서버 통합하고 춘장핵때문에 제대로 망했는데 스팀 테라 재오픈 안하나요?
578080,1,"여러분들도 500시간 이상하면  베릴 에임 잡을수있어요"
578080,1,아직 착해지지 않은 중국인들이 많이 있는거 같습니다 ㅎㅎ..
578080,1,서든만하다 배그하니까 차원이 다르게 어렵고 재밌고 신선함..
578080,1,게임 ㅈ같네요 ㅎㅎ 금색이 연속3개가 떴는데 다 구데기를 주시네요 ㅎㅎ 이딴 게임은 다신 안할 것 같네요 ㅎㅎ
578080,1,개꿀잼 근데 경쟁가면 핵쟁이랑 중국인들이 많아서 소통이 좀 힘들어요
578080,1,오랜만에 다시 시작 했는데 모배에 비해서 훨씬 낫고 점점 컴배가 성장해 가는게 눈에 보임
578080,0,핑이 5000까지 올라가고 계속 튕겨서 게임을 5시간 동안 한판도 못해봤어요
578080,0,분명히 로비 화면까지 들어가졌는데 아무것도 안눌리고 마우스랑 키보드도 안먹혀요 제 계정만 그런가요? 버그 수정 제발 부탁드립니다. 이것 때문에 게임 하나 들어가는데 10분이 걸려요 그래서 게임을 하고 싶어도 못하는데 빨리 좀 부탁 드립니다
578080,0,"언노운 크래쉬 많이뜸 1시간간격으로 연속으로 뜰때도있음 컴사양 좋은데"
578080,0,이 크래프톤 망할것들은 매칭도 제대로 못잡으면서 핵은 핵대로 못잡는 레전드 게임사임
578080,1,게임은 마음에 드는데 왜??? 게임을 ㅅ1ㅂ 한판할려고 키면 로딩이 안된다고요!!!!!!! 여러번 켜야된다고욬ㅋㅋㅋ
578080,0,짱77ㅐ 하나 실수로 죽여도 팀킬정지 1주일 ㅋㅋ ㅂ신겜
578080,1,TLQKF 이 게임 절대 하지 마세요 중국인 짱개 호로몬 남성호로몬 분비 안된 친구들이 많습니다.
578080,0,ㅅㅂ 24만원 질렀는데 얼티밋 크로마만 나오고 성장형 스킨만 안나오는게 맞냐 그리고 천장이 그게 맞냐 다른 가챠겜도 천장 그정도면 나온다
578080,0,게임 핵이나 불법 프로그램을 사용한 적이 없는데 왜 영정인가요 이해가 안 되네요
578080,1,"FPS가 끌리게한 첫 게임  아직 뉴비이지만 재미있게 즐기고있습니다"
578080,1,정말 품격이 넘치는 게임입니다. 똥을 맛있게 말아먹는 느낌이에요
578080,1,진짜 인생 게임. 내가 컴터 생기고 나서 제일 처음으로 했던게임인데 벌써 1년이 지남 아직도 배린이여서 맨날 치킨을 못먹음 하지만 일등을 못해도 재밌는 인생 갓겜
578080,1,일단 배그는 고인물들이 많아 혼자서 배그를 플래이 한다면 공포와 fps를 동시에 느끼고 중간에 저격하는 애들이 *같지만 상당히 재미가 있으며 그냥 실력을 키울수록 저 자신이 사이코가 되는 과정을 보는것 또한 재밌습니다.
578080,1,빠지면 그냥 망합니다 나올 수가 없어요 에반게리온급 에바수준
578080,1,재밌습니다 꼭 한번 해보세요 진짜 노캡으로 재밌음 ㅅㅅ
578080,0,개병신 장애인 게임 이거 왜함? 파밍하면 뭐함 어차피 뒤지는데..
578080,1,"이 게임을 하는동안 치킨을 ㅅ발 먹어본적이 없다. 이정도면 닭 목장을 차려도 8천평은 됐겠다"
578080,1,"잊을만하면 하게 되는;; 생존fps 시초이자 제일 익숙한겜"
578080,1,gheqhfsh vnjabf qEbwacbjqlqsda
578080,1,"정말 대단한 게임. 이 것은 중국산이 아닌 한국산, 펍 지크 래프톤, 매우 대단!한."
578080,0,제가 배그를 많이 하는데 치킨을 한번 밖에 못먹었어요 이게 말이돼요???? 네???????
578080,1,핵같은 사람 신고하지말고 나 죽인 사람만 신고해도 반은 정지먹더라
578080,0,패스 올리기 시간대비 보상이 너무구림 그리고 중국풍 그만 내라
578080,0,슬슬 핵이 기어나오며 유저가 고통받는데 하드밴은 안먹임
578080,0,게임 정지좀 풀어주세요 예전에 중국인들한테 계정 먹히고 저도 모르게 정지당했네요..
578080,1,베그는  참  재밌는 게임인것같습니다 배그는 보면 볼수록  현실감이 넘치는 정말 재밌는 게임이예요 추천드립니다
578080,1,게임은 재미있는데 RTX 4060 램 48기가 기준 최대로 그래픽 낮춰도 렉이 엄청 걸림.
578080,0,피시방에서 배그 렉 걸린다는 이야기는 내가 처음일까요?
578080,1,겁나 재밌음 진짜 강추 합니다 한번 해보세용 뾰로롱 방구 뿌직
578080,0,무고벤이 너무심함 플레이영상볼생각도없고 문의 하면 메크로식 답변 20만원이상 현질하면 뭐합니까 무고벤으로 게임이용제한해버리는데
578080,1,아오 진짜 핵쟁이 죽여버리고 싶네  펍지는 걍 핵쟁이 잡을 생각이 없음 ㅇㅇ 근데 생각이나서 하고있음
578080,0,스킨도 없는데 왜 크로마를 주는건지 이해가 가지않음  0.2프로의 확률을 뚫어도 기분만 더러워지는 신기한 게임
578080,0,갑자기 해킹 쳐 당하고 시간 지나니까 계정 영구정지 이게 맞냐? 문의 넣어봐도 증거 없으면 안된다 해서 답이 없음 걍
578080,1,재밌음재밌음재밌음재밌음재밌음재밌음재밌음재밌음재밌음재밌음재밌음재밌음재밌음재밌음재밌음재밌음재밌음재밌음재밌음재밌음재밌음재밌음재밌음재밌음재밌음재밌음재밌음재밌음재밌음재밌음재밌음재밌음재밌음재밌음재밌음재밌음재밌음재밌음재밌음재밌음재밌음재밌음재밌음재밌음재밌음재밌음재밌음재밌음재밌음재밌음재밌음재밌음재밌음재밌음재밌음재밌음재밌음재밌음재밌음재밌음재밌음재밌음재밌음재밌음재밌음재밌음재밌음재밌음재밌음재밌음재밌음재밌음재밌음재밌음재밌음재밌음재밌음재밌음재밌음재밌음재밌음재밌음재밌음재밌음재밌음재밌음재밌음재밌음재밌음재밌음재밌음재밌음재밌음재밌음재밌음재밌음재밌음재밌음재밌음재밌음재밌음재밌음재밌음재밌음재밌음재밌음재밌음재밌음재밌음재밌음재밌음재밌음재밌음
578080,1,꽁짜 이벤트로 상자깡했는데 0.9퍼 확률로 어그스킨 뜨는 거 보니깐 나쁘진않음
578080,0,아니 인갅적으로 매칭 잡히고 비행기까지 뜨는데 씨발 왜 자꾸 매칭중인 화면만   뜨내고 게세끼들아
578080,0,한적도 없는 배그가 플레이타임이 계속 늘어나요!  운동장같이 뻥뻥뚫린 스팀보안으로 쨩3깨인지 동남아인지가 해킹해서 들어와서 지 얼굴까지 프로필사진박고 내 계정으로 배그를 한다니까요!  혹시나 운영진이 보게 된 다면 내 배그계정 영구벤좀 때려줘요 꼴받으니까
578080,1,중학교때 부모님 몰래 피시방가서 친구들이랑 3~4인큐 돌릴때가 좋았지..
578080,0,"PUBG = HACK, Play ground for Cheaters"
578080,1,재밌는데 재밌음 근데 재밌음 근데 반동이 너무 심하자나...
578080,0,핵사용 자가 엄청많음 그래서 접을라고함 제발 배틀그라운드에 조치가있길 기원함 부착함
578080,0,"이게임은 시발 좆같은 핵쟁이,좆같은 짱개,좆같은 왕우진이 있어서  안 하시는 걸 추천합니다"
578080,0,게임 튕기는 버그랑 핵쓰는 애들좀  잡아라  정신 좀 차려
578080,1,진짜 존나 재밌습니다 솔큐말고 듀오돌리거나 4인큐진짜 존ㄴ나나나나나재밌습니다 친구들이랑 하면 진짜 존나 재밌는장면 많이 나옵니다 그리고 김블루 사랑합니다
578080,0,경박사가 왜 자@살 이죠?경박사가 왜 자@살 이죠?경박사가 왜 자@살 이죠?경박사가 왜 자@살 이죠?경박사가 왜 자@살 이죠?경박사가 왜 자@살 이죠?경박사가 왜 자@살 이죠?경박사가 왜 자@살 이죠?경박사가 왜 자@살 이죠?경박사가 왜 자@살 이죠?경박사가 왜 자@살 이죠?경박사가 왜 자@살 이죠?경박사가 왜 자@살 이죠?경박사가 왜 자@살 이죠?경박사가 왜 자@살 이죠?경박사가 왜 자@살 이죠?경박사가 왜 자@살 이죠?경박사가 왜 자@살 이죠?경박사가 왜 자@살 이죠?경박사가 왜 자@살 이죠?경박사가 왜 자@살 이죠?경박사가 왜 자@살 이죠?경박사가 왜 자@살 이죠?경박사가 왜 자@살 이죠?
578080,0,솔로1등 도전과제만 못깸 개똥겜임 핵쟁이나 고인물부계가 판침 새벽봇? 캐쥬얼? 다 개소리임 둘중하나에 걸려서 솔로1등 절대 못함 내가 못해서 그런거라고? 쌉인정함 그래도 도전과제면 꼼수나 시간을 때려박으면 깰수있게는 해야할거아냐 10때리들아
578080,1,"wAE;FJD'LO BVUtwO(:""UYHGt4kWS }GTVI()Kzx"
578080,1,"지인들과 스쿼드 짜서 하면 재밌는게임 단 핵을 만나면 좀 짜증남"
578080,0,핵 좀 잡아라 핵 좀 잡아라 핵 좀 잡아라 핵 좀 잡아라 핵 좀 잡아라 핵 좀 잡아라 핵 좀 잡아라 핵 좀 잡아라 핵 좀 잡아라 핵 좀 잡아라 핵 좀 잡아라 핵 좀 잡아라 핵 좀 잡아라 핵 좀 잡아라 핵 좀 잡아라 핵 좀 잡아라 핵 좀 잡아라 핵 좀 잡아라 핵 좀 잡아라 핵 좀 잡아라 핵 좀 잡아라 핵 좀 잡아라 핵 좀 잡아라 핵 좀 잡아라 핵 좀 잡아라 핵 좀 잡아라 핵 좀 잡아라 핵 좀 잡아라 핵 좀 잡아라 핵 좀 잡아라 핵 좀 잡아라 핵 좀 잡아라 핵 좀 잡아라 핵 좀 잡아라 핵 좀 잡아라 핵 좀 잡아라 핵 좀 잡아라 핵 좀 잡아라 핵 좀 잡아라 핵 좀 잡아라 핵 좀 잡아라 핵 좀 잡아라 핵 좀 잡아라 핵 좀 잡아라 핵 좀 잡아라 핵 좀 잡아라 핵 좀 잡아라 핵 좀 잡아라 핵 좀 잡아라 핵 좀 잡아라 핵 좀 잡아라 핵 좀 잡아라 핵 좀 잡아라 핵 좀 잡아라 핵 좀 잡아라 핵 좀 잡아라 핵 좀 잡아라 핵 좀 잡아라 핵 좀 잡아라 핵 좀 잡아라 핵 좀 잡아라 핵 좀 잡아라 핵 좀 잡아라 핵 좀 잡아라 핵 좀 잡아라 핵 좀 잡아라 핵 좀 잡아라 핵 좀 잡아라 핵 좀 잡아라 핵 좀 잡아라 핵 좀 잡아라 핵 좀 잡아라 핵 좀 잡아라 핵 좀 잡아라 핵 좀 잡아라 핵 좀 잡아라 핵 좀 잡아라 핵 좀 잡아라 핵 좀 잡아라 핵 좀 잡아라 핵 좀 잡아라 핵 좀 잡아라 핵 좀 잡아라 핵 좀 잡아라 핵 좀 잡아라 핵 좀 잡아라 핵 좀 잡아라 핵 좀 잡아라 핵 좀 잡아라 핵 좀 잡아라 핵 좀 잡아라 핵 좀 잡아라 핵 좀 잡아라 핵 좀 잡아라 핵 좀 잡아라 핵 좀 잡아라 핵 좀 잡아라 핵 좀 잡아라 핵 좀 잡아라 핵 좀 잡아라 핵 좀 잡아라 핵 좀 잡아라 핵 좀 잡아라 핵 좀 잡아라 핵 좀 잡아라 핵 좀 잡아라 핵 좀 잡아라 핵 좀 잡아라 핵 좀 잡아라 핵 좀 잡아라 핵 좀 잡아라 핵 좀 잡아라 핵 좀 잡아라 핵 좀 잡아라 핵 좀 잡아라 핵 좀 잡아라 핵 좀 잡아라 핵 좀 잡아라 핵 좀 잡아라 핵 좀 잡아라
578080,0,아니 트레이서 버그좀 고쳐라 말이 되냐 게임 ㅈㄴ ㅄ 같네
578080,0,"짱꺠한테 메일 OTP 1초컷당해서 다털림 성장형 / 도면 / 이벤트 토큰 등등 다 삭제됨 아이디는 어찌저찌 복구했지만, 사라진 인게임 아이템에 대한 복구는 펍지 측에서 복구 안해줌 성장형같은경우, 해킹당한 시간대를 특정하여 이 시간대에 대한 아이템 변동사항을 롤백시켜달라는 요청을 함 근데 돌아오는 답변이 ㅋㅋㅋ 짱깨가 성장형 갈고 나온 폴리머와 도면을 대체 어떻게 쓴지 알 길이 없지만, 펍지는 ""님이 지금 복구해달라는 성장형에 대한 폴리머의 기대치가 0000개 이고 도면이 00개가 필요한데 지금 님은 그만큼 가지고 있지않음 고로 복구안됨 ""  이따구임 ㅋㅋㅋ  짱꺠한테 템 갈갈당하신분은 걍 희망접고 딴겜하러가십쇼"
578080,0,비인가 프로그램(핵) 유저가 난무하는 지읏같은 게임 하지마세요 스트레스만 받습니다 펍지련들 핵도 잘 안잡음 확실시한 핵유저 계속 핵사용으로 플레이중임
578080,1,오랜만에 게임에 접속했는데 갑작스럽게 정지를먹었습니다 정지먹은 이유도 알려주지도 않은체 정지를먹은게 억울합니다.
578080,1,사실 핵 많은거는 잘모르겠고 일단 스킨이 다양해서 꾸밀 수 있는 재미도 있고 총 싸움 좋아하시는분들은 진짜 좋아하실듯 100시간동안해보면서 사실 불편한점은 없었음
578080,1,너무나 재밌고 제가 태어나서 해본 게임중 재일 재밌었습니다
578080,1,혼자하면 공포게임 친구들과 스쿼드로 하면 예능게임  삥던지고 연막던지고 길막하면 친구들이 좋아죽어요 다들 따라해보세요  그리고 전 빡겜러도 아니고 즐겜러라 치킨 안먹어도 재밌긴 합니다 핵좀 잡아주세요 젠장
578080,0,애초에 최적화 씹창 병신같은 움직임 고아새끼마냥 지들 좆대로 어뷰징 제재 배틀로얄 대체재가 한국유저들이 적어서 할만한 건 하나인데 짱깨들도 커버치고 그냥 고아같은 좆래프튼 에미 쳐뒤진 짓거리만 함 콜라보 이후 사후지원도 그렇고 하나같이 에미가 쳐뒤진 회사
578080,0,이 게임은 중독성 방지를 위해 매월 3일은 게임접속 못하도록 셧다운제 게임을 도입하고 있는것 같습니다.  핵은 안잡고 아무 이유 없는 무지성 신고 누적으로 인해 검토따위 없이  죄 없는 유저 와 신규유저들이 3일간 정지로 인해 강제휴식을 취하게 만들고 있어요.  아주 클린합니다.
578080,1,배그가 너무 재밌어서 제대로 즐기기 위해 컴 까지 바꿨다
578080,1,핵쟁이들 아직 많은거 제외하고는 과거의 영광을 점점 되찾아가는 게임. 그러나 현질유도가 점점 심해져서 양산형게임화 되어가는건 아쉽다.
578080,1,저는 그 fps의 익힘의 정도를 중요시 하거든요...합격입니다
578080,1,총을 논리 적으로 쏘면? 타당타당  총을 대충 쏘면? 설렁탕
578080,1,ㅅㅅㅅㄹㄴㅇㄹㄹㄴㅇㄹㄴㅇㄹㅇㄴㄴㄴㅇㄴㄹㅇㅇㄹㄴㄹㅇㄴㄹㅇㄴㄴㅇㄴㅇㄴㄹㄹㅇㄴㅇㄴㄹㄴㅇㄹㅇㄴㄹㅇㄴㄹㄹㅇㄴㄹㅇㄴㅇㄴㄹ
578080,0,스팀가드 하고도 뚫리는 스팀인데  스팀 가드 있는 상태로 털려도  이미 한번 복구해줌 두번은 못해줌 ㅇㅈㄹ
578080,1,"베틀아이 오류떠서 계속 튕기지만 그래도 재밌네요 ㅎㅎ 베틀아이 베드 서비스 버전 뜨면서 튕기는거 어떻게 해결하면 좋을까요?? ㅎㅎㅎ  크래프톤 화이팅"
578080,0,"멍청한 게임. 충돌하면서 튕기더니, 다시 들어갔더니 차에서 내려져있고, 적을 쏴도 안맞는 버그가 있음. 망겜"
578080,1,솔직히 고인물 많아서 비추긴 한데 반동 좀만 잡을줄 알면 게임이 달라짐
578080,1,"배틀그라운드 너무 재미써용 미치겠어용 핵좀 잡아주세용 ㅎㅇㅌ"
578080,1,"옛날 느낌은 점점 사라져가고 새로운 게 많이 나오고 있지만, 그래도 재밌게 하고 있습니다. 다시 예전으로 돌아가고 싶습니다."
578080,0,"씨발 뭐 불법프로그램 사용으로 정지? 24시간 기다렸더니 씨발 또 정지? 이 개병신들은 모니터링도 안하고 진짜 핵도 안잡고 그냥 개병신 음식물쓰레기마냥 지들 마음대로 밴 때려버리네 일 좀 해라 일 좀 개병신 쓰레기련들아"
578080,1,핵만 잘잡으면 아주 꿀잼 태이고 데스턴 고정 도 좀 ㅠ
578080,0,내가 상대를 잡음 > 뭐지 ai 인가? 내가 상대한테 잡힘 > 뭐지 핵 인가? 무한 불신의 굴레
578080,1,정말 재미있어요 이터널리턴같은 게임보다 100배는 더 재밌는거 같아요 사랑합니다 펍쥐
578080,0,whssk xnldrlrh gor whssk aksgdma
578080,1,이 게임은 재미잇고 친구들과 지인들이랑 플레이하면 좋습니다!
578080,0,만약 퀵매치한다면 5판중 1판은 일단 나가면 됨 30분동안 욕먹기 싫다면
578080,1,요즘 배그 너무 즐겨하고있습니다 제가 친구한테 배그 홍보했는데 그 친구도 재밌게 하더라구요 너무 재밌ㅇ습닞다
578080,0,게임 플레이 누르고 기다리면 계속 에러라고 뜨고 재시작 해도 그러는데 아시는 분이나 게발자님은 제발 알려주세요
578080,1,그럼 저는 스배 10000시간 채우는 그 날까지 가겠습니다 스배가 답이다~!!!
578080,0,시발라마것 짱꺠 핵쟁이 천국이네   펍지 들은 관리 할 생각은 안하고  돈벌어먹고 잡네  쓰팔것
578080,0,사놓고 몇판하다가 삭제해버린 개똥쓰레기겜 그냥 고인물용겜임
578080,0,게임성 자체는 엄청나게 뛰어남 다만 너무 캐주얼한 쪽으로 가려하는게 마음에 안들음 조금만 더 묵직했으면 진짜 갓겜이 될 수 있었을텐데..
578080,0,이 ㅈ같은 게임은 맨날 업데이트 하는데 왜 나아지는것 ㅈ도없고 용량만 느냐? 업데이트 하는거 ㅈㄴ 귀찮네 ㅅㅂ
578080,1,개맛있는 저격총 개맛없는 배율 하지만 나는 존나 잘하기떄문에 그냥 치킨먹고 위너위너 치킨킬러 삼계탕디너 응애 나 ㅈㄴ 고수임 다 나한테 친추걸어라
578080,0,아니 계정 해킹 당해서 짱개가 핵쓴걸 왜 내가 돈 주고 구매한 계정이 정지 먹어야되는데. 지들이 서버 관리하는거면 해킹 당하는것도 책임져줘야하는거 아니냐고 이딴게 게임이냐
578080,0,1. 최적화 떨어짐 2. 짱깨 ㅈㄴ많음. 중국인만 이 게임을 할 것.
578080,1,재밌어요 근데 한국서버랑 중국서버 통합되면서 핵도 많아지고 한국사람 만나기도 어렵네요
578080,1,디테일이 미쳐다라고 표현이 안됨 진짜 꼭 해보셈요 강추!!
578080,1,"게임이 처음 시작하면 많이 어렵긴한데 이 부분에 대해서는 하면서 배우고, 유튜브 같은 각종 자료들 얻을 수 있는 곳에서 배우면서 하다보면 충분히 오래 즐길 수 있는 게임같아요 계속 죽어도 재밌어용"
578080,1,핵만 좀 쳐잡고 사녹 최적화만 하면 갓겜입니다 제발.....
578080,1,한번하면 빠져 나올수 없는 중독성 2인큐 하세여 1인큐 ㄵ임
578080,0,아무이유없이 무고벤하는 게임 왜함? 지들 좆대로 판단하는데 개쓰레기같은게임 무고벤도 안풀어주고 진짜 장애인새끼들이 개발했나 잼있게 한참하고있는데
578080,0,"중국인 핵쟁이가 500렙에 성장형 어그,MK 쌍으로 들고있는거보면 개 현타 오더라. 심지어 리플딸 하다가 나한테 뒤진놈 시점으로 보니까 ESP라서 내 위치 알고있더라."
578080,0,"너의 부정행위방지법은 똥과 같아, 나쁜 사람이 좋은 사람을 잡지 않고 계속 검사하고 발로 차거든，西八龙马"
578080,1,"ㅇ하ㅏ 시바마 존나게 재밌음다 내가 잘못해가꼬 죽는것도 재밌고 총 다양한것도 재밌고 그냥 지림"
578080,1,아니자꾸 업뎃했는데 ㅜ 다시하래 우에에에ㅔㅔㅔㅔㅔㅔㅔㅔㅔㅔㅔㅔㅔㅔㅔㅔㅔㅔㅔ에에에ㅔㄱ
578080,1,인생에서 한번쯤 꼭 해봐야하는 스릴 공포 fps 생존 게임!
578080,0,1000시간이나 했는데 실력이 안늘어요 아무래도 재능 문제일까요 그리고 예쁜 옷 좀 많이 내주시면 안될까요 저 코디하는 목적으로 배그를 하는데 요즘 이쁜 옷이 없어서 힘들어요
578080,1,하하 어머니에게 여자로 설정하는 거 걸렸는데 어머니가 현실에서 여친을 못사귀니 불쌍한것이라 하셨네요 재미있는 게임
578080,1,은신처 10회뽑기하면 골드 하나는 무조건 나와야지 씨ㅣㅣㅣㅣㅣㅣㅣba
578080,1,계엄령을 대비하기 위한 첫 번쨰 발걸음으로써 국민 여러분 모두가 익혀야할 게임이 맞을 수도 있고 아닐 수도 있습니다
578080,0,핵을 안썻는데 어떻게 불법 프로그램 정지를 두번이나 먹여요
578080,1,태어나서 이렇게 재미있는게임을 오랜만에 해봅니다 다른 fps 게임에 비해 자유도도 높고 계속 게임을 하다보면 실력이 느는게 느껴져서 배그를 계속 하고싶지만 집에 컴퓨터 없어서 접고싶지 않지만 이만 접으려 합니다. 알바 열심히해서 컴퓨터 사고 다시 돌아오도록 하겠습니다
578080,0,시도 떄도 없이 아이디 구매 제한에 이번에는 게임 제한까지 걸어버리는 역시 갓겜; 스팀배그;
578080,1,"그냥 ㅈㄴ 재밌음 ㅇㅇ하셈 가끔 존버 때문에 개빡치면서 놀라 는데 ㅈㄴ 재밌다 굿굿 다 하세 ㅁ"
578080,0,피씨방에서 할 거고 내 컴퓨터가 양자컴퓨터고 용량이 상당하다? 그럼 하세요. 근데 배그 돌아갈 정도에 컴이고 피씨방이 아니다? 그럼 하지마세요. 당신의 시간은 평생 업데이트만을 기다리면서 쓰게 될 것입니다. 거의 한 주에 한 번은 업데이트를 해야 게임이 가능합니다. 그리고 당신은 핵을 쓰는 중국인을 만나 화에 치밀어 이 게임을 접게 될 것입니다. 이 게임은 적당히 하고 빠지세요 감사합니다.
578080,0,게임은 좋은데 업데이트 할때마다 진짜 좆같게 하네 이상한 이벤트 할 시간에 핵 조금이라도 더 잡지 그래
578080,1,게임 자체는 멀미를 이길 정도로 좋지만 핵쟁이들이 너무 많음... 조금 많이 많음... 매 판에 항상 있을 정도로 많음........... 스킨 같은 것도.......
578080,1,정말 재미있고 정말 유쾌하고 정말 판타스틱하고 정말 피들스틱하고 정말 아주아주아주아주아주아주아주아주아주아중ㅈ앙주자ㅜㅇ자ㅜ아주아주아주아주아주ㅏㅈ우ㅏ주아주ㅏ주아ㅜ지우ㅏ룾아주ㅏ우자우자우자우자우자우장자ㅜ자우자우자우자우ㅏㅈ우자우ㅏ자중자우장재밌습니다
578080,1,음... 아마도 나쁘진 않아요 그런데 제 컴퓨터가 성능이 구린지 프레임이 약간씩 끊기네요 하하..
578080,1,*894555555555555555555555555555555555555555555555555555
578080,1,배그 너무나도 재밌는데 악질 팀킬 유저들이 너무 많아요ㅠㅠ 그런 사람들은 전부다 영구 정지시키고 나쁜말을 하는 사람들도 정지를 시켜주면 게임이 좋을거같아요! OUO 이사람들만 없으면 배그는 the binding of isaac보다 더 재밌는 게임!!
578080,1,"옵치, 발로에서 최정상을 찍고 새로운 시작. 배틀로얄이라는 새로운 장르와 색다른 교전. 추천드리옵니다"
578080,1,"배그 계정 두번째로 만들어 하는 사람입니다, 별점은 10중 8 이중 가챠나 극악의 확률이 들어간 뽑기 빼고는 굉장히 잘 만들어진 게임,  입문 난이도는 그렇다 높지는 않다 생각합니다 따지자면 10중 6~7 왜냐면 처음 접하더라도 기본적인 조작법 익히고 굳이 어려운 AR 말고 비교적 쉬운 SMG로 시작하면 크게 어렵지 않아요 가끔 이상한 사람들 잡히면 혈압이 오르긴 하지만 그렇지 않은 경우가 대부분이기에 재미도 있는 게임 입문하시면 무조건 사람 많은곳 가서 맞으면서 배우시는걸 추천해요 그래야 실력이 늘더라고요"
578080,0,시발 게임 똑바로 관리안해 몇판 처했다고 계속 튕기고 지랄이야
578080,1,"솔직히 게임 자체만 놓고 봤을 때 FPS류 게임에서 최고라고 생각한다. 하지만 '그 나라'의 핵쟁이들로 인하여 게임을 접은 게이머들이 너무 많고, 나머지 남은 사람들은 그냥 고인물을 떠나서 썩은물 그 자체... 오랜만에 배그 생각나서 게임 다운받아서 해보면 더러운 고인물들의 장난감이 되어버린다... 확실한거는 이 게임은 잘 만든 게임이라고 말할 수 있다."
578080,1,is good game my life is ground
578080,1,상당히재밌네요 무조건 텐션높은 친구랑 해야 스트레스가 풀립니다
578080,0,제발 좀 알트탭하면 겜 멈추는 것 좀 고쳐봐요. 능력이 있을텐데 왜 안 고치는건가요. 저 고용하면 그냥 제가 고쳐볼게요. 답답해 미쳐버리겠어요.
578080,0,일단은 개억까가 개심하고 말이 안되는 억까로 인해서 굉장히 화가 나고 컴을 부실 듯한 폭력성이 발생하는 게임
578080,1,말이 필요없게 재밌긴함. 근데 뉴비 진입장벽이 좀 높은것같음
578080,1,개꿀잼 게임 ㅋㅋㅋㅋㅋ 재밌다 진짜 와 이런게임 처음 봤다
578080,0,핵이 whssk 많아요. 일반 유저 50% 핵 유저 50% 정도. 맨날 잡는다고 꼴값 떠는데 핵유저는 늘어만 감.
578080,1,"제가 팀킬 한 건 죄송한데, 2번 했다고 영정 먹이시나요"
578080,1,핵이 난무하는 게임속 100중에 핵을 피해라 여긴 지옥이다
578080,0,오류나는거 빨리처리해주시죠? 뭐 하는건지 모르겠네요...?그리고 핵쟁이들 싹다 정지먹여주세여제발좀  보는눈이 있다면 행동으로 좀 보여주세여~!!!!!!!!!!!!!!!!!!!!!!!!!!!!!!!!!!!!!!!!!!!!!!!!!!!!!제발좀~!!!!!!!!!!!
578080,1,"야이 ㅅ팔 초보자는 사람만 만나면 처 뒤지는데 겜을 어케하냐                라고생각했는데 왜 재미있냐;;ㅋㅋㅋㅋㅋㅋ"
578080,1,나 좀 그만 죽이라고 나 너 못 죽인다고 시ㅣㅣㅣㅣㅣㅣㅣㅣㅣ
578080,1,"TW.1 ""⣿⣿⣿⣿⣿⠟⠋⠄⠄⠄⠄⠄⠄⠄⢁⠈⢻⢿⣿⣿⣿⣿⣿⣿⣿ ⣿⣿⣿⣿⣿⠃⠄⠄⠄⠄⠄⠄⠄⠄⠄⠄⠄⠈⡀⠭⢿⣿⣿⣿⣿ ⣿⣿⣿⣿⡟⠄⢀⣾⣿⣿⣿⣷⣶⣿⣷⣶⣶⡆⠄⠄⠄⣿⣿⣿⣿ ⣿⣿⣿⣿⡇⢀⣼⣿⣿⣿⣿⣿⣿⣿⣿⣿⣿⣧⠄⠄⢸⣿⣿⣿⣿ ⣿⣿⣿⣿⣇⣼⣿⣿⠿⠶⠙⣿⡟⠡⣴⣿⣽⣿⣧⠄⢸⣿⣿⣿⣿ ⣿⣿⣿⣿⣿⣾⣿⣿⣟⣭⣾⣿⣷⣶⣶⣴⣶⣿⣿⢄⣿⣿⣿⣿⣿ ⣿⣿⣿⣿⣿⣿⣿⣿⡟⣩⣿⣿⣿⡏⢻⣿⣿⣿⣿⣿⣿⣿⣿⣿⣿ ⣿⣿⣿⣿⣿⣿⣹⡋⠘⠷⣦⣀⣠⡶⠁⠈⠁⠄⣿⣿⣿⣿⣿⣿⣿ ⣿⣿⣿⣿⣿⣿⣍⠃⣴⣶⡔⠒⠄⣠⢀⠄⠄⠄⡨⣿⣿⣿⣿⣿⣿ ⣿⣿⣿⣿⣿⣿⣿⣦⡘⠿⣷⣿⠿⠟⠃⠄⠄⣠⡇⠈⠻⣿⣿⣿⣿ ⣿⣿⣿⣿⡿⠟⠋⢁⣷⣠⠄⠄⠄⠄⣀⣠⣾⡟⠄⠄⠄⠄⠉⠙⠻ ⡿⠟⠋⠁⠄⠄⠄⢸⣿⣿⡯⢓⣴⣾⣿⣿⡟⠄⠄⠄⠄⠄⠄⠄⠄ ⠄⠄⠄⠄⠄⠄⠄⣿⡟⣷⠄⠹⣿⣿⣿⡿⠁⠄⠄⠄⠄⠄⠄⠄⠄"
578080,1,배그를 잘할려면 아주많이 노력해야해!!~~~~   by 상빠
578080,0,맨날 프로세스에 문제가 생겼다고하면서 튕김 해결책을 찾아서 해봐도 똑같음
578080,1,확실히 예전보다 핵 유저도 적어지고 총기 벨런스도 잘 맞춰졌습니다. 그리고 훈련장도 다양한 연습을 할 수 있도록 구성되어 있어서 초보자도 쉽게 접할 수 있는 게임입니다. (별 5개)
578080,0,경쟁 미라마는 좀 빼주면 안되냐 달리다 죽고 달리다 죽고 일반전은 고인물 새끼들 땜에 피곤한데 경쟁은 맵 때문에 더 하다
578080,1,"넓은 맵에 내려서 무기와 탄약, 의약품 등 각종 아이템들을 모아서 100명 중 1명(듀오나 스쿼드라면 1개팀)만 살아남을때까지 서로 죽고 죽이는 게임. 확실히 배틀로얄계의 정수답게 넓은 맵에서 실제 전쟁 처럼 다양한 환경에서의 소규모 교전을 잘 표현했으며, 치킨을 뜯었을때의 도파민은 상당하다. 총기 디자인 및 고증도 상당히 괜찮기 때문에 밀덕들도 만족해서 플레이 할만하겠다.  그러나 캐릭터를 조작할때 묵직함은 없고, 스테마나 또한 무한이며, 생존게임이라는 타이틀을 달기에는 생존의 요소가 그저 적들의 탄환으로 부터 살아남는 요소 말고는 찾아볼 수 없기때문에 데이즈와 SCUM, 타르코프 같은 현실적인 생존게임을 선호하는 유저들에게는 아쉬울 수 있겠다."
578080,1,이게임은 친구와하기도 좋고 또 혼자 해도 재미있는 게임입니다. 단점으론 경쟁을 돌리려면 현질을 해야합니다.
578080,1,걍 ... 빠져들어버렸다.......................
578080,1,아니!!!!!!!!!!!!!쐈가소@@@@@@@@@@@@@
578080,1,넘 재미있고 재미있고 재미있고 재미있어요 좋아요 하트 알림설정 하트 벌점 5점
578080,0,좆 고인물은 무슨 씨이잉이이이이이이이이잉이발 핵 천지임 반박시 니 말 맞
578080,1,"무료판이 나와서 좋음 재미있음 근데 qudtls 같은 근데 또 재미있음  아니 재미 없음 근데 잘생각해보니 재미있는거 같은데 재미 없음 뭐래야돼지? 이게 재미 있는데 없고 약간 엄마가 없음 이게 살짝 이상함 재미 있음 사실 재미 있음 라고할뻔 라고할뻔"
578080,1,"다 좋은데,, 요즘따라 왜 이렇게 중국인 밖에 없는건가요"
578080,0,좀 서버 관리좀 해라 짱개들이랑 와잡히는데 중국 개자슥들이 자꾸 뭔말 씨부리고 나가잖아  300렙 짜리가 모이 줏어먹는것도아니고 게이들이 자꾸 뭐해 패치 ㅈㅂ
578080,1,이 게임을 플레이하고 저의 장래희망을 군인으로 정하게 되었습니다 저의 미래를 책임져주셔서 감사합니다. 복 많이 받으세요. S2
578080,1,배틀로얄 장르의 효시가 되었던 게임이지만 배틀그라운드는 아직도 전장의 가장 선봉에 서있는 게임이다
578080,1,"재미있는데 핵이 많아요.... 제발 잡아주세여...... 배틀그라운드 화이팅"
578080,1,일단 승리가 아니라 치킨이라는게 재밌고 반동 잡는 맛이 좋다.
578080,1,goooooooooooooooooooooooooooooooooooooooooooooooooooooooooooooooood
578080,1,"잘 만들어진 자유도 총기 디테일 마케팅 까지 모든게 좋은게임   그러나 중국인들이 핵으로 게임을 망쳐서 사람들이 안하게되는 게임 인종차별이 아니라 핵쓰면 80%이상이 중국인임 , 나라를 벤시키는게 좋을것 같음"
578080,0,"PUBG: Battlegrounds Pros: The developers seem to put effort into updating the game. Cons: High computing resource requirements compared to graphic quality (lack of optimization), steep learning curve, numerous cheaters, team matching with players who don't speak the same language, and players who engage in team killing."
578080,0,핵쟁이들이 너무 많고 팀데스매치 mmr이 너무 이상하게 잡혀여.
578080,1,친구가 추천해서 해봤는데 너무너무 재미있어서 맨날 하고 이ㅆ어요!!
578080,0,"돈 없는 중국인들의 집합소, 해킹 밥먹듯이 하고, 매칭을 돌리면 같은 한국인들끼리 안 잡힘. 게임을 시작할려는 게이머들에게 완전 비추"
578080,0,핵도 아닌데 정지시켜서 군대가기전 마지막날에 배그 못하고 갑니다
578080,0,한국 일본 서버에서 아시아 서버 통합 후 핵쟁이들이 너무 많아짐 ;;
578080,0,"최악.................... 핵 개많고 게임 진행이 안됨  그냥 배그는 컨텐츠도 없고 퇴물인듯"
578080,0,ㅎ호호호ㅗ호호ㅗ호호호호호호호호호호호호호호호호호호홓호홓ㅅ ㅗ호호호호호호호호호호호호호호호호호ㅗㅗㅗㅗㅗㅗㅗㅗㅗㅗㅗㅗㅗㅗㅗㅗㅗㅗㅗㅗㅗㅗㅗㅗㅗㅗㅗㅗㅗㅗㅗㅗㅗㅗㅗㅗㅗㅗㅗㅗㅗㅗㅗㅗㅗㅗㅗㅗㅗㅗㅗㅗㅗㅗㅗㅗㅗㅗㅗㅗㅗㅗㅗㅗㅗㅗㅗㅗㅗㅗㅗㅗㅗㅗㅗㅗㅗㅗㅗㅗㅗㅗㅗㅗㅗㅗㅗㅗㅗㅗㅗㅗㅗㅗㅗㅗㅗㅗㅗㅗㅗㅗㅗㅗㅗㅗㅗㅗㅗㅗㅗㅗㅗㅗㅗㅗㅗㅗㅗㅗㅗㅗㅗㅗㅗㅗㅗㅗㅗㅗㅗㅗㅗㅗㅗㅗㅗㅗㅗㅗㅗㅗㅗㅗㅗㅗㅗㅗㅗㅗㅗㅗㅗㅗㅗㅗㅗㅗㅗㅗㅗㅗㅗㅗㅗㅗㅗㅗㅗㅗㅗㅗㅗㅗㅗㅗㅗㅗㅗㅗㅗㅗㅗㅗㅗㅗㅗㅗㅗㅗㅗㅗㅗㅗㅗㅗㅗㅗㅗㅗㅗㅗㅗㅗㅗㅗㅗㅗㅗㅗ
578080,1,가볍게 친구랑 하기 좋음. FPS익숙하면 정말 재밌게 할 게임!
578080,1,고인물도 벅찬데 렉에 핵까지  뭘 할수 있지???ㅋㅋㅋ
578080,0,"중국놈들한테 스팀 계정 해킹 당하고, 중국놈이 핵 사용을 해서 배그 계정 잠겼는데, 고객지원 진짜 너무 하다. 그냥 영정 해놓고 풀어줄 생각없는듯"
578080,1,"여윽시 핵만 없으면 갓겜.. 무료화는 안타깝긴해  최초 스배유저로써"
578080,0,이 ㅈ같은 게임 실행해도 계속 corrupted memory라 뜨고 무결성 검사랑 재설치만씨발 3번을 쳐했는데도 안되는데 이 병신같은 게임
578080,1,...............................................................
578080,0,핵이 존나 많습니다 하지만 저는 만나지 못했죠 걍 비추드림
578080,1,미친 게임. 당신이 도파민을 원한다면 지금 당장 다운로드.
578080,0,"핵좀 잡아라 제발 그리고 무기 과금 준네 심함 30만써서 무기 스킨 하나 안주냐? 도면 하나주더라 이게  게임임? 조만간 접을듯"
578080,1,재밌고 모배보다재밌다!!!!!!!!!!!!!!!!!!!!!!!!!!!!!!!!!!!!!!!!!!!!!!!!!!!!!!!!!!!!!!!!!!!!!!!!!!!!!!!!!!!!!!!!!!!!!!!!!!!!!!!!!!!!!!!!!!!!!!!!!!!!!!!!!!!!!!!!!!!!!!!!!!!!!!!!!!!!!!!!
578080,1,hhhhhhhhhhhhhhhhhhhhhhhhhhhhhhhhhhhh
578080,1,여러가지방법으로 친구와 즐거움을 나눌수있고  서로의 실력으로 다투는 현실감있는 게임이다.시간이 지나도 즐겁다!
578080,0,개세기들임 500시간정도 했고 현금도 200만원넘게질렀는데 무고영정 때리고 복구도안시켜줌 아무리 문의넣어도 매크로식답변뿐임 쓰레기놈들 천벌받아라
578080,0,겜이 들어가는데 렉이 너무 걸리고 용량이 너무 커요 조금만 줄여주세ㅐ요
578080,0,게임 다시 만들고 갈아 엎어야함 문제 너무 많음. 발전이 너무 없음 노력했다고 한들 노력한 결과가 안보임
578080,1,"배그는 적응만되면 상당히 재밌고, 친구들이랑 더 재밌습니다. 약간 어떤 FPS든 맞아가며 배우는 그 감각이 있는데, 배그는 좀 많이 맞아야하긴 하지만, 그래도 뚜드려 맞다가도 웃고 재밌어하는 자신을 발견하는 그런 게임입니다. 전 개인적으로 재밌었습니다. 추천하겠읍니다!"
578080,1,▒█▀▀█ ▒█▀▀▀ ▒█▀▀█ ▀█▀ ▒█▀▀▀█ ▒█▄░▒█ ▒█▄▄▀ ▒█▀▀▀ ▒█░▄▄ ▒█░ ▒█░░▒█ ▒█▒█▒█ ▒█░▒█ ▒█▄▄▄ ▒█▄▄█ ▄█▄ ▒█▄▄▄█ ▒█░░▀█  ▒█░░░ ▒█▀▀▀█ ▒█▀▀█ ▒█░▄▀ ▒█░░░ ▒█░░▒█ ▒█░░░ ▒█▀▄░ ▒█▄▄█ ▒█▄▄▄█ ▒█▄▄█ ▒█░▒█  ▒█▀▀█ ▒█░▒█ ▀█▀ ▒█▄░▒█ ░█▀▀█ ▒█░░░ ▒█▀▀█ ▒█░ ▒█▒█▒█ ▒█▄▄█ ▒█▄▄█ ▒█░▒█ ▄█▄ ▒█░░▀█ ▒█░▒█
578080,1,게임을 추천할만 하나 초보자들이 하기에는 다소 어려운 부분이 많아요
578080,1,심심할떄 게임하면 시간 가는줄 모르게 게임하게 됨 근데 5~6판 하면 조금 힘든 감이 없지않아 있긴함. 그래도 공간이 남는다면 꼭 해보길 강추
578080,1,요즘 정말 발전하려는 게임 같아서 너무 보기 좋다 게임성도 나쁘지 않고 소통하고 변할려고 하는 모습이 게임을 좋은 쪽으로 발전 시키는거 같아서 이 게임을 추천한다 평가는 복합적이지만 많이 발전하고 있는 게임이므로 FPS가 취향이라면 한번 해보는것도 나쁘지 않을거 같다. 이 글이 도움이 되었으면 한다
578080,0,"병신같은 코제애들이랑 왜 합쳐가지고 존버만 늘리세요 차라리 아섭 애들이랑 노는게 훨씬 좋을건데 합칠거면 핵 잡는거에 집중 좀 하세요 합쳐지고 나서 렉 너무 심하고 핵은 매판 만나고 제발 스킨 이런거에 돈 쓰지말고 클린하게 좀 만들어주세요 스킨도 매일 m4만 주구장창 내놓고 으휴!!!!!!!!!!!!!"
578080,0,친구들과 함께 게임하던 도중에 오류가 뜨면서 화연이 온통 초록색 줄들로 도배가 되면서 배그가 실행이 안됨니다 이거 시스템 왜 이렇죠????
578080,0,안티치트가 안좋은걸 지들도 뻔히 알면서 무고벤 일삼는 게임ㅋㅋㅋㅋㅋ 진짜 핵쟁이 안잡는 게임
578080,0,실력이 안좋아 친구들의 대가리를 쏴갈길때마다 마음이 너무너무 아픕니다..
578080,1,"업뎃도 잘한것 같고 게임도 재밌습니다 중궐러들만 따로 중국서버에 가둬두면 더욱 클린한 게임이 될 것 같네요"
578080,1,"장점: 도파민 빠르게 채울 수 있다 단점: 기껏 파밍하고 1초만에 죽을 수 있다. 어디서 쏘는지 몰라서 답답하다"
578080,1,"죽어놓고 시끄럽게 마이크 터지면서 소리 지르면서 브리핑 안듣는다고 찡찡대는 잼민이랑  뭔말인지도 모르겠는데 나불거리는 중국인이랑 3인큐 돌려서 당당하게 팀킬하는 놈들이랑 핵쓰는 놈들 빼고 다 좋은게임"
578080,0,한동안 게임을 안했는데 해킹 당해서 게임 차단당했기에 문의나 증거 제공에도 불구하고 제대로된 조치를안해줌 게임에 많은 돈을 썼지만 환불도 안해줌
578080,0,ㅅㅄㅄㅄㅄㅄㅄㅄㅄㅄㅄㅄㅂ개망게 니엄마 무덤이름 김정은ㅅㅂ
578080,0,개 쓰레기 게임 2천시간 넘게하면서 현금 200만원 넘게 질러서 스킨도 뽑고 애정있게 했는데 어이없게 부정 프로그램 썻다고 무고벤 때리고(평딜 200도 안됨) 뭐때문에 영구정지 시켯나고 문의하면 정책상 알려줄수 없다하고 다 비슷한   메크로형 답장만  날라옴 여러분들은 절대 현질하지마세요 언젠가 무고벤 때립니다 못풀어요
578080,1,배틀그라운드 엄청난 FPS 100인의 전투! 핫스팟 데스메치 훈련등등 다양한 모드와 게임이 준비 돼있으니 1변 배틀그라운드 ㄱㄱ 배그 재밌고 테이고 비켄디등등 있으니 ㄱㄱ 강추!!!!
578080,1,이걸로 롤 다이아인 친구 땄음 ㅋㅋ 내 인생 겜은 오늘부터 이거다 ㅋㅋ
578080,1,발로하다가 하니까 걍 존잼 ㅇㅇ 친구랑 같이하셈.. 친구가 없나?
578080,1,플레이 방식에 따라 여러 즐거움을 찾을 수 있는 게임. 추천!
578080,1,핵만 없으면 최적화 불편함이든 다른불편함 감수가능 제발쫌 핵좀 잡으셈
578080,1,"오랜만에 돌아와도 너무 재미있네여~ 잘만든 게임은 역시 죽지 않습니다! 다들 복귀하세용! 신규 분들도 충분히 즐길수 있을겁니다! 핵이 조금 돌아다니긴해여 그치만 신고넣으면 금방 제제받습니다"
578080,1,진짜 해보고 너무 재밌어서 계속 하고 있습니다. 하지만 정지가 좀 많이 당하더라고요. 억울한 일들이 대부분이었지만 재밌었습니다.
578080,1,난 이 게임 얼리 엑세스를 게임 역사상 최고로 재밌는 게임이라고 말하고 싶다. 그 경험은 정말... 최고였다.
578080,0,"서로 3인칭으로 먼저 들어오라고 하면서 벽에 고추 대고 존나게 비비다가 결국 자기장에 떠밀려 들어가게 하는 역대급 푸씨 건게임, 이 게임이 재밌다면 지금 나오는 어떤 FPS게임도 재밌게 할 수 있는 재능이 있다는것."
578080,1,"하 진짜 재밌다배그 갓겜 진짜 한국 갓겜 감스트 갓겜 깡깡 갓겜 슈퍼 울트라 케쳡 맛있다"
578080,1,"제 인생게임입니다. 정말 재밌습니다. 근데 고인물들이 너무많아요 진짜 적당히 있어야되는데 이건 아니다 싶을정도로 많습니다 특히 중국 씨@!발새@끼들 진짜 다 죽여주세요 돌섬가면 이벤트한다고 잠수타고있는데 그런것도 잡아야지 뭐합니까 스팀관리자분들 2024년도 수고하셨습니다. 2025년에는 더 많은 이벤트로 찾아주세요.  -최강 코리아 배린이들-"
578080,1,예전에는 진짜 죽기만 했는데 지금은 핵도 거의 없고 뭐 별로 잘하는 사람도 그렇게 많지 않아서 추천 합니다!
578080,1,마음의 고향같은 게임... 버그투성이에 핵도 많지만 그래도 배그만한 게임이 있나...
578080,1,"Just Chatting Game  재밌어요 소통해요"
578080,1,내전내전내전내전내전내전내전내전내전내전내전내전내전내전내전내전내전내전내전내전내전내전내전내전내전내전내전내전내전내전내전내전내전내전내전내전내전내전내전내전내전내전내전내전내전내전내전내전내전내전내전내전내전내전내전내전내전내전내전내전내전내전내전내전내전내전내전내전내전내전내전내전내전내전내전내전내전내전내전내전내전내전내전내전내전내전내전내전내전내전내전내전내전내전내전내전내전내전내전내전내전내전내전내전내전내전내전내전내전내전내전내전내전내전내전내전내전내전내전내전내전내전내전내전내전내전내전내전내전내전내전내전내전내전내전내전내전내전내전내전내전내전내전내전내전내전내전내전내전내전내전내전내전내전내전내전내전내전내전내전내전내전내전내전내전내전내전내전내전내전내전내전내전내전내전내전내전내전내전내전내전내전내전내전내전내전내전내전내전내전내전내전내전내전내전내전내전내전내전내전내전내전내전내전내전내전내전내전내전내전내전내전내전
578080,1,"그래픽 좋고, 재밌고, 현실적이다. 이러니까 동접자수가 324만명이 되지"
578080,1,재밌고 무료라서 좋아요... 물론저는 예전에 구매를 했었지만.ㅎㅎ
578080,1,역시 배그만한 게임 잘 없지 않나 싶습니다 재미있게 게임 하고 있습니다 킹아!
578080,1,외형부터 ㅈㄴ 맛있게 생긴 게임이고 먹을 수록 더 ㄲ려요
578080,1,아주 멋진 게임입니다. 재미있고 심지어 무료입니다. 추천할 수 있어요
578080,0,충돌하며 팅기는 현상 수정좀 해주세요 사람 팅기고 하면 기분 불쾌합니다 그리고 서버 통합으로인한 핵쟁이들이 많이 잇습니다  핵을 못쓰게 불법프로그램키면 게임안켜지게 만들고 하시던지 조치를 해주셔야할것같습니다  게임하는데 기분도 상하게 게임을 하게됩니다  빠르게 조치를 치해주셧으면 좋겟습니다
578080,1,배그만한 fps게임 없기도 하고 꾸준하게 할 만한 재미가 있는 거 같아서 좋아요
578080,0,배틀그라운드는 배틀로얄 게임입니다 반동이나 거리조절 탈것이용 등등 ㅈㄴ게 할게많아서 초보자분들이 입문하기 귀찮음
578080,1,goooooooooooooooooooooooooooooooooood
578080,1,정말 재밌어요 캐주얼모드를 만들어주셔서 정말 감사합니다 캐주얼모드가 아니었다면 저는 정말 배그를 영영 접었을거에요
578080,1,시작한지 얼마 안됏는데 엄청 재미있는 게임인거 같습니다 ㅎㅎ
578080,1,이산희 도지훈 정선우 똥싸지마 ################################
578080,1,너무 스릴 넘치고 재밌어요 이 게임 하기 전에 공포 게임으로 심장좀 달련해야될듯 ㅋㅋㅋㅋ
578080,1,"장점 - 피가 끓는다 단점 - 계에에에속 계속 계속 계속 또또또또또또또또또 튕긴다 튕기고 튕기고 튕기고 튕겨서 마지막은 결국 블루스크린... 해결 좀 해보셈  최적화 요망"
578080,0,론도 돌산좀 쳐 막으라고 @ㅐ미터진 병신들아 ㅋㅋㅋㅋㅋ
578080,1,멋쟁이토마토같은 쓰레기쓰레쉬쓰레빠같은 ㅈ 병신 찐따뽕따왕따시두박게임
578080,1,긴장감에 손을 놓을 수 없다 ! 21 세기 최고의 fps게임 !
578080,0,진짜 다 좋은데 중국인이랑 좀 안만났으면 좋겠음 중국인들도 한국인들 안만나는게 좋을거고 한국인도 당연히 한국인들만 만나는게 좋겠지
578080,0,2114시간 박아도 해킹이면 꼼작못해~~ 븅@@@신겜 베이징 충칭 신동 브라질 LA 기타등등 일본 다녀온사이에 지~@!#!@#랄 났네 ~~ 근데 복구신청하니까  응~~ 임시치단 끝날떄까지 닥1치고 기달려 호9새끼야 ㅋㅋ ㅇㅈㄹ ㅋㅋ 임시차단 끝나고 들어가서 짱1꺠새끼가 스킨 갈아버린거나 팔아버린거 하나하나 기억한다음에 복구신청해~~ 그리고 그건 한번뿐이야 ㅇㅈㄹ 기억? 못하면 끝 ~ 해외 아이피 차단 그런거 없다 아 하지만 짱!꺠 씨팔련들은 스팀이 따로있어요 근데 그건 그거고 거기 접속하는거 차단? 어림도 없다 ㅋㅋ 막을수 있는걸 안막아?
578080,1,배그를하면 fps게임을 연습할수있어요 참ㅈ ㅐ ㅁ ㅣ 있 ㅇ ㅓ 요
578080,1,"it's so awesome game. there is a very high level of freedom. and the motions that players make in the game r so real. especially, there are tons of ammus. so it's the key of the game"
578080,0,"초창기 오픈 유저인데 짱깨안테 해킹당하고 영정당했다 10년이 지났는데도 광복절 특사 없어서 계속 못하고있다 그래서 내 프로필 소개는 천안문지지, 티베트 독립, 대만을 나라로 인정한다 시진핑과 스팀배그는 결혼관계다"
578080,1,이 제품은 플레이어에게 많은 긴장감과 공포심을 주지만 한편으로는 재미와 즐거움 그리고 흥미로움까지 주어서 좋다
578080,0,"한국 인터넷에서 겜 하는데 매칭 90퍼가 중국인인게 ㅈㄴ 짜증남, 아니 뭐 중국년들 왜 한국섭이랑 통합해서 처 해야해 짱개들이랑 맨날 중국놈들이 한국인보면 도둑놈이다 엄마 뒤졌다라고 욕하는거 다 들려서 겜 할맛 ㅈㄴ 떨어짐"
578080,0,자신이 fps를 못한다면 배그에서는 20분동안 파밍만하다가 블루존 피하려다 고인물에게  헤드맞고 사망할것입니다.
578080,0,게임점 하자;;;; 진짜 비추천 평가 한번도 남긴적 없는데 이번에 첨 남긴다 뭔 게임하려면 훈련장 가라길래 갔더니 맨날 튕기기만 하네 시간낭비하면서 다운받았더니 게임도 못하네 진짜 빨리좀 고쳐라;;;
578080,0,"배틀로얄과 아케이드 모드 모두 핵 유저가 너무 많아 게임의 재미를 크게 떨어뜨리고 있으며, 망해가는 게임의 전형적인 모습을 보여줍니다. 특히 아케이드 모드는 홍보 계정이 너무 많아 게임 시작 후 곧바로 나가거나, 들어왔다가 홍보만 하고 나가는 일이 빈번하여 팀 밸런스가 전혀 맞지 않습니다.  핵, 홍보 계정, 작업장, 해킹 계정을 그대로 방치하는 운영진의 태도는 매우 실망스럽습니다. 게임 관리가 전혀 이루어지지 않고 있으며, 이 게임은 전혀 추천할 수 없습니다.  Both Battle Royale and Arcade modes are plagued by an overwhelming number of hackers, making the game unplayable and showcasing the classic signs of a dying game. In Arcade mode, promotional accounts are rampant—they join matches only to leave immediately or spam ads, completely ruining team balance.  The lack of action against hackers, promotional accounts, bot accounts, and hacked accounts is highly disappointing. The game management appears non-existent. I cannot recommend this game at all."
578080,1,"컴터 좋아야하는 용량  그래픽이랑 모든게 완벽한 게임"
578080,1,대체할 게임이 없어서 돌아왔는데 돌아와서 또 욕하고 접음 이걸 반복하는 게임
578080,0,시발 병신새끼들 존나 븅신버그 존나 처만들어놨네 장애인새끼들이 시발 병원에서 장애있는 새끼들만 모아서 게임 처만듦? 시발 어떻게 하면 이지랄로 처만들수가 있지 좆같은 엄마터진새끼들 너네 아빠들도 내가 터트려준다 장애인새끼들아
578080,1,너무 제밌어요 반동 좀만 줄이면 더 재밌는 게임이 될것 같아요!
578080,1,14시간 했는데 개재밌네요 1000시간 달립니다. 수정) 20시간 돌파
578080,1,hiowefhiowfejiofewhiowef한마디로 존나 재밌다
578080,1,때로는 주옥같은 패치와 최적화로 골 때리는 상황이 많지만 배틀로얄 장르에선 크게 대체할 게임이 없는 게임  그리고 과거 추억으로 그냥 꾸역꾸역 하는 게임
578080,1,조강지처 죽마고우가 최고다 역시 배그가 최고입니다 배그 만세
578080,1,머저리 3명이랑 팀짜서 하면 개재밌습니다 ㅋㅋㅋㅋㅋㅋㅋㅋㅋㅋㅋㅋㅋㅋ
578080,0,ㅈ터진게임ㅈ터진게임ㅈ터진게임ㅈ터진게임ㅈ터진게임ㅈ터진게임ㅈ터진게임ㅈ터진게임ㅈ터진게임ㅈ터진게임ㅈ터진게임ㅈ터진게임ㅈ터진게임ㅈ터진게임ㅈ터진게임ㅈ터진게임ㅈ터진게임ㅈ터진게임ㅈ터진게임ㅈ터진게임ㅈ터진게임ㅈ터진게임ㅈ터진게임ㅈ터진게임ㅈ터진게임ㅈ터진게임ㅈ터진게임ㅈ터진게임ㅈ터진게임ㅈ터진게임ㅈ터진게임ㅈ터진게임ㅈ터진게임ㅈ터진게임ㅈ터진게임ㅈ터진게임ㅈ터진게임ㅈ터진게임ㅈ터진게임ㅈ터진게임ㅈ터진게임ㅈ터진게임ㅈ터진게임ㅈ터진게임ㅈ터진게임ㅈ터진게임ㅈ터진게임
578080,1,최근들어 옛날에 최적화 망겜으로 유명했지만 요즘은 좋아진듯?
578080,1,솔직히 카배보다 핵이 많이 있긴한데 좋은 점은 더 많은거 같네요
578080,0,정말 쓰레기 같은 게임입니다 시작하지 마세요 멈출 수가 없습니다
578080,1,"가끔씩 친구 또는 랜덤팀원과 함께 몇판 하면 재밌는 게임이다.  핵이다 뭐다 소리는 많지만, 어차피 상대가 핵이 아니더라도 내가 질 싸움이다 하고 생각하면 편하다.  다른 플레이어가 너무 고여서 뉴비는 하기 힘들다는 것은 사실이다. 때문에, 싸워서 죽인다를 좋아하는 사람보다 짤짤이 파밍하고 팀원하고 대화하면서 즐기는걸 좋아하는 사람에게 추천한다.  가끔 운 좋아 킬하고 치킨 먹는 재미로 하면 재밌게 즐길 수 있다."
578080,1,"카카오 배틀그라운드 보다 게임이 재미있었어요 애들이 착하고"
578080,1,SEX 중국인들이 너무 많아요 슝디 한번해주면 좋아서 슝디슝디~ 거림  ㅋㅋㅋ
578080,0,"그래픽떡칠 말고.. 최적화좀 해주세요 렉 너무 심해요"
578080,1,너무너무너무너무너무너무너무너무너무너무너뮤ㅜ너뮤ㅜ너ㅗ무너무너무너무너무너무너무너무너무너무너무너무너무넘누머너무너누머누머누머누머누머누머눔너누머누넘누너무너무 쟈맜더ㅏ
578080,1,"음,, 여자친구랑 재밌게 하기 좋은 게임이군요.. 합격 드리겠습니다."
578080,1,"솔직히 이젠 배그가 평가가 필요한가 싶네 나오자마자 대중적인 게임으로 자리잡고 지금까지 꾸준히 사랑받는 게임이니 ㅎㅎ 앞으로의 발전이 늘 기대돠는 게임입니다 ㅍㅇㅌ!"
578080,1,일단 할 게임없을 떄 하는 것도 좋고 그냥해도 좋고 그냥 다 좋아여
578080,1,친구들이랑 생각보다 재미있고 친구가 적이 될수도 있는 아주 재밋는 갓 겜 입니다
578080,0,멈출 사양이 아닌데 알트탭 하면 게임 멈출떄 있음 개 좋같음 ㅅㅂ
578080,1,진짜 개노잼 ㅗㅗㅗㅗㅗㅗㅗㅗㅗㅗㅗㅗㅗㅗㅗㅗㅗㅗㅗㅗㅗㅗㅗㅗㅗㅗㅗㅗㅗㅗ
578080,0,"[h1]이딴게 왜 우리나라에선 에이펙스나 포트나이트보다 유명하고 잘 나가는지 모르겠다.[/h1]  2게임보다 장점이라고 내세울만한 건 그나마 국내 유저가 많아서 커뮤니티가 많다는 것, 딱 그 정도. 게임성부터 운영까지 압도적으로 잘난게 없다. 배틀로얄류를 잘하는 게 아니라 그렇게 즐기지는 못하지만 딱 그거는 느껴진다.  에이펙스랑 포트나이트는 각 시즌마다 컨셉이 있고 그 컨셉에 따라 등장하는 무기나 맵이 다양하게 바뀐다. 그런데 배그는 뭐 안바뀐다고는 못하지만 그냥 게임 내용만 보면 다 비슷비슷한 느낌. 먼저 자리잡은 팀이 이긴다. 자기장 운이 좋은 팀이 이긴다. 다른 두 게임도 자기장 물론 있고 운이 따르지만 점프 패트, 하늘섬 파밍, 글라이딩 등 다양하게 빠져나갈 요소가 많다.  그런데 배그는? 물론 비행선에 매달려서 날라가는 아이템 있지. 그런데 그거 누가쓰냐고 부르는데 오래걸리지 매달린 동안은 무방비하지 거의 쓰는 사람 많이 못봄. 써서 이득본적도 많이 없음. 배그는 연막 원툴임. 그냥 게임에 다양성이 없어서 금방 질린다. 출시부터 지금까지 바뀐게 없는 느낌임. [u]아 있네 핵쟁이들.[/u]"
578080,1,"핵이니 뭐니 하면서 할거 다하면서 불평하지 맙시다 애초에 FPS에서 핵은 무엇이든 뚫는 창과 절대 뚫리지 않는 방패의 역설과도 같은 경우인데 그냥 즐겁게 즐기자구요"
578080,1,렉이 많이 걸리긴 하지만  총쏘는걸 좋아하는 사람은 할만 할거 같습니다
578080,1,"중국애들 분리좀 시켜줘라  하다못해 팀원들이라도 같은 언어로 잡아줘"
578080,0,ㅇㅣ 씨발 크래프톤 ㅈ같은 씹새끼들아 마지막자기장에서 왜자꾸 게임이 쳐 튕기냐고 이 씨발새기들아  이 씨팔새끼들아 일좀 쳐해라 제발 좀 어!?!?씨팔노무새끼들아 왜 항상 중요할때  쳐 튕기냐고
578080,0,개 시발 무슨 게임만 들어가면 클릭이 안됨 ㅈ버그좀 고쳐라 ㅅ발련들아
578080,1,개씨발 데스캠없으니까 핵이 활보를 하네 핵좀 잡아라 펍지 씨발 뭔 돌리는 판마다 판을 치네 쫌; 혜안이랑 겜할시간 있으면 커뮤니티 팀 일좀 해라 제발
578080,0,게임을 별로 하지를 않았는데 정지를 때려버리네 안한다 그냥
578080,1,배그 진짜 재밌지만... 핵이 판 치는 것도 그런데.. 핵이 아닌 사람까지 핵이라고 정지 먹이는 건 좀.... 제대로 좀 해주길
578080,0,아니 무슨 게임이 안돼요 좋은 컴퓨터를 쓰고 있는데 ㅉㅉ
578080,0,뉴비는 하지말것 2017년 얼리액세스 한 사람만 하십쇼
578080,1,수많은 이들 속 찾았네 바로  잡초들 사이 활짝 핀 내 beauty flower  빨주노초 I’m a legend 타노스  푸르뎅뎅 녹색 빛깔  내게 밝혀줘 green light  I like you
578080,0,하지마세요 시발 내 친구랑했다가 이새끼가 저한테 폭까요 ㅅㅂ
578080,1,배린이라면 친구하고 할때 절교까지 갈수 있는 아주 좋은 게임입니다
578080,1,goooooooooooooooooooooooooooood
578080,0,"잘하다가 몇번 튕겼는데 게임중이였어서 게임다시 접속했는데 계정이용정지?????? 어이가 없네요 캐쉬도 했었는데 돈날렸네요 ;;  I was good at it and bounced it a few times, but I logged back in to the game because I was playing it, but my account was suspended?????? I can't believe it I used to do cash, but I lost money ;;"
578080,0,핵쟁이들끼리 영역전개펼치면서 노는데 게임할 맛 ㅈㄴ 떨어져서 못해쳐먹겠네 개 ㅅㅂ 지인들이 부르는 것만 아니면 절대 안함 ㅈ같은 쭝궐라게임
578080,1,아니 요즘 서버 통합되서 중국인 새끼들밖에 안만나요 ㅅㅂ
578080,0,"+ 전투하는 재미도 쏠쏠한데, 파밍하는 재미도 쏠쏠함 + 3인칭 배틀로얄이라 피지컬로는 질 거 같은 상대를 전략적으로 공략할 수 있음 + 꾸준하게 업데이트가 됨 () 일반전 100명 경쟁전 64명이라 서로 괴리가 좀 있는 편 () 일반전 MMR은 있다곤 들은 거 같은데 잘 모르겠음 () 솔직히 공포게임보다 배그에서 훨씬 더 많이 놀라봄 () 새벽에 게임하면 사람 수가 적어서 그런지 핵쟁이를 더 쉽게 볼 수 있음 - 게임이 아직도 좀 불안정함, 설정을 건드리지 않으면 무조건 프레임 드랍은 걸리는 거 같음 플레이 타임 : 딱히 플레이타임은 없는 편 짧은 평가 : 게임 최적화 개떡같이 해놨네"
578080,1,Pretty good game for playing with dudes
578080,0,"그냥 게임이 개 병신임 패치하면 맨날 파일 하나씩 없다고 지랄함 근데 그렇게 피해는 유저가봄 병신겜임 하지마셈 그냥"
578080,1,asdsadawdadawdawdwadsadawadawdasdadawdwad
578080,1,"Battlegrounds is not just an FPS game, but a game that makes full use of the beauty of survival. The 100-member battle royale on a huge map creates a sweaty sensation in your hands from start to finish. The variety of different environments, terrains, and weapons allow you to experience new plays every time. Strategic cooperation is important in team play, while solo play gives you the opportunity to unleash your skills, allowing you to have a lot of fun depending on your style of play. In particular, high-quality graphics and sound add to the game's immersion. The sound of footsteps and shots from afar actually provide the thrill of being on the battlefield. Also, new content and events that are updated regularly keep the game fresh. Beyond just well-made games, Battlegrounds offers a deeply satisfying experience while being with friends or challenging alone. If you want to taste the essence of survival games, there can be no better choice!"
578080,0,서버가 통합되면서 핵과 존버가 더욱 많아졌습니다. 팀킬러들도 많아졌고요.
578080,1,"FPS를 할 줄 안다면 국밥마냥 하기 좋음.  근데 더러운 고인물들이 많아서 치킨은 포기하고 그냥 즐겜하는게 정신건강에 좋음."
578080,1,"저사양에서는 안돌아가는줄 알았는데 잘 돌아가네요! 최근 업데이트로 더 재미있어진것 같아요"
578080,0,Such a WAST GAME ever I played.
578080,0,"[2024.12.10] 아니 패치를 무슨 개뼈다구로 하시면 플레이가 안돼요,, 무슨 패치를 하셨길래 업뎃 전에 렉 안 걸리던걸 업뎃할 때 마다 렉이 더 걸려요.. // [2025.04.12] 이중가챠 시스템 언제까지 할거냐고요 확률도 낮으면서"
578080,1,굿굿구숙수수ㅜ굿굿ㄱ숙숛굿굿ㄱ숙숙숙숙숛굿굿굿굿굿ㄱ숙숙숙숛구숙숙
578080,1,"⣿⣿⣿⣿⣿⠟⠋⠄⠄⠄⠄⠄⠄⠄⢁⠈⢻⢿⣿⣿⣿⣿⣿⣿⣿ ⣿⣿⣿⣿⣿⠃⠄⠄⠄⠄⠄⠄⠄⠄⠄⠄⠄⠈⡀⠭⢿⣿⣿⣿⣿ ⣿⣿⣿⣿⡟⠄⢀⣾⣿⣿⣿⣷⣶⣿⣷⣶⣶⡆⠄⠄⠄⣿⣿⣿⣿ ⣿⣿⣿⣿⡇⢀⣼⣿⣿⣿⣿⣿⣿⣿⣿⣿⣿⣧⠄⠄⢸⣿⣿⣿⣿ ⣿⣿⣿⣿⣇⣼⣿⣿⠿⠶⠙⣿⡟⠡⣴⣿⣽⣿⣧⠄⢸⣿⣿⣿⣿ ⣿⣿⣿⣿⣿⣾⣿⣿⣟⣭⣾⣿⣷⣶⣶⣴⣶⣿⣿⢄⣿⣿⣿⣿⣿ ⣿⣿⣿⣿⣿⣿⣿⣿⡟⣩⣿⣿⣿⡏⢻⣿⣿⣿⣿⣿⣿⣿⣿⣿⣿ ⣿⣿⣿⣿⣿⣿⣹⡋⠘⠷⣦⣀⣠⡶⠁⠈⠁⠄⣿⣿⣿⣿⣿⣿⣿ ⣿⣿⣿⣿⣿⣿⣍⠃⣴⣶⡔⠒⠄⣠⢀⠄⠄⠄⡨⣿⣿⣿⣿⣿⣿ ⣿⣿⣿⣿⣿⣿⣿⣦⡘⠿⣷⣿⠿⠟⠃⠄⠄⣠⡇⠈⠻⣿⣿⣿⣿ ⣿⣿⣿⣿⡿⠟⠋⢁⣷⣠⠄⠄⠄⠄⣀⣠⣾⡟⠄⠄⠄⠄⠉⠙⠻ ⡿⠟⠋⠁⠄⠄⠄⢸⣿⣿⡯⢓⣴⣾⣿⣿⡟⠄⠄⠄⠄⠄⠄⠄⠄ ⠄⠄⠄⠄⠄⠄⠄⣿⡟⣷⠄⠹⣿⣿⣿⡿⠁⠄⠄⠄⠄⠄⠄⠄⠄"
578080,1,ek whgdmsep tkfkaemfdl skrkdyt
578080,1,"장점 : 내가 원하는 플레이를 설계하면서 긴장감 또한 상당한 FPS 게임의 로망을 다 담은 게임.  단점 : 핵 시발 자기장 운빨 ㅈ망겜 시발 MMR 표시 안해주는거 ㅈ같음 시발 그래도 재밌어서 더 ㅈ같은 시발"
578080,0,해킹이 너무 심한데 정지는 한번만 풀어주고 좀 별로..
578080,0,자꾸 크래시 충돌부터 해서 리소스 부족으로 계속 뜨는데 이거 하면 안되는게임인듯
578080,1,"매혹적이고 중독성이 강한 게임 플레이, 매우 사실적이어서 마음에 들었습니다."
578080,0,2020년경... 베그 한참 유행할때 사뒀다가 짱깨에게 계정 털려서 정지먹은 게임
578080,0,"아니 왜 정지 먹이세요.. 해킹당해서 계정 찾기도 힘들었는데 해킹한 놈이 내 계정 써서 정지먹인건데.. 내가 너희한테 쓴게 얼만데.. 펍지야.. 스배 말고도 카배에서 300은 넘게 썼다..진짜 개억울하네.."
578080,0,다같이 하면 재미는 있는데 ㅈ망겜 최적화 개똥에 렉이랑 멈춤현상 개 오지게 많이 나옴 개 그지같은 겜...
578080,1,요즘 중국인들이 좀 많아진거같은데 그래도 재밌네용 ㅎㅎ
578080,1,"시간 때우기 좋음, 초보나 혼자 놀기 좋아하면 아케이드 하면서 감익히면서 하면 될듯"
578080,0,거지같은 최적화나 핵부터 잡고 업데이트를 하던지 해주세요
578080,1,너무 재미있어요!!!!!!!!!!!!!!!!!!!!!!!!!!!!!!!!!!!!!!!!!!!!!!!!!!!!!!!!!!!!!!!!!!!!!!!!!!!!!!!!!!!!!!!!!!!!!!!!!!!!!!!!!!!!!!!!!!!!!!!!!!!!!!!!!!!!!!!!!!!!!!!!!!!!!!!!!!!!!!!!!!!!!!!!!!!!!!!!!!!!!!!!!!!!!!!!!!!!!!!!!!!!!!!!!!!!!!!!!!!!!!!!!!!!!!!!!!!!!!!!!!!!!!!!!!!!!!!!!!!!!!!!!!
578080,0,아유 븅신장애인같은게임 ㅆ1ㅂ 최적화좀 처 하세요 배그하나 잘돌린다고 7800x3d 샀는데 얘로 하위프레임이 반토막이 처났다가 돌아오는게 말이 됩니까 진짜 씨발새끼들아 ㅗㅗㅗ 내 53만원 내놔
578080,1,"야무지다 진짤 남너ㅏ마ㅣ네[;ㅣㅓㅏㅁㄴ아ㅣ;' ㅁㄴ이ㅏ;ㅁㄴ이;'ㅏㅁㄴ;'ㅏㅣㄴㅇㄹ;'ㅣㅋㄴㅇ;ㅣㄴㅇㄴㅇㅁㄹㄴㅇㅁㄻㄴㅇㄹㄴㅇㄹㄴㅇㄹ"
578080,0,이 게임은 해킹 당해도 아무런 조치를 취해주지않고 스팀가드가 있어도 그냥 뚫리는 게임입니다 차라리 카카오 배그 하러가세요
578080,0,"시말 무슨 불법행위라면서 24시간 뒤에 할수 있다는데 불법 쓰지도 않았는데 ㅂ  신같은ㄱ ㅓㅅ들이;"
578080,1,너무 재밌어요. 안 질려요. 그냥 배그를 오랫동안 안 할 때면 너무 그리워져요
578080,1,감도를 맞추기 전까진 어렵고 짜증났는데 감도를 바꾼후 엄청 쉬어져서 맛들렸습니다
578080,1,지금까지 해온 FPS 게임중에 나를 가장 즐겁게 해준 다양한 전투들을 포함해 탈것을 타는 것 역시 즐거운 게임
578080,0,아니!!!이거 로그아웃도 안돼고 뭘 어케해야하는거야!!!!!! 설정에도 로그아웃이 없어!!!!!!!!!
578080,1,아니 소생도 해줬잖아   게임도 캐리 해줬잖아  SR소음기 너 줬잖아  시발 다 그냥 다 해줬잖아  보급도 니혼자 먹었잖아  내 킬도 다 킬딸했잖아  AR보정기 너 줬잖아   시발 다 그냥 다 해줬잖아
578080,1,무지성 저격존버가 재밌는 게임인데 자꾸 그거랑 반대되는 패치를 하고있음  600M+ 저격하고 이런거는 배그에서만 가능한 재미인데 좀 아쉬움  일반겜 랭크겜 할것없이 핵이 많지만 '콜옵보다는 적음'  1인칭 모드가 있긴 하지만 구색만 맞춘 수준이고 여러가지로 불편해서 힙스터 전용 모드임  론도 << 맵이 너무 커서 뜨자마자 닷지함   하지만 콜옵보다는 낫고 보여주기식 소통이라도 꾸준히 보여준다는게 마음에 듦  꽤나 장수한 게임인데 이렇게 여러가지 시도라도 계속 해보는건 좋다고 생각함  (솔로 기준 리뷰임)
578080,1,지금까지 이러한 게임은 없었다 이것은 맞짱인가 총대인가 일단 그냥 ㅈㄴ 재밌구요 즞댑니다
578080,0,개못하거나 개잘하거나 중간이 없냐 답답하다 삭제함 그리고 팀킬 개선해라 당할때마다 불쾌함이 담날까지 간다
578080,1,솔찍히 개 고인물게임이고 스킨뇌절까지 치는게임이고 핵도 많은게임이고 슬프다 그리고 중국인들이 내계정을 해킹하고도 배그를한다 배그는 전설이고 스팀은 망해라
578080,0,스팀으로 800시간 동안 하면서 배그는 고였고 썩었고 재미가 없기 때문에 배그를 추천하지않습니다.
578080,0,개애미쳐뒤졌네 시발 중국이랑 서버 통합을 왜 쳐함? 나는 한국이랑 게임하고 싶은데 패치되고 한국인을 한 번도 못 만남 핵만 ㅈㄴ 늘고 ㅈ 고아 중국인 새끼들만 ㅈㄴ 많아서 게임 ㅈㄴ 할맛 안 남 제발 다시 원래대로 돌려라 시발 개병신게임아
578080,0,0 ㅅ0  크래프톤이 핵을 처팔아서 장사를 처함.   짱께 섭 통합을 하질말든가.    자국의 국민을 짱게 중똥국이 준 푼돈에 의해 핵받이를 처만듬.     허가되지않은 핵은 1일 2일만에 바로 처잡아서 제제 귀신같이도 빠르게 잡아냄.  나머진 절대 안잡음.
578080,1,과금유도 좀 줄이고 핵만 잡아준다면 참... 갓겜일텐데..
578080,1,재밌음 근데 처음할때는 좀 많이 어렵고 접고 싶을꺼임 근데 걍 더럽게 하면 어떻게든 이김 ㅇㅇ
578080,0,핵쟁이들좀 쳐 잡아라 하드웨어 벤을 하던지 계정벤만 하면 뭐하냐 진짜 계정 계속 새로파서 게임을하는데
578080,0,tlqkf 이게 생존게임이냐 공포게임이냐 쌉똥꼬몬스터게임
578080,0,핵쟁이 영상떠서 메일로 문의까지 했는데도 렙높고 현질많이했으면 정지를 안주는 레전드게임
578080,1,엄청 재미있다 하지만 고인물 만나면 죽을수도 있어서 짜증난다
578080,1,정말 가끔씩 공포게임 처럼 놀라지만  마약같이 계속 하게 되는 재밌는 게임
578080,1,유튜브 보고 감도 맞추고 훈련장 많이 하고 하면 재밌다
578080,1,부엉이 바위 우흥 우훙부엉이 바위 우흥 우훙부엉이 바위 우흥 우훙부엉이 바위 우흥 우훙부엉이 바위 우흥 우훙부엉이 바위 우흥 우훙부엉이 바위 우흥 우훙부엉이 바위 우흥 우훙부엉이 바위 우흥 우훙부엉이 바위 우흥 우훙부엉이 바위 우흥 우훙부엉이 바위 우흥 우훙부엉이 바위 우흥 우훙부엉이 바위 우흥 우훙부엉이 바위 우흥 우훙부엉이 바위 우흥 우훙부엉이 바위 우흥 우훙부엉이 바위 우흥 우훙부엉이 바위 우흥 우훙부엉이 바위 우흥 우훙부엉이 바위 우흥 우훙부엉이 바위 우흥 우훙부엉이 바위 우흥 우훙부엉이 바위 우흥 우훙부엉이 바위 우흥 우훙부엉이 바위 우흥 우훙부엉이 바위 우흥 우훙부엉이 바위 우흥 우훙부엉이 바위 우흥 우훙부엉이 바위 우흥 우훙부엉이 바위 우흥 우훙부엉이 바위 우흥 우훙부엉이 바위 우흥 우훙부엉이 바위 우흥 우훙부엉이 바위 우흥 우훙부엉이 바위 우흥 우훙부엉이 바위 우흥 우훙부엉이 바위 우흥 우훙부엉이 바위 우흥 우훙부엉이 바위 우흥 우훙부엉이 바위 우흥 우훙부엉이 바위 우흥 우훙부엉이 바위 우흥 우훙
578080,1,굉장히 재밌지만.. 뭐랄까 고인물이 너무 많아서 힘들어요
578080,1,"총소리 들릴때마다 깜짝깜짝 놀라는 겜! 중국인 많음 ㅜ"
578080,0,필수파일에 문제가 발생했습니다가 뜨면서 실행이 안됩니다
578080,0,개씨발중국인련이 내계정으로 핵써서 정지당했잖아 이 줬같은 게임아
578080,1,서바이벌 게임중에 이만한 게임 없음 근데 서버통합 되고 대부분 중국인들 매칭되서 좀 노잼이긴 함
578080,1,"FPS 좋아하는 나를 스팀으로 끌어온 성아와 함께한 게임  무려 50시간차 배린이였지만 마누라랑 치킨 좀 먹음 v  하 나랑 70시간 넘게 총 쏴준 거 최고야  ㅋㅋ 근데 핵 조온나 만타,,ㅗㅗ"
578080,1,DIDL TLQKF RMRP DKS AKWSI FUCK
578080,1,아니 관리자님 저 업그레이드말고 실수로 패스 사ㅆ어요 청약철회 제발요 ㅠㅠㅠㅠㅠㅠㅠㅠ
578080,0,배그 첫판 시작할때 로딩창이너무 길어요 버그가 너무 심합니다 요즘 들어서 더 심해지고 있습니다 배그 한판 할때마다 너무 힘듭니다 로딩창을 버그 어떻게 고쳐 주세요
578080,1,총과 투적 무기 근겁무기와 총기붙착물등을 잘 구현했어서 좋아요
578080,0,최소 사양 맞췄는데 그랙픽 품질 매우 낮음으로 해도 게임이 돌아가지를 안네요 진짜 이 게임 핵쟁이와 고인물 뱌ㅏㄲ에 없는 게 쓰래기 아무도 해주지 않는 펍지에 유일허ㅏㄴ 자랑거리
578080,0,서버 통합때문에 핵이더많아져서 게임을못해먹겠어요 진짜 극혐이네여 한판에 한번씩만나는데 통합안하는게 좋은것같습니다 제발 부탁드려요 운영자님
578080,1,"요즘 발로나 롤은 갔다, 이제 배그랑 옵치의 시대가 다시온다!!!"
578080,1,WE4RRFSADFSDFSDFVCSXDvXVXCVXVXVCXCVXVXC
578080,1,예전만큼 고인물 많이 없어져서 뉴비들 진짜 할 만해짐..굳
578080,0,짱깨 게임 한국인은 이제 못보고 핵쟁이만 볼수 있는 핵 동물원 게임
578080,1,와 이거 진짜 공짜 게임임? 엄청 재밌고 현실성도 띠어나네요. 와 이건 못참지 하다보면 적응이 되어서 재밌어 지고 친구들이랑하면 재미없을 수가 없으니깐 저 믿고 한번 깔아보세요.
578080,1,배그를 처음 접해서 아무것도 모르는 상황이였는데 계속 배그를 하면서 특유의 느낌이 있어서 재밌었습니다!
578080,1,"아........어렵다............맨날 버스만 탄다............................ 나도 잘하고 싶다......................................."
578080,1,개좇갓갓갓갓갓갓갓갓갓갓갓갓갓갓갓갓갓갓갓갓갓갓갓갓갓갓갓갓갓겜
578080,1,게임 조금 해봤는데 캐쥬얼하게 즐기기 좋음 스킨으로 다른사람과 빈부격차를 느낄수 있는 게임 100명중 1등하면 도파민과 10명 남았을때 아드레날린 긴장감 손에 땀이 너무남 심장 안좋아지는 게임 그래도 가끔식하면 내 심장 위치 찾을수 있음
578080,0,아니 서버를 통합을 시키시면 핵들이 많아진다는 생각은 못하셨나요? 그리고 맵자체인원수가100인데 사람도 많이 안줄고 핵들이 너무 많아졌어요 아니면 100명말고 50~60명정도로 시작하신든가 많이 힘드네요 실력으로 죽으면 인정하는데 불법프로그램 으로 인해서 죽으면 화가납니다 개선좀 부탁드려요 제발 !!
578080,0,병신 펍지새끼들 짱개들을 왜 받아 주는지 모르겠고 시발 존버충 새끼들 ㅈㄴ 많고 제동기 말고 그냥 반동 자체를 줄여 시발련들아 게임을 ㅅㅂ 핵도 많고 반동도 높고 존버도 많고 뭐 일반 유저들이 할수있는게 없는데 어쩌라는건지 ㅅㅂ 펍지새끼들은 뭔생각인지 난 모르겠다 이게임 하지마라
578080,1,자기장 없는 배틀그라운드 하고싶음 게임은 정말 잘 만들었는데 [h3]자기장이라는 존재가 너무 현실성이 없음[/h3] 다른게임을 할거였다면 이딴 이야기를 할 이유가 없음 이런 경험은 배틀그라운드에서 해야 의미있는거임  메이플스토리에서 하는 RPG랑 리그오브레전드에서 하는 RPG는 완전히 다른 느낌임
578080,1,"sehr gut aber nicht für budget pcs geignet"
578080,0,핵쟁이는 잡지도 못하면서 왜 무고한 플레이어들만 추방시키는지 병신같은게임입니다
578080,1,"게임 나쁘지 않음. 하이즈 빼낌. AI 많음. 총 다양함. 밸런스 패치 망함."
578080,0,그러게 왜 람보르기니를 출시해서 내 지갑을 텅장만드는데 ㅅ발럼아
578080,1,중국인들이랑 계속 만나는건 불편할수도있지만 솔직히 중국인들 만나고 게임 해보는 것도 좋은 경험이라 생각함 게임 자체는 그냥 재밌음
578080,1,발로란트보다 더 재미있고 아무리 잘해도 팀운 안좋으면 끝인데 이 게임은 팀운 따위 생각 안해서 좋아요 발로 망겜 ㅎ
578080,0,핵도 많고 해킹도 많이 당해요^^ 해킹당하고 두번이나 구매했어요 돈아까워라 ㄷㄷㄷ
578080,0,정말 최악입니다 왜이렇게 어려운거죠? 저같이 못하는사람도 같이 어울리며 할수있는게임이였으면 좋겠어요
578080,0,중국 핵쟁이들이 존나 많음 짱개들 서버 따로 만들던지 하셈
578080,1,"진짜 2017년 얼리때부터 2024 후반까지 욕도 많이 먹고 칭찬도 많이 먹은 게임   카배,스배 계정 총합 4개인 사람으로 말하자면 정말 잘 만든 게임 앞으로 이런 게임이 대한민국 시장에 나올까? 생각하게 되는 그런 게임   당연히 핵은 많지만 그건 모든 게임 통들어서 막을수 없는 존재이자 주제임 승률이 필요없는 게임에도 핵이 만들어져 팔거나 유통 되고있고 건축하고 협동 하자고 하는 게임에도 핵이 있고 도트 게임에도 핵이 만들어져 아는 사람은 많이 쓰는게 핵,버그판 임   그정도로 게임=핵 이고 핵=게임 임 많은 사람들이 핵쟁이들 안잡는다 핵을 방치 한다 뭐 이런 말들이 많지만 정작 신고 하거나 의심되는 사람 찾아서 신고 하면 정지 잘먹임 만약 핵인게 확정됬는데 정지를 안먹고 아직도 하고있다면 그 핵쟁이가 슬롯제를 쓰고 있는지를 생각해야함 슬롯제 이거 코드 공개 되지 않는 이상 사실상 조기에 차단 못먹인다 생각하면 됨 아무리 안티치트 프로그램을 좋은걸 써도 그 핵코드를 찾아서 막아도 그걸 뚫고 쓰는게 더쉬움  우리는 그저 버티면서 개발자들이 핵을 잘 막기를 기도 할수밖에 없음  솔직히 핵쟁이들 때문에 망했다는 게임이라면서 7년동안 버틴 게임이 어디있냐 ㅋㅋ"
578080,1,스팀 다른게임 깔고있을떼 하기너무좋은 시간보내기 탑인 게임 레전드급 배그:>
578080,0,"서버통합 이후 한국인이 없음 죄다 중국인이네 뭐 말도 안통하고 듀오, 스쿼드 돌리는 재미가 사라짐"
578080,1,음 이 제품은 품질이 뛰어나고 아주 뚜ㅣ어납니다 칭창잰효ㅕㅇ
578080,1,⠄⠄⣿⣿⣿⣿⠘⡿⢛⣿⣿⣿⣿⣿⣧⢻⣿⣿⠃⠸⣿⣿⣿⠄⠄⠄⠄⠄ ⠄⠄⣿⣿⣿⣿⢀⠼⣛⣛⣭⢭⣟⣛⣛⣛⠿⠿⢆⡠⢿⣿⣿⠄⠄⠄⠄⠄ ⠄⠄⠸⣿⣿⢣⢶⣟⣿⣖⣿⣷⣻⣮⡿⣽⣿⣻⣖⣶⣤⣭⡉⠄⠄⠄⠄⠄ ⠄⠄⠄⢹⠣⣛⣣⣭⣭⣭⣁⡛⠻⢽⣿⣿⣿⣿⢻⣿⣿⣿⣽⡧⡄⠄⠄⠄ ⠄⠄⠄⠄⣼⣿⣿⣿⣿⣿⣿⣿⣿⣶⣌⡛⢿⣽⢘⣿⣷⣿⡻⠏⣛⣀⠄⠄ ⠄⠄⠄⣼⣿⣿⣿⣿⣿⣿⣿⣿⣿⣿⣿⣿⣦⠙⡅⣿⠚⣡⣴⣿⣿⣿⡆⠄ ⠄⠄⣰⣿⣿⣿⣿⣿⣿⣿⣿⣿⣿⣿⣿⣿⣿⣷⠄⣱⣾⣿⣿⣿⣿⣿⣿⠄ ⠄⢀⣿⣿⣿⣿⣿⣿⣿⣿⣿⣿⣿⣿⣿⣿⣿⣿⢸⣿⣿⣿⣿⣿⣿⣿⣿⠄ ⠄⣸⣿⣿⣿⣿⣿⣿⣿⣿⣿⣿⣿⣿⣿⣿⡿⠣⣿⣿⣿⣿⣿⣿⣿⣿⣿⠄ ⠄⣿⣿⣿⣿⣿⣿⣿⣿⣿⣿⣿⣿⣿⠿⠛⠑⣿⣮⣝⣛⠿⠿⣿⣿⣿⣿⠄ ⢠⣿⣿⣿⣿⣿⣿⣿⣿⣿⣿⣿⣶⠄⠄⠄⠄⣿⣿⣿⣿⣿⣿⣿⣿⣿⡟⠄
578080,1,몇년전부터 카배 스배 총 4년 넘게 했는데 점점 이상해지고 있다
578080,1,배틀그라운드님 키오프(만약에)와 콜라보하면이글루 이모션을 보고싶어요! 딱 선글라스끼고 될수만 있다면😍😍
578080,0,플레이가 계속 안됩니다 삭제했다가 다시 다운해도 안되구요 개빡쳐서 할수가 없네요 진짜 컴퓨터 개박살냅니다?
578080,0,⣿⣿⣿⣿⣿⠟⠋⠄⠄⠄⠄⠄⠄⠄⢁⠈⢻⢿⣿⣿⣿⣿⣿⣿⣿ ⣿⣿⣿⣿⣿⠃⠄⠄⠄⠄⠄⠄⠄⠄⠄⠄⠄⠈⡀⠭⢿⣿⣿⣿⣿ ⣿⣿⣿⣿⡟⠄⢀⣾⣿⣿⣿⣷⣶⣿⣷⣶⣶⡆⠄⠄⠄⣿⣿⣿⣿ ⣿⣿⣿⣿⡇⢀⣼⣿⣿⣿⣿⣿⣿⣿⣿⣿⣿⣧⠄⠄⢸⣿⣿⣿⣿ ⣿⣿⣿⣿⣇⣼⣿⣿⠿⠶⠙⣿⡟⠡⣴⣿⣽⣿⣧⠄⢸⣿⣿⣿⣿ ⣿⣿⣿⣿⣿⣾⣿⣿⣟⣭⣾⣿⣷⣶⣶⣴⣶⣿⣿⢄⣿⣿⣿⣿⣿ ⣿⣿⣿⣿⣿⣿⣿⣿⡟⣩⣿⣿⣿⡏⢻⣿⣿⣿⣿⣿⣿⣿⣿⣿⣿ ⣿⣿⣿⣿⣿⣿⣹⡋⠘⠷⣦⣀⣠⡶⠁⠈⠁⠄⣿⣿⣿⣿⣿⣿⣿ ⣿⣿⣿⣿⣿⣿⣍⠃⣴⣶⡔⠒⠄⣠⢀⠄⠄⠄⡨⣿⣿⣿⣿⣿⣿ ⣿⣿⣿⣿⣿⣿⣿⣦⡘⠿⣷⣿⠿⠟⠃⠄⠄⣠⡇⠈⠻⣿⣿⣿⣿ ⣿⣿⣿⣿⡿⠟⠋⢁⣷⣠⠄⠄⠄⠄⣀⣠⣾⡟⠄⠄⠄⠄⠉⠙⠻ ⡿⠟⠋⠁⠄⠄⠄⢸⣿⣿⡯⢓⣴⣾⣿⣿⡟⠄⠄⠄⠄⠄⠄⠄⠄ ⠄⠄⠄⠄⠄⠄⠄⣿⡟⣷⠄⠹⣿⣿⣿⡿⠁⠄⠄⠄⠄⠄⠄⠄⠄ ⠄⠄⠄⠄⠄⠄⣸⣿⡷⡇⠄⣴⣾⣿⣿⠃⠄⠄⠄⠄⠄⠄⠄⠄⠄ ⠄⠄⠄⠄⠄⠄⣿⣿⠃⣦⣄⣿⣿⣿⠇⠄⠄⠄⠄⠄⠄⠄⠄⠄⠄ ⠄⠄⠄⠄⠄⢸⣿⠗⢈⡶⣷⣿⣿⡏⠄⠄⠄⠄⠄⠄⠄⠄⠄⠄⠄
578080,0,핵망겜이 그나마 복귀유저 할만한  맵나와서 근근히 즐기던거 노말게임 로테이션 생쇼를해놓네 이렇게 어거지로 똥맵하다가 접을듯 죽죽빠질듯 노답임  여전히 정신 못차리고 똥맵이 똥맛인지 모르고 우직하게 바지내리고 지리고있는거보소. 태이고만하는 사람도 있다했는데.  굳이 노말겜을 이렇게 만드니 한달에 한두번꼴로 들어오게 만드는 전략 그냥 발박수가 절로나옴. 안타까움을 자아내는 것도 능력인듯.  지들도 아는거지 똥겜가기전에 유저 개돼지로보고 억지로 잡아둘려고 그러면 뭐해 그래프상 태이고 없으면 쭉쭉 줄어드는 게임 지들이 망치고있네 얼른 쳐내야지 암덩어리는 판단이 느리면 복구는 못해
578080,1,"오래된 게임이라 그리 평가를 할 필요도 없습니다. 간간히 피시방에서 하기에는 너무 좋은 게임"
578080,1,재밌고 현질도 가능하며 다양한 사람들과 같이 플레이 할수있어서 좋다
578080,1,내린다->먹는다->쏜다->들켰다->죽었다->하지만 재밌으니 매칭잡는다
578080,0,"[h1]액션 배틀로얄 장르의 [strike]거의[/strike]시초[/h1]  [code][h2]장점[/h2] [olist] [*] 매우 다양한 맵  [*] 액션 배틀로얄 장르의 첫 게임인 만큼 많이 쌓인 컨텐츠 [/olist] [/code]  [code][h2]단점[/h2] [olist] [*] 후발 주자격 배틀로얄과 비교할 시 꽤 하드코어한 게임성 (반동 제어 난이도: 상)  [*] 매우 다양한 맵 + 다양한 총기 가짓수로 인하여 최후의 생존자(속칭 치킨)까지 가기 위해 요구되는 학습량 폭증  [*] 랭크 매치가 아닌 이상 평균 100인 가량이 맵으로 점프하는 특성상 매우 넓은 MMR 스펙트럼(특히 스쿼드)으로 인한 광속 탈락 가능성 존재(현재는 봇이라도 있는건지 킬은 하나라도 딸 수 있음, 물론 치킨은 포기하는게 본인한테는 베스트) [/olist] [/code]  [code][h2] 개인적 평가 및 추천 여부[/h2]  개인적 평가: 게임성이 최소 에펙, 워존같은 후발 주자에 비하여 '매우' 하드코어함, 거기다가 이 게임에 남은 플레이어들은 최소 고인물일 가능성이 매우 높음  추천 여부: 자신이 하드코어한 배틀로얄을 선호할 경우 추천, 허나 아닐 경우 '개인적'으로는 배그보단 [url=https://store.steampowered.com/app/1962663/]워존[/url], [url=https://store.steampowered.com/app/1172470/]에펙[/url]쪽을 강력 추천함 고로 본인은 그렇게까지는 추천하지 않음 [/code]"
578080,1,와. 우. 정. 말. 좋. 은. 게. 임 = 배틀그라운드.
578080,0,"아시아 지역 서버 통합 후, 업데이트마다 지나인 핵프로그램 유저들이 넘쳐나 일반적인 게임 진행이 불가능함.  서버값 하라고 매번 배틀패스 사주는 거 아니냐 짷32깺머니가 아무리 달달해도 좀 분리해라 근본있는 핵쟁이 무협겜으로 돌아가려고 그러냐"
578080,0,어쩌다보니 3일 정지먹고 풀려서 기록보니까 내가 안 한 판이 있더라고요? 그래서 해킹을 당하고 결국 영정까지 먹었습니다ㅋㅋ 스팀가드도 안 쓰고 해킹당해서 영정먹으면 내 잘못이 맞는데 스팀가드까지 쓰는데 다른 곳에서 로그인 했다는 것도 안 뜨고 영정 때려버리면 스팀가드를 쓰는데도 해킹당하는 스팀 운영 방칙에 문제가 있는 거 아니에요? 이럴거면 스팀가드 왜 만든 건지 모르겠네ㅋㅋ 말 같지도 않은 서버통합해서 지금 핵들 판치고 비싼 핵은 안 잡히고 게임 운영은 뭣대로 해가지고 기존 유저들만 피해보는 상황인데 게임 운영을 왜 이따구로 하는지ㅋㅋ 핵을 못 잡을거면 서버 통합을 하지 말던가 핵이라도 똑바로 잡던가 왜 피해는 내가 봐야되는지 모르겠네 진짜ㅋㅋ
578080,1,"다양한 플레이 형태 선택 가능 불법 프로그램 사용자가 많음"
578080,1,꿀꿀꿀꿀꿀꿀꿀꿀꿀꿀꿀꿀꿀꿀꿀꿀꿀꿀꿀꿀꿀꿀꿀꿀꿀꿀꿀꿀꿀꿀꿀꿀꿀꿀꿀꿀꿀꿀꿀꿀꿀꿀꿀꿀꿀꿀꿀꿀꿀꿀꿀꿀꿀꿀꿀꿀꿀꿀꿀꿀꿀꿀꿀꿀꿀꿀꿀꿀꿀꿀꿀꿀꿀꿀꿀꿀꿀꿀꿀꿀꿀꿀꿀꿀꿀꿀꿀꿀꿀꿀꿀꿀꿀꿀꿀꿀꿀꿀꿀꿀꿀꿀꿀꿀꿀꿀꿀꿀꿀꿀꿀꿀꿀꿀꿀꿀꿀꿀꿀꿀꿀꿀꿀꿀꿀꿀꿀꿀꿀꿀꿀꿀꿀꿀꿀꿀꿀꿀꿀꿀꿀꿀꿀꿀꿀꿀꿀꿀꿀꿀꿀꿀꿀꿀꿀꿀꿀꿀꿀꿀꿀꿀꿀꿀꿀꿀꿀꿀꿀꿀꿀꿀꿀꿀꿀꿀꿀꿀꿀꿀꿀꿀꿀꿀꿀꿀꿀꿀꿀꿀꿀꿀꿀꿀꿀꿀꿀꿀꿀꿀꿀꿀꿀꿀꿀꿀꿀꿀꿀꿀꿀꿀꿀꿀꿀꿀꿀꿀꿀꿀꿀꿀꿀꿀꿀꿀꿀꿀꿀꿀꿀꿀꿀꿀꿀꿀꿀꿀꿀꿀꿀꿀꿀꿀꿀꿀꿀꿀꿀꿀꿀꿀꿀꿀꿀꿀꿀꿀꿀꿀꿀꿀꿀꿀꿀꿀꿀꿀꿀꿀꿀꿀꿀꿀꿀꿀꿀꿀꿀꿀꿀꿀꿀꿀꿀꿀꿀꿀꿀꿀꿀꿀꿀꿀꿀꿀꿀꿀꿀꿀꿀꿀꿀꿀꿀꿀꿀꿀꿀꿀꿀꿀꿀꿀꿀꿀꿀꿀꿀꿀꿀꿀꿀꿀꿀꿀꿀꿀꿀꿀꿀꿀꿀꿀꿀꿀꿀꿀꿀꿀꿀꿀꿀꿀꿀꿀꿀꿀꿀꿀꿀꿀꿀꿀꿀꿀꿀꿀꿀꿀꿀꿀꿀꿀꿀꿀꿀꿀꿀꿀꿀꿀꿀꿀꿀꿀꿀꿀꿀꿀꿀꿀꿀꿀꿀꿀꿀꿀꿀꿀꿀꿀꿀꿀꿀꿀꿀꿀꿀꿀꿀꿀꿀꿀꿀꿀꿀꿀꿀꿀꿀꿀꿀꿀꿀꿀꿀꿀꿀꿀꿀꿀꿀꿀꿀꿀꿀꿀꿀꿀꿀꿀꿀꿀꿀꿀꿀꿀꿀꿀꿀꿀꿀꿀꿀꿀꿀꿀꿀꿀꿀꿀꿀꿀꿀꿀꿀꿀꿀꿀꿀꿀꿀꿀꿀꿀꿀꿀꿀꿀꿀꿀꿀꿀꿀꿀꿀꿀꿀꿀꿀꿀꿀꿀꿀꿀꿀꿀꿀꿀꿀꿀꿀꿀꿀꿀꿀꿀꿀꿀꿀꿀꿀꿀꿀꿀꿀꿀꿀꿀꿀꿀꿀꿀꿀꿀꿀꿀꿀꿀꿀꿀꿀꿀꿀꿀꿀꿀꿀꿀꿀꿀꿀꿀꿀꿀꿀꿀꿀꿀꿀꿀꿀꿀꿀꿀꿀꿀꿀꿀꿀꿀꿀꿀꿀꿀꿀꿀꿀꿀꿀꿀꿀꿀꿀꿀꿀꿀꿀꿀꿀꿀꿀꿀꿀꿀꿀꿀꿀꿀꿀꿀꿀꿀꿀꿀꿀꿀꿀꿀꿀꿀꿀꿀꿀꿀꿀꿀꿀꿀꿀꿀꿀꿀꿀꿀꿀꿀꿀꿀꿀꿀꿀꿀꿀꿀꿀꿀꿀꿀꿀꿀꿀꿀꿀꿀꿀꿀꿀꿀꿀꿀꿀꿀꿀꿀꿀꿀꿀꿀꿀꿀꿀꿀꿀꿀꿀꿀꿀꿀꿀꿀꿀꿀꿀꿀꿀꿀꿀꿀꿀꿀꿀꿀꿀꿀꿀꿀꿀꿀꿀꿀꿀꿀꿀꿀꿀꿀꿀꿀꿀꿀꿀꿀꿀꿀꿀꿀꿀꿀꿀꿀꿀꿀꿀꿀꿀꿀꿀꿀꿀꿀꿀꿀꿀꿀꿀꿀꿀꿀꿀꿀꿀꿀꿀꿀꿀꿀꿀꿀꿀꿀꿀꿀꿀꿀꿀꿀꿀꿀꿀꿀꿀꿀꿀꿀꿀꿀꿀꿀꿀꿀꿀꿀꿀꿀꿀꿀꿀꿀꿀꿀꿀꿀꿀꿀꿀꿀꿀꿀꿀꿀꿀꿀꿀꿀꿀꿀꿀꿀꿀꿀꿀꿀꿀꿀꿀꿀꿀꿀꿀꿀꿀꿀꿀꿀꿀꿀꿀꿀꿀꿀꿀꿀꿀꿀꿀꿀꿀꿀꿀꿀꿀꿀꿀꿀꿀꿀꿀꿀꿀꿀꿀꿀꿀꿀꿀꿀꿀꿀꿀꿀꿀꿀꿀꿀꿀꿀꿀꿀꿀꿀꿀꿀꿀꿀꿀꿀꿀꿀꿀꿀꿀꿀꿀꿀꿀꿀꿀꿀꿀꿀꿀꿀꿀꿀꿀꿀꿀꿀꿀꿀꿀꿀꿀꿀꿀꿀꿀꿀꿀꿀꿀꿀꿀꿀꿀꿀꿀꿀꿀꿀꿀꿀꿀꿀꿀꿀꿀꿀꿀꿀꿀꿀꿀꿀꿀꿀꿀꿀꿀꿀꿀꿀꿀꿀꿀꿀꿀꿀꿀꿀꿀꿀꿀꿀꿀꿀꿀꿀꿀꿀꿀꿀꿀꿀꿀꿀꿀꿀꿀꿀꿀꿀꿀꿀꿀꿀꿀꿀꿀꿀꿀꿀꿀꿀꿀꿀꿀꿀꿀꿀꿀꿀꿀꿀꿀꿀꿀꿀꿀꿀꿀꿀꿀꿀꿀꿀꿀꿀꿀꿀꿀꿀꿀꿀꿀꿀꿀꿀꿀꿀꿀꿀꿀꿀꿀꿀꿀꿀꿀꿀꿀꿀꿀꿀꿀꿀꿀꿀꿀꿀꿀꿀꿀꿀꿀꿀꿀꿀꿀꿀꿀꿀꿀꿀꿀꿀꿀꿀꿀꿀꿀꿀꿀꿀꿀꿀꿀꿀꿀꿀꿀꿀꿀꿀꿀꿀꿀꿀꿀꿀꿀꿀꿀꿀꿀꿀꿀꿀꿀꿀꿀꿀꿀꿀꿀꿀꿀꿀꿀꿀꿀꿀꿀꿀꿀꿀꿀꿀꿀꿀꿀꿀꿀꿀꿀꿀꿀꿀꿀꿀꿀꿀꿀꿀꿀꿀꿀꿀꿀꿀꿀꿀꿀꿀꿀꿀꿀꿀꿀꿀꿀꿀꿀꿀꿀꿀꿀꿀꿀꿀꿀꿀꿀꿀꿀꿀꿀꿀꿀꿀꿀꿀꿀꿀꿀꿀꿀꿀꿀꿀꿀꿀꿀꿀꿀꿀꿀꿀꿀꿀꿀꿀꿀꿀꿀꿀꿀꿀꿀꿀꿀꿀꿀꿀꿀꿀꿀꿀꿀꿀꿀꿀꿀꿀꿀꿀꿀꿀꿀꿀꿀꿀꿀꿀꿀꿀꿀꿀꿀꿀꿀꿀꿀꿀꿀꿀꿀꿀꿀꿀꿀꿀꿀꿀꿀꿀꿀꿀꿀꿀꿀꿀꿀꿀꿀꿀꿀꿀꿀꿀꿀꿀꿀꿀꿀꿀꿀꿀꿀꿀꿀꿀꿀꿀꿀꿀꿀꿀꿀꿀꿀꿀꿀꿀꿀꿀꿀꿀꿀꿀꿀꿀꿀꿀꿀꿀꿀꿀꿀꿀꿀꿀꿀꿀꿀꿀꿀꿀꿀꿀꿀꿀꿀꿀꿀꿀꿀꿀꿀꿀꿀꿀꿀꿀꿀꿀꿀꿀꿀꿀꿀꿀꿀꿀꿀꿀꿀꿀꿀꿀꿀꿀꿀꿀꿀꿀꿀꿀꿀꿀꿀꿀꿀꿀꿀꿀꿀꿀꿀꿀꿀꿀꿀꿀꿀꿀꿀꿀꿀꿀꿀꿀꿀꿀꿀꿀꿀꿀꿀꿀꿀꿀꿀꿀꿀꿀꿀꿀꿀꿀꿀꿀꿀꿀꿀꿀꿀꿀꿀꿀꿀꿀꿀꿀꿀꿀꿀꿀꿀꿀꿀꿀꿀꿀꿀꿀꿀꿀꿀꿀꿀꿀꿀꿀꿀꿀꿀꿀꿀꿀꿀꿀꿀꿀꿀꿀꿀꿀꿀꿀꿀꿀꿀꿀꿀꿀꿀꿀꿀꿀꿀꿀꿀꿀꿀꿀꿀꿀꿀꿀꿀꿀꿀꿀꿀꿀꿀꿀꿀꿀꿀꿀꿀꿀꿀꿀꿀꿀꿀꿀꿀꿀꿀꿀꿀꿀꿀꿀꿀꿀꿀꿀꿀꿀꿀꿀꿀꿀꿀꿀꿀꿀꿀꿀꿀꿀꿀꿀꿀꿀꿀꿀꿀꿀꿀꿀꿀꿀꿀꿀꿀꿀꿀꿀꿀꿀꿀꿀꿀꿀꿀꿀꿀꿀꿀꿀꿀꿀꿀꿀꿀꿀꿀꿀꿀꿀꿀꿀꿀꿀꿀꿀꿀꿀꿀꿀꿀꿀꿀꿀꿀꿀꿀꿀꿀꿀꿀꿀꿀꿀꿀꿀꿀꿀꿀꿀꿀꿀꿀꿀꿀꿀꿀꿀꿀꿀꿀꿀꿀꿀꿀꿀꿀꿀꿀꿀꿀꿀꿀꿀꿀꿀꿀꿀꿀꿀꿀꿀꿀꿀꿀꿀꿀꿀꿀꿀꿀꿀꿀꿀꿀꿀꿀꿀꿀꿀꿀꿀꿀꿀꿀꿀꿀꿀꿀꿀꿀꿀꿀꿀꿀꿀꿀꿀꿀꿀꿀꿀꿀꿀꿀꿀꿀꿀꿀꿀꿀꿀꿀꿀꿀꿀꿀꿀꿀꿀꿀꿀잼
578080,0,"이젠 배그는 핵이거나 아니면 고인물이거나 두 부류만 살아남은 게임 애매하거나 뉴비의 실력인 사람이 이젠 발 디딜 수가 없다. 본인도 1,200시간이나 했지만 딱히 잘하진 않아서 이젠 진짜로 못하겠다."
578080,0,"날이 갈 수록 최적화가 안된다. 설치하고 업데이트 할 때도 업데이트 적용이 아니라 전체를 새로 다운 받고 새로 설치하는 느낌? 신맵들은 오래된 컴에선 움직이지 않는다.  예전 맵은 잘 움직이고 프레임 방어가 되는데, 신맵만 들어가면 심하게 끊긴다. 되게 신기하다."
578080,0,小作坊游戏，真恶心，开挂的太多了，开挂封号1到3天，绿玩不小心打架误伤队友就是封号15天，真牛啊，劝退绿玩，等着被淘汰吧
578080,1,tlqkf 너무 좋습니다. 대신 핵이 whssk많아요. 핵좀 없애주세요
578080,0,핵을 못잡는게 아니고 그냥 방치하는거임 사전에 차단하는 비용보다 그냥 신고들어온거 딸깍 해주면 개돼지들이 좋아함 ㅋㅋㅋ 특히나 esp는 거의 못잡아서 안쓰면 걍 호구새끼인 정도의 핵쟁이들만의 게임
578080,0,이 씨발 ㅈ같은 새끼들아 3판 중에 3판 핵이 있는게 말이되냐 밸런스 ㅈ박은 고무보트나 처만들지 말고 핵이나 잡으라고
578080,1,1000000000000000000000000000000000000000000000000000000000000000000000점
578080,1,돌고돌아돌고돌아돌고돌아돌고돌아돌고돌아돌고돌아돌고돌아돌고돌아돌고돌아돌고돌아돌고돌아돌고돌아돌고돌아돌고돌아돌고돌아돌고돌아돌고돌아돌고돌아돌고돌아돌고돌아돌고돌아돌고돌아돌고돌아돌고돌아돌고돌아돌고돌아돌고돌아돌고돌아돌고돌아돌고돌아돌고돌아돌고돌아돌고돌아돌고돌아돌고돌아돌고돌아돌고돌아돌고돌아돌고돌아돌고돌아돌고돌아돌고돌아돌고돌아돌고돌아돌고돌아돌고돌아돌고돌아돌고돌아돌고돌아돌고돌아돌고돌아돌고돌아이 게임.
578080,1,이상한 스킨이랑 쓸데없는 현질 유도만 없으면 친구랑 재미로 하기 정말 좋은 게임임
578080,1,非常棒的一款游戏，10几年的CF老玩家偶然玩了一次这个游戏彻底脱坑CF转战吃鸡了  ！！！！！
578080,1,얼리엑세스 2017부터 지금 2024 까지 순수재미 만큼은 높으나 결국 질리면 삭제에 망설임이 없는 게임
578080,0,씨발 개 좃같은 병신년아 먼 최적화를 권장사향으로 1050으로 돌리는데 머 씨발 사녹이랑 태이고는 레드존만 쳐 들어가면 프래임 20 30 나오고 머 저사양은 꺼지라 이건가? 씨발 변화? 좋지 근데 씨발 좃같은 년들아 최적화를 존나 좃같이하고 자 변화 이지랄 하면 고사양 좃튜버새끼들만 와 좋다 ㅇㅈㄹ하지 우리같은 저사양은 걍 그맵은 못함 내가 지형변화 업대이트되고 사녹이 초반 10분은 프래임 5나와서 그때부터 사녹 안한다 개새끼야 이 좃같은 김태현 개새끼야
578080,1,존잼 2024년도 단대부중 3학년 5반 7번 김현승 평생 모쏠 여드름 돼지 크레이터
578080,1,이 게임은 악마의 게임입니다. 한번 시작 시 되돌릴수 없습니다
578080,1,추업합니다.. 넘 재미있게 헀지만 다른 사람이 타계정으로 해킹해서 하는 것만 아니면.. 피방유저인 저한테는 좋을거 같습니다.. 너무 슬픕니다.. 거의 게임을 배그만 하는데.. 자영업자로 일하면서.. 남는 시간에 배그를 다시 시작했는데.. 한 지 며칠만에 해킹당하여 계정이 정지가 되어서 너무 슬픕니다..
578080,0,버그가 넘 많은데 개선의 여지가 없고요 핵을 잡는 건지도 모르겠고요 몇달 전에 있던 버그가 아직도 개선이 안된 거 보면 그냥 게임 갖다 버린거죠? 돈 벌려고 하는 상점 업데이트 그만하고 제발 게임에 신경좀 쓰세요
578080,0,복귀하려고 해도 평균 3판만에 계속 만나버리는 핵쟁이들이 너무 많다
578080,0,접속이안됌 엄마가 터짐 그냥 좆같아 이샊기 걍 좀 이딴것만 해결하면 좀 괜찮은데 왜그러지
578080,1,퀄리티가 장난 안닙니다. 반동 잡는건 어렵지만 챌린지 하나론 딱입니다!!
578080,1,제동기 반동을 싹다 잡아준다 그저 G.O.A.T 반동도 내가 알던 반동 존나 심한 게임 아니다 이 겜 무조건 해라 옛날에 유로 였던 게임이 무료 진짜 시1발 그저 GOAT다 알겠스면 당장 설치해라 그리고 이벤트 한번 할때 그냥 존1나 미쳤다 그러니깐 망설이지 말고 당장 설치 해라 GOAT 게임을
578080,0,배그 통합하고나서 핵들도 많아지고 플레이가 너무 하기 힘듭니다.
578080,1,재밌는데 존나 잘하는 사람들 밖에 없어서 차타는 재미로 즐기는 중이네요
578080,0,오랜만에 잠깐 들어왔는데 갖고있던 의상 외모 다 삭제됨 뭐임?
578080,0,현질유도를 ㅈ2ㄴ게함 베릴 쓸데없이 이쁘게 만들어놓고 주지를 않네 에휴
578080,1,"게임이 약간 돈에 미쳐가고 있긴 한데, 현질 안할거면 이보다 재밌는 FPS게임 찾기 힘든 듯. 핵 문제 심해지긴 했는데 슈팅게임 특성상 어쩔수 없는 부분이 있긴 함"
578080,0,아시아 서버로 통합되면서 한국사람들 찾아보기는 너무 힘들고 중국인들 비매너 플래이로 판치는 게임으로 깔끔하게 바뀌어버려서 즐기는 게임은 불가능한 개망겜으로 탄생되었다.
578080,1,asdasdasddsafasdfasdfasdfasdfadfasdfafadfadff a  a a
1449850,1,유희왕을 즐겨하시는 분들은 즐겁게 플레이 할 수 있습니다. 처음 플레이하시는 분들은 어려울 수도 있습니다.
1449850,1,그냥 초 갓겜임 tcg 시뮬레이터를 이보다 잘 만들 수가 없어보이는데 패치할수록 더 나아지고 있음  리뷰 하는김에 해본 트레이딩 카드 게임 티어매겨봄 0티어 - 유기오 1티어 - 안드로이드 넷러너 10000000000티어 - mtg 10000000001티어 - 돌겜  매더개 돌겜도 재밌다고 하던 시절이 있었는데 마듀 나온 뒤로 회상해보니 도대체 어떻게 했나 몰루겠음 특히 키워드들 볼 때마다 암세포같음 풀어서 써 주는 유기오가 백배 나음 매더개는 더럽게 비직관적이고 돌겜은 지나치게 가벼운 운빨겜인데  유기오는 직관적인 실력겜이라 비교가 안됨  문제는 코나미가 감이 없음 애니 새 시즌을 만들어서 트위치에서 틀어야지 옛날 시즌이나 틀고 있는데 답답함  마듀팀은 잘 하고 있으니 위엣것들이 분발하길
1449850,1,"다계정돌이를 정말 권장하는게임 일단 가능하다면 리세 or 돌계구매해서 스팀 본계정에 연동하는걸 추천함 쌩 신규계정으로 해도 처음 덱 한두개정도는 맞출수있지만 갈수록 아쉬워진다 그리고 그냥 빠르게 다른덱을 맞추고싶다면 스팀계정을 하나더 파서 다계정돌이를 하는게 정신건강이 이롭다 현질효율은 박살나있고, 이벤트가 없을때는 보석수급이 너무 더디다  그리고 제발 카드 읽고 효과쓰자"
1449850,1,유희왕 종결 게임이라고 생각합니다. 꾸준히 하면 재화 수급도 쉽습니다. 단점은 재화가 현금으로 사기는 너무 비싸다는 단점이 있습니다.
1449850,1,"OCG 유저한테는 정말 최고의 게임  장점 1. 무과금으로 편하게 게임할 수 있음 - 과금 효율이 좋지 않지만, 일일퀘스트나 이벤트로 뿌리는 젬 양이 많다. - 새로 나온 카드도 제작으로 쉽게 만들 수 있어 가챠게임치고 맵지가 않다. 2. 사이버 저지의 존재 - 오프라인에서는 애매모호한 룰을 찾아봐야 할 때도 많았는데, 사이버 저지가 다 해결해준다.  단점 1. 진입장벽이 높다. - 카드 풀이 매우 넓고, 규칙도 많아서 뉴비가 시작하기는 어려울 것 같다."
1449850,1,"???:무지개 반사 ???:슈퍼 무지개 반사! ???:초 슈퍼 무지개 반사!"
1449850,1,입문하기 어려운 게임이지만 초반에 젬을 넉넉하게 주기 때문에 덱을 완성하는 재미가 있었습니다.
1449850,1,"최근 유회왕이 어떤 게임인지 알고 플레이한다면, 이보다 완성도 있게 개발된 카드 게임을 찾기 어렵다고 할 수 있다. 복잡한 룰과 메커니즘을 고려해보면 버그가 거의 없고, 현금 결제 요소도 생각보다 크게 강요되진 않는다. 비쥬얼과 오디오가 꽤 찰지게 구성되어있어서 카드 치는 맛이 난다.  근데! 유희왕 카드 게임을 모른다면, (실제 평가와는 다르게) 추천해주고 싶진 않다. 지금 유희왕 메타는 선공이 집을 지어서 후공을 이기기 쉽다. 그 과정에서 심하면 5분 내내 상대가 필드를 전개하는 모습을 그대로 지켜보고 있어야 한다. 그나마 후공이 선공을 이기기 위해서 ""패 유발""이라 하는 카드로 상대 턴에 행동을 방해할 순 하는데, 메타에 따라선 모든 방해 카드를 대처하는 비합리적인 덱도 존재하고, 거꾸로 생각해보면 내가 선공을 잡았는데 내 턴에 던진 상대 카드에 불쾌하게 무력화 당해서 지는 경우도 흔하다. 이 게임 내용은 '정석적인' 것으로, 반대로 비정석적인 게임 내용, 가령 후공이 쎈 덱 또는 패 유발 싸움을 피하는 덱과 싸울 경우, 차라리 아까 말한 '정석적인' 유희왕이 미녀로 보일 수도 있다. (루닉은...없어져라 그냥)  이 모든 상황을 유희왕 특유의 게임성이라 생각하며 감당할 수 있다면, 코나미가 아무 예고도 없이 띡 출시한 것치고는 훌륭한 완성도로 개발되어 지금까지도 순항 중인 이 게임을 재밌게 즐길 수 있다. 하지만 그래도 어쩔 수 없이 흘러넘치는 표독함이 있고, 따라서 하다보니 좀 컨디션이 안 좋으면 행복하게 할 수 있는 게임으로 잠깐 도피하길 추천한다."
1449850,1,최신카드가 너무 사기여서 화가 나신다구요???!?!!?! 님도 하세요 ㅋㅋㅋ 나도 낭만 넘치는 덱만 하고 싶었다고 ㅋㅋㅋ
1449850,0,대체 왜 처음하는데 상대들이 혼자 카드 없애고 소환하고 없애고 소환하고 개쌘 카드 소환해서 죽여버림 뉴비가 없음
1449850,1,"제가 아직 뉴비라 잘 모르겠는데 일단 우라라가 있어야해요 예 없으면 게임 끝날때까지 니가 하고싶은거는 좆까라 나만 할게 당해요 진짜 시작하시는분들 꼭 기억해주세요 전 3달동안 몰랐어요"
1449850,1,카가리 신일러 한장만 더달라고 시발놈들아 한장만 더뽑으면 섬도희 신일러 졸업인데 아오 진짜 개시발시발시발시발시발시발시발시발시발시발시발시발시발시발시발시발시발시발시발시발시발시발시발시발시발시발시발시발시발시발시발시발시발시발시발시발시발시발시발시발시발시발시발시발시발시발시발시발시발시발시발시발시발시발시발시발시발시발시발시발시발시발시발시발시발시발시발시발시발시발시발시발시발시발시발시발시발시발시발시발시발시발시발시발시발시발시발시발시발시발시발시발시발시발시발시발시발시발시발시발시발시발시발시발시발시발시발시발시발시발시발시발시발시발시발시발시발시발시발시발시발시발시발시발시발시발시발시발시발시발시발시발시발시발시발시발시발시발시발시발시발시발시발시발시발시발시발시발시발시발시발시발시발시발시발시발시발시발시발시발
1449850,1,건강천배 짝짝 뉴비도 고수를 이겨~ 감히 고수가 초보를 이기려 해
1449850,1,"어릴 때 룰도 모르고 그냥 친구들이랑 가라로 하던 유희왕을 이제 와서 제대로 된 룰로 해보니까 재밌네요.  근데 20년도 넘은 게임이라 그런지 요즘 게임들에 비해 시스템이 너무 구림. 선공의 압도적 유리함, 멀리건의 부재, 극심한 파워 인플레이션. 그래도 뉴비에게 젬을 퍼줘서 덱 하나는 무조건 맞출 수 있고, 카드게임 좀 해봤다면 그리 어렵지 않게 즐길 수 있음. 추천함  이벤트로 젬도 퍼줘서 좋긴 한데, 그에 비해 현질 효율이 정말 안 좋음. 이벤트 없으면 실물 카드보다 비쌈 ㅋㅋ"
1449850,0,띠링 후공 띠링 후공 띠링 후공 띠링 선공 띠링 증쥐 띠링 후공 띠링 후공 띠링 후공 띠링 선공 띠링 증쥐 띠링 후공 띠링 후공 띠링 후공 띠링 선공 띠링 증쥐 띠링 후공 띠링 후공 띠링 후공 띠링 선공 띠링 증쥐 띠링 후공 띠링 후공 띠링 후공 띠링 선공 띠링 증쥐 띠링 후공 띠링 후공 띠링 후공 띠링 선공 띠링 증쥐 띠링 후공 띠링 후공 띠링 후공 띠링 선공 띠링 증쥐 띠링 후공 띠링 후공 띠링 후공 띠링 선공 띠링 증쥐 띠링 후공 띠링 후공 띠링 후공 띠링 선공 띠링 증쥐 띠링 후공 띠링 후공 띠링 후공 띠링 선공 띠링 증쥐 띠링 후공 띠링 후공 띠링 후공 띠링 선공 띠링 증쥐 띠링 후공 띠링 후공 띠링 후공 띠링 선공 띠링 증쥐 띠링 후공 띠링 후공 띠링 후공 띠링 선공 띠링 증쥐 띠링 후공 띠링 후공 띠링 후공 띠링 선공 띠링 증쥐 띠링 후공 띠링 후공 띠링 후공 띠링 선공 띠링 증쥐 띠링 후공 띠링 후공 띠링 후공 띠링 선공 띠링 증쥐 띠링 후공 띠링 후공 띠링 후공 띠링 선공 띠링 증쥐 띠링 후공 띠링 후공 띠링 후공 띠링 선공 띠링 증쥐 띠링 후공 띠링 후공 띠링 후공 띠링 선공 띠링 증쥐 띠링 후공 띠링 후공 띠링 후공 띠링 선공 띠링 증쥐 띠링 후공 띠링 후공 띠링 후공 띠링 선공 띠링 증쥐 띠링 후공 띠링 후공 띠링 후공 띠링 선공 띠링 증쥐 띠링 후공 띠링 후공 띠링 후공 띠링 선공 띠링 증쥐 띠링 후공 띠링 후공 띠링 후공 띠링 선공 띠링 증쥐 띠링 후공 띠링 후공 띠링 후공 띠링 선공 띠링 증쥐 띠링 후공 띠링 후공 띠링 후공 띠링 선공 띠링 증쥐 띠링 후공 띠링 후공 띠링 후공 띠링 선공 띠링 증쥐 띠링 후공 띠링 후공 띠링 후공 띠링 선공 띠링 증쥐 띠링 후공 띠링 후공 띠링 후공 띠링 선공 띠링 증쥐 띠링 후공 띠링 후공 띠링 후공 띠링 선공 띠링 증쥐 띠링 후공 띠링 후공 띠링 후공 띠링 선공 띠링 증쥐 띠링 후공 띠링 후공 띠링 후공 띠링 선공 띠링 증쥐 띠링 후공 띠링 후공 띠링 후공 띠링 선공 띠링 증쥐 띠링 후공 띠링 후공 띠링 후공 띠링 선공 띠링 증쥐 띠링 후공 띠링 후공 띠링 후공 띠링 선공 띠링 증쥐 띠링 후공 띠링 후공 띠링 후공 띠링 선공 띠링 증쥐 띠링 후공 띠링 후공 띠링 후공 띠링 선공 띠링 증쥐 띠링 후공 띠링 후공 띠링 후공 띠링 선공 띠링 증쥐 띠링 후공 띠링 후공 띠링 후공 띠링 선공 띠링 증쥐 띠링 후공 띠링 후공 띠링 후공 띠링 선공 띠링 증쥐 띠링 후공 띠링 후공 띠링 후공 띠링 선공 띠링 증쥐 띠링 후공 띠링 후공 띠링 후공 띠링 선공 띠링 증쥐 띠링 후공 띠링 후공 띠링 후공 띠링 선공 띠링 증쥐 띠링 후공 띠링 후공 띠링 후공 띠링 선공 띠링 증쥐 띠링 후공 띠링 후공 띠링 후공 띠링 선공 띠링 증쥐 띠링 후공 띠링 후공 띠링 후공 띠링 선공 띠링 증쥐 띠링 후공 띠링 후공 띠링 후공 띠링 선공 띠링 증쥐 띠링 후공 띠링 후공 띠링 후공 띠링 선공 띠링 증쥐 띠링 후공 띠링 후공 띠링 후공 띠링 선공 띠링 증쥐 띠링 후공 띠링 후공 띠링 후공 띠링 선공 띠링 증쥐 띠링 후공 띠링 후공 띠링 후공 띠링 선공 띠링 증쥐 띠링 후공 띠링 후공 띠링 후공 띠링 선공 띠링 증쥐 띠링 후공 띠링 후공 띠링 후공 띠링 선공 띠링 증쥐 띠링 후공 띠링 후공 띠링 후공 띠링 선공 띠링 증쥐 띠링 후공 띠링 후공 띠링 후공 띠링 선공 띠링 증쥐 띠링 후공 띠링 후공 띠링 후공 띠링 선공 띠링 증쥐 띠링 후공 띠링 후공 띠링 후공 띠링 선공 띠링 증쥐 띠링 후공 띠링 후공 띠링 후공 띠링 선공 띠링 증쥐 띠링 후공 띠링 후공 띠링 후공 띠링 선공 띠링 증쥐 띠링 후공 띠링 후공 띠링 후공 띠링 선공 띠링 증쥐 띠링 후공 띠링 후공 띠링 후공 띠링 선공 띠링 증쥐 띠링 후공 띠링 후공 띠링 후공 띠링 선공 띠링 증쥐 띠링 후공 띠링 후공 띠링 후공 띠링 선공 띠링 증쥐 띠링 후공 띠링 후공 띠링 후공 띠링 선공 띠링 증쥐 띠링 후공 띠링 후공 띠링 후공 띠링 선공 띠링 증쥐 띠링 후공 띠링 후공 띠링 후공 띠링 선공 띠링 증쥐 띠링 후공 띠링 후공 띠링 후공 띠링 선공 띠링 증쥐 띠링 후공 띠링 후공 띠링 후공 띠링 선공 띠링 증쥐 띠링 후공 띠링 후공 띠링 후공 띠링 선공 띠링 증쥐 띠링 후공 띠링 후공 띠링 후공 띠링 선공 띠링 증쥐 띠링 후공 띠링 후공 띠링 후공 띠링 선공 띠링 증쥐 띠링 후공 띠링 후공 띠링 후공 띠링 선공 띠링 증쥐 띠링 후공 띠링 후공 띠링 후공 띠링 선공 띠링 증쥐 띠링 후공 띠링 후공 띠링 후공 띠링 선공 띠링 증쥐 띠링 후공 띠링 후공 띠링 후공 띠링 선공 띠링 증쥐 띠링 후공 띠링 후공 띠링 후공 띠링 선공 띠링 증쥐 띠링 후공 띠링 후공 띠링 후공 띠링 선공 띠링 증쥐 띠링 후공 띠링 후공 띠링 후공 띠링 선공 띠링 증쥐 띠링 후공 띠링 후공 띠링 후공 띠링 선공 띠링 증쥐 띠링 후공 띠링 후공 띠링 후공 띠링 선공 띠링 증쥐 띠링 후공 띠링 후공 띠링 후공 띠링 선공 띠링 증쥐 띠링 후공 띠링 후공 띠링 후공 띠링 선공 띠링 증쥐 띠링 후공 띠링 후공 띠링 후공 띠링 선공 띠링 증쥐 띠링 후공 띠링 후공 띠링 후공 띠링 선공 띠링 증쥐 띠링 후공 띠링 후공 띠링 후공 띠링 선공 띠링 증쥐 띠링 후공 띠링 후공 띠링 후공 띠링 선공 띠링 증쥐 띠링 후공 띠링 후공 띠링 후공 띠링 선공 띠링 증쥐 띠링 후공 띠링 후공 띠링 후공 띠링 선공 띠링 증쥐 띠링 후공 띠링 후공 띠링 후공 띠링 선공 띠링 증쥐 띠링 후공 띠링 후공 띠링 후공 띠링 선공 띠링 증쥐 띠링 후공 띠링 후공 띠링 후공 띠링 선공 띠링 증쥐 띠링 후공 띠링 후공 띠링 후공 띠링 선공 띠링 증쥐 띠링 후공 띠링 후공 띠링 후공 띠링 선공 띠링 증쥐 띠링 후공 띠링 후공 띠링 후공 띠링 선공 띠링 증쥐
1449850,1,근데 이게임 초반에 나만의 덱 짜기 쉽지 않아서 초반엔 노잼인 것 같아요...
1449850,1,아무것도 모르는 친구랑 같이 능지 낮은 배틀하면 재밌어요 근데 공방돌리는순간당신은찢기다
1449850,1,"PC로 하는 온라인 유희왕 게임을 언제나 있었으면 재밌겠다 싶었는데, 드디어 나와서 자주 하고 있습니다.  지금 까지 살면서 비욘드에서 하는 유희왕 게임도 찾아서 했었지만, 한글화에 많은 카드군, 자동 듀얼 체인까지 제대로 된 게임이 언제나 없었는데, 드디어 나왔습니다."
1449850,1,"듀얼(카드대결)이 없으면 저는 미칠 거 같아요. 끊을 수가 없어요, 끊으려고 해도... 계속 생각나고."
1449850,1,오레노 턴 드로우!...를 할 카드를 뽑아야하는데 뽑기에서 원하는 카드는 안나오고 덱만들기는 카이바가 유희한테 이기는것보다 더 어려워서 덱 만들다가 카드 없고 보석도 없고 게임 돌릴 덱도 없으면 걍 접어야하는 겜
1449850,1,재미있는 카드 게임이긴 합니다 진짜 무료로 할만함 대신 노가다가 좀 필요한데 그래도 노가다 조금 하면 티어 게임 하는데 필요한 카드 모아서 충분히 최고티어 누구나 도전 할만함 근대 대신 게임이 아무리 잘해도 그냥 운빨로 질때가 조금 많음 물론 카드게임이니깐 근대 당하면 짜쯩나긴 함 그리고 애니나 추억으로 하는 유희왕하고 많이 다름 이상한 전개덱 만나면 상대만 10분 전개 하고 내 카드 다 막히고 지는게 빡칠수 있음 그래서 무료로 재미있게 좀 배우면서 최고티어 찍어보면서 만족감 느끼고 싶으면 추천하는데 먼 상대 전개 10분 쳐보고 별 이상한 덱 만나서 고문 당하는거 싫고 운빨로 걍 지는게 싫은 사람은 하지 마셈
1449850,1,"선공 - 메인 기믹 카드는 안나오고 우라라, 증지 같은 유발 카드만 잡음 후공 - 필요한 유발 카드들은 안나오고 메인 기믹 카드만 잡음"
1449850,1,추억으로 게임하면 재밌습니다. 물론 추억만으로 게임할 수 없지만.
1449850,1,이 게임만한 유희왕 게임 대체제가 없다. 6개월 차이나는 오프와의 간격은 오프에서 먼저 테스트해본다고 생각해보면 그닥 단점이라고는 와닿지 않을 것이다. 게다가 제정 문제라던지 효과의 적용이라던지가 충실히 구현되어 유희왕 제정 이슈를 대부분 해소할 수 있는 게임이라는 것에 의미가 있다.
1449850,0,이게임은 좆망겜입니다 할 가치가 없습니다.... 패짜는것도 좆구리고 상대턴 30분넘게 걸리는것도 존나 시간아깝고 그냥 장점이 하나도 없는 개 쓰레기같은 게임입니다
1449850,1,"소갈비찜 레시피  재료물 적당량, 설탕 3큰술, 소갈비(찜용) 1.5kg, 양념(간장 7큰술, 맛술, 올리고당 3큰술씩, 설탕, 참기름 1큰술씩, 다진 마늘 2큰술, 배즙 양파즙 1포씩), 당근 ½개, 무 4개. 표고버섯 6개, 대파 2개, 쪽파 1개  만드는법  1볼에 소갈비가 잠길 정도로 물을 부어 설탕을 넣고 완전히 녹인 다음 소갈비를 넣고 30분간담가 핏물을 뺀다.  2 ①의 갈비는 냄비에 넣고 한 번 끓인다.  3 볼에 분량의 양념을 넣고 섞는다.  4 당근과 무는 3~4cm 크기로 깍둑썰고, 표고버섯은 밑동을 제거한다. 대파는 5cm 길이로 자르고 쪽파는 다진다.  5 전기 압력솥에 ②의 갈비, ④의 채소를 모두 넣고 찜 모드로 40분간 조리한다.  6완성된 갈비찜을 그릇에 담고 다진 쪽파를 뿌려 완성한다."
1449850,0,"매번 탑티어분기, 황벨분기가 왔다갔다가 하는 게임/ 흥했다, 망했다하는 금제 / 할수록 스트레스만 늘어나는 그렇다고 접기는 싫은 게임 하지마십쇼. 질병입니다"
1449850,1,선공 망겜 하지만 상대방이 세운 빌드를 뚫고 돌파하는 도파민 덕분에 즐김
1449850,1,"시발이거그냥동전던지기유사게임따위에불과하니까유입이면고민해보고 콦낪밊그래도밥벌어먹고는살아야지하는마음으로플레이해주는중이니 항상유저한테감사하도록하고젬이랑가루랑로얄이나잔뜩내놔이새기들아"
1449850,0,"상대 : 니 턴도 내턴 내턴도 내턴 , 너는 그냥 지켜만 봐 그래도 불쌍하니 턴 넘겨줄게 근데? 소환하려고? 응 우라라 응 무한포영 응 함정카드 응 마법카드 ------------ 게임 내내 지켜만보다가  내턴때는 이미 세팅 끝난 상대가 모든걸 막아서 빡쳐서 항복하기 누르게 만드는 게임 고인물 세계  변태들의세계 : 공격못하게 하는 몹 소환해두거나, 공격못하게하는 카드 올려놓고 강제로 무한 드로우 시켜서 드로우 카드 0으로 만들어서 강제 패배 시키거나, 모든 수단을 막아 아무것도 못하게 하거나 누가봐도 이기는 상황이었는데 온갖 카트도 제외제외제외 파괴파괴 하거나, 잘만들어놓은 카드 뺏어다 그걸로 나를 역으로 죽이거나 여튼 ㄱㄷㄹㅈㄷㅎ같은게임 뉴비장벽이 너무 심함, 요즘엔 엑조디아 후공 들어서 한턴만에 엑조디아 몸 소환해두고 8000딜 넣고 끝내버림"
1449850,0,하.. 선공 망할게임 강제로 연패시켜준다 내가 선공을 한다면 12시는 증G나 우라라 포영 뵐러 드롤 등 다 있다. 게임을 즐길수가 없다. 분노한다 나는 지금
1449850,0,똥겜인지 아닌지는 듀얼로 결정이다! 듀얼 개시를 선언해라!
1449850,1,적당히 하다가 접을 거 같은데 그 타이밍을 몰라서 업데이트마다 하고있네
1449850,1,티아라멘츠죽어티아라멘츠죽어티아라멘츠죽어티아라멘츠죽어티아라멘츠죽어티아라멘츠죽어티아라멘츠죽어티아라멘츠죽어티아라멘츠죽어티아라멘츠죽어티아라멘츠죽어티아라멘츠죽어티아라멘츠죽어티아라멘츠죽어티아라멘츠죽어티아라멘츠죽어티아라멘츠죽어티아라멘츠죽어티아라멘츠죽어티아라멘츠죽어티아라멘츠죽어티아라멘츠죽어티아라멘츠죽어티아라멘츠죽어티아라멘츠죽어티아라멘츠죽어티아라멘츠죽어티아라멘츠죽어티아라멘츠죽어티아라멘츠죽어티아라멘츠죽어티아라멘츠죽어티아라멘츠죽어티아라멘츠죽어티아라멘츠죽어티아라멘츠죽어티아라멘츠죽어티아라멘츠죽어티아라멘츠죽어티아라멘츠죽어티아라멘츠죽어티아라멘츠죽어티아라멘츠죽어티아라멘츠죽어티아라멘츠죽어티아라멘츠죽어티아라멘츠죽어티아라멘츠죽어티아라멘츠죽어티아라멘츠죽어티아라멘츠죽어티아라멘츠죽어티아라멘츠죽어티아라멘츠죽어티아라멘츠죽어티아라멘츠죽어티아라멘츠죽어티아라멘츠죽어티아라멘츠죽어티아라멘츠죽어티아라멘츠죽어티아라멘츠죽어티아라멘츠죽어티아라멘츠죽어티아라멘츠죽어티아라멘츠죽어티아라멘츠죽어티아라멘츠죽어티아라멘츠죽어티아라멘츠죽어티아라멘츠죽어티아라멘츠죽어티아라멘츠죽어티아라멘츠죽어티아라멘츠죽어티아라멘츠죽어티아라멘츠죽어티아라멘츠죽어티아라멘츠죽어티아라멘츠죽어티아라멘츠죽어티아라멘츠죽어티아라멘츠죽어티아라멘츠죽어티아라멘츠죽어티아라멘츠죽어티아라멘츠죽어티아라멘츠죽어티아라멘츠죽어티아라멘츠죽어티아라멘츠죽어티아라멘츠죽어티아라멘츠죽어티아라멘츠죽어티아라멘츠죽어
1449850,0,나오는 덱들만 나오고 수 많은 카드 중에 몇 가지 테마만 쓸 수 있음.
1449850,0,"6시는 선공잡으면 우라라 우라라 우라라 포영 증G           후공잡으면 패트랩 빼고 주는데 12시는 개씹사기패만 주는 좆병신겜"
1449850,1,"카드게임에서 ""덱으로 되돌리고~"" 같은 병신머저리같은 텍스트는 누가 생각한거냐?"
1449850,1,후공 잡히면 20분동안 상대 전개만 보다가 항복 눌러야하는 게임. + 그 결과 결국 나는 천배룡이 되었다.
1449850,1,어릴때 유희왕을 좋아했던 어르신들을 위한 최고의 게임  허리가 빳빳해지는 것을 느낀다
1449850,0,고인물망겜에 내턴이 내턴이아니고 내턴도 오기전에 이미 지고 내턴이지만 난아무것도 못하는데  이딴 쓰레기 게임에 뉴비가있길바라냐? 내 컴퓨터에 용량만 아까운게임아 꺼져주세요
1449850,1,대충 친구와 나니잇!!! 하면서 놂 좋은 카드를 많이 뽑았다는데 나한테는 알바없고 메이드래곤만 있으면 그만임 난 미췬 용박이니까!!!!!!!!
1449850,1,"[장점] -옛날 추억을 되살려 볼 수 있다 -굳이 밖에 나가 듀얼할 사람을 찾지 않아도 된다 -룰을 실수할일이 없다 -한판 한판이 빨라서 게임 피로도가 낮다  [단점] -패가 말리면 져야한다 -천배룡이 아닌이상 동전을 잘 던져야 한다 -이상한 룰이 많다. 어느정도 룰을 숙지하기 전까지 맞으면서 익혀야 한다 -운빨을 많이 탄다 -엄마가 없는 카드들이 좀 있다(크샤트리라 유니콘, 루닉의 샘, 트랜잭션 롤백 등등....) -티어덱과 딕간의 격차가 많이 크다 -아무것도 못하고 지는 판이 나올 수 도 있다 -꾸준히 하지 않으면 메타를 따라가기가 힘들다 -현재 인플레가 많이 진행된 상태다  라이트하게 몇판 하기는 좋은데  깊이 파고들면 스트레스에 몸서리치다 모니터 부숴버리는수가 있기때문에 적당히 조절해서 하기를 권장함"
1449850,1,"이거 쓰레기 게임임... 하지만 못접겠음... 후우... 너희는 이런거 하지마라..."
1449850,1,이제 끝났나? 이제 끝났나? 이제 끝났나? 이제 끝났나? 이제 끝났나? 이제 끝났나? 이제 끝났나? 이제 끝났나? 이제 끝났나? 이제 끝났나? 이제 끝났나? 이제 끝났나? 이제 끝났나? 이제 끝났나? 이제 끝났나? 이제 끝났나? 이제 끝났나? 이제 끝났나? 이제 끝났나? 이제 끝났나? 이제 끝났나? 이제 끝났나? 이제 끝났나? 이제 끝났나? 이제 끝났나? 이제 끝났나? 이제 끝났나? 이제 끝났나? 이제 끝났나? 이제 끝났나? 이제 끝났나? 이제 끝났나? 이제 끝났나? 이제 끝났나? 이제 끝났나? 이제 끝났나? 이제 끝났나? 이제 끝났나? 이제 끝났나? 이제 끝났나? 이제 끝났나? 이제 끝났나? 이제 끝났나? 이제 끝났나? 이제 끝났나? 이제 끝났나? 이제 끝났나? 이제 끝났나? 이제 끝났나? 이제 끝났나? 이제 끝났나? 이제 끝났나? 이제 끝났나? 이제 끝났나? 이제 끝났나? 이제 끝났나? 이제 끝났나? 이제 끝났나? 이제 끝났나? 이제 끝났나? 이제 끝났나? 이제 끝났나? 이제 끝났나? 이제 끝났나? 이제 끝났나? 이제 끝났나? 이제 끝났나? 이제 끝났나? 이제 끝났나? 이제 끝났나? 이제 끝났나? 이제 끝났나? 이제 끝났나? 이제 끝났나? 이제 끝났나? 이제 끝났나? 이제 끝났나? 이제 끝났나? 이제 끝났나? 이제 끝났나? 이제 끝났나? 이제 끝났나? 이제 끝났나? 이제 끝났나? 이제 끝났나? 이제 끝났나? 이제 끝났나? 이제 끝났나? 이제 끝났나? 이제 끝났나? 이제 끝났나? 이제 끝났나? 이제 끝났나? 이제 끝났나? 이제 끝났나? 이제 끝났나? 이제 끝났나? 이제 끝났나? 이제 끝났나? 이제 끝났나? 이제 끝났나? 이제 끝났나? 이제 끝났나? 이제 끝났나? 이제 끝났나? 이제 끝났나? 이제 끝났나? 이제 끝났나? 이제 끝났나? 이제 끝났나? 이제 끝났나? 이제 끝났나?
1449850,1,"""사악한 의식이여 모여라! 세상을 빛이 없는 절망으로 이끌기 위해, 지금이야말로 칠흑같은 어둠에서 강림하라!  「암흑방계사신 크림즌 노바 트리니티」!"""
1449850,0,상대한테 일일이 허락받지 않으면 아무것도 못하는 스레기 프로그램
1449850,0,다 좋은데 좀 랭크 떨어지면 떨어진다고 덱선택전에 알려주면 안됨? 맨날 건의 올라올때마다 적고 있는데 너무 함 맨날 보던 용병에 맨날 보는 엑스트라 용병에 지겹다 진짜
1449850,1,함정카드 발동! (체인) (체인) (체인) (체인) (체인) 진짜 그냥 이거 반복임 그리고 갑자기 상대가 턴 길어지면 '아 이번 판 개 망했네...'라고 생각하고 항복하셈
1449850,0,걍씨 모바일 포켓몬 카드 게임보다 전략성 후진 거지 같은 동전 던지기 게임
1449850,1,"피시방 여자 알바생 (동네에서 제일 예쁘다고 소문난 쿨뷰티 미녀, 몸매 S급, 처녀임) 꼬실 때 가장 하기 좋은 게임. 참고로 내 덱은 섬도루닉임."
1449850,0,"10팩을 구입하여 UR이 나오지 않았기 때문에, 다음에 본 팩에서 10팩을 구입하면 [UR 1장 이상 확정] 이 됩니다. 10팩을 구입하여 UR이 나오지 않았기 때문에, 다음에 본 팩에서 10팩을 구입하면 [UR 1장 이상 확정] 이 됩니다. 10팩을 구입하여 UR이 나오지 않았기 때문에, 다음에 본 팩에서 10팩을 구입하면 [UR 1장 이상 확정] 이 됩니다. 10팩을 구입하여 UR이 나오지 않았기 때문에, 다음에 본 팩에서 10팩을 구입하면 [UR 1장 이상 확정] 이 됩니다. 10팩을 구입하여 UR이 나오지 않았기 때문에, 다음에 본 팩에서 10팩을 구입하면 [UR 1장 이상 확정] 이 됩니다. 10팩을 구입하여 UR이 나오지 않았기 때문에, 다음에 본 팩에서 10팩을 구입하면 [UR 1장 이상 확정] 이 됩니다. 10팩을 구입하여 UR이 나오지 않았기 때문에, 다음에 본 팩에서 10팩을 구입하면 [UR 1장 이상 확정] 이 됩니다. 10팩을 구입하여 UR이 나오지 않았기 때문에, 다음에 본 팩에서 10팩을 구입하면 [UR 1장 이상 확정] 이 됩니다. 10팩을 구입하여 UR이 나오지 않았기 때문에, 다음에 본 팩에서 10팩을 구입하면 [UR 1장 이상 확정] 이 됩니다. 10팩을 구입하여 UR이 나오지 않았기 때문에, 다음에 본 팩에서 10팩을 구입하면 [UR 1장 이상 확정] 이 됩니다. 10팩을 구입하여 UR이 나오지 않았기 때문에, 다음에 본 팩에서 10팩을 구입하면 [UR 1장 이상 확정] 이 됩니다."
1449850,1,"오프에 비해서 모든 계산을 컴퓨터가 다 해주니 편하네요.  마듀가 짱입니다."
1449850,0,그냥 무효화만 덕지덕지 붙은 티어 덱만나고 밸런스는 뒤졌고 이쯤되면 그냥 서비스를 하지마셈 돌파구 만들어도 계속 나오는 티어덱 개사기 금지였던 카드들도 계속 복귀되고 그러면 뭐함 그것보다 더 사기적인 카드들만 준내 찍어내는데 그냥 망해라 ㅉㅉ 아 참고로 입문자들을 위한 한마디지만 여러분들이 생각하는 전개는 하실 수 없을겁니다 왜냐고요? 죽같은 묘지 제외 덱 전부 고려해서 덱을 만들어도 티어덱끼리 만나고 용병카드들만 무성한 낭만은 뒤진 헬다이브 난이도 100짜리 난이도가 여러분을 기다릴겁니다 돌파구라는 덱이 있다고 생각하시는 당신이라면 그것은 고인물들이 풀어 놓은 미끼일 뿐입니다 그냥 하지 않으시는걸 추천해요 모바일과 스팀으로 병행하다 계정 연동 안된다고 바로 갈!!!!!!! 쳐버리고 날려먹은 계정만 5개가 넘으니 그점 유의하시구요
1449850,0,상대만 패 잘잡히고 상대만 선공 잘뜨는게 무슨 게임이냐 ㅋㅋㅋ
1449850,0,6판을 돌리는데 코인토스 한번을 쳐 안주네 ㅂ1ㅅ 버러지같은겜 ㅋㅋㅋㅋㅋ
1449850,1,씨발 왜 12시만 우라라 증지 포영 뵐러 와리시 길항 라스톰 푸루리아 후와로스 다 들고 있는데 시발롬들아
1449850,1,나 끠끼인데 아마조네스 덱 상향해라 그게 떡상의 지름길이다 삼환신도 정상화 시켜놓고
1449850,1,유희왕 입문자에게는 힘들지도 모르지만 즐길주 아는자들에게는 좋은 게임
1449850,0,6시 : 우라라 한방에 멈춤  12시 : 뵐포우라라 니비루 다맞고 전개함
1449850,1,녀석을 듀얼로 구속해라! 녀석을 듀얼로 구속해라! 녀석을 듀얼로 구속해라! 녀석을 듀얼로 구속해라! 녀석을 듀얼로 구속해라! 녀석을 듀얼로 구속해라! 녀석을 듀얼로 구속해라! 녀석을 듀얼로 구속해라! 녀석을 듀얼로 구속해라! 녀석을 듀얼로 구속해라! 녀석을 듀얼로 구속해라! 녀석을 듀얼로 구속해라! 녀석을 듀얼로 구속해라! 녀석을 듀얼로 구속해라! 녀석을 듀얼로 구속해라!
1449850,0,"Tearlaments, Kashtira, Fiendsmith. Other decks are not relevant in the slightest, despite tens of thousands of cards released so far. Balance is broken, new cards that show some degree of potent are all banned after Konami drained every penny from the unsuspecting customer, and they keep releasing cards some elementary school student would come up with then they first watched the child animation (idk, you win when you use this card type of stuff).  Pair that with 10~15 minutes of your enemy ""building a house"" that prevents your magic, trap card usage for like 5 times, when you are holding 5 of the most useless cards in your deck, only to draw Maxx C when you finally received your turn.  Degeneracy at its finest, not recommended to the slightest."
1449850,1,"약간의 유희왕에 대한 추억이 있으면 해볼만하다.  어렸을때 TV에서 보던 낭만 덱을 실천해보고 그 재미로 랭크 들어가보고, 티어덱한테 찢기고, 게임 지우고."
1449850,0,장점 : 오래 하면 재화 쌓여서 무과금 가능 단점 : 그 외 모든것
1449850,1,이 게임 하지마 도망가 근데 재밌긴 해 근데 오지마 스트레스 받아 근데 맛 들리면 중독 돼 근데 하지마 이거 불량 식품임 근데 불량 식품이라 맛있고 싸 근데 하지마 후반 가면 할 거 없어 근데 초반에 덱 잘 맞추면 재밌긴 해 근데 하지마 그냥 이거 근데 딱 한번만 해봐 정말로 아 진짜
1449850,1,내가 평점을 좋게 줄지 나쁘게 줄지는 듀얼로 결정하겠다.
1449850,0,극전개와 극전개를 카운터치는 덱밖에 안남음 무슨 뜻인지 알고 싶다면 검색창에 '데먼스미스 전개'만 검색하면됨 낭만 그딴거 없다
1449850,1,밸런스는 나락 입문난이도는 통곡의벽 난해한 효과와 소설급 텍스트 낭만이나 로망을 반스푼만 섞어도 패배가 쌓이는 게임  미안한 말이지만 이제 그만 망해줄래?
1449850,1,"뭐...굳이 할 말이 없네 선공 ㅈ망겜 운빨 ㅈ망겜 티어 ㅈ망겜 여러 말이 많지만 이렇게 말하고도 하게 되는 겜이다?"
1449850,1,듀얼이다!듀얼이다!듀얼이다!듀얼이다!듀얼이다!듀얼이다!듀얼이다!듀얼이다!듀얼이다!듀얼이다!듀얼이다!듀얼이다!듀얼이다!듀얼이다!듀얼이다!듀얼이다!듀얼이다!듀얼이다!듀얼이다!듀얼이다!듀얼이다!듀얼이다!듀얼이다!듀얼이다!듀얼이다!듀얼이다!듀얼이다!듀얼이다!듀얼이다!듀얼이다!듀얼이다!듀얼이다!듀얼이다!듀얼이다!듀얼이다!듀얼이다!듀얼이다!듀얼이다!듀얼이다!듀얼이다!듀얼이다!듀얼이다!듀얼이다!듀얼이다!듀얼이다!듀얼이다!듀얼이다!듀얼이다!듀얼이다!듀얼이다!듀얼이다!듀얼이다!듀얼이다!듀얼이다!듀얼이다!듀얼이다!듀얼이다!듀얼이다!듀얼이다!듀얼이다!듀얼이다!듀얼이다!듀얼이다!듀얼이다!듀얼이다!듀얼이다!듀얼이다!듀얼이다!듀얼이다!듀얼이다!듀얼이다!듀얼이다!듀얼이다!듀얼이다!듀얼이다!듀얼이다!듀얼이다!듀얼이다!듀얼이다!듀얼이다!듀얼이다!듀얼이다!듀얼이다!듀얼이다!듀얼이다!듀얼이다!듀얼이다!듀얼이다!듀얼이다!듀얼이다!듀얼이다!듀얼이다!듀얼이다!듀얼이다!듀얼이다!듀얼이다!듀얼이다!듀얼이다!듀얼이다!듀얼이다!듀얼이다!듀얼이다!듀얼이다!듀얼이다!듀얼이다!듀얼이다!듀얼이다!듀얼이다!듀얼이다!듀얼이다!듀얼이다!듀얼이다!듀얼이다!듀얼이다!듀얼이다!듀얼이다!듀얼이다!듀얼이다!듀얼이다!듀얼이다!듀얼이다!듀얼이다!듀얼이다!듀얼이다!듀얼이다!듀얼이다!듀얼이다!듀얼이다!듀얼이다!듀얼이다!듀얼이다!듀얼이다!듀얼이다!듀얼이다!듀얼이다!듀얼이다!듀얼이다!듀얼이다!듀얼이다!듀얼이다!듀얼이다!듀얼이다!듀얼이다!듀얼이다!듀얼이다!듀얼이다!듀얼이다!듀얼이다!듀얼이다!듀얼이다!듀얼이다!듀얼이다!듀얼이다!듀얼이다!듀얼이다!듀얼이다!듀얼이다!듀얼이다!듀얼이다!듀얼이다!듀얼이다!듀얼이다!듀얼이다!듀얼이다!듀얼이다!듀얼이다!듀얼이다!듀얼이다!듀얼이다!듀얼이다!듀얼이다!듀얼이다!듀얼이다!듀얼이다!듀얼이다!듀얼이다!듀얼이다!듀얼이다!듀얼이다!듀얼이다!듀얼이다!듀얼이다!듀얼이다!듀얼이다!듀얼이다!듀얼이다!듀얼이다!듀얼이다!듀얼이다!듀얼이다!듀얼이다!듀얼이다!듀얼이다!듀얼이다!듀얼이다!듀얼이다!듀얼이다!듀얼이다!듀얼이다!듀얼이다!듀얼이다!듀얼이다!듀얼이다!듀얼이다!듀얼이다!듀얼이다!듀얼이다!듀얼이다!듀얼이다!듀얼이다!듀얼이다!듀얼이다!듀얼이다!듀얼이다!듀얼이다!듀얼이다!듀얼이다!듀얼이다!듀얼이다!듀얼이다!듀얼이다!듀얼이다!듀얼이다!듀얼이다!듀얼이다!듀얼이다!듀얼이다!듀얼이다!듀얼이다!듀얼이다!듀얼이다!듀얼이다!듀얼이다!듀얼이다!듀얼이다!듀얼이다!듀얼이다!듀얼이다!듀얼이다!듀얼이다!듀얼이다!듀얼이다!듀얼이다!듀얼이다!듀얼이다!듀얼이다!듀얼이다!듀얼이다!듀얼이다!듀얼이다!듀얼이다!듀얼이다!듀얼이다!듀얼이다!듀얼이다!듀얼이다!듀얼이다!듀얼이다!듀얼이다!듀얼이다!듀얼이다!듀얼이다!듀얼이다!듀얼이다!듀얼이다!듀얼이다!듀얼이다!듀얼이다!듀얼이다!듀얼이다!듀얼이다!듀얼이다!듀얼이다!듀얼이다!듀얼이다!듀얼이다!듀얼이다!듀얼이다!듀얼이다!듀얼이다!듀얼이다!듀얼이다!듀얼이다!듀얼이다!듀얼이다!듀얼이다!듀얼이다!듀얼이다!듀얼이다!듀얼이다!듀얼이다!듀얼이다!듀얼이다!듀얼이다!듀얼이다!듀얼이다!듀얼이다!듀얼이다!듀얼이다!듀얼이다!듀얼이다!듀얼이다!듀얼이다!듀얼이다!듀얼이다!듀얼이다!듀얼이다!듀얼이다!듀얼이다!듀얼이다!듀얼이다!듀얼이다!듀얼이다!듀얼이다!듀얼이다!듀얼이다!듀얼이다!듀얼이다!듀얼이다!듀얼이다!듀얼이다!듀얼이다!듀얼이다!듀얼이다!듀얼이다!듀얼이다!듀얼이다!듀얼이다!듀얼이다!듀얼이다!듀얼이다!듀얼이다!듀얼이다!듀얼이다!듀얼이다!듀얼이다!듀얼이다!듀얼이다!듀얼이다!듀얼이다!듀얼이다!듀얼이다!듀얼이다!듀얼이다!듀얼이다!듀얼이다!듀얼이다!듀얼이다!듀얼이다!듀얼이다!듀얼이다!듀얼이다!듀얼이다!듀얼이다!듀얼이다!듀얼이다!듀얼이다!듀얼이다!듀얼이다!듀얼이다!듀얼이다!듀얼이다!듀얼이다!듀얼이다!듀얼이다!듀얼이다!듀얼이다!듀얼이다!듀얼이다!듀얼이다!듀얼이다!듀얼이다!듀얼이다!듀얼이다!듀얼이다!듀얼이다!듀얼이다!듀얼이다!듀얼이다!듀얼이다!듀얼이다!듀얼이다!듀얼이다!듀얼이다!듀얼이다!듀얼이다!듀얼이다!듀얼이다!듀얼이다!듀얼이다!듀얼이다!듀얼이다!듀얼이다!듀얼이다!듀얼이다!듀얼이다!듀얼이다!듀얼이다!듀얼이다!듀얼이다!듀얼이다!듀얼이다!듀얼이다!듀얼이다!듀얼이다!듀얼이다!듀얼이다!듀얼이다!듀얼이다!듀얼이다!듀얼이다!듀얼이다!듀얼이다!듀얼이다!듀얼이다!듀얼이다!듀얼이다!듀얼이다!듀얼이다!듀얼이다!듀얼이다!듀얼이다!듀얼이다!듀얼이다!듀얼이다!듀얼이다!듀얼이다!듀얼이다!듀얼이다!듀얼이다!듀얼이다!듀얼이다!듀얼이다!듀얼이다!듀얼이다!듀얼이다!듀얼이다!듀얼이다!듀얼이다!듀얼이다!듀얼이다!듀얼이다!듀얼이다!듀얼이다!듀얼이다!듀얼이다!듀얼이다!듀얼이다!듀얼이다!듀얼이다!듀얼이다!듀얼이다!듀얼이다!듀얼이다!듀얼이다!듀얼이다!듀얼이다!듀얼이다!듀얼이다!듀얼이다!듀얼이다!듀얼이다!듀얼이다!듀얼이다!듀얼이다!듀얼이다!듀얼이다!듀얼이다!듀얼이다!듀얼이다!듀얼이다!듀얼이다!듀얼이다!듀얼이다!듀얼이다!듀얼이다!듀얼이다!듀얼이다!듀얼이다!듀얼이다!듀얼이다!듀얼이다!듀얼이다!듀얼이다!듀얼이다!듀얼이다!듀얼이다!듀얼이다!듀얼이다!듀얼이다!듀얼이다!듀얼이다!듀얼이다!듀얼이다!듀얼이다!듀얼이다!듀얼이다!듀얼이다!듀얼이다!듀얼이다!듀얼이다!듀얼이다!듀얼이다!듀얼이다!듀얼이다!듀얼이다!듀얼이다!듀얼이다!듀얼이다!듀얼이다!듀얼이다!듀얼이다!듀얼이다!듀얼이다!듀얼이다!듀얼이다!듀얼이다!듀얼이다!듀얼이다!듀얼이다!듀얼이다!듀얼이다!듀얼이다!듀얼이다!듀얼이다!듀얼이다!듀얼이다!듀얼이다!듀얼이다!듀얼이다!듀얼이다!듀얼이다!듀얼이다!듀얼이다!듀얼이다!듀얼이다!듀얼이다!듀얼이다!듀얼이다!듀얼이다!듀얼이다!듀얼이다!듀얼이다!듀얼이다!듀얼이다!듀얼이다!듀얼이다!듀얼이다!듀얼이다!듀얼이다!듀얼이다!듀얼이다!듀얼이다!듀얼이다!듀얼이다!듀얼이다!듀얼이다!듀얼이다!듀얼이다!듀얼이다!듀얼이다!듀얼이다!듀얼이다!듀얼이다!듀얼이다!듀얼이다!듀얼이다!듀얼이다!듀얼이다!듀얼이다!듀얼이다!듀얼이다!듀얼이다!듀얼이다!듀얼이다!듀얼이다!듀얼이다!듀얼이다!듀얼이다!듀얼이다!듀얼이다!듀얼이다!듀얼이다!듀얼이다!듀얼이다!듀얼이다!듀얼이다!듀얼이다!듀얼이다!듀얼이다!듀얼이다!듀얼이다!듀얼이다!듀얼이다!듀얼이다!듀얼이다!듀얼이다!듀얼이다!듀얼이다!듀얼이다!듀얼이다!듀얼이다!듀얼이다!듀얼이다!듀얼이다!듀얼이다!듀얼이다!듀얼이다!듀얼이다!듀얼이다!듀얼이다!듀얼이다!듀얼이다!듀얼이다!듀얼이다!듀얼이다!듀얼이다!듀얼이다!듀얼이다!듀얼이다!듀얼이다!듀얼이다!듀얼이다!듀얼이다!듀얼이다!듀얼이다!듀얼이다!듀얼이다!듀얼이다!듀얼이다!듀얼이다!듀얼이다!듀얼이다!듀얼이다!듀얼이다!듀얼이다!듀얼이다!듀얼이다!듀얼이다!듀얼이다!듀얼이다!듀얼이다!듀얼이다!듀얼이다!듀얼이다!듀얼이다!듀얼이다!듀얼이다!듀얼이다!듀얼이다!듀얼이다!듀얼이다!듀얼이다!듀얼이다!듀얼이다!듀얼이다!듀얼이다!듀얼이다!듀얼이다!듀얼이다!듀얼이다!듀얼이다!듀얼이다!듀얼이다!듀얼이다!듀얼이다!듀얼이다!듀얼이다!듀얼이다!듀얼이다!듀얼이다!듀얼이다!듀얼이다!듀얼이다!듀얼이다!듀얼이다!듀얼이다!듀얼이다!듀얼이다!듀얼이다!듀얼이다!듀얼이다!듀얼이다!듀얼이다!듀얼이다!듀얼이다!듀얼이다!듀얼이다!듀얼이다!듀얼이다!듀얼이다!듀얼이다!듀얼이다!듀얼이다!듀얼이다!듀얼이다!듀얼이다!듀얼이다!듀얼이다!듀얼이다!듀얼이다!듀얼이다!듀얼이다!듀얼이다!듀얼이다!듀얼이다!듀얼이다!듀얼이다!듀얼이다!듀얼이다!듀얼이다!듀얼이다!듀얼이다!듀얼이다!듀얼이다!듀얼이다!듀얼이다!듀얼이다!듀얼이다!듀얼이다!듀얼이다!듀얼이다!듀얼이다!듀얼이다!듀얼이다!듀얼이다!듀얼이다!듀얼이다!듀얼이다!듀얼이다!듀얼이다!듀얼이다!듀얼이다!듀얼이다!듀얼이다!듀얼이다!듀얼이다!듀얼이다!듀얼이다!듀얼이다!듀얼이다!듀얼이다!듀얼이다!듀얼이다!듀얼이다!듀얼이다!듀얼이다!듀얼이다!듀얼이다!듀얼이다!듀얼이다!듀얼이다!듀얼이다!듀얼이다!듀얼이다!듀얼이다!듀얼이다!듀얼이다!듀얼이다!듀얼이다!듀얼이다!듀얼이다!듀얼이다!듀얼이다!듀얼이다!듀얼이다!듀얼이다!듀얼이다!듀얼이다!듀얼이다!듀얼이다!듀얼이다!듀얼이다!듀얼이다!듀얼이다!듀얼이다!듀얼이다!듀얼이다!듀얼이다!듀얼이다!듀얼이다!듀얼이다!듀얼이다!듀얼이다!듀얼이다!듀얼이다!듀얼이다!듀얼이다!듀얼이다!듀얼이다!듀얼이다!듀얼이다!듀얼이다!듀얼이다!듀얼이다!듀얼이다!듀얼이다!듀얼이다!듀얼이다!듀얼이다!듀얼이다!듀얼이다!듀얼이다!듀얼이다!듀얼이다!듀얼이다!듀얼이다!듀얼이다!듀얼이다!듀얼이다!듀얼이다!듀얼이다!듀얼이다!듀얼이다!듀얼이다!듀얼이다!듀얼이다!듀얼이다!듀얼이다!듀얼이다!듀얼이다!듀얼이다!듀얼이다!듀얼이다!듀얼이다!듀얼이다!듀얼이다!듀얼이다!듀얼이다!듀얼이다!듀얼이다!듀얼이다!듀얼이다!듀얼이다!듀얼이다!듀얼이다!듀얼이다!듀얼이다!듀얼이다!듀얼이다!듀얼이다!듀얼이다!듀얼이다!듀얼이다!듀얼이다!듀얼이다!듀얼이다!듀얼이다!듀얼이다!듀얼이다!듀얼이다!듀얼이다!듀얼이다!듀얼이다!듀얼이다!듀얼이다!듀얼이다!듀얼이다!듀얼이다!듀얼이다!듀얼이다!듀얼이다!듀얼이다!듀얼이다!듀얼이다!듀얼이다!듀얼이다!듀얼이다!듀얼이다!듀얼이다!듀얼이다!듀얼이다!듀얼이다!듀얼이다!듀얼이다!듀얼이다!듀얼이다!듀얼이다!듀얼이다!듀얼이다!듀얼이다!듀얼이다!듀얼이다!듀얼이다!듀얼이다!듀얼이다!듀얼이다!듀얼이다!듀얼이다!듀얼이다!듀얼이다!듀얼이다!듀얼이다!듀얼이다!듀얼이다!듀얼이다!듀얼이다!듀얼이다!듀얼이다!듀얼이다!듀얼이다!듀얼이다!듀얼이다!듀얼이다!듀얼이다!듀얼이다!듀얼이다!듀얼이다!듀얼이다!듀얼이다!듀얼이다!듀얼이다!듀얼이다!듀얼이다!듀얼이다!듀얼이다!듀얼이다!듀얼이다!듀얼이다!듀얼이다!듀얼이다!듀얼이다!듀얼이다!듀얼이다!듀얼이다!듀얼이다!듀얼이다!듀얼이다!듀얼이다!듀얼이다!듀얼이다!듀얼이다!듀얼이다!듀얼이다!듀얼이다!듀얼이다!듀얼이다!듀얼이다!듀얼이다!듀얼이다!듀얼이다!듀얼이다!듀얼이다!듀얼이다!듀얼이다!듀얼이다!듀얼이다!듀얼이다!듀얼이다!듀얼이다!듀얼이다!듀얼이다!듀얼이다!듀얼이다!듀얼이다!듀얼이다!듀얼이다!듀얼이다!듀얼이다!듀얼이다!듀얼이다!듀얼이다!듀얼이다!듀얼이다!듀얼이다!듀얼이다!듀얼이다!듀얼이다!듀얼이다!듀얼이다!듀얼이다!듀얼이다!듀얼이다!듀얼이다!듀얼이다!듀얼이다!듀얼이다!듀얼이다!듀얼이다!듀얼이다!듀얼이다!듀얼이다!듀얼이다!듀얼이다!듀얼이다!듀얼이다!듀얼이다!듀얼이다!듀얼이다!듀얼이다!듀얼이다!듀얼이다!듀얼이다!듀얼이다!듀얼이다!듀얼이다!듀얼이다!듀얼이다!듀얼이다!듀얼이다!듀얼이다!듀얼이다!듀얼이다!듀얼이다!듀얼이다!듀얼이다!듀얼이다!듀얼이다!듀얼이다!듀얼이다!듀얼이다!듀얼이다!듀얼이다!듀얼이다!듀얼이다!듀얼이다!듀얼이다!듀얼이다!듀얼이다!듀얼이다!듀얼이다!듀얼이다!듀얼이다!듀얼이다!듀얼이다!듀얼이다!듀얼이다!듀얼이다!듀얼이다!듀얼이다!듀얼이다!듀얼이다!듀얼이다!듀얼이다!듀얼이다!듀얼이다!듀얼이다!듀얼이다!듀얼이다!듀얼이다!듀얼이다!듀얼이다!듀얼이다!듀얼이다!듀얼이다!듀얼이다!듀얼이다!듀얼이다!듀얼이다!듀얼이다!듀얼이다!듀얼이다!듀얼이다!듀얼이다!듀얼이다!듀얼이다!듀얼이다!듀얼이다!듀얼이다!듀얼이다!듀얼이다!듀얼이다!듀얼이다!듀얼이다!듀얼이다!듀얼이다!듀얼이다!듀얼이다!듀얼이다!듀얼이다!듀얼이다!듀얼이다!듀얼이다!듀얼이다!듀얼이다!듀얼이다!듀얼이다!듀얼이다!듀얼이다!듀얼이다!듀얼이다!듀얼이다!듀얼이다!듀얼이다!듀얼이다!듀얼이다!듀얼이다!듀얼이다!듀얼이다!듀얼이다!듀얼이다!듀얼이다!듀얼이다!듀얼이다!듀얼이다!듀얼이다!듀얼이다!듀얼이다!듀얼이다!듀얼이다!듀얼이다!듀얼이다!듀얼이다!듀얼이다!듀얼이다!듀얼이다!듀얼이다!듀얼이다!듀얼이다!듀얼이다!듀얼이다!듀얼이다!듀얼이다!듀얼이다!듀얼이다!듀얼이다!듀얼이다!듀얼이다!듀얼이다!듀얼이다!듀얼이다!듀얼이다!듀얼이다!듀얼이다!듀얼이다!듀얼이다!듀얼이다!듀얼이다!듀얼이다!듀얼이다!듀얼이다!듀얼이다!듀얼이다!듀얼이다!듀얼이다!듀얼이다!듀얼이다!듀얼이다!듀얼이다!듀얼이다!듀얼이다!듀얼이다!듀얼이다!듀얼이다!듀얼이다!듀얼이다!듀얼이다!듀얼이다!듀얼이다!듀얼이다!듀얼이다!듀얼이다!듀얼이다!듀얼이다!듀얼이다!듀얼이다!듀얼이다!듀얼이다!듀얼이다!듀얼이다!듀얼이다!듀얼이다!듀얼이다!듀얼이다!듀얼이다!듀얼이다!듀얼이다!듀얼이다!듀얼이다!듀얼이다!듀얼이다!듀얼이다!듀얼이다!듀얼이다!듀얼이다!듀얼이다!듀얼이다!듀얼이다!듀얼이다!듀얼이다!듀얼이다!듀얼이다!듀얼이다!듀얼이다!듀얼이다!듀얼이다!듀얼이다!듀얼이다!듀얼이다!듀얼이다!듀얼이다!듀얼이다!듀얼이다!듀얼이다!듀얼이다!듀얼이다!듀얼이다!듀얼이다!듀얼이다!듀얼이다!듀얼이다!듀얼이다!듀얼이다!듀얼이다!듀얼이다!듀얼이다!듀얼이다!듀얼이다!듀얼이다!듀얼이다!듀얼이다!듀얼이다!듀얼이다!듀얼이다!듀얼이다!듀얼이다!듀얼이다!듀얼이다!듀얼이다!듀얼이다!듀얼이다!듀얼이다!듀얼이다!듀얼이다!듀얼이다!듀얼이다!듀얼이다!듀얼이다!듀얼이다!듀얼이다!듀얼이다!듀얼이다!듀얼이다!듀얼이다!듀얼이다!듀얼이다!듀얼이다!듀얼이다!듀얼이다!듀얼이다!듀얼이다!듀얼이다!듀얼이다!듀얼이다!듀얼이다!듀얼이다!듀얼이다!듀얼이다!듀얼이다!듀얼이다!듀얼이다!듀얼이다!듀얼이다!듀얼이다!듀얼이다!듀얼이다!듀얼이다!듀얼이다!듀얼이다!듀얼이다!듀얼이다!듀얼이다!듀얼이다!듀얼이다!듀얼이다!듀얼이다!듀얼이다!듀얼이다!듀얼이다!듀얼이다!듀얼이다!듀얼이다!듀얼이다!듀얼이다!듀얼이다!듀얼이다!듀얼이다!듀얼이다!듀얼이다!듀얼이다!듀얼이다!듀얼이다!듀얼이다!듀얼이다!듀얼이다!듀얼이다!듀얼이다!듀얼이다!듀얼이다!듀얼이다!듀얼이다!듀얼이다!듀얼이다!듀얼이다!듀얼이다!듀얼이다!듀얼이다!듀얼이다!듀얼이다!듀얼이다!듀얼이다!듀얼이다!듀얼이다!듀얼이다!듀얼이다!듀얼이다!듀얼이다!듀얼이다!듀얼이다!듀얼이다!듀얼이다!듀얼이다!듀얼이다!듀얼이다!듀얼이다!듀얼이다!듀얼이다!듀얼이다!듀얼이다!듀얼이다!듀얼이다!듀얼이다!듀얼이다!듀얼이다!듀얼이다!듀얼이다!듀얼이다!듀얼이다!듀얼이다!듀얼이다!듀얼이다!듀얼이다!듀얼이다!듀얼이다!듀얼이다!듀얼이다!듀얼이다!듀얼이다!듀얼이다!듀얼이다!듀얼이다!듀얼이다!듀얼이다!듀얼이다!듀얼이다!듀얼이다!듀얼이다!듀얼이다!듀얼이다!듀얼이다!듀얼이다!듀얼이다!듀얼이다!듀얼이다!듀얼이다!듀얼이다!듀얼이다!듀얼이다!듀얼이다!듀얼이다!듀얼이다!듀얼이다!듀얼이다!듀얼이다!듀얼이다!듀얼이다!듀얼이다!듀얼이다!듀얼이다!듀얼이다!듀얼이다!듀얼이다!듀얼이다!듀얼이다!듀얼이다!듀얼이다!듀얼이다!듀얼이다!듀얼이다!듀얼이다!듀얼이다!듀얼이다!듀얼이다!듀얼이다!듀얼이다!듀얼이다!듀얼이다!듀얼이다!듀얼이다!듀얼이다!듀얼이다!듀얼이다!듀얼이다!듀얼이다!듀얼이다!듀얼이다!듀얼이다!듀얼이다!듀얼이다!듀얼이다!듀얼이다!듀얼이다!듀얼이다!듀얼이다!듀얼이다!듀얼이다!듀얼이다!듀얼이다!듀얼이다!듀얼이다!듀얼이다!듀얼이다!듀얼이다!듀얼이다!듀얼이다!듀얼이다!듀얼이다!듀얼이다!듀얼이다!듀얼이다!듀얼이다!듀얼이다!듀얼이다!듀얼이다!듀얼이다!듀얼이다!듀얼이다!듀얼이다!듀얼이다!듀얼이다!듀얼이다!듀얼이다!듀얼이다!듀얼이다!듀얼이다!듀얼이다!듀얼이다!듀얼이다!듀얼이다!듀얼이다!듀얼이다!듀얼이다!듀얼이다!듀얼이다!듀얼이다!듀얼이다!듀얼이다!듀얼이다!듀얼이다!듀얼이다!듀얼이다!듀얼이다!듀얼이다!듀얼이다!듀얼이다!듀얼이다!듀얼이다!듀얼이다!듀얼이다!듀얼이다!듀얼이다!듀얼이다!듀얼이다!듀얼이다!듀얼이다!듀얼이다!듀얼이다!듀얼이다!듀얼이다!듀얼이다!듀얼이다!듀얼이다!듀얼이다!듀얼이다!듀얼이다!듀얼이다!듀얼이다!듀얼이다!듀얼이다!듀얼이다!듀얼이다!듀얼이다!듀얼이다!듀얼이다!듀얼이다!듀얼이다!듀얼이다!듀얼이다!듀얼이다!듀얼이다!듀얼이다!듀얼이다!듀얼이다!듀얼이다!듀얼이다!듀얼이다!듀얼이다!듀얼이다!듀얼이다!듀얼이다!듀얼이다!듀얼이다!듀얼이다!듀얼이다!듀얼이다!듀얼이다!듀얼이다!듀얼이다!듀얼이다!듀얼이다!듀얼이다!듀얼이다!듀얼이다!듀얼이다!듀얼이다!듀얼이다!듀얼이다!듀얼이다!듀얼이다!듀얼이다!듀얼이다!듀얼이다!듀얼이다!듀얼이다!듀얼이다!듀얼이다!듀얼이다!듀얼이다!듀얼이다!듀얼이다!듀얼이다!듀얼이다!듀얼이다!듀얼이다!듀얼이다!듀얼이다!듀얼이다!듀얼이다!듀얼이다!듀얼이다!듀얼이다!듀얼이다!듀얼이다!듀얼이다!듀얼이다!듀얼이다!듀얼이다!듀얼이다!듀얼이다!듀얼이다!듀얼이다!듀얼이다!듀얼이다!듀얼이다!듀얼이다!듀얼이다!듀얼이다!듀얼이다!듀얼이다!듀얼이다!듀얼이다!듀얼이다!듀얼이다!듀얼이다!듀얼이다!듀얼이다!듀얼이다!듀얼이다!듀얼이다!듀얼이다!듀얼이다!듀얼이다!듀얼이다!듀얼이다!듀얼이다!듀얼이다!듀얼이다!듀얼이다!듀얼이다!듀얼이다!듀얼이다!듀얼이다!듀얼이다!듀얼이다!듀얼이다!듀얼이다!듀얼이다!듀얼이다!듀얼이다!듀얼이다!듀얼이다!듀얼이다!듀얼이다!듀얼이다!듀얼이다!듀얼이다!듀얼이다!듀얼이다!듀얼이다!듀얼이다!
1449850,0,"니미럴 씹게이 선턴킬덱이나 양심 모친출타한 카드군만 남았음. 카드에 턴제약 좀 걸어라 씨발놈들아.  진심으로 저주한다 니미럴 십게이덱 사용자 새끼들 *본인은 사드유저였음. 카드에 턴제약걸어서 회수하는 무한루트좀 막자 제발 니미 시발 게임은 니들만하냐"
1449850,1,무효 했자나!!무효 했자나!!무효 했자나!!무효 했자나!!무효 했자나!!무효 했자나!!무효 했자나!!무효 했자나!!무효 했자나!!무효 했자나!!무효 했자나!!무효 했자나!!무효 했자나!!무효 했자나!!무효 했자나!!무효 했자나!!무효 했자나!!무효 했자나!!무효 했자나!!무효 했자나!!무효 했자나!!무효 했자나!!무효 했자나!!무효 했자나!!무효 했자나!!무효 했자나!!무효 했자나!!무효 했자나!!무효 했자나!!무효 했자나!!무효 했자나!!무효 했자나!!무효 했자나!!무효 했자나!!무효 했자나!!무효 했자나!!무효 했자나!!무효 했자나!!무효 했자나!!무효 했자나!!무효 했자나!!무효 했자나!!무효 했자나!!무효 했자나!!무효 했자나!!무효 했자나!!무효 했자나!!무효 했자나!!무효 했자나!!무효 했자나!!무효 했자나!!무효 했자나!!무효 했자나!!무효 했자나!!무효 했자나!!무효 했자나!!무효 했자나!!무효 했자나!!무효 했자나!!무효 했자나!!무효 했자나!!무효 했자나!!무효 했자나!!무효 했자나!!무효 했자나!!무효 했자나!!무효 했자나!!무효 했자나!!무효 했자나!!어쨰서 전개 하는데!!무효 했자나!!무효 했자나!!무효 했자나!!무효 했자나!!무효 했자나!!무효 했자나!!무효 했자나!!무효 했자나!!무효 했자나!!무효 했자나!!무효 했자나!!무효 했자나!!무효 했자나!!무효 했자나!!무효 했자나!!무효 했자나!!무효 했자나!!무효 했자나!!무효 했자나!!무효 했자나!!무효 했자나!!무효 했자나!!무효 했자나!!무효 했자나!!무효 했자나!!무효 했자나!!무효 했자나!!무효 했자나!!무효 했자나!!무효 했자나!!무효 했자나!!무효 했자나!!무효 했자나!!무효 했자나!!무효 했자나!!무효 했자나!!무효 했자나!!무효 했자나!!무효 했자나!!무효 했자나!!무효 했자나!!무효 했자나!!
1449850,0,"운빨좃망버러지게임 게임 자체가 뒤지게 불쾌함 코인 토스부터 해서 매칭운, 손패운까지 여느 카드 게임들보다도 운에 의존하는 요소가 너무 큼 순수 재미로만 하면 몰라도 티어에 신경쓰고 점수에 신경쓰는 순간 게임 걍 개역겨워지니까 그런거 신경쓸거면 하지 마십쇼"
1449850,1,덱은 굴러만 가면 웬만큼은 올라가니까 자기 덱을 너무 미워하지 말아다오
1449850,0,패 말리면 지는 게임 선공 못 잡으면 지는 게임 언제 해도 망겜이네
1449850,1,카타오카가 돈에 미친 놈인 거 빼면 OCG보다 금제도 괜찮은 듯. 근데 돈에 미친 놈임
1449850,1,코인토스 져서 후공받고 상대가 전개 하는걸 2분간 보다가 써랜쳐주기
1449850,1,듀얼을 끝까지 한다  - 피곤함  - 시간 손해  - 자존감이 낮아짐 서렌  - 빠름  - 상대방에게 졌단 실감이 없음  - 스트레스 없음  - 상대방과의 윈윈 결론     내 패가 망했는데 상대가 2분이상 전개를 할때 서렌 치면 편하다
1449850,1,선턴에 증쥐 맞고 우라라 맞고 무한포영 맞고 뷜러 맞고 후공에 상대 퍼미션에 묶여  아무것도 못하고 서렌쳐야하고 파워밸런스는 망가진지 오래인거 빼면 아주 좋은 게임
1449850,1,코나미는 당장 백룡 유저들에게 백룡 신규 지원을 제공하라
1449850,1,진짜돈존나질러야해서 부계까지 100시간 하고 접었습니다 입문할거면 제에발 티어덱으로 입문해서 랭크보상으로 다이아 쪽쪽빠세요 저처럼 홍대병 사드덱 골라서 줘털리지말고
1449850,1,"올케된 카드 게임이야  옆 동네 카드 게임들은 반성해야한다"
1449850,0,돈 벌어야하는건 알지만 사기카드 나오고 1시즌 우려먹고 금지먹이고 새로 사기카드 내고 이거 반복이라 너무 루즈함. 내 로망 돌려줘.
1449850,0,사기 카드가 너무 많고 불친절하고 어렵다. 근데 재미는 있다.
1449850,0,사상 최악의 쓰레기 게임 선공 후공 체감이 너무심한데 가위바위보란 시스템 하나 만드는 것도 못하는 머저리들의 윤용
1449850,1,⠻⣦⡈⠛⢿⡌⢆⢂⠹⣿⣧⡄⡄⠹⡄⢆⡟⢄⠉⢟⣮⣷⢄⠐⢤⡤⢤⣬⣭⣭ ⣷⣤⠙⣶⣦⠙⡌⢻⠂⠘⣿⣷⢹⠄⢳⠘⣿⡟⣿⡄⢳⡆⢳⠛⢢⠈⠉⠛⠛⠛ ⢿⣿⣷⣀⠈⠓⠌⠂⠘⢆⠈⢙⣎⢣⠘⡆⢣⡛⣿⡇⢀⡙⠚⠶⠶⠿⠷⠶⠒⠒ ⣾⠿⣿⣿⣦⣄⣁⣀⣠⡀⠡⠄⠳⡛⢆⠱⠈⢧⣿⡇⠸⠟⠉⠐⠠⠄⠄⠄⣼⣿ ⣿⣷⣬⣉⣛⣛⠛⠿⠿⣧⣷⣦⣄⠘⢿⡆⠡⠘⣀⡇⢠⣶⣷⣮⣤⣤⣴⣿⣿⣿ ⣿⣿⣿⣿⣿⣿⣿⣿⣿⣿⣿⣿⣿⣷⡀⢿⡀⠄⠉⡇⢸⣿⣿⣿⣉⣉⣉⣉⣉⣰ ⣿⣿⣿⣿⣿⣿⣿⣿⣿⣿⣿⣿⣿⡏⣿⣦⡙⠄⠄⠁⢸⣿⣿⣿⣿⣿⣿⣿⣿⣿ ⣿⡙⠿⣿⣿⣿⣿⣿⣿⣿⣿⣿⠿⠁⣿⣿⣷⣌⠄⠄⠘⣿⣿⣿⣿⣿⣿⣿⣿⣿ ⣿⣿⣦⣀⡨⣝⡻⠿⣻⣿⣧⣄⠄⠄⣿⣿⣿⣿⣿⣦⡀⢻⣿⣿⣿⣿⣿⡿⠿⣿ ⣿⣿⣿⣿⡇⢿⡛⢿⣿⣿⣿⣿⣧⠘⣿⣛⣻⣿⣿⣿⣿⣤⡿⢿⠿⣛⡃⠄⣸⣿ ⡹⣿⣿⣿⣿⣼⣷⣶⣝⢿⣿⣿⣿⣧⣿⣿⣿⣿⣿⣿⣿⣿⡿⠟⣿⢇⣈⣼⣿⣿ ⣿⣜⢿⣭⢻⣿⣿⣿⣯⢧⠙⢻⠛⣛⣛⠛⠛⠿⠿⠟⣛⣥⣶⣼⢏⣾⣿⣿⣿⣿ ⣿⣿⣎⠿⣇⢻⣿⣿⣿⡌⢷⣆⢭⣓⣒⣒⣛⣣⣶⠞⣵⣿⣿⣿⡿⣱⣾⡟⣵⣿ ⣿⣿⣿⣤⣻⡘⣿⣿⣿⣷⡜⢻⣮⣛⣛⣟⣫⡿⣛⣴⣿⣿⣿⣿⢃⣿⣿⣷⣿⣿ ⣿⣿⣿⣿⣷⣣⢹⣿⣿⣿⣿⣯⡙⠛⠛⠛⢛⣺⣿⣿⣿⣿⣿⠇⣼⢫⣵⣿⣿⣿
1449850,1,"추억에 기대어 덱을 짜면 0승 27패라는 장엄한 기록을 세울 수 있고, 그렇다고 쎈덱을 맞추자니 무지성 딸깍원툴이라 재미가 없다. 상대방은 하루종일 전개하는데 내 턴이 되면 아무것도 못하게 막는 선턴 망겜이다. 12시는 데스티니 드로우로 카드 좋은거 다 뽑는데 나는 패배의 지름길로 가는 드로우를 계속하여 결국 게임을 끄게 된다. 근데 어차피 내 덱도 인페르니티여서 시간 초과될때까지 전개할 수 있어서 괜찮음. 난 지더라도 전개하다가 시간사로 질거야."
1449850,1,"돈없으면 꺼지는게 좋을껄! 한동안 이 듀얼은 데먼시티, 데먼 스미스의 전장이 된다!"
1449850,1,이 ㅈ망겜 하지마세요 제가 300시간을 박았거든요? 저 대학교3학년이라 친구들이랑 해봤는데 이거 그냥 시간낭비임 운도 하나도 없고 카드도 하나도 안나와요 그냥 하지마셈 ㅇㅁ없는 게임임
1449850,1,현질 안해도 원하는덱 하나는 무조건 만들 수 있어서 추천
1449850,1,"젠장, 카이바! 이 손패는 대체 뭐냐!! 으옷! 으오오오오옷!! 제~하하하하하하!! 젠장, 카이바! 대체 무슨 짓을 한 거냐! 덱이... 자꾸 달아오르고 있잖아!! 제~하하하하하하!!"
1449850,0,젬 할인행사때마다 꾸준히 결제하는 태도를 보이고 있는데 픽뚫좀 그만 나오면 안되겠음? 카타오카 십련아
1449850,1,제발 아다마시아 블록드래곤 금지 때문에 평가 나락갔는대 아다마시아좀 제발 다시 살려라 그리고 ㅈ같은 천배룡인가 그 ㅈ같은 개사기 후공덱좀 출시하지 말았으면
1449850,1,운영만큼은 정말 잘하지만 운영을 하는 게임이 유희왕이다
1449850,1,코인 토스의 승률이 얼마나 나오는지 인게임 안에서 확인 할 수 있는 시스템이 있으면 좋겠음. 체감상 코인 토스의 승률이 30퍼센트도 안나오는거 같음
1449850,1,무과금으로도 충분히 할 수 있는건 진짜 장점인듯. 단점은 게임이 선공이 너무 유리함.
1449850,1,덱하나 맞추는 거까진 좋은데 그다음이 무슨 택시 할증 붙은거 마냥 돈 오지게 빨린다
1449850,0,선후공을 눈치것 줘야지 무슨 선공 망겜에 후공만 10연속씩 처주니 게임을 할 수가 없네
1449850,1,게임은 듀얼 초보자가 하기에도 좋게 되어있는데  지금 환경이 ㅄ이라서 코인토스로 승리가 정해지는 느낌
1449850,0,데먼스미스 나오고 마듀 버러지됨 그냥 데먼스미스 금제먹을때까지 안하는게 맞음 고인물들은 이미 오프때는 더햇네 마네하는데 그걸 마듀유입들도 쳐맞으라는 심보도 레전드고 운영진이나 고인물 틀딱들이나 쿵짝이 맞으니 게임이 돌아가는듯 굳 심지어 3월금제 하나도 안함 위에 천배룡 데먼스미스스네이크아이 다 점령중 이게 유희왕인지 패트랩덱인지도 모르는걸로 게임하라는게 답이안나옴 거의 두달내내 제제 안하는거 확정임 팔때 제제안하는 일본법 특성상 그냥 그거로 계속 쳐돌리다가 솜방망이 수준도 아닌 제제에 진짜 게임아닌거라고 생각함 4월달에 금제보고 데먼 없으면 그냥 접으셈 안하는게 맞음 카드게임아님 그냥 나 패트랩없어? 그냥 져야됨 트락투스 반짝 패트랩 없어? 상대 퍼미션 아폴(1턴에 여러번 상대 몬스터 효과 막는 카드) 기본에 별이상한짓다해놓음
1449850,1,"1.카드를 뽑는다 2.효과를 발동한다  . . . . . 129.카드를 내려놓는다"
1449850,1,There was no response from the game server 어캐 고치는법 아시나요 다시 할려는 데 이게 떠서
1449850,0,대체 엑스트라 덱을 보고 한장을 뒷면 제외 시킨다는 어떤 병신 대가리에서 나온 생각인가요?
1449850,1,옛날 꼬꼬마시절 유희왕 생각하면 크게 실망할 것.  선공 좆망겜에 개 화나는 경우가 한두 번이 아니긴 한데 그래도 이만한 겜이 없음.  추천함ㅋㅋㅋ
1449850,0,"데먼스미스가 ocg, tcg에서 무슨 짓을 했는지 다 알면서(유저 수 급감소) 제대로 된 제재없이 내놓은게.. ㅋㅋㅋㅋ 알면서도 그런건 방치하고 유저들 돈 먹을거라는 건가 진짜로?"
1449850,0,유희왕 정말 재밌게 플레이하고있는 유저입니다. 덱의 다양성 때문에 전개가 길어질수 있습니다. 하지만 너무 과도한 전개 시간과 강력한 퍼미션 몬스터들 때문에 전략성은 줄고 티어덱과 비티어덱의 양극화는 강해지고 운빨요소가 너무 강해진거 같습니다. 더군다나 데먼스미스 출시후 이씨발 데먼스미스 덕분에 안그래도 긴 전개시간이 더더욱 길어지고 안길었던 덱들도 데먼스미스 덕분에 전개가 길어지고 데먼스미스를 쓸수 있는 덱과 못쓰는덱의 양극화는 더욱 강해진거 같습니다. 제발 전개는 좀 줄이고 필드가 개성있게 나올수있게 만들어 주세요
1449850,1,진짜 재밌는겜 오프라인에서 돈을써서 덱을맞추지만 여기선 무료재화로 맞출수있어 매우 좋음 유희왕 입문하기 좋은게임임
1449850,1,"치료가 필요할 정도로 심각한 듀얼 중독증 입니다. 흥, 웃기는소리 네 말이 맞는지 틀린지는 힘으로 증명해라 지금 바로 듀얼이다!!"
1449850,0,대상!고르고!대상!고르고!대상!고르고!대상!고르고!대상!고르고!대상!고르고!대상!고르고!대상!고르고!대상!고르고!대상!고르고!대상!고르고!대상!고르고!대상!고르고!대상!고르고!대상!고르고!대상!고르고!대상!고르고!대상!고르고!대상!고르고!대상!고르고!대상!고르고!대상!고르고!대상!고르고!대상!고르고!대상!고르고!대상!고르고!대상!고르고!대상!고르고!대상!고르고!대상!고르고!대상!고르고!대상!고르고!대상!고르고!대상!고르고!대상!고르고!대상!고르고!대상!고르고!대상!고르고!대상!고르고!대상!고르고!대상!고르고!대상!고르고!대상!고르고!대상!고르고!대상!고르고!
1449850,0,"마스터 듀얼에서 게임을 가장 잘 즐기는 방법이 뭐라고 생각하나...? 1티어 덱으로 마스터에 도달하는 것...? ...아니. 비티어 덱 혹은 애정 덱으로 마스터에 도달하는 것...? ...아니. 애정 덱을 하며 해탈한 상태로 패배를 즐기는 것...? 아니!!! [b]...자신의 덱을 만들고 난 뒤, PVP에서 손을 떼고 솔로 모드에서만 노는 거다...!!! [/b] 아무리 마스터를 찍는다 한들, 랭크라 불리는 명예는 알아주는 이 없이 허무할 뿐이지. [b][u]그러나 네가 애정으로 한 땀 한 땀 정성 들여 만든 덱은 결코 너를 배신하지 않을 거다.[/u][/b] 왜 울고 있나, 낭만이 넘치는 뉴비들이여. [b]뉴비 : 플래티넘조차 되지 못한 나라도....! 덱이 날 사랑해 줄까...? [/b] [b]...네가 덱을 배신하지 않는다면... [/b] 그럼에도 PVP를 계속하고 싶은 사람들이 있겠지. 좋아하는 덱도, 더 나아가 유희왕 자체가 엄청 혐오스럽게 느껴질 테니 손대지 마라. (안심해라, 나의 카드들아... 난... 네가 계속 연패를 당하고, 티어가 계속 낮아져도 배신하지 않아.) [b](넌) 정말!!!! 훌륭한 테마(덱)란다!!! [/b] [b]고맙다!!! 나의 충혹마들아!!! [/b]  ...물론 이 글을 쓴 사람도 뉴비...입니다...ㅎㅎ;;  진지하게 다시 평가를 요약하자면...  [h2]긍정적인 점[/h2] [olist] [*]우선 현재까지 나온 모든 카드를 사용할 수 있으며, 덕분에 각 테마별 지원 카드가 많아 애정 덱이든 티어 덱이든 자유롭게 만들고 플레이할 수 있습니다. (물론 예외도 있지만...) [*]튜토리얼과 각 테마별 스토리를 체험할 수 있고, 더 나아가 해당 테마의 카드로 이루어진 덱을 체험하는 모드가 있어서(이것도 예외가 좀 있긴 하지만...) 그나마 진입 장벽이 완만한 편입니다. [*]특히 솔로 모드(스토리 모드)에서는 클리어만 하면 여러 덱을 상대로 자신의 덱을 사용해볼 수 있어 혼자 플레이하는 것도 충분히 재미있습니다. (특히 후술할 무한 전개나 통신 문제로 인한 피로도에서 자유롭다는 점이 장점입니다.) [*]카드 제작이 간단해서(물론 꼬이면 가루와 카드가 둘 다 부족해질 수도 있지만...;;) 무과금으로도 덱을 만들기가 쉽습니다. [/olist] [h2]부정적인 점[/h2] [olist] [*]진입 장벽이 완만해졌음에도 불구하고, 게임 자체의 난이도는 여전히 굉장히 높습니다. 튜토리얼에서는 정말 기본적인 것만 알려주며, 여러 팁은 결국 직접 부딪히면서 배워야 합니다. (예를 들어 체인 조작이라든가... 저 같은 경우에는 지속 효과를 가진 몬스터는 소환 시 파괴 효과 함정에 거의 면역이라는 사실을 직접 PVP에서 경험하고 나서야 알게 됐습니다.) [*]덱 자체는 만들기 쉽지만... 문제는 각 플레이어마다 덱 디자인이 모두 다르기 때문에, 처음 하는 사람 입장에서는 같은 테마라도 어떤 덱을 만들어야 할지 혼란스러울 수 있습니다. [*]PVP... 뭐랄까... 딱히 게임 자체의 문제라기보다는 유희왕이라는 게임의 고질적인 문제인데... 나나 상대나 전개가 끝이 없습니다. 그래서 사람들이 ""이 게임의 주 콘텐츠는 듀얼이 아니라 유튜브"" 라고 하는데... 진짜로 맞는 말입니다...;; [*]심지어 PVP에서 가장 끔찍한 점은... 통신 환경이 좋지 않을 때입니다. 안 그래도 긴 전개가 통신 문제로 인해 두 배 이상 더 오래 걸리는 경우가 있습니다. (이럴 땐 진짜로 답답해서 죽을 것 같아요...;;) [*]패스나 기타 재화를 얻는 요소가 전부 PVP에 집중되어 있어 반강제로 PVP를 해야 합니다. (PVP를 포기하면 덱을 만들 자원 자체가 부족합니다... 솔로 모드에서도 재화를 얻을 수 있도록 해줬으면 좋겠는데...) [*]...그리고 제가 생각하는 이 게임, 더 나아가 [b]유희왕의 진짜 문제점[/b]이라 생각하는 건데... [b][u]게임 한 판 한 판이 전부 극단적입니다.[/u][/b] 어떤 이유가 됐든 그냥 필드가 완성됐으면, 그 완성된 필드를 가진 쪽이 압도적으로 이기더군요. 심지어 이건 함떡 덱 말고 다른 덱들도 상황이 같습니다... (아, 물론 티어 덱들은 조금 상황이 다르긴 합니다... 후공으로도 어떻게든 돌파가 가능하다고 들었습니다... [b][u]티어 덱 한정으로요.[/u][/b]) [*]이벤트를 주기적으로 하는 건 정말 좋게 봅니다만... 제발 부탁이니까 그냥 렌탈 덱만 사용 가능하게 하면 안 되겠습니까? (실력이고 나발이고, 그냥 해당 이벤트에서 사용 가능한 카드로 덱 만든 사람이 압도적으로 유리합니다...) [/olist]  [h2]요약[/h2] [b][u]PVP는 재화 얻을 때(일일 퀘스트, 패스 등)만 하시고, 그냥 좋아하는 덱을 만들어서 솔로 모드에서 스트레스 받지 말고 즐깁시다~[/u][/b]   추가 및 변경 : 이번에 이벤트 때문에 별 관심도 없던 위치크래프트 덱으로 이벤트를 돌아보면서, 자기 덱 사용하는 여러 고인물분들과 붙어봤는데요...  [b][u]아무리 봐도 추천보다는 비추하는 게 맞는 것 같아서, 추천에서 비추로 바꿉니다^^. (화병 나서 쓰러질 것 같아요! :D) 여러분도 만약 저처럼 오프라인, 즉 실제 카드에도 관심이 많다면, 카드는 듀얼용으로 쓰지 마시고 그냥 앨범에 꽂아서 소장용으로 즐기세요~ ;)[/u][/b]"
1449850,1,"일단이게임을 1000시간정도한 무과금유저의 입장  게임 혜자다 덱을 비용부담없이 처음에 하나는 어떻게는 맞출수있고 여러가지 이밴트를 열어서 다른 덱도 만들수 잇는기회는 많다 문제점  강한태마가 확실히 정해져있습니다 그런대 이거는 유희왕 카드게임 특성상 고증이라생각합니다 처음하는분들은 아무래도 쉬운덱을 접하시겠지만 랭을 돌릴때 플레이상 가면 돌리지 않고 혼자 솔로로 노는걸 추천합니다 가장큰문제점   현재 덱간의 격차가 너무큽니다 이게 덱파워가 티어인덱 과 아닌덱의 차이는 천지차이라  상대가 패가 말리지않는이상 비티어권덱은 티어권덱의 밸류를 이기기 어렵습니다"
1449850,1,유희왕을 좋아하는 사람들이라면 안 할 수가 없는 그 게임!!!
1449850,0,운빨좆망겜+밸런스좆망겜+지좆대로 따로노는 금제+애미뒤진인플레가 정체성인 게임
1449850,0,게임이 퍼미션으로 도배 되서 게임을 즐기기 힘든 구조인데 미션 같은걸 친선방에서 듀얼해도 깨지게해주면 엄청 고맙겠습니다. 그러고 새로운 테마 카드 나올꺼면 오프라인에 나와있는 나머지 카드도 그냥 같이 내주면 덱 맞출때 좋을텐데 그렇게 해주면 더 좋겠네요.
1449850,0,"뭐라고? 내가 심각한 듀얼 중독이라고? 흥, 웃기는 소리 G전대 개사기 ㄹㅇㅋㅋ"
1449850,0,오프라인에서 저지른 사기카드가 많아서 미래시는 계속 어두운데 이게 잘 맞으면 그 특유의 똥맛을 잊을 수가 없어서 계속하게 됨 이걸 버틸 수 있는 사람한테는 괜찮은 겜이지만 못 버티는 사람이면 안하는 걸 추천함
1449850,0,마듀가 금제를 못하는건 아닌데 오프가 카드 만든다고 싸는 똥을 생각하고 판매기간을 생각하면 딱히 큰 희망은 없을지도요. 사기카드좀 작작 내라고
1449850,1,이게 갓겜이 아니라고? 흥 웃기는 소리 갓겜인지 아닌지는 듀얼로 결정한다!
1449850,1,나의 드.메 사랑한다!!! 근데 진짜 안나올 때마다 죽여버리고 싶다. 여러분 이 게임은 정말 갓겜입니다. 잔짜 진짜 진짜 제작자님 어디사는지 궁금해지는 게임입니다. 나의 며칠이 하루만에 날라가서 결국 그저그런 카드가 되었고 결국 덱은 완성은 커녕 그저그런 나의 쓰레기손을 입증시켜주었다. 그래도 사랑하죠? 라고 물으신다면 당연히 사랑한다!!! 내 덱아!!!
1449850,0,튜토를 끝내고 솔로모드의 보상을 얻으려고 했었는데 카드덱들도 그렇고 도저히 이건 아닌거 같네요
1449850,0,"유희왕 카드게임이 좋았던 시절도 있었지, 지금은 메타덱빼곤 남은게 없어. 나날히 초딩급 밸류 카드를 찍어내며 돈빨아먹을 궁리만 함. 로망 다 뒤진 게임."
1449850,0,"기본적으로 튜토리얼이나 게임들이 매우 잘 만들어져 있어 ""혼자"" 하기 좋은 게임입니다. 혼자요. 솔로모드."
1449850,1,"꼬와도 듀얼해라, 즐거워도 듀얼해라, 죽고 싶어도 듀얼해라,  듀얼엔 인생이 있다."
1449850,1,"유희왕 처음하시는 뉴비분들 고인물말 듣고 티어덱전개 너무 어렵다고 겁먹지마시구 티어덱 픽해서 전개루트 한두개만 익히고 티어덱으로 시작하시면 쉽고 재밌게 게임 가능합니다. 게임자체가 운에따른 억까가 심하고 100퍼센트 승률나오는덱은 존재 하지 않으니 맘 편하게 먹고 게임하세요. 하다보면 금방효과익힙니다 37시즌 기준 추천티어덱 천배룡, 유벨"
1449850,1,초밥 장사하는데 자꾸 밥상을 엎고 바퀴벌래를 풀어요 살려주세요
1449850,1,소울레조네이터 일반소환 소울 레조네이터 효과로 본데몬 서치 본데몬 효과발동으로 크림슨 레조네이터 찍고 특수소환 본데몬 효과 발동으로 우발로프 찍고 소울 레조네이터의 레밸을 1 다운 그리고 엑스트라 덱에서 레드 라이징 드래곤 특수소환 레드 라이징 드래곤 효과 발동으로 크림슨 레조네이터 소환 크림슨 레조네이터로 비전 레조네이터와 싱클론 레조네이터 특수소환 엑스트라 덱에서 스카레드 데몬 특수소환 그리고 엑스트라 덱에서 염마룡 레드 데몬 어비스 특수소환 그리고 묘지로간 스카레드 데몬 효과발동으로 엑스트라 덱에서 레드 데몬즈 드래곤 특수소환 그리고 엑스트라 덱에서 더비스테드 파테르 특수소환 묘지에 있는 우발로프 효과발동 우발로프로 묘지에 있는 레드 데몬즈 드래곤 제외 그리고 패에 들어온 우발로프로 효과발동 묘지에 있는 스카레드 데몬 제외 그리고 우발로프 특수소환 그리고 파테르 효과로 제외 되어있는 레드 데몬즈 드래곤 특수소환 그리고 엑스트라 덱에서 센츄리온 아크실라를 특수소환 아크실라 효과로 덱에있는 스탠드업 센츄리온을 패로 가져온다 그리고 스탠드업 센츄리온으로 세츄리온 프리메라 가져와서 프리메라 효과발동으로 센츄리온 가고일2를 가지고와서 가고일 효과로 센츄리온 프리메라를 묘지로 보내고 특수소환 한 뒤 크림즌 헬가이아 효과발동 크림즌 헬가이아로 스카레드 존 세트하고 엔드 엔드한 턴에 센츄리온 아크실라 효과로 프리메라를 마함존의 세트한다 그리고 상대턴의 프리메라 효과발동으로 특수소환된 프리메라 효과발동으로 센츄리온 트루디아를 패로 얻고 센츄리온 스탠드업 센츄리온 효과발동 으로 센튜리온 가고일2와 프리메라로 붉은 용을 특수소환 그리고나서 붉은 용 효과발동으로 아크실라를 찍고 코즈믹 블레이저 드래곤을 특수 소환한뒤 운영을 합니다! ^_^
1449850,1,엑조드 파이어!!!!!!!!!!!!!!!!!!!!!!!!!!!!!!!!!!!!!!!!!!!!!!!!!!!!!!!!!!!!!!!!!!!!!!!!
1449850,0,개병신같은겜 데먼스미스 티아라 데먼스미스 등등 개 장애인카드 12시는 항상 패트랩과 초동잡고있고 ^^ㅣ발럼이
1449850,1,제발 계정연동 다시하는것좀 만들어줘라 실수로 부계정 연동했는데 한번 연동하면 계정에 귀속돼버려서 취소가 안된다;;
1449850,0,"후공만 걸리면 메이플보다 더한 ^넷플릭스유튜브가주요컨텐츠^ 메이플은 쌀 몇 톨이라도 채굴할 수 있지 이 겜은 진짜 듀얼모니터나 스마트폰 따로 안 켜고 정성스레 집중하면서 할 가치가 0으로 수렴한다 물론 당신이 ""패 잘 나온 천배룡""이거나 그 이외의 덱인데 코인토스를 이겼다면 얘기가 달라짐"
1449850,0,그래서 제 턴은 언제ㅇ...?왜 한턴만에 게임이 끝나요...?
1449850,0,400시간 하고 내린 결론은 마듀는 오프랑 다르게 단판전이고 사이드보드가 없기때문에 코인토스 시스템을 뭔가 개선하지 않으면 답이 안나옴 쓰레기 게임임 그냥 안하는걸 추천함
1449850,1,"현질을 안 하고도 충분히 여러 덱을 만들고, 즐겁게 플레이할 수 있습니다. 여러 카드 게임을 해봤지만 개중에서도 가장 완성도 높은 TCG라는 생각이 듭니다."
1449850,1,지금 내가 하는게임중에서 제일 이상한 게임. 그치만 왜 계속해서  하는지 모르는 이상한 게임.
1449850,1,"정말 하다 보면 느껴지지만, 언제나 해도 내가 재밌다면 갓겜 내가 奀같다면 병신겜인 게임이다."
1449850,0,시발 왜 대상면역이 있는데 대상이 쳐 되는건데 병신같은 겜아
1449850,1,"알버스의 낙윤 특수 소환하겠습니다. 체인 있으신가요? 융합하겠습니다. 체인있으신가요? 빙검룡 소환입니다."
1449850,1,이 게임을 1000시간 넘게 했는데도 왜 아직도 이게임이 인기가 있는건지 모르겠다
1449850,1,1. 시크릿팩 존재부터 이상함 쳐숨겨놔서 카드찾기 불편하기만함 그팩안에 무슨카드있었는지 알려면 따로 검색해서 찾아야됨 편의성문제만 있음 sr가루 한번만 소모하면 다 볼수있는데 돈벌기위함도 아니고 그냥 불편함  2. 팩깡할때 sr뜬다는연출은 나오면서 안나올때도 있음 이거 연출 대체 왜넣은건지 모르겟음 확실할때만 구분해두면 안되는건가  3. 셀렉션팩 기간 끝나서 내려가면 시크릿팩에 바로 추가해야된다고 생각함 나중에 넣으니깐 지들도 까먹어서 추가안하는 카드들도 있음  4. 시크릿팩이라고 까봣자 픽업카드에서 안뜨면 그냥 마스터팩이랑 다를게없음  5. 팩깡확률 조작해둠 ur 잘팔리는 카드들은 확실히 다른ur에 비해서 안뜸 세부확률 다른듯함  6. 페스티벌 렌탈덱 ㅈ구리니깐 그냥 페스전용으로 카드 싹다 풀어주면 지들도 렌탈덱 만드는거 생각안해도되고 편할텐데 왜 묶어두는지 모르겟음 뉴비들 덱짤줄 모른다고 그러는건가
1449850,0,"카드 밸런스가 엉망진창임 카드 금제도 이상하게 해서 점점 게임하는게 힘들어짐"
1449850,1,"너무 어려워요 잘 모르겠어요 좀 더 해 봐야 할 것 같아요 게임 자체는 재밌어요!"
1449850,1,패말리는 순간 바닥에 자뿌라져서 비보잉하면서염병떠는 사람에겐 비추천 아케이드 게임할 때 느낌으로다가 몇 판 가볍게 하고 끌 수 있는 사람에게 추천
1449850,0,코인토스 ㅈ같은거 씨발 뒷면만 주구장창 쳐나오는데 앞면 좀 나온다 싶으면 뒷면일때 나오지도 않는 천배만 쳐나오네
1449850,1,"상남자 로망 사이버드래곤 했다가 파산했습니다. 씹덕 로망 이블트윈, 라이브트윈 했다가 파산했습니다. 특이취향 드래곤메이드 했다가 너프먹어서 파산했습니다. 개날먹 노잼 섬도희만 많이 만나서 런했습니다. 그래도 유희왕은 언제해도 재밌습니다!"
1449850,1,정말 최고의게임 무궁무진한 가능성이 가능한 새로운전략게임
1449850,1,어릴적 추억만을 생각하고 시작했다가는 상대방 덱전개만 구경하다 접을수있음
1449850,1,게임이 정말 재밌습니다. 여러분도 꼭 해보세요 저처럼은 하지 마시고  Game is Fun. You should try this game too But not like me
1449850,1,이 게임을 다른 플레이어들에게 추천할지를 듀얼로 결정하자
1449850,0,게임 시작하면 상대가 뭐 여러가지 하는데 그거 끝나면 나 죽어있음
1449850,0,"개씨발의 천배룡 덱 짜는데는 가격 존나 비싸게 하고 자빠졌으면서 왜 갈수록 전적이 병신같이 만들고 지랄이냐 개새들아 UR로 도배 하려면 그렇게 만든 값은 해야하는거 아니냐? 보석 처 얻을때마다 쏟고 눈물을 머금고 카드 팔아서 울레 가루 충당해서 간신히 짜 맞췄으면 거기에 알맞게 좋은 전적으로 보답을 해야지 이건 그냥 개쓰레기 잖아 좆같은 용가리 새끼들 한테 꽂혀서 앞뒤 안가리고 ""천배 나오면 무조건 만든다""이러고 처만든 내가 병신이지 씨발 패트랩 처만드는데 존나 썼으면 그냥 참기토커 강화하고 그거로 처뻐기다 령수 만들고 그거로 뻐기면서 라이제올 나올때까지 보석 벌고 쟁여놓을껄 그랬나? 진짜 후공덱은 병신 만든다 그거지? 코나미 씨발새끼들아 그러면 몇몇 놈들 빼고는 레어도 낮은거 그냥 UR천지로 하지 말지 그랬냐? 비싸게 짠 값을 전혀 못하는 병신 찌끄레기 덱인데 썅놈 썅년들아"
1449850,1,"원작 카드게임 팬이 아닌데도 재밌었음  상대 덱에 카운터치고 이런거는 생각보다 적고, 내 덱만 잘 짜고 잘 전개해도 이기는 게임이어서 좋았음   단, 튜토리얼이 부족하고 메타에 많이 뒤쳐지는 편이니 반드시 선생님을 구해서 하기를 권장함"
1449850,0,씨@발 12시엔 우라라 증지다있고 6시는 초동 존나 안잡히고 첫드로우 운빨로 500시간이 10시간한테 따이는게 말이되는거냐? 진짜지랄한다 좆망겜
1449850,1,유희왕 OCG/TCG 자체의 문제나 한계를 제외하면 놀랍게도 24년 말 기준 프랜차이즈 내에서 제일 제대로 운영되고 있는 게임
1449850,0,선공 ㅈ망겜  천배룡이고 뭐고 게임 룰을 전부 뜯어고치지 않는 이상 절대 해결 못할듯
1449850,1,"경쟁적으로 게임하는 유저에게는 스트레스가 강할 수 있으나 가끔 들어와서 몇 판 하고 나가는 정도로 플레이하기에는 좋음"
1449850,1,오랫만에 즐겨본 듀얼은 정신나갈것같은 스피드와 룰이지만 재미만큼은 여전했다
1449850,1,⣿⣿⣿⣿⣿⣿⣿⣿⣿⣿⣿⣿⣿⣿⣿⣿⣿⣿⣿⣿⣿⣿⣿⣿⣿⣿⣿⣿⣿⣿⣿⣿⣿⣿⣿⣿⣿⣿⣿⣿⣿⣿⣿⣿⣿⣿⣿⣿⣿⣿ ⣿⣿⣿⣿⣿⣿⣿⣿⣿⣿⣿⣿⣿⣿⣿⣿⣿⣿⣿⣿⣿⣿⣿⣿⣿⣿⣿⣿⣿⣿⣿⣿⣿⣿⣿⣿⣿⣿⣿⣿⣿⣿⣿⣿⣿⣿⣿⣿⣿⣿ ⣿⣿⣿⣿⣿⣿⣿⣿⣿⣿⣿⣿⣿⣿⣿⣿⣿⣿⣿⣿⣿⣿⣿⣿⣿⣿⣿⣿⣿⣿⣿⣿⣿⣿⣿⣿⣿⣿⣿⣿⣿⣿⣿⣿⣿⣿⣿⣿⣿⣿ ⣿⣿⣿⣿⣿⣿⣿⣿⣿⣿⣿⣿⣿⣿⣿⣿⣿⣿⣿⣿⣿⣿⣿⣿⣿⣿⣿⣿⣿⣿⣿⣿⣿⣿⣿⣿⣿⣿⣿⣿⣿⣿⣿⣿⣿⣿⣿⣿⣿⣿ ⣿⣿⣿⣿⣿⣿⣿⣿⣿⣿⣿⣿⣿⣿⣿⣿⣿⣿⣿⣿⣿⣿⣿⣿⣿⣿⣿⣿⣿⣿⣿⣿⣿⣿⣿⣿⣿⣿⣿⣿⣿⣿⣿⣿⣿⣿⣿⣿⣿⣿ ⣿⣿⣿⣿⣿⣿⣿⣿⣿⣿⣿⣿⣿⣿⣿⣿⣿⣿⣿⣿⣿⣿⣿⣿⣿⣿⣿⣿⣿⣿⣿⣿⣿⣿⣿⣿⣿⣿⣿⣿⣿⣿⣿⣿⣿⣿⣿⣿⣿⣿ ⣿⣿⣿⣿⣿⣿⣿⣿⣿⣿⣿⣿⣿⣿⣿⣿⣿⣿⣿⣿⣿⣿⣿⣿⣿⣿⣿⣿⣿⣿⣿⣿⣿⣿⡿⢿⣿⣿⣿⣿⣿⠉⢻⣿⣿⣿⣿⣿⣿⣿ ⣿⣿⣿⣿⣿⣿⣿⣿⠇⢹⣿⣿⣿⡜⡟⠏⠙⢿⡛⠻⣿⣿⣿⣿⣿⣿⣿⣿⣿⣿⣟⣻⡿⠁⠀⠊⠹⣿⣿⣿⠃⠀⢸⣿⣿⣿⣿⣿⣿⣿ ⣿⣿⣿⣿⣿⣿⣿⣿⠀⠀⠙⣿⣿⡷⠀⠀⠀⠈⠛⢛⣋⣀⣙⢻⣿⣿⣿⣿⣠⣄⣈⣉⠀⠀⠀⠀⠀⣿⣿⠁⠀⠀⢸⣿⣿⣿⣿⣿⣿⣿ ⣿⣿⣿⣿⣿⣿⣿⣿⣧⠀⠀⠑⣙⠃⠀⠀⠀⠈⠙⠓⠻⠿⠟⠀⠉⡿⣿⣿⡇⠉⠉⠉⠀⠀⠀⠀⢰⡿⠋⠀⠀⣠⣾⣿⣿⣿⣿⣿⣿⣿ ⣿⣿⣿⣿⣿⣿⣿⣿⣿⣷⣄⠀⠀⠉⠀⠀⠀⠀⠀⠀⠀⠀⠀⢀⣼⡇⠈⠉⠃⠀⠀⠀⠀⠀⠀⠀⠛⠀⢀⣴⣿⣿⣿⣿⣿⣿⣿⣿⣿⣿ ⣿⣿⣿⣿⣿⣿⣿⠿⠟⠋⠉⠁⣤⣀⣁⠀⠀⠀⠀⠀⠀⠀⠀⠻⣿⡟⠀⠀⠀⠀⠀⠀⠀⠀⠀⣤⣤⣴⣿⣿⡿⠿⢿⣿⣿⣿⣿⣿⣿⣿ ⣿⣿⠿⠛⠋⠁⠀⠀⠀⠀⠀⣼⣿⣿⣿⣧⡀⠀⠀⠀⠀⠀⠀⠀⠹⠀⠀⠀⠀⠀⠀⠀⠀⠀⢸⣿⣿⣿⣿⣿⣇⠀⠀⠀⠉⠙⠛⠻⠿⣿ ⡏⠀⠀⠀⠀⠀⠀⠀⠀⠀⣼⣿⣿⣿⣿⣿⡇⠀⠀⠀⠀⠀⠐⢀⣀⣀⣀⣀⠀⠀⠀⠀⠀⠀⢸⣿⣿⣿⣿⣿⣿⡀⠀⠀⠀⠀⠀⠀⠀⠀ ⡇⠀⠀⠀⠀⠀⠀⠀⠀⣰⣿⣿⣿⣿⣿⣿⣷⠀⠀⠀⠀⠀⠀⠈⠻⣿⠟⠁⠀⠀⠀⠀⠀⠀⣼⣿⣿⣿⣿⣿⣿⡇⠀⠀⠀⠀⠀⠀⠀⠀ ⡇⠀⠀⠀⠀⠀⠀⠀⢠⣿⣿⣿⣿⣿⣿⣿⣿⣄⡀⠀⠀⠀⠀⠀⠀⠀⠀⠀⠀⠠⠁⠀⢀⣤⣿⣿⣿⣿⣿⣿⣿⣷⠀⠀⠀⠀⠀⠀⠀⠀ ⡇⠀⠀⠀⠀⠀⠀⠀⠘⣿⣿⣿⣿⣿⣿⣿⣿⣿⣿⣶⣦⣤⠀⠀⠀⠀⠀⠀⣀⣠⣴⣶⣿⣿⣿⣿⣿⣿⣿⣿⣿⣿⠀⠀⠀⠀⠀⠀⠀⠀ ⣷⣄⠀⠀⠀⠀⠀⠀⠀⠈⢿⣿⣿⣿⣿⣿⣿⣿⣿⣿⣿⣿⣷⣄⠀⠀⢀⣾⣿⣿⣿⣿⣿⣿⣿⣿⣿⣿⣿⣿⣿⡟⠀⠀⠀⠀⠀⠀⢀⣾ ⣿⣿⣦⣀⣀⣀⣀⣀⣀⡀⢈⣿⣿⣿⣿⣿⣿⣿⣿⣿⣿⣿⣿⣿⣷⣶⣿⣿⣿⣿⣿⣿⣿⣿⣿⣿⣿⣿⣿⣟⣉⡀⠀⣀⣀⣀⣀⣠⣿⣿
1449850,1,"다시 생각해보니 과금유도도 그렇게 무료게임치곤 심하지 않아서 좋은 겜이건 맞다. 하지만 계속 정신없이 쳐맞는 게 유희왕이란 점아 큰 단점이, 온라인 대전외에 다른 즐길만한 컨텐츠(AI대전, 혹은 커스터마이즈)요소가 부족한 문제랑 결합하는게 크게 다가옴"
1449850,1,⢿⣿⣷⣀⠈⠓⠌⠂⠘⢆⠈⢙⣎⢣⠘⡆⢣⡛⣿⡇⢀⡙⠚⠶⠶⠿⠷⠶⠒ ⣾⠿⣿⣿⣦⣄⣁⣀⣠⡀⠡⠄⠳⡛⢆⠱⠈⢧⣿⡇⠸⠟⠉⠐⠠⠄⠄⠄⣼ ⣿⣷⣬⣉⣛⣛⠛⠿⠿⣧⣷⣦⣄⠘⢿⡆⠡⠘⣀⡇⢠⣶⣷⣮⣤⣤⣴⣿⣿ ⣿⣿⣿⣿⣿⣿⣿⣿⣿⣿⣿⣿⣿⣷⡀⢿⡀⠄⠉⡇⢸⣿⣿⣿⣉⣉⣉⣉⣉ ⣿⣿⣿⣿⣿⣿⣿⣿⣿⣿⣿⣿⣿⡏⣿⣦⡙⠄⠄⠁⢸⣿⣿⣿⣿⣿⣿⣿⣿ ⣿⡙⠿⣿⣿⣿⣿⣿⣿⣿⣿⣿⠿⠁⣿⣿⣷⣌⠄⠄⠘⣿⣿⣿⣿⣿⣿⣿⣿ ⣿⣿⣦⣀⡨⣝⡻⠿⣻⣿⣧⣄⠄⠄⣿⣿⣿⣿⣿⣦⡀⢻⣿⣿⣿⣿⣿⡿⠿ ⣿⣿⣿⣿⡇⢿⡛⢿⣿⣿⣿⣿⣧⠘⣿⣛⣻⣿⣿⣿⣿⣤⡿⢿⠿⣛⡃⠄⣸ ⡹⣿⣿⣿⣿⣼⣷⣶⣝⢿⣿⣿⣿⣧⣿⣿⣿⣿⣿⣿⣿⣿⡿⠟⣿⢇⣈⣼⣿ ⣿⣜⢿⣭⢻⣿⣿⣿⣯⢧⠙⢻⠛⣛⣛⠛⠛⠿⠿⠟⣛⣥⣶⣼⢏⣾⣿⣿ ⣿⣿⣎⠿⣇⢻⣿⣿⣿⡌⢷⣆⢭⣓⣒⣒⣛⣣⣶⠞⣵⣿⣿⣿⡿⣱⣾
1449850,1,"다들 마듀 매치가 줫같고 운빨좇망겜이라 여기서 게임하기 싫다고 생각하지? 이거 아니면 천장없는 듀얼링크스 BM이고, 그게 싫으면 디아벨스타 한장 얻겠다고 9000원 써야하는 OCG환경이 기다리고 있다. 가루제작 시스템 만들고 백룡덱으로도 마1 갈수있게 만든 카타오카 찬양해라."
1449850,1,"8/10  어릴 시적 즐겼던, 다시 하고 싶어도 부끄러웠던 듀얼리스트들을 집합시키다."
1449850,0,친구랑 근본덱 짜서 하면 재밌음 근데 랭크돌리면 나는 몬스터 한장 함정 한장 세트하고 끝났는데 상대는 5분 가까이 여러개 묘지로 보내고 특수소환 뚜따뚜따하더니 내 필드가 흔적도 없이 사라지고 죽어버림
1449850,0,KONAMI는 유희왕크로스듀얼의 실패로 인한 적자를 유희왕마스터듀얼 유저에게 떠넘기고있다. 그딴 이상한 디지털피규어 미만의 무언가가 돈이될거라고 생각하는놈들이 말단부터 대가리까지 꽉 차있다는걸 봐서 유희왕과 코니미의 미래도 어둡구나 싶었지만 유희왕의 긴 텍스트를 완벽하게 이해하는것으로 지적허영심을 채우는 괴상한 사고의 인간이 상당히 많기 때문에 아마 이 게임은 망하지않을것이다 하지만 이 게임에 돈은 쓰지 마십시오
1449850,0,지금세대와 옛날세대들듀얼이 완전이 틀린데 밸런스가 안맞네
1449850,1,"-장점- 유희왕을 좋아하면 한번 쯤 해볼만하다. 묘지, 제외존, 남은 덱 개수확인 등 편의성이 잘 되어있다. 초반에 젬을 퍼준다. 필요한 카드는 가루를 소모해서 만들수있음 (듀링은 생으로 뽑던가 사야돼서)  -단점- 과금효율이 진짜 개쓰레기임. 10~20만원 정도 질렀는데 초회여서 덱 1.5개 정도 만든거지 쌩트럭이였으면 걍 개개개개쓰레기임. 여기다 지를바엔 그냥 맛있는거 사먹으셈. 게임하면서 젬 존버하는거 추천함. 진입장벽이 어마어마함. 입문자들은 게임부터 시작하지말고 유희왕 공부부터하는게 맞음 ㄹㅇ; 복귀혜택없음. UR가루 60개라도 좀 줘라. 아깝냐? 선공X망겜 전개 다때리고 니턴에 증지ㅅㄱ 지명자 우라라없음? 나가던가 덱사 시켜보시던가~ 게임 특성상 오프라인에서 핫한 테마가 마듀에 실장되는순간마다 엄청난 파워인플레 (엘드리치 루닉때도 게임했었었는데 루닉 샘3개일때 빡쳐서 게임접으려다가 나도 ^루닉^으로 흑화하고 티아라때는 진짜접었음. 미러전도 답도없고 살수가없었음)"
1449850,0,개씨발 니미 염병 좆같은거 증식의g 씨발 그냥후공 쳐 뒤지든 말든 없애라 후공인권이고 지랄이고 그냥 죽여 씨발 바퀴벌레새끼 그리고 코인토스 이건 씨발 20번 쳐 던져서 19번연속 쳐지는 꼬라질 본적이 한번 있고 10번하면 8번지는건 씨발 기본인데 50%맞냐? 앙? 씨개 좆같아서 왠만하면 평가 이딴 개씨발거 안남기는데 이건 쳐남긴다 씨발 쳐 뒤져라 진짜
1449850,0,추억때문에 깔아서 했는데 님들이 알고있는 추억의 게임 아닙니다 하지마시고 애니 다시 보면서 뽕채우세요. 걍 개비추
1449850,0,"씹씹씹 쓰레기 게임. 덱 맞출려고 열심히 하면 카드팩에서 ur잘안떠서 리세마라 ㅈㄴ 마려움. 게임은 좋은데 외워야할게 너무 많음. 공부하기 싫은사람은 이게임 비추. 유희왕 좋아하는사람은 강추. 카드깡 좋아하는사람 도파민의 노예들 강추."
1449850,0,듀얼 하자메  왜 너혼자해 씨발새끼야  나도 게임할거야
1449850,0,"나는 몬스터 한장 함정 한장 세트하고 끝났는데 상대는 5분 가까이 여러개 묘지로 보내고 특수소환 두다다다 하더니 내 필드가 흔적도 없이 사라졌어요 ...이게 맞나?"
1449850,0,점점 더 어려워 지고 복잡해짐 진입장벽이 높아지는 느낌 밸런스도 안맞고..
1449850,0,와 이것 진짜 족같이 하네 내가원하는 것이 나오지 않고 상대방이 계속 소환 가능한것이 나우고 나는 계속 마법 카드나 소환 할 수없는 카드 만나우게  게족 같은 게임
1449850,1,티어덱 연습해서 하면 은근 잘돌아간다 물론 난 뭔지 모른다
1449850,1,존나 재밌다존나 재밌다존나 재밌다존나 재밌다존나 재밌다존나 재밌다존나 재밌다존나 재밌다존나 재밌다존나 재밌다존나 재밌다존나 재밌다존나 재밌다존나 재밌다존나 재밌다존나 재밌다존나 재밌다존나 재밌다존나 재밌다존나 재밌다존나 재밌다존나 재밌다존나 재밌다존나 재밌다존나 재밌다존나 재밌다존나 재밌다존나 재밌다존나 재밌다존나 재밌다존나 재밌다존나 재밌다존나 재밌다존나 재밌다존나 재밌다존나 재밌다존나 재밌다존나 재밌다존나 재밌다존나 재밌다존나 재밌다존나 재밌다존나 재밌다존나 재밌다존나 재밌다존나 재밌다존나 재밌다존나 재밌다존나 재밌다존나 재밌다존나 재밌다존나 재밌다존나 재밌다존나 재밌다존나 재밌다존나 재밌다존나 재밌다존나 재밌다존나 재밌다존나 재밌다존나 재밌다존나 재밌다존나 재밌다존나 재밌다존나 재밌다존나 재밌다존나 재밌다존나 재밌다존나 재밌다존나 재밌다존나 재밌다존나 재밌다존나 재밌다존나 재밌다존나 재밌다존나 재밌다존나 재밌다존나 재밌다존나 재밌다존나 재밌다존나 재밌다존나 재밌다존나 재밌다존나 재밌다존나 재밌다존나 재밌다존나 재밌다존나 재밌다존나 재밌다존나 재밌다존나 재밌다존나 재밌다존나 재밌다존나 재밌다존나 재밌다존나 재밌다존나 재밌다존나 재밌다존나 재밌다존나 재밌다존나 재밌다존나 재밌다존나 재밌다존나 재밌다존나 재밌다존나 재밌다존나 재밌다존나 재밌다존나 재밌다존나 재밌다존나 재밌다존나 재밌다존나 재밌다존나 재밌다존나 재밌다존나 재밌다존나 재밌다존나 재밌다존나 재밌다존나 재밌다존나 재밌다존나 재밌다존나 재밌다존나 재밌다존나 재밌다존나 재밌다존나 재밌다존나 재밌다존나 재밌다존나 재밌다존나 재밌다존나 재밌다존나 재밌다존나 재밌다존나 재밌다존나 재밌다
1449850,1,내덱은 문제가 없는것같은데?내덱은 문제가 없는것같은데?내덱은 문제가 없는것같은데?내덱은 문제가 없는것같은데?내덱은 문제가 없는것같은데?내덱은 문제가 없는것같은데?내덱은 문제가 없는것같은데?내덱은 문제가 없는것같은데?내덱은 문제가 없는것같은데?내덱은 문제가 없는것같은데?내덱은 문제가 없는것같은데?내덱은 문제가 없는것같은데?내덱은 문제가 없는것같은데?내덱은 문제가 없는것같은데?내덱은 문제가 없는것같은데?내덱은 문제가 없는것같은데?내덱은 문제가 없는것같은데?내덱은 문제가 없는것같은데?내덱은 문제가 없는것같은데?
1449850,1,"""자! 덱에서 카드란 이름의 검을 뽑아라!"" ""카드가 검이라면... 듀얼디스크는 방패...!"""
1449850,1,It's time to dddd dddddddd duel
1449850,1,"하고 싶으면 해라 그담은 당신 책임이다.  ???:흥,웃기는 소리(이하 생략)"
1449850,1,"오프라인 듀얼을 못한다? 무조건 마듀  무과금 재화 모으는게 빡세긴 하지만 처음 시작할 때 덱 하나는 맞출 수 있기에 듀얼의 재미를 느낄 수 있음"
1449850,1,"Yu-Gi-Oh! Master Duel은 디지털 카드 게임으로서 충실한 완성도를 보여주며, 유희왕의 정수를 담아내 팬들에게 큰 만족을 선사합니다. 카드 전략과 PvP를 즐기는 플레이어라면 이 게임에서 풍부한 재미를 느낄 수 있을 것입니다. 룰 숙지와 카드 수집의 난이도가 있지만, 튜토리얼과 균형 조정이 추가된다면 더욱 많은 플레이어에게 매력적으로 다가갈 수 있을 것입니다."
1449850,1,유희왕 찍먹해보려는 사람에게도 좋고 쭉 할 사람에게도 좋고
1449850,1,"추억 회상하자고 하기에는 게임이 너무 어려워졌음 낭만덱을 하고 싶은데 할려고 보면 너무 비싼 경우가 있어서 낭만을 살짝 접어두게 된다...  근데 다른 카드게임들에 비해서 혜자 게임이라서 덱 맞추기에도 어려움이 크거나 그러진 않음"
1449850,1,"카이바 스퍄셜 루우우우울!!!  난 상식을 초월한다.  아직도 잊지 못합니다  제발 테그 듀얼 상시 플레이 가능하게 해줘"
1449850,1,접근성 매우 좋은 유희왕 게임 유희왕 좋아하셨던 분들이면 매우 추천드리지만 별 추억 없으신 분들은 할 이유가 굳이 없는 게임인 거 같기도 합니다.
1449850,0,이만한 카드겜도 없지만 이만큼 뭐같은 카드겜도 없을 듯
1449850,0,게임이 그냥 늘 똑같은 레퍼토리 반복   신규테마 출시 > 인플레 밸런스 붕괴 > 신규테마 팔아먹어야한다는 이유로 방치  다음 신규카드 출시하면 그때서야 제재 > 신규테마는 또 팔아먹어야해서 방치  이거 그냥 무한반복 유희왕 이름값만 없었으면 진작 망했을 게임  카드 나올때마다 코나미가 이래도 안살꺼야? 라고 협박하는 수준  진입장벽도 어마무시하게 높고 그냥 하지마세요
1449850,1,"유희왕 자체가 밸런스가 많이 무너진 게임이라고 생각하지만 마스터 듀얼이라는 게임 자체는 무과금 친화적이고, 유희왕이라는 플랫폼을 편하게 즐길 수 있게 해준 괜찮은 게임이라고 생각함. 그리고 밸런스 무너졌어도 유희왕 재밌음"
1449850,1,[★ ★ ★ ★ ★   ★ ☆ ☆ ☆ ☆] 6/10 꼬맹이 시절부터 입증되어있던 개꿀잼 국민 카드게임 유희왕을 모바일과 pc에서 오프라인 환경과 비슷하게 해볼 수 있다고?! 완전 갓겜이잖아는 개뿔 ㅈ같은 금제 ㅈ박은 밸런스의 오프 카드들이 하나 둘 들어오면서 티어덱과 ㅈ같은 메타비트들만 남아서 불쾌함만이 남는다. 그리고 애초에 선 후공의 차이가 큰 이 카드게임을 단판전으로 승패를 짓게 만드는게 너무 불합리하다.  결론은 카드깡부터 듀얼끝까지 큰 운빨과 약간의 능지로 하는 게임 [spoiler] 하지만 모두 옛날부터 그 맛으로 이 게임해오긴했잖아? 오늘도 나는 묵묵히 듀얼을 한다...... [/spoiler]
1449850,1,"패에 있는 푸른 눈을 소환하기 위한 필요 제물은 2마리! 그렇다면..! 그래, 신을 제물로 바치겠다! 나의 자존심, 나의 영혼! 나의 미래는 내가 정한다! 오벨리스크여! 가제트 솔저여! 나의 심복을 위한 제물이 되어라! 나의 자존심, 나의 영혼을 이어받은 충실한 심복! 나와라, 푸른 눈의 백룡!"""
1449850,1,"이거 게임 아님 ㅇㅇ 도파민 분출제 / 저혈압 치료제 딱 그 정도 ㅇㅇ"
1449850,1,"유딱지를 PC로 편리하게 즐길 수 있다는 점에선 대체제가 없고  유희왕이라는 게임 자체는 뭐 밸런스, 금제 관련으로 불만이 많을 수밖에 없지만  그럼에도 재밌긴 존나 재밌음  반박 시 듀얼로 승부다  ★ 4.0 / 5"
1449850,1,[b]오프라인처럼 여러개 챙기고 신경 쓸거 없이 덱과 컴퓨터만 있으면 되는겜[/b]  [spoiler]젬을 할인을 자주 해야 지르지 옛날에 자주 해주더만 이제 잘 안해줌;;;[/spoiler]
1449850,0,"게임 밸런스와 같은 컨텐츠적인 측면 이외에도, 조건부 계정 연동 및 계정 삭제 불가와 같은 기초적인 측면에서 조차 부실한 면을 보이는 유사게임"
1449850,0,게임을 만들때 밸런스를 조금 맞추시죠. 이번 페스티벌 어떻게 제대로 된 제한이나 금지도 안하고 그대로 진행할 수 있죠? 신팩 팔려고 하는 상술이 너무 잘 보이네요. 최악입니다.
1449850,0,그냥 개좆병신 버러지겜 금제하는 꼬라지 보면 이새끼들 겜이 어케돌아가는지도 모름 병신들임
1449850,0,개 ㅇㅁㄷㅈ 게임 티어덱 절대로 안죽이고 이상한것만 죽임
1449850,1,"마치 사타구니를 긁으면 손 끝에 남는 아련한 냄새처럼   개같은데 계속 돌아온다  개같은 게임"
1449850,1,"확실히 접근성은 좋은데 걍 유희왕 자체가 밸런스가 개똥망임 글고 비쌈 딱지 하나 랜덤 가챠로 뽑는데 너무 비쌈"
1449850,0,뉴비분들 진짜로 이번에는 천배룡 말고 다른덱을 하고싶다 하면하지마세요 선공하면 천배룡 때문에 뒤지고 후공하면 상대가 천배룡이 씨발 아님 이게많나?
1449850,1,"듀얼이 없으면 저는 미칠 거 같아요. 끊을 수가 없어요, 끊으려고 해도... 자꾸 생각나고"
1449850,0,"1. 자신이 덱을 짜는 것을 즐긴다면 추천 2. 새로운 덱 혹은 카드가 필요할 때 마다 구매가능하다면 추천 3. 정말 운이 좋다고 생각하는 플레이어는 추천 4. 전세계라고 하지만, 중국과 일본이 대다수고 한국은 극소수지만 플레이에는 지장은 없음. 5. 1000전 999패 1승해도 재밌다고 생각할 수 있다면 추천 6. 유벨 카드를 좋아해서 적는 거지만, 유벨이 사기라고 생각하는 플레이어는 그냥 접는게 나음. 7. 유벨이 사기라면 1000전 999패 1승이 사기라는 건데... 너무 져서 사기라는 것 같음. 8. 유벨쓰는 플레이어는 옛날 감성 못 잊은 사람 혹은 돈 없는 가난한 플레이어. 9. 운영진은 영어로 문의를 해야 받아줌. 10. 솔직히 재미있을 거라는 생각에 시간을 투자해서 플레이 했지만,  pay to win 앞에서 장사 없음. 11. 최소 카운터의 카운터의 카운터까지 생각 못하면 그냥 접속 하지 말던지, 뇌를 빼고 플레이하는게 정신건강에 좋음. 12. 솔직히 화가 나서 작성하는 거지만, 유벨이 사기다라고 하는 건 그냥 화살받이 시키는 것. 실제로 유벨 카운터 카드는 많음. 없다면 그건 운이 없거나 돈이 부족한 것. 13. 실제로 사기인 카드는 다른 카드며 그 카드는 순전히 운으로 얻든지 돈으로 구하면 됨. 14. 그냥 옛날 게임 플레이하는게 카드수가 적어서 뒷통수 맞을 일이 적음. 그리고 실제로 옛날 덱이 사기적이어도 여기서 적용하면 지나가던 유치원생한테도 짐.  ※ 최근까지 발매한 게임을 모두 플레이 및 애니메이션을 전부 시청했다면 위에 글 그냥 지나가던 개가 한 말이라고 넘겨도 정말 문제 없음.  ※ 일반 소환, 특수 소환, 융합은 정말 치밀하게 계산된 것이나 사기적인게 아니라면 그냥 어린 애들 재롱잔치됨. ※링크 소환부터는 여기서 처음 알게 된 것이지만, 이것도 심각하게 사기적이라고는 안 느껴졌음. ※ 항상 새로 나온 카드와 덱을 구성할 자신이 없다면 그냥 낮은 등급에서 놀던지, 들어와서 신나게 맞으면서 배우면 됨."
1449850,0,"천배룡 아니면 게임하지 마라 수준으로 망가졌다.  우리의 낭만이었던 듀얼은 온데간데없이 사라지고 일방적 학살만이 남았다.  대화였던 듀얼은 일방적 자기주장이 되었으며, 커뮤니케이션은 단절되었다.  상실의 시대를 체감하게 되었다.  낭만과 듀얼로 나누던 대화는 이젠 없다."
1449850,1,"아니 카드들이 왤케 비싸요 ㅡㅡ 시작도못하겠어증말!!  ...라고 예전에 평가를 썼지만, 2024년 12월 05일, 여전히 잘만하고있슴미다.. 돌계라는걸 사면 덱 하나는 거의 확정으로 맞추고 시작할수있다구 하네요!  전 돌계 안 쓰고 현재 덱 4개정도 굴리면서 놀고 있씀미다.. 취향에 맞으면 재밌어요!  다만, 생각보다 룰이 복잡하고 카드의 테마도 엄청 많아서 처음에는 엄청 어렵다고 생각해요.. 작성일 기준 메타는... 보이는 친구들만 보이는 느낌이지만 한 테마가 독식한다거나 그런 느낌은 없는것같아요! 필자가 자주 본 테마들은 크샤트리라 / 낙인비스테드 / 티아라멘츠 / 라뷰린스 / 천배룡 / 유벨 / 스프트윈 요정도입니다!"
1449850,1,이 게임은 여러분들이 생각했던 추억의 유희왕 을 생각하기 보다는 보다 전략적으로 접근 하는게 맞다고 보시면 될것같습니다. 그럼에도 불구하고 낭만을 생각한다면 실력을 쌓아 올리셔야 가능할 겁니다.
1449850,0,아무리 플레이해봐도 죽은 추억은 현세에 머물면 안되는 게 맞다
1449850,1,⠻⣦⡈⠛⢿⡌⢆⢂⠹⣿⣧⡄⡄⠹⡄⢆⡟⢄⠉⢟⣮⣷⢄⠐⢤⡤⢤⣬⣭⣭ ⣷⣤⠙⣶⣦⠙⡌⢻⠂⠘⣿⣷⢹⠄⢳⠘⣿⡟⣿⡄⢳⡆⢳⠛⢢⠈⠉⠛⠛⠛ ⢿⣿⣷⣀⠈⠓⠌⠂⠘⢆⠈⢙⣎⢣⠘⡆⢣⡛⣿⡇⢀⡙⠚⠶⠶⠿⠷⠶⠒⠒ ⣾⠿⣿⣿⣦⣄⣁⣀⣠⡀⠡⠄⠳⡛⢆⠱⠈⢧⣿⡇⠸⠟⠉⠐⠠⠄⠄⠄⣼⣿ ⣿⣷⣬⣉⣛⣛⠛⠿⠿⣧⣷⣦⣄⠘⢿⡆⠡⠘⣀⡇⢠⣶⣷⣮⣤⣤⣴⣿⣿⣿ ⣿⣿⣿⣿⣿⣿⣿⣿⣿⣿⣿⣿⣿⣷⡀⢿⡀⠄⠉⡇⢸⣿⣿⣿⣉⣉⣉⣉⣉⣰ ⣿⣿⣿⣿⣿⣿⣿⣿⣿⣿⣿⣿⣿⡏⣿⣦⡙⠄⠄⠁⢸⣿⣿⣿⣿⣿⣿⣿⣿⣿ ⣿⡙⠿⣿⣿⣿⣿⣿⣿⣿⣿⣿⠿⠁⣿⣿⣷⣌⠄⠄⠘⣿⣿⣿⣿⣿⣿⣿⣿⣿ ⣿⣿⣦⣀⡨⣝⡻⠿⣻⣿⣧⣄⠄⠄⣿⣿⣿⣿⣿⣦⡀⢻⣿⣿⣿⣿⣿⡿⠿⣿ ⣿⣿⣿⣿⡇⢿⡛⢿⣿⣿⣿⣿⣧⠘⣿⣛⣻⣿⣿⣿⣿⣤⡿⢿⠿⣛⡃⠄⣸⣿ ⡹⣿⣿⣿⣿⣼⣷⣶⣝⢿⣿⣿⣿⣧⣿⣿⣿⣿⣿⣿⣿⣿⡿⠟⣿⢇⣈⣼⣿⣿ ⣿⣜⢿⣭⢻⣿⣿⣿⣯⢧⠙⢻⠛⣛⣛⠛⠛⠿⠿⠟⣛⣥⣶⣼⢏⣾⣿⣿⣿⣿ ⣿⣿⣎⠿⣇⢻⣿⣿⣿⡌⢷⣆⢭⣓⣒⣒⣛⣣⣶⠞⣵⣿⣿⣿⡿⣱⣾⡟⣵⣿ ⣿⣿⣿⣤⣻⡘⣿⣿⣿⣷⡜⢻⣮⣛⣛⣟⣫⡿⣛⣴⣿⣿⣿⣿⢃⣿⣿⣷⣿⣿ ⣿⣿⣿⣿⣷⣣⢹⣿⣿⣿⣿⣯⡙⠛⠛⠛⢛⣺⣿⣿⣿⣿⣿⠇⣼⢫⣵⣿⣿⣿
1449850,0,개10 쓰.레.기 게임^^  뭔놈의 게임이 그냥 선공ㅈ망겜이냐 진짜ㅋㅋㅋㅋ 후공만 하면 그냥 쳐발리는 답도없는 노답겜인데 진짜 왜한건지 모르겠네 이딴겜;  선공 풀전개하고 후공증지로 막을라해도 우라라 지명자로 막아서 풀전개 꾸역꾸역하고 게다가 내턴에는 칼리유가>?  모든효과 무효ㅋㅋㅋㅋㅋㅋ 그냥 시1발 후공보고 아예 하지말라 하는 수준인데?
1449850,1,선공핵 있지 시발련들아??? 나 빼고 다 쓰고 있는거 같은데 이미 그게 아니면 말이 안된다 이 좆같은 게임
1449850,1,"장점 1. 종이카드로 하는 유희왕 게임을 할 수 없는 여건이 아니라면 좋은 선택이 될 수 있다. 2. 게임에 대해 심판이 확실하고 내 대신에 체인을 걸어준다. 3. 세계대회, 재화를 뿌리는 이벤트가 나름 질리지 않게 제공되는 편이다.  단점 1. 한국기준 종이카드보다 너무너무 카드 비용이 비쌈. 재화 이벤트는 사실상 시즌당 3팩 정도 무료로 주는 수준에 불과 2. 극전개댁을 하기에는 턴당 제한시간이 좀 부족하다. 3. 망해버린 프리매치 환경, 오직 경쟁전만이 컨텐츠다.   게임 내용적으로는 단판전이라 선공특화덱 내지 후공특화덱하나만을 바라보고 디자인하는 것이 효율이 좋다. 선공특화가 한 2배정도는 더 좋고 종류도 많음. 현 환경상 치고 받는 낭만듀얼은 하기가 힘들다. 물론 가장 좋은 것은 미드레인지성향의 티어덱을 하는 것이고 미드레인지 티어덱끼리 합주고 받는 게 제일 재밌다. 실제로 턴이 가장 많이 늘어지고 전투가 많음. 다만 이 경우, 선공이 결국 유리하다."
1449850,0,옛날 카드로 듀얼을 하니까 계속 지고 밸런스가 안맞네요
1449850,1,레벨올리고 보상을 먹으려면 랭겜을 이겨야함. 지면 아무런 보상과 경험치조차 주지않음 그런데 뉴비는 300판 500판을해도 단한판도 이길수 없음 이길 방ㅂ법은 최소 30만원을 써서 덱을 뽑고 하는것뿐 걍 돈안쓸거면 깔지를 마세요 개버러지 고인물게임 뉴비랑 고인물이 같이 매칭되는 매칭시스템 병1ㅅ
1449850,0,아니 시발 14판동안 동전 다 지는게 말이 되는 확률이냐 이 개미친 새끼들아ㄷㄱ횀ㄷ곰ㄷ샤ㅗㅓㅁㄷㄱ호ㅑㅐㅁㄷ호 그뒤에 선공주고 서버튕겼다하네 시발 ㅋㅋㅋㅋㅋ
1449850,1,유기오프로를 하지 이걸 왜? 이런 생각을 했었는데 직접 카드를 뽑고 즐기는 이 게임이 원하는 덱을 바로 챙길 수 있는 유기오프로보다 매력이 있는 거 같다
1449850,0,야 시발 22턴 동안 몬스터 하나를 안주는게 말이되냐? 매번 루닉 만날때마다 패 좆 지랄나는거 일부러 트리거 넣어둔거임? 애미 능지터져서 루닉같은거 밖에 못함? 하도 어이가 털려서 평가를 안달수가 없네 ㅋㅋㅋㅋ
1449850,1,생각보다 너무 어려워 당황했지많 유희왕을 더 어렵게 즐기고 싶으시다면 추천하는 게임 입니다.
1449850,1,친구한테 영업당해서 난생처음 유희왕 해봤는데 이거 왜 재밌나요
1449850,1,동전을 던졌을때 앞면이 나올 확률은 16분의 1임 ㄹㅇ임 ㅆ발
1449850,0,옛날 그 감성을 느끼는건 힘드네요 요새 좋은 카드가 많다는건 알지만 게임을 하면 혼자써 턴 쓰는 시간이 너무나 기네요 이게 제일 문제이네요....
1449850,0,돈 벌기에만 급급한 코나미 터무니없는 카드 내놓고 금지 하는것만 반복 중임. 그럴거면 카드를 왜 발매 하는건데? 한숨만 나온다. 이미 고일때로 고여서 신규 유입 장벽이 너무나도 높다. 진입 장벽 낮출 생각을 해야 하지만....  그래서 안살꺼야? 이런 마인드로  스스로 제살 깍아 먹는짓만 반복 하고 있음. 소비자들에게 매몰 비용을 생각 하라며 배짱 장사중...  좋은 아이피 가지고 저러는것도 능력이라면 능력이다 진짜... 절래 절래..
1449850,1,"니들이 아는 듀얼은 이젠 없다 받아라 데먼 스미스의 은총"
1449850,1,주기적으로 뉴비가 되는 게임.  신 카드 나올때마다 뉴비가 되버려요
1449850,0,내가 증지 쓰면 우라라 처맞고 우라라 쓰면 무명자 처맞고 상대가 증지나 우라라 쓰면 내 패에는 패트랩이 없는 운빨 ㅈ망겜
1449850,1,내가 듀얼 중독이라고? 내가 듀얼 중독인지는 듀얼로 정하자!
1449850,1,유프로에 고통받다가 공식에서 제대로 내주니까 좋았다 근데 시간이 지날수록 과금에 대한 부담이 커져서  gg 전 갑니다
1449850,1,근본 카드게임이고 그만큼 좋은 덱으로 상대와 겨루고 생각할 것도 많아서 해보는걸 추천
1449850,0,'룰과 매너를 지켜 즐겁게 듀얼을 하자!' 라는 유희왕dm 오프닝에 나오는 문구와  상반되는 전혀 즐겁지 않은 온라인 턴제게임의 가면을 쓴 모노드라마 같은 게임.  분명 나의 턴인데 상대가 다 전개하고 내 턴을 끝내면 게임이 끝나있습니다.  어디서부터 잘못된 걸까?   가장 오래된 게임 중에 바둑과 장기에도 이 룰이 적용된다면   상대가 판을 엎고 앉은 자리에서 박차고 나갈겁니다.
1449850,1,"덱 가격 비교적 가격 싸고, 겜 자체는 할만하고, 만듦세도 나쁘지 않음.  다만 지금 환경도 그렇고 이후 찾아올 환경이 문제가 없진 않고, 현 메타가 선공이 유리한것도 사실임.  또한, 원작 자체가 오래된 게임인지라 덱 파워가 천차만별임.  그냥 카드겜이 좋아서 즐겜으로 하기엔 무난하나, 랭크나 승패에 신경쓰다보면 그 어떤 카드겜보다 불합리하게 느껴지는 순간이 많을거임.  쌩뉴비 장르 입문으로는 비추, 카드게임을 좋아하면 한번쯤은 해볼만함."
1449850,1,유희왕을 좋아하는데 할사람이 없었지만 여기서는 아주 잘하는사람들이 많아서 연습도돼고 재밌습니다
1449850,0,"빙신같은 시스템으로 폰 듀얼이 컴 듀얼으로 이전이 안됨  안하고 말음"
1449850,1,"뭐? 유희왕이 재미가 없다고?  흥, 어림 없는 소리. 듀얼로 증명해라."
1449850,1,"진정한 듀얼리스트는... 듀얼로 승부한다.  진정한 듀얼리스트는.. 듀얼로 결정한다."
1449850,0,서버가 ㅄ임 우째 이길려고할떄 서버문제로 내가 져야하냐곳ㅂ
1449850,0,그냥 후공만 잡히다가 랭크 떨어지고 선공 잡으니까 서버 연결 불안 뜸 그냥 하지 마셈
1449850,1,"마듀하기전: 로망(백룡,블매) 마듀시작후: 그없(뱀눈,염왕)"
1449850,1,진짜 굳이 할 이유가 없는데 진짜 굳이 하고 있는 게임.
1449850,1,6시 특) 카드 한 장에 다막힘 12시 특) 걍 다 갖고 있음  코인 토스=10판 넘게 한 번을 못이김  선공 패 나옴=코인 토스 짐 or 호감패가 가드으윽 빵빵해에에ㅔㅇ엣 후공 패 나옴=코인 토스 이김  상대가 쓰는 돌파카드 = 후공인 상대 손에 있음. 필요할 땐 연속으로 두세 장까지도 날라옴 Blyat 내가 쓰는 돌파카드 = 선공에 내 손에 있음. 어떻게든 써먹을 수 있지 않을까 생각하며 들고있지만 결국 끝날 때까지 호감패임  총평=모두가 억까당한다 하지만 날 상대하는 놈은 억빠당하게 하는 게임  근데 현실 카드팩보다 데이터 쪼가리가 더 비싼게 웃길 따름  호에엥 코N(o)ami님 갱장해여어어엇~
1449850,1,추억의 덱 - 낭만 덱 - 티어 덱 - 젤 좋아하는 덱
1449850,0,봤던 덱 또 보고 봤던 덱 또 보고 봤던 덱 또 보고 봤던 덱 또 보고 봤던 덱 또 보고 봤던 덱 또 보고 봤던 덱 또 보고 봤던 덱 또 보고 봤던 덱 또 보고 봤던 덱 또 보고 봤던 덱 또 보고 봤던 덱 또 보고 봤던 덱 또 보고 봤던 덱 또 보고 봤던 덱 또 보고 봤던 덱 또 보고 봤던 덱 또 보고 봤던 덱 또 보고 봤던 덱 또 보고 봤던 덱 또 보고 봤던 덱 또 보고 봤던 덱 또 보고 봤던 덱 또 보고 봤던 덱 또 보고 봤던 덱 또 보고 봤던 덱 또 보고 봤던 덱 또 보고 봤던 덱 또 보고 봤던 덱 또 보고 봤던 덱 또 보고 봤던 덱 또 보고 봤던 덱 또 보고 봤던 덱 또 보고 봤던 덱 또 보고 봤던 덱 또 보고 봤던 덱 또 보고 봤던 덱 또 보고 봤던 덱 또 보고 봤던 덱 또 보고 봤던 덱 또 보고 봤던 덱 또 보고 봤던 덱 또 보고 봤던 덱 또 보고 봤던 덱 또 보고 봤던 덱 또 보고 봤던 덱 또 보고 봤던 덱 또 보고 봤던 덱 또 보고 봤던 덱 또 보고 봤던 덱 또 보고 봤던 덱 또 보고 봤던 덱 또 보고 봤던 덱 또 보고 봤던 덱 또 보고 봤던 덱 또 보고 봤던 덱 또 보고 봤던 덱 또 보고 봤던 덱 또 보고 봤던 덱 또 보고 봤던 덱 또 보고 봤던 덱 또 보고 봤던 덱 또 보고 봤던 덱 또 보고 봤던 덱 또 보고 봤던 덱 또 보고 봤던 덱 또 보고 봤던 덱 또 보고
1449850,1,듀얼 링크스를 하다가 들어온 신세계 게임 하다보면 전혀 모르던 카드도 거의 외우게 됨  게임을 시작하면  나는 항상 기적의 12시와 싸우는데  손 안에 든 패는 같은 그림 찾기 게임을 시작함  그리고 이 게임 장점은 스겜임 서렌 겁나 빠르게 나옴
1449850,1,??? : 오늘 이 도시는 전쟁터로 변한다! ??? : 일반인은 여기서 냉큼 꺼지시지!
1449850,1,"Q. 게임이 노잼이예요 A. 디시인사이드같은 커뮤니티 사이트에서 덱을 찾으세요  Q. 덱을 맞췄는데 뭐 어쩌라고요 A. 솔로모드를 돌려서 보석으로 카드깡을 하세요  Q. 카드팩이 현재 공개가 안됐대요 A. 그 카드 관련카드 가서 SR 하나 만드세요  Q. 가루가 없어서 카드를 못만들어요 A. 특정 카드 분해창 가서 필요없는 SR들 다 갈으세요  Q. 덱 맞췄는데 어떻게 쓰는 지 모르겠어요 A. 유튜브에 카드군 이름 쳐서 어떻게 하는 지 배우세요  Q. 상대가 전개를 존나 오래해요 A. 유튜브 보면서 하세요  Q. 천배룡 쓸래요 A. 나가 죽으세요"
1449850,1,유희왕 재밌긴 한데 아쉬운점은 로망 실천이 너무 힘듬.........ㅠㅜ
1449850,1,어릴때 즐겼던 유희왕을 다시 접하게 해준 게임. 그러나 최신 메타에 적응해가며 마스터듀얼을 2년가량 플레이하며 가파르게 올라오는 인플레와 그로 인해 내가 아끼는 덱을 플레이하기 힘들어지고 듀얼 한판한판이 너무나 힘들고 지치게 되어 서서히 플레이 하는 빈도가 줄어든다. 그럼에도 내 덱에 대한 애정과 승리했을때의 중독성을 끊지 못하고 다시 찾게된다.  스트레스 많이 받지만 그럼에도 재밌게 하는 나에게 있어선 몇안되는 게임
1449850,1,"과거의 즐거웠던 추억과 향수로 시작했고, 여러 감정들이 들기도 사라지기도 했지만 여전히 좋아하는 게임"
1449850,1,앞으로 게임 하면서 스트레스 많이 받을텐데 할꺼면 티어덱 메타비트해서 게임익히고 하십시오
1449850,1,현질 유도 적고 현실에서 돈주고 카드 구매 하기전에 덱 구축해서 실용성 있는지 연습가능 현실에서 듀얼을 하기전 예행 연습으로 내가 무슨 타입인지 어떤 전계가 맞는지를 알아볼수 있음 나름 잘만든 게임이라 생각합니다
1449850,1,이 게임은 코나미와 유사 연애하는 게임이다. 게임을 하면서 코나미의 발상을 깨닫게 되며 코나미식 금제에 가스라이팅당한다. r그리고 어느순간 코나미의 이해자가 되어 금제 리스트를 해설하게 된다. 그래서 블록 드래곤 언제 석방되냐고 이해가 안되네. 가끔은 진짜 안되긴 한다.
1449850,1,쓰레기게임 내턴에 가만히좀 쳐잇어라 번쩍번쩍 거리면서 춤추지말고
1449850,1,"오프랑은 다른 게임. 유희왕을 즐기기 가장 쉬운 접근법."
1449850,0,"카드게임을 디지털로 포팅을 할때는 이렇게 해야한다의 교과서 깔끔한 시스템 이쁜 애니메이션 무과금에 친절한 과금 모델 까지 완벽함  그런데 게임이 유희왕임 추억의 게임으로 생각하면 장점 같지만 실제로 게임을 하면 모든 장점을 날려버리는 끔찍한 단점이다  도망쳐"
1449850,0,아 ㅅㅂ 다른건 그렇다고 치고 뭐가 상대가 락을 걸었으면 왜 안돼는지는 알려줘야 이게 버근지 아니면 정상적인 건지 알거 아니냐? 카드도 여기저기서 발동해서 알기도 어려운데 겜하는 사람에 대한 배려가 없네 기존에 효과 다 아는 유저들 가지고만 장사하겠다는 거야 뭐야? 새로 유입되거나 복귀한 유저는 효과 다 몰라. 그렇다고 다 읽고 할 수 없잔냐?? 제한 시간이라도 없으면 모를까? 그리고 뭐 때문에 내가 효과를 못쓰는지는 알아야 학습을 할 거 아냐? 게임 업계에서 일하는 사람이지만 이 정도 엉망으로 유저 편의 안봐주는 게임은 마듀가 처음이네
1449850,0,"아무리 덱 잘만들어도 1턴만에 상대방을 끝장내야 한다. 그렇지 않다면 자기가 끝장나니까. 만화같이 서로 턴을 주고 받는 전개를 기대하기가 어렵다.  그러니 로망덱을 만들기전에 인터넷 뒤져서 밸런스덱을 만드시길.."
1449850,0,병슨 좆같은 게임 시발게임 애미애비 뒤진게임 좆병신 게임 애미 나가뒤진 게임 애미 애비 자살뛴 게임 병슨 게임 느금마 ㅂㅈ나 빨아라 게임 안해
1449850,1,유희왕이 어째서 뉴비유입없는 고령화상태의 카드겜이 되었는가 보여주는 아주 좋은 게임
1449850,1,카드가 검이라면 듀얼디스크는 방패! 오른손의 카드에 긍지를 왼손의 디스크엔 영혼을 걸고 간다!
1449850,1,"어린 시절의 추억은 티어덱으로 찢겨나갈 것입니다.  공방에서 당신은 티어덱으로 찢기든지, 티어덱으로 타락하든지, 아니면 극한의 범용 카드를 긁어모으고 로망이라 부르며 기도할 수 있습니다.  당신의 추억을 되살려줄 친구를 구하세요."
1449850,0,"선공 망겜, 덱 구축을 아무리 잘맞춰도 결국 확률 싸움이기 때문에 패가 잘 떴을 때의 두뇌 전개싸움보다 억지로 쳐말린 패보면서 불쾌함 느끼는게 목적인 게임"
1449850,0,"이딴 운영으로 세계대회를 논하는 꼬라지가 존나게 웃김 걍ㅋㅋㅋㅋ 단판전, 승수 꼴박 다 이해하려면 밸런스는 잡아야지 콦낪밊야"
1449850,0,초융합 시발련아 니 몬스터로 융합해야지 왜 내껄로 하는데 ㅅㅂ
1449850,0,이 시발 개새끼들아 왜 10판쨰 후턴 주고 전개 안되는 패 주는데 시발 애미 유압프레스기로 눌린 시발롬들아
1449850,1,뭣? 이겜이 재미없다고? 어쩔수 없지 재밌는지 아닌지 듀얼로 승부보자! 듀얼이닷!!!
1449850,1,왜 다들 삼환마 안 해? 이 개같은 덱 나만 하는 거야?
1449850,1,계속해서 플레이 하고 있는데도 아직까지 잘 모르겟어요.
1449850,0,마기아 소환 했는데 상대가 포영 두장 들고 있어서 진게 말이 되냐 시발 진짜 ㅈ망겜 코나미 새끼들 망해라
1449850,1,⣿⣿⣿⣿⣿⠟⠋⠄⠄⠄⠄⠄⠄⠄⢁⠈⢻⢿⣿⣿⣿⣿⣿⣿⣿ ⣿⣿⣿⣿⣿⠃⠄⠄⠄⠄⠄⠄⠄⠄⠄⠄⠄⠈⡀⠭⢿⣿⣿⣿⣿ ⣿⣿⣿⣿⡟⠄⢀⣾⣿⣿⣿⣷⣶⣿⣷⣶⣶⡆⠄⠄⠄⣿⣿⣿⣿ ⣿⣿⣿⣿⡇⢀⣼⣿⣿⣿⣿⣿⣿⣿⣿⣿⣿⣧⠄⠄⢸⣿⣿⣿⣿ ⣿⣿⣿⣿⣇⣼⣿⣿⠿⠶⠙⣿⡟⠡⣴⣿⣽⣿⣧⠄⢸⣿⣿⣿⣿ ⣿⣿⣿⣿⣿⣾⣿⣿⣟⣭⣾⣿⣷⣶⣶⣴⣶⣿⣿⢄⣿⣿⣿⣿⣿ ⣿⣿⣿⣿⣿⣿⣿⣿⡟⣩⣿⣿⣿⡏⢻⣿⣿⣿⣿⣿⣿⣿⣿⣿⣿ ⣿⣿⣿⣿⣿⣿⣹⡋⠘⠷⣦⣀⣠⡶⠁⠈⠁⠄⣿⣿⣿⣿⣿⣿⣿ ⣿⣿⣿⣿⣿⣿⣍⠃⣴⣶⡔⠒⠄⣠⢀⠄⠄⠄⡨⣿⣿⣿⣿⣿⣿ ⣿⣿⣿⣿⣿⣿⣿⣦⡘⠿⣷⣿⠿⠟⠃⠄⠄⣠⡇⠈⠻⣿⣿⣿⣿ ⣿⣿⣿⣿⡿⠟⠋⢁⣷⣠⠄⠄⠄⠄⣀⣠⣾⡟⠄⠄⠄⠄⠉⠙⠻ ⡿⠟⠋⠁⠄⠄⠄⢸⣿⣿⡯⢓⣴⣾⣿⣿⡟⠄⠄⠄⠄⠄⠄⠄⠄ ⠄⠄⠄⠄⠄⠄⠄⣿⡟⣷⠄⠹⣿⣿⣿⡿⠁⠄⠄⠄⠄⠄⠄⠄⠄
1449850,0,갑자기 아무것도 안했는데 게임서버에 응답이 없다고 무한대로 재시작 재기동만 뜨는데 뭘 하라는 건지 하나도 모르겠음
1449850,1,재밌다 이 댓글에 반박을 하고 싶다고??  좋다...그전에 듀얼로 힘을 증명해라!! 듀얼이다!
1449850,0,무조건 1티어 덱 아니면 즐겁지 않음. 선공잡지 못하면 즐겁지 못함. 그러나 그 선공을 주지 않음. 12시에게는 완벽하지만 나에게는 가혹한 게임. 돈나미의 수작에 놀아나지 말것
1449850,0,못이길게임까지 끝까지안하면 보상안주는게임 그런요소 때메 사람들 도망감 물론 역전각 있지 가끔 인성 곱창난애들만나면 10초정도남을때까지 안죽이고있다가 죽이는 경우도 있고 전혀 게임이 짧게짧게안간다 그래 거기까진 그럴수있음 근데 실력별매칭도 엉망임 내친구 시작겨우시켯더니 10시간도안한애한테 8천판한 미ㅊ놈을매칭시켜?
1449850,1,패 망해서 서렌치면 상대가 이기는건데 왜 아무도 나랑 안 해주지?
1449850,1,오프 빌런을 만나지 않고 오프 간접체험이 가능한 게임인데 싫어할 필요가있나
1449850,1,난 듀얼을 즐기고 싶은데 12시는 진심으로 날 죽이려 드는 게임
1449850,0,7월11일 신팩 나온 이후로 실행이 안됨 뭔 별지랄을 해도 계속 안됨
1449850,0,진짜 상대 턴 존나 길어 무슨 300초동안 전개를 하고 있냐 150초로 확 줄였음 좋겠다 개 느긋느긋하게 하는데 답답해 뒤질거 가틈 아니 지 덱인데 그걸 효과를 처 읽어보면서 하나씩 하고 있는게 너무 빡침
1449850,1,친구:야 열팩 깠는데 우라라? 증쥐? 그런거 나왔는데 좋냐?  나:..........나가 뒤져(열팩에서 SR 하나도 안나오는게 일상)             UR 확률좀 높여라
1449850,0,"흑마녀 디아벨스타-원죄보-엑셀-포프루스-플랑베르쥬-마스카레나-오크,엑셀-포프루스-플랑베르쥬-하염의구희-레이징피닉스"
1449850,1,기게족 지원을 내주지 않으면 코나미 본사 앞에 이강희와 이승민을 풀어놓을겁니다. 수고하십시요.
1449850,0,tlqkf dl rpdla wrkxdma gkwlaktpa tlfgod dhfbEJeh gorufqkdqjq djqtrh rmsid roakdrpadla
1449850,0,10일까지 잘되던게 11일 신팩 나오면서 오류가 계속 떠가지고 게임을 못하고 있음 다시 껏다 키고 다시하기 해도 자꾸 오류 뜨고 그방법이 통하지 않아 마듀 다시 지우고 다시 새로 깔았더니 또 오류 뜨고 되질 않음
1449850,1,"갓겜입니다. 혹여나 본인이 평소 저혈압 증상이 있거나 너무 극적인 행복함을 느끼시는 분이라면 꼭 플레이 해보세요. 저혈압 증상이 말끔히 사라지고 너무 행복한 기분을 다운시켜주는 갓겜입니다. 주변에 별로 친하지 않고 이 게임을 한번도 해보지 못한 친구에게 추천하여 함께 하신다면 친하지 않던 친구와 멀어질수 있을겁니다.  강추합니다!  ^-^d"
1449850,1,"게임 시작 정크 컨버터 묘지로 보내기 Lv1 몬스터 덱에 남겨놓기 싱케+정싱소환+정싱 효과로 컨버터 소환 정싱과 컨버터 튜닝= 스피더 소환 싱케 효과를 먼저하고 스피더 효과 발동 1,3,4 레벨 케리어 토큰, 케리어, 로드 싱크론을 튜닝 로드 워리어 소환 로드 워리어 효과로 도플 소환 정싱+도플 튜닝= 액셀 싱크로 소환 도플 효과=토큰2 도플 토큰 1+ 액셀 싱크론 튜닝= 라이브러리언 소환 제트 싱크론+도플 토큰 튜닝=쌍성도사 소환 효과는 쌍성도사까지만 도플+정크 컨버터 특수소환  퀘이사 소환  묘지에서 제트 싱크론 효과로 제트 싱크로 부활 제트+도플+정컨 튜닝=제트 워리어 소환 세마리 효과 다 발동 정컨의 효과로 쌍성도사 소생 도플 효과 토큰 2 생성 쌍성도사+도플 토큰1 튜닝=양철 군주 소환 양철 군주 효과로 정크 싱크론 소생 정크 싱크론+도플 토큰 튜닝=아크디클레어 소환 양철+아크+제트를 튜닝= 쉬프르 소환  유투브에서 봤던 퀘이사+쉬프르+로드워리어 소환식 기록"
1449850,1,"쓰레기 겜 이지만 맛있긴 함... 패스트 푸드 같은..."
1449850,0,"개 좆같은 메타 꾸역꾸역 버텨갈수록 스트레스만 쌓이면서 한판한판 지랄발광을 떨며 한끗게임을 하는데 좆버그터진 재정오류를 겪으면 게임하고 싶은 생각이 뚝 떨어진다.게임관리 이따구면 이젠 미련버리는게 맞다고 생각한다."
1449850,1,선공 좀 선공 좀 선공 좀 선공 좀 선공 좀 선공 좀 선공 좀 선공 좀 선공 좀 선공 좀 선공 좀 선공 좀 선공 좀 선공 좀 선공 좀 선공 좀 선공 좀 선공 좀 선공 좀 선공 좀 선공 좀 선공 좀 선공 좀 선공 좀 선공 좀 선공 좀 선공 좀 선공 좀 선공 좀 선공 좀 선공 좀 선공 좀 선공 좀 선공 좀 선공 좀 선공 좀 선공 좀 선공 좀 선공 좀 선공 좀 선공 좀 선공 좀 선공 좀 선공 좀 선공 좀 선공 좀 선공 좀 선공 좀 선공 좀 선공 좀 선공 좀 선공 좀 선공 좀 선공 좀 선공 좀 선공 좀 선공 좀 선공 좀 선공 좀 선공 좀 선공 좀 선공 좀 선공 좀 선공 좀 선공 좀 선공 좀 선공 좀 선공 좀 선공 좀 선공 좀 선공 좀 선공 좀 선공 좀 선공 좀 선공 좀 선공 좀 선공 좀 선공 좀 선공 좀 선공 좀 선공 좀 선공 좀 선공 좀 선공 좀 선공 좀 선공 좀 선공 좀 선공 좀 선공 좀 선공 좀 선공 좀 선공 좀 선공 좀 선공 좀
1449850,1,왜 그러지? 휘청거리고 있지않나 왜 그러지? 휘청거리고 있지않나 왜 그러지? 휘청거리고 있지않나 왜 그러지? 휘청거리고 있지않나 왜 그러지? 휘청거리고 있지않나 왜 그러지? 휘청거리고 있지않나 왜 그러지? 휘청거리고 있지않나 왜 그러지? 휘청거리고 있지않나 왜 그러지? 휘청거리고 있지않나 왜 그러지? 휘청거리고 있지않나 왜 그러지? 휘청거리고 있지않나 왜 그러지? 휘청거리고 있지않나 왜 그러지? 휘청거리고 있지않나 왜 그러지? 휘청거리고 있지않나 왜 그러지? 휘청거리고 있지않나 왜 그러지? 휘청거리고 있지않나 왜 그러지? 휘청거리고 있지않나 왜 그러지? 휘청거리고 있지않나 왜 그러지? 휘청거리고 있지않나 왜 그러지? 휘청거리고 있지않나 왜 그러지? 휘청거리고 있지않나 왜 그러지? 휘청거리고 있지않나
1449850,0,출시하자마자 했는데  그냥 가위바위보 게임 5소재 론고미언트 맛본뒤 바로 접음
1449850,0,시1발 12시는 모두 고려해서 뭐 만 하면 컷 해대는데요 왜 시1발 나만 당하냐고
1449850,1,패에 우증뵐포가 다 필요하지만 다같이 잡히면 망하는 갓겜
1449850,0,"쓰레기게임 3년 내내 선후공 고칠생각 안하는 개쓰레기게임 이 망가진 밸런스가 좋다고 생각하나봄 얼마나 쪽팔리면 세계대회에서도 서렌방지임 후공에 똥쓰레기 패당하면 상대가 5분동안 덱들고 쇼하는거 보다 져야됨"
1449850,0,"아무도 낭만덱같은거 안함 엣날 유저들 추억생각해서 하고싶은거면 하지마세요 나도 티어에서 한참밀려난 구사이버덱이나 성기사덱으로 한턴에 5분넘게 ㅈㄹ하는 잡것들이랑 듀얼하면서 어거지로 버텨봤는데 ㅈ같음 전개시간도 존나 길면서 무포나 우라라 좀건다싶으면 바로 서렌치고 내턴오기전에 게임끝남 내가 뭐하지도 않고 카드 한두장 체인건것 뿐인데 더 볼것도 없다는듯이 걍 서렌박고튐 이게 잼있겠냐 랭겜이라고 처있으니까 거기서도 패트랩만 덱에다가 왕창 만들어서 만든담에 상대 전개 막으면 알아서 서렌치고 튐 이게 뭔 듀얼이냐 바둑도 이따구로 하면 남은 이빨전부 백돌로 바꿔질때까지 처맞을꺼임"
1449850,1,OCG를 오프에서 딱히 안해봤고 거의 마듀로 처음 접했다  어릴 때 친구들이랑 각자 로망담긴 덱들 들어와서 깨작깨작 했던걸 추억하면서 건드려봤지만 내 로망은 티어덱들한테 처참히 찢겼다  결국 게임은 1. 선후공 코인토스에서 거의 승패의 절반이 결정됨. 2. 내가 후공덱을 하든 패가 잘나왔든 상대 퍼미션 수에 비해 내 패는 단 6장. 아드 보충도 퍼미션에 막히면 개화난다 3. 상대가 전개하는거 5분넘게 보면서 다 기다렸는데 결국 내가 뚫지 못하면 패배  그냥 할때마다 개좆같다 그냥 개화남. 선후공 밸런스 병신에 덱 파워 밸런스도 안맞는 개 병신겜이다  그리고 매번 이렇게 욕하면서 다음 매칭을 누르는 내가 제일 병신이다
1449850,1,이득인지 아닌지 듀얼로 승부하자!  우라라 삭제좀ㅋㅋ 카드 전개를 못하잖아ㅋㅋ
1449850,1,"하스스톤 나왔을 때 이런 시스템으로 유희왕을 하고 싶다고 생각했고, 그 바람을 이뤄 준 게임 게임은 잘 만들었고, 죄가 없다. 잘못 만든 카드들이 문제"
1449850,1,⢿⣿⣷⣀⠈⠓⠌⠂⠘⢆⠈⢙⣎⢣⠘⡆⢣⡛⣿⡇⢀⡙⠚⠶⠶⠿⠷⠶⠒ ⣾⠿⣿⣿⣦⣄⣁⣀⣠⡀⠡⠄⠳⡛⢆⠱⠈⢧⣿⡇⠸⠟⠉⠐⠠⠄⠄⠄⣼ ⣿⣷⣬⣉⣛⣛⠛⠿⠿⣧⣷⣦⣄⠘⢿⡆⠡⠘⣀⡇⢠⣶⣷⣮⣤⣤⣴⣿⣿ ⣿⣿⣿⣿⣿⣿⣿⣿⣿⣿⣿⣿⣿⣷⡀⢿⡀⠄⠉⡇⢸⣿⣿⣿⣉⣉⣉⣉⣉ ⣿⣿⣿⣿⣿⣿⣿⣿⣿⣿⣿⣿⣿⡏⣿⣦⡙⠄⠄⠁⢸⣿⣿⣿⣿⣿⣿⣿⣿ ⣿⡙⠿⣿⣿⣿⣿⣿⣿⣿⣿⣿⠿⠁⣿⣿⣷⣌⠄⠄⠘⣿⣿⣿⣿⣿⣿⣿⣿ ⣿⣿⣦⣀⡨⣝⡻⠿⣻⣿⣧⣄⠄⠄⣿⣿⣿⣿⣿⣦⡀⢻⣿⣿⣿⣿⣿⡿⠿ ⣿⣿⣿⣿⡇⢿⡛⢿⣿⣿⣿⣿⣧⠘⣿⣛⣻⣿⣿⣿⣿⣤⡿⢿⠿⣛⡃⠄⣸ ⡹⣿⣿⣿⣿⣼⣷⣶⣝⢿⣿⣿⣿⣧⣿⣿⣿⣿⣿⣿⣿⣿⡿⠟⣿⢇⣈⣼⣿ ⣿⣜⢿⣭⢻⣿⣿⣿⣯⢧⠙⢻⠛⣛⣛⠛⠛⠿⠿⠟⣛⣥⣶⣼⢏⣾⣿⣿ ⣿⣿⣎⠿⣇⢻⣿⣿⣿⡌⢷⣆⢭⣓⣒⣒⣛⣣⣶⠞⣵⣿⣿⣿⡿⣱⣾
1449850,1,동전던지기 뒷면 앗.... 엑셀 일소 앗.... 내 패는 논다.. 이기세요..
1449850,1,재밌다. 합류해라. 전통의 게임 유희왕의 세계로 오라. 고인물 유저들도 티어덱앞에선 무용지물
1449850,1,개갓겜 이렇게 재밌는 게임을 이제 알은 내 인생이 레전드
1449850,1,"튜토리얼 끝낸 뉴비입니다. 랭킹전 매크로들이 조금 더 빨리 진행 해줬으면 좋겠습니다. 티어덱보다 딕이 더 재밌으니 그냥 꼴리는거 하세요 24년6월기준 현재는 더러운 뱀눈깔, 삐용삐용소방차의 화염카르텔 지옥입니다."
1449850,0,"선공잡으면 우라라 증G 뵐러 포영이 떨어지고 턴넘기면 원핸드 전개에 후공잡으면 시작부터 제한카드인 펜리르가 튀어나오질 않나, 증G던지면 나는 못잡는데 12시는 칼같이 컷하질 않나, 패트랩 피해서 꾸역꾸역 전개해도 어떻게 패트랩을 그렇게 쥐어놓고도 견제랑 전개가 동시에 되는지 기가막히고 코가막히는 똥같은 게임  낭만은 무슨 죄다 뱀에 물렸나 크샤랑 뱀눈밖에 안보임  남이하면 풀전개고점이고 내가하면 패꼬여서 전개 1도 안되는 ㅈ망겜임 진짜..."
1449850,1,12시는 모든 걸 가졌다. 스위치 플레이어인지 상대 초상화에 와이파이 뜨는 것 좀 해결해 줬으면 좋겠다.
1449850,1,"장점: 솔직히 뉴비 입장에서도 초반엔 젬(이 게임의 게임머니를 젬이라고 함)을 막 퍼주기 때문에 내가 원하는 덱 맞추기 쉬움 단점: 근데 그 방식으로 덱 맞추는건 딱 한 덱 정도뿐임, 여기서 또 다른 덱 맞추려면 현질을 하거나 데일리(우리가 흔히 말하는 일퀘)를 많이 깨줘야 함"
1449850,0,이벤트도 1년 간 우려먹더니 카드 주기는 빨라지고 개 좃같은 게임  망해라 코나미야
1449850,0,ㅈ같은 놈들 확률 아주그냐ㅕ ㅅㄹ ㅂ 그냥 카라리 신일러 뽑는다고 15만을 질렀는데 그거빼고 ur 수십장 나오네
1449850,1,선공 특 : 후공패 후공 특 : 선공패 12시 : 우증뵐포니 그래서 내 턴은 언제오는건데
1449850,1,"저는 분명히 기다리고 있었지만, 타이밍을 놓치고 말았습니다."
1449850,1,"우라라 있으신가요? 없으시면 안될건데 포영 뵐러 있으실까요? 없으시면 안될텐데 증식의 G 있으실까요? 있으면 안되는데"
1449850,1,오프라인으로 카드게임 하기 어렵거나 귀찮은 사람들에게는 그나마 해볼만 한 게임.
1449850,0,진짜 개 억까 존망겜 운 없는 병신은 가위바위보 이겨서 고문 참기 시뮬레이션 하고 싶으면 추천 다신 안함
1449850,1,몇 시간 안했는데 정말 재밌게 즐겼어요^^ 이 게임은 정말 재미있는 게임이에요! 여러분들도 꼭 했으면 좋겠어요~
1449850,1,이 게임의 룰과 카드의 재정을 전부 이해했다면 노벨비문학상을 받으러가십시오.
1449850,1,하스스톤에 익숙한 유저는 허들이 있을 수도 있다고 생각하지만 반대로 TCG자체를 좋아하는 분에게는 더 없이 좋은 게임이라고 생각합니다
1449850,1,기존에 유희왕을 알던(싱크로 이전세대) 사람들도 열심히 외우고 전개법 영상 찾아보면서 전개 하는거 연습하면 하나씩 이룰때마다 재밌음 비록 예전의 향수는 느끼지 못할지라도 게임자체는 절대 재미없는 게임은 아님. 그건 그거고 뉴비들이 전개 좀 할라하면 전개 하는거 구경도 좀 하고 그래라 패트랩 던져서 뉴비 벙찌다가 접는다. 어차피 너네가 이길거잖아
1449850,0,복귀유저는 이전 금제 적용된 카드들 분해해서 크래프트포인트 못얻는거 개좆같고 빡칩니다 어차피 안볼거알지만  어떻게개선좀 안될까 ㄹㅇ
1449850,0,"뉴비 복귀 둘 다 비추천  예전 유희왕은 기믹 싸움이었고  지금 유희왕은 전개력 싸움임  끝까지 전개하기 vs 끝까지 전개 못하게 방해하기  이게 전부인 게임이 되었음  덱 테마가 아무리 많아도 저게 다임    네가, 상대가 어떤 덱을 하든  개성, 낭만 싹 다 포기하고  저걸 위한 효과 무효 몬스터 소환 + 패트랩 난사  이것만 주구장창 해야되니까 잘 생각하고 입문하길"
1449850,0,이제부터 이 곳은 전쟁터로 변한다! 일반인은 냉큼 꺼지시지!
1449850,0,사기카드 출시하고 금제 안올리는 짓좀 작작 좀 해라 진짜 정내미 다 떨어질라하네
1449850,0,"듀얼 처음 해서 경기 가면 ""해해 초보 들어 오겠지""하고 했는데 신발 아니도대체 왜오오애ㅗ애ㅙㅗ왜애ㅗ왜오왜왜애ㅗ왱 고수를 데리고와? 나 그래서 개처 발림 나 처럼 처음 하다 고수한테 찟길수 있으니깐 그냥 다이아도 잘하고 브론즈도 잘하는 블롤스타즈나 하세요. 이 나쁜 넘아ㅏㅏㅏㅏㅏㅏㅏㅏㅏㅏㅏㅏㅏ 으흑흑ㄱㄱㄱ 듀얼 처음 절대 하지마"
1449850,0,"어렵다고 하는데 그냥 카드별로 대충 뭔지 알면 됨.  1만장이 넘는 카드를 다 외우라고요!? 라고 생각할 수 있는데 실질적으로 플레이 해보면 외울 카드는 롤 챔피언 개수보다 적음. 어처피 나오는건 화염 카르텔, 티아라 같이 준내 쌘 놈들이거나, 지들 에이스에는 좋은 효과가 없어서 결과물로 뽑는 건 바로네스 같은 범용 에이스거든. 결과적으로는 외울게 내 덱(최대 60장) + 자주 나오는 상대 몬스터 (30장 정도로 치면) 100장도 안됨. 플레이를 오랫동안 했는데 내가 못외운 카든데!? 하는 카드는 대부분 외울 필요가 없을거임  심지어 롤은 챔피언당 4개의 효과 + 패시브인 반면에, 카드 한장당 많아봐야 3개임. 흔히 말하는 재정의 문제는 그냥 받아들이는게 편함.  진짜로 이렇게 이해하는게 중요한게 뭐냐면 롤에서 가렌의 스킬이 있는데, 가렌이 x초 동안 검을 들고 빠르게 회전하여 y의 물리 피해를 z회 입힙니다. 가장 가까운 적은 타격을 받을 때마다 a의 물리 피해를 입습니다. 공격에 b번 맞은 챔피언은 c초 동안 방어력이 d% 감소합니다.  이렇게 가렌의 스킬을 이해하려고 하는 사람이 있음? 그냥 e스킬 빙글빙글 하면서 데미지 줌 이렇게 받아들이지.  괜히 어려운 텍스트를 처음부터 전부 이해하는 것 보다 그냥 아 저놈은 내성 저놈은 효과 1회 무효 이런식으로 인식해두고, 게임에 익숙해진 다음 어 쮸발 왜 내 카드로 저 내성 덩어리를 못뚫지? 하고 뚫을 카드를 찾으면 됨.  고르고와 선택하고는 다르다구요! << 이 내용인데, 중요한 요소긴 하지만 사실 저 내용을 이해하려고 하지 말고 카드별로 대응법을 알고 있는게 더 빠름.  뚫을 카드를 찾다보면 고르고랑 선택하고의 차이를 자연스럽게 알게 될 거임.  근데 그런거 다 떠나서 망겜임."
1449850,1,증식의  G!  하루 우라라!  무덤의 지명자! 멸살의 지명자!  저택 와라시! 거대괴생명체 니비루!
1449850,0,"듀얼보다 덱짜는게 재밌는 게임. 행복회로굴리면서 덱짜고 듀얼한판하면 ""그래서 이제뭐함?"" 소리 나옴. 뭘 뭐해 다시 덱 짜야지. 컨텐츠가 좆도 없음 하스 투기장마냥 랜덤덱만들어서 듀얼하면 재밌을것 같은데 그딴거 없음. 이벤트가 있긴한데 그냥 젬 벌려고하는 느낌이 강함. 심지어 옛날에 했던 이벤트 재탕하기도 함. 매치 없이 해야해서 누가누가 동전 잘던지나 승부함. 연속으로 뒷면 나오면 게임하기 싫어짐. 그냥 병신겜임"
1449850,1,단점으로는 카드게임이 오래되다보다 한턴한턴이 식사할 시간만큼 길어짐
1449850,1,증지 막으면 상대가 나감 VS 증지 못막으면 내가 나감
1449850,1,"제발 신카드 UR 비율좀 조절해서 내주면 안될까요? 전엔 마냥 그렇지는 않지만 시간이 지날수록 티어덱 가격이 점점 올라가는것 같네요"
1449850,1,"<장점> - 플레이 환경이 좋습니다(OCG보다 빠르고 다른 형태의 템포의 금제, 게임 클라이언트의 퀄리티 등) - 솔로 모드의 스토리들도 재밌는 테마들이 많습니다 - 또한 솔로 모드의 여러가지 테마들은 듀얼을 처음 시작하는 유저들에게 친절하게 시스템을 설명해줍니다 - 피드백을 적극적으로 받고 발전하려는 모습이 보여서 좋습니다  <단점> - 과금의 효율이 지나치게 안좋아서 원하는 덱을 맞추기 부담됩니다 - 역사가 있는 게임인지라 처음 시작하는데 있어서 정보 부분의 진입 장벽이 꽤나 있습니다 - 악세사리나 메이트, 벽지 등 비주얼적인 요소들의 종류가 너무 적습니다"
1449850,0,"If you play first, you will always win. like gambling game"
1449850,1,아직 뭐가 뭔지 뭐가 좋은지 잘 모르겠네요 좀만 더 해보고 리뷰남기겠습니다
1449850,0,옛날 알고있던 듀얼을 기대하며 까는분들한텐 극비추 공정한 게임은 개뿔 상대가 개트롤러라 5분이상 전개시 유튜브 보고있어야함 근데 전개가 통과되면 다음 턴에 높은 확률로 패배하고 기적같이 선공을잡아도 패가 말려서 초동도 못잡고 전개 못함 만약 대체제가 있었다면 이게임은 섭종수순을 밟았을수준..(겜방치로 없뎃임)
1449850,0,"정신 사나움, 이거 하지말고 그냥 드라스틱 옛날 유희왕 월드 챔피언십 하러가셈"
1449850,0,ㅁㅊ 코나미 ㅅㄲ들 일하기 싫다고 신고횟수에 제한걸어두는 꼬라지
1449850,1,ur가루는 언제나 부족하고 메타는 ㅈ같을 때도 있지만 재밌다!
1449850,1,"심각한 수준의 듀얼중독입니다.   흥 웃기는 소리 네 말이 맞는지 틀린지는 힘으로 증명해라 지금 바로 듀얼이다!"
1449850,1,'엘리멘틀 히어로 프레임 윙맨' 합체의 낭만은 두ㅣ졌다 하지만 20년 전의 추억이 맛있는 게임
1449850,1,전개 딸딸딸딸딸딸 상대턴 응 파괴~ 응 무효~ 찍찌직 ㅈ1ㅇ 발싸!  이게 자1위지 딱지임?
1449850,1,"스팀, 폰 포함 대략 100시간 정도 현재 이 게임에 재미를 붙여서 어느 정도 진입장벽을 돌파했다고 생각되는 나의 진입장벽 돌파 루트를 알려줌  쉽고 강력한(물론 패 꼬임이 많지만) 유명한 '백룡덱'으로 특수소환과 묘지, 그리고 맛뵈기 싱크로 및 융합을 배움  다음으로 '염마룡' 덱으로 튜너의 사용과 싱크로로 유희왕의 꽃 '전개'를 익히며 제외 카드까지 사용하는 법을 익힘 약간의 억제력으로 내 전개가 성공했을때 상대방의 전개를 방해하는 그리고 염마룡덱을 하면서 자연스레 덱 최적화가 뭔지도 입문하게 됌. 이때가 진짜 유희왕 재미의 꽃을 알게됨  애니에서 유명했던 '라' 덱을 운영해봄. 히스이를 섞어서 했는데 골플에서는 그래도 먹히는 편.  원턴킬의 뽕맛을 느낌. 한번 접하면 주기적으로 생각나는 그 맛.  현재는 코인 모으고 있는데 랭겜에서 만났던 ㅈ같던 티아라덱이나 최근 추가된 키마라 융합덱 만드려는 중인데 현재 갖고 있는 3개의 덱만 돌려도 너무 재밌음.  근데 무과금으로는 덱 하나 맞추기 상당히 힘들긴 함. 여유가 되고 여러가지 덱을 돌리고 싶다면 현질 필수임. 이벤트는 코인 수급을 위해서 왠만한거 무조건 참여해야 함."
1449850,1,재밌음 근데 너무 이기려고하지말고 재밌게 하려고 해야 재밌음
1449850,0,크샤 좆망겜 벨런스를 좆같이 해났네 ㅅㅂ 내가 이딴거 할려고 유희왕하나 ㅅㅂ
1449850,0,밸런스 패치는 제대로 하지도 않고 출시해서 매출만 올리려는 최악의 회사 코나미
1449850,1,낙인 뒤져 제발  낙인 뒤져 제발  낙인 뒤져 제발  낙인 뒤져 제발  낙인 뒤져 제발  낙인 뒤져 제발  낙인 뒤져 제발  낙인 뒤져 제발  낙인 뒤져 제발  낙인 뒤져 제발  낙인 뒤져 제발  낙인 뒤져 제발  낙인 뒤져 제발  낙인 뒤져 제발  낙인 뒤져 제발  낙인 뒤져 제발  낙인 뒤져 제발  낙인 뒤져 제발  낙인 뒤져 제발  낙인 뒤져 제발  낙인 뒤져 제발  낙인 뒤져 제발  낙인 뒤져 제발  낙인 뒤져 제발  낙인 뒤져 제발  낙인 뒤져 제발  낙인 뒤져 제발  낙인 뒤져 제발  낙인 뒤져 제발  낙인 뒤져 제발  낙인 뒤져 제발  낙인 뒤져 제발  낙인 뒤져 제발  낙인 뒤져 제발  낙인 뒤져 제발  낙인 뒤져 제발  낙인 뒤져 제발  낙인 뒤져 제발  낙인 뒤져 제발  낙인 뒤져 제발  낙인 뒤져 제발  낙인 뒤져 제발  낙인 뒤져 제발  낙인 뒤져 제발  낙인 뒤져 제발  낙인 뒤져 제발  낙인 뒤져 제발  낙인 뒤져 제발  낙인 뒤져 제발  낙인 뒤져 제발  낙인 뒤져 제발  낙인 뒤져 제발  낙인 뒤져 제발  낙인 뒤져 제발  낙인 뒤져 제발  낙인 뒤져 제발  낙인 뒤져 제발  낙인 뒤져 제발  낙인 뒤져 제발  낙인 뒤져 제발  낙인 뒤져 제발  낙인 뒤져 제발  낙인 뒤져 제발  낙인 뒤져 제발  낙인 뒤져 제발  낙인 뒤져 제발  낙인 뒤져 제발  낙인 뒤져 제발  낙인 뒤져 제발  낙인 뒤져 제발  낙인 뒤져 제발  낙인 뒤져 제발  낙인 뒤져 제발  낙인 뒤져 제발  낙인 뒤져 제발  낙인 뒤져 제발  낙인 뒤져 제발  낙인 뒤져 제발  낙인 뒤져 제발  낙인 뒤져 제발  낙인 뒤져 제발  낙인 뒤져 제발  낙인 뒤져 제발  낙인 뒤져 제발  낙인 뒤져 제발  낙인 뒤져 제발  낙인 뒤져 제발  낙인 뒤져 제발  낙인 뒤져 제발  낙인 뒤져 제발  낙인 뒤져 제발  낙인 뒤져 제발  낙인 뒤져 제발  낙인 뒤져 제발  낙인 뒤져 제발  낙인 뒤져 제발  낙인 뒤져 제발  낙인 뒤져 제발  낙인 뒤져 제발  낙인 뒤져 제발  낙인 뒤져 제발  낙인 뒤져 제발  낙인 뒤져 제발  낙인 뒤져 제발  낙인 뒤져 제발  낙인 뒤져 제발  낙인 뒤져 제발  낙인 뒤져 제발  낙인 뒤져 제발  낙인 뒤져 제발  낙인 뒤져 제발  낙인 뒤져 제발  낙인 뒤져 제발  낙인 뒤져 제발  낙인 뒤져 제발  낙인 뒤져 제발  낙인 뒤져 제발  낙인 뒤져 제발  낙인 뒤져 제발  낙인 뒤져 제발  낙인 뒤져 제발  낙인 뒤져 제발  낙인 뒤져 제발  낙인 뒤져 제발  낙인 뒤져 제발  낙인 뒤져 제발  낙인 뒤져 제발  낙인 뒤져 제발  낙인 뒤져 제발  낙인 뒤져 제발  낙인 뒤져 제발  낙인 뒤져 제발  낙인 뒤져 제발  낙인 뒤져 제발  낙인 뒤져 제발  낙인 뒤져 제발  낙인 뒤져 제발  낙인 뒤져 제발  낙인 뒤져 제발  낙인 뒤져 제발  낙인 뒤져 제발  낙인 뒤져 제발  낙인 뒤져 제발  낙인 뒤져 제발  낙인 뒤져 제발  낙인 뒤져 제발  낙인 뒤져 제발  낙인 뒤져 제발  낙인 뒤져 제발  낙인 뒤져 제발  낙인 뒤져 제발  낙인 뒤져 제발  낙인 뒤져 제발  낙인 뒤져 제발  낙인 뒤져 제발  낙인 뒤져 제발  낙인 뒤져 제발  낙인 뒤져 제발  낙인 뒤져 제발  낙인 뒤져 제발  낙인 뒤져 제발  낙인 뒤져 제발  낙인 뒤져 제발  낙인 뒤져 제발  낙인 뒤져 제발  낙인 뒤져 제발  낙인 뒤져 제발  낙인 뒤져 제발  낙인 뒤져 제발  낙인 뒤져 제발  낙인 뒤져 제발  낙인 뒤져 제발  낙인 뒤져 제발  낙인 뒤져 제발  낙인 뒤져 제발  낙인 뒤져 제발  낙인 뒤져 제발  낙인 뒤져 제발  낙인 뒤져 제발  낙인 뒤져 제발  낙인 뒤져 제발  낙인 뒤져 제발  낙인 뒤져 제발  낙인 뒤져 제발  낙인 뒤져 제발  낙인 뒤져 제발  낙인 뒤져 제발  낙인 뒤져 제발  낙인 뒤져 제발  낙인 뒤져 제발  낙인 뒤져 제발  낙인 뒤져 제발  낙인 뒤져 제발  낙인 뒤져 제발  낙인 뒤져 제발  낙인 뒤져 제발  낙인 뒤져 제발  낙인 뒤져 제발  낙인 뒤져 제발  낙인 뒤져 제발  낙인 뒤져 제발  낙인 뒤져 제발  낙인 뒤져 제발  낙인 뒤져 제발  낙인 뒤져 제발  낙인 뒤져 제발  낙인 뒤져 제발  낙인 뒤져 제발  낙인 뒤져 제발  낙인 뒤져 제발  낙인 뒤져 제발  낙인 뒤져 제발  낙인 뒤져 제발  낙인 뒤져 제발  낙인 뒤져 제발  낙인 뒤져 제발  낙인 뒤져 제발  낙인 뒤져 제발  낙인 뒤져 제발  낙인 뒤져 제발  낙인 뒤져 제발  낙인 뒤져 제발  낙인 뒤져 제발  낙인 뒤져 제발  낙인 뒤져 제발  낙인 뒤져 제발  낙인 뒤져 제발  낙인 뒤져 제발  낙인 뒤져 제발  낙인 뒤져 제발  낙인 뒤져 제발  낙인 뒤져 제발  낙인 뒤져 제발  낙인 뒤져 제발  낙인 뒤져 제발  낙인 뒤져 제발  낙인 뒤져 제발  낙인 뒤져 제발  낙인 뒤져 제발  낙인 뒤져 제발  낙인 뒤져 제발  낙인 뒤져 제발  낙인 뒤져 제발  낙인 뒤져 제발  낙인 뒤져 제발  낙인 뒤져 제발  낙인 뒤져 제발  낙인 뒤져 제발  낙인 뒤져 제발  낙인 뒤져 제발  낙인 뒤져 제발  낙인 뒤져 제발  낙인 뒤져 제발  낙인 뒤져 제발  낙인 뒤져 제발  낙인 뒤져 제발  낙인 뒤져 제발  낙인 뒤져 제발  낙인 뒤져 제발  낙인 뒤져 제발  낙인 뒤져 제발  낙인 뒤져 제발  낙인 뒤져 제발  낙인 뒤져 제발  낙인 뒤져 제발  낙인 뒤져 제발  낙인 뒤져 제발  낙인 뒤져 제발  낙인 뒤져 제발  낙인 뒤져 제발  낙인 뒤져 제발  낙인 뒤져 제발  낙인 뒤져 제발  낙인 뒤져 제발  낙인 뒤져 제발  낙인 뒤져 제발  낙인 뒤져 제발  낙인 뒤져 제발  낙인 뒤져 제발  낙인 뒤져 제발  낙인 뒤져 제발  낙인 뒤져 제발  낙인 뒤져 제발  낙인 뒤져 제발  낙인 뒤져 제발  낙인 뒤져 제발  낙인 뒤져 제발  낙인 뒤져 제발  낙인 뒤져 제발  낙인 뒤져 제발  낙인 뒤져 제발  낙인 뒤져 제발  낙인 뒤져 제발  낙인 뒤져 제발  낙인 뒤져 제발  낙인 뒤져 제발  낙인 뒤져 제발  낙인 뒤져 제발  낙인 뒤져 제발  낙인 뒤져 제발  낙인 뒤져 제발  낙인 뒤져 제발  낙인 뒤져 제발  낙인 뒤져 제발  낙인 뒤져 제발  낙인 뒤져 제발  낙인 뒤져 제발  낙인 뒤져 제발  낙인 뒤져 제발  낙인 뒤져 제발  낙인 뒤져 제발  낙인 뒤져 제발  낙인 뒤져 제발  낙인 뒤져 제발  낙인 뒤져 제발  낙인 뒤져 제발  낙인 뒤져 제발  낙인 뒤져 제발  낙인 뒤져 제발  낙인 뒤져 제발  낙인 뒤져 제발  낙인 뒤져 제발  낙인 뒤져 제발  낙인 뒤져 제발  낙인 뒤져 제발  낙인 뒤져 제발  낙인 뒤져 제발  낙인 뒤져 제발  낙인 뒤져 제발  낙인 뒤져 제발  낙인 뒤져 제발  낙인 뒤져 제발  낙인 뒤져 제발  낙인 뒤져 제발  낙인 뒤져 제발  낙인 뒤져 제발  낙인 뒤져 제발  낙인 뒤져 제발  낙인 뒤져 제발  낙인 뒤져 제발  낙인 뒤져 제발  낙인 뒤져 제발  낙인 뒤져 제발  낙인 뒤져 제발  낙인 뒤져 제발  낙인 뒤져 제발  낙인 뒤져 제발  낙인 뒤져 제발  낙인 뒤져 제발  낙인 뒤져 제발  낙인 뒤져 제발  낙인 뒤져 제발  낙인 뒤져 제발  낙인 뒤져 제발  낙인 뒤져 제발  낙인 뒤져 제발  낙인 뒤져 제발  낙인 뒤져 제발  낙인 뒤져 제발  낙인 뒤져 제발  낙인 뒤져 제발  낙인 뒤져 제발  낙인 뒤져 제발  낙인 뒤져 제발  낙인 뒤져 제발  낙인 뒤져 제발  낙인 뒤져 제발  낙인 뒤져 제발  낙인 뒤져 제발  낙인 뒤져 제발  낙인 뒤져 제발  낙인 뒤져 제발  낙인 뒤져 제발  낙인 뒤져 제발  낙인 뒤져 제발  낙인 뒤져 제발  낙인 뒤져 제발  낙인 뒤져 제발  낙인 뒤져 제발  낙인 뒤져 제발  낙인 뒤져 제발  낙인 뒤져 제발  낙인 뒤져 제발  낙인 뒤져 제발  낙인 뒤져 제발  낙인 뒤져 제발  낙인 뒤져 제발  낙인 뒤져 제발  낙인 뒤져 제발  낙인 뒤져 제발  낙인 뒤져 제발  낙인 뒤져 제발  낙인 뒤져 제발  낙인 뒤져 제발  낙인 뒤져 제발  낙인 뒤져 제발  낙인 뒤져 제발  낙인 뒤져 제발  낙인 뒤져 제발  낙인 뒤져 제발  낙인 뒤져 제발  낙인 뒤져 제발  낙인 뒤져 제발  낙인 뒤져 제발  낙인 뒤져 제발  낙인 뒤져 제발  낙인 뒤져 제발  낙인 뒤져 제발  낙인 뒤져 제발  낙인 뒤져 제발  낙인 뒤져 제발  낙인 뒤져 제발  낙인 뒤져 제발  낙인 뒤져 제발  낙인 뒤져 제발  낙인 뒤져 제발  낙인 뒤져 제발  낙인 뒤져 제발  낙인 뒤져 제발  낙인 뒤져 제발  낙인 뒤져 제발  낙인 뒤져 제발  낙인 뒤져 제발  낙인 뒤져 제발  낙인 뒤져 제발  낙인 뒤져 제발  낙인 뒤져 제발  낙인 뒤져 제발  낙인 뒤져 제발  낙인 뒤져 제발  낙인 뒤져 제발  낙인 뒤져 제발  낙인 뒤져 제발  낙인 뒤져 제발  낙인 뒤져 제발  낙인 뒤져 제발  낙인 뒤져 제발  낙인 뒤져 제발  낙인 뒤져 제발  낙인 뒤져 제발  낙인 뒤져 제발  낙인 뒤져 제발  낙인 뒤져 제발  낙인 뒤져 제발  낙인 뒤져 제발  낙인 뒤져 제발  낙인 뒤져 제발  낙인 뒤져 제발  낙인 뒤져 제발  낙인 뒤져 제발  낙인 뒤져 제발  낙인 뒤져 제발  낙인 뒤져 제발  낙인 뒤져 제발  낙인 뒤져 제발  낙인 뒤져 제발  낙인 뒤져 제발  낙인 뒤져 제발  낙인 뒤져 제발  낙인 뒤져 제발  낙인 뒤져 제발  낙인 뒤져 제발  낙인 뒤져 제발  낙인 뒤져 제발  낙인 뒤져 제발  낙인 뒤져 제발  낙인 뒤져 제발  낙인 뒤져 제발  낙인 뒤져 제발  낙인 뒤져 제발  낙인 뒤져 제발  낙인 뒤져 제발  낙인 뒤져 제발  낙인 뒤져 제발  낙인 뒤져 제발  낙인 뒤져 제발  낙인 뒤져 제발  낙인 뒤져 제발  낙인 뒤져 제발  낙인 뒤져 제발  낙인 뒤져 제발  낙인 뒤져 제발  낙인 뒤져 제발  낙인 뒤져 제발  낙인 뒤져 제발  낙인 뒤져 제발  낙인 뒤져 제발  낙인 뒤져 제발  낙인 뒤져 제발  낙인 뒤져 제발  낙인 뒤져 제발  낙인 뒤져 제발  낙인 뒤져 제발  낙인 뒤져 제발  낙인 뒤져 제발  낙인 뒤져 제발  낙인 뒤져 제발  낙인 뒤져 제발  낙인 뒤져 제발  낙인 뒤져 제발  낙인 뒤져 제발  낙인 뒤져 제발  낙인 뒤져 제발  낙인 뒤져 제발  낙인 뒤져 제발  낙인 뒤져 제발  낙인 뒤져 제발  낙인 뒤져 제발  낙인 뒤져 제발  낙인 뒤져 제발  낙인 뒤져 제발  낙인 뒤져 제발  낙인 뒤져 제발  낙인 뒤져 제발  낙인 뒤져 제발  낙인 뒤져 제발  낙인 뒤져 제발  낙인 뒤져 제발  낙인 뒤져 제발  낙인 뒤져 제발  낙인 뒤져 제발  낙인 뒤져 제발  낙인 뒤져 제발  낙인 뒤져 제발  낙인 뒤져 제발  낙인 뒤져 제발  낙인 뒤져 제발  낙인 뒤져 제발  낙인 뒤져 제발  낙인 뒤져 제발  낙인 뒤져 제발  낙인 뒤져 제발  낙인 뒤져 제발  낙인 뒤져 제발  낙인 뒤져 제발  낙인 뒤져 제발  낙인 뒤져 제발  낙인 뒤져 제발  낙인 뒤져 제발  낙인 뒤져 제발  낙인 뒤져 제발  낙인 뒤져 제발  낙인 뒤져 제발  낙인 뒤져 제발  낙인 뒤져 제발  낙인 뒤져 제발  낙인 뒤져 제발  낙인 뒤져 제발  낙인 뒤져 제발  낙인 뒤져 제발  낙인 뒤져 제발  낙인 뒤져 제발  낙인 뒤져 제발  낙인 뒤져 제발  낙인 뒤져 제발  낙인 뒤져 제발  낙인 뒤져 제발  낙인 뒤져 제발  낙인 뒤져 제발  낙인 뒤져 제발  낙인 뒤져 제발  낙인 뒤져 제발  낙인 뒤져 제발  낙인 뒤져 제발  낙인 뒤져 제발  낙인 뒤져 제발  낙인 뒤져 제발  낙인 뒤져 제발  낙인 뒤져 제발  낙인 뒤져 제발  낙인 뒤져 제발  낙인 뒤져 제발  낙인 뒤져 제발  낙인 뒤져 제발  낙인 뒤져 제발  낙인 뒤져 제발  낙인 뒤져 제발  낙인 뒤져 제발  낙인 뒤져 제발  낙인 뒤져 제발  낙인 뒤져 제발  낙인 뒤져 제발  낙인 뒤져 제발  낙인 뒤져 제발  낙인 뒤져 제발  낙인 뒤져 제발  낙인 뒤져 제발  낙인 뒤져 제발  낙인 뒤져 제발  낙인 뒤져 제발  낙인 뒤져 제발  낙인 뒤져 제발  낙인 뒤져 제발  낙인 뒤져 제발  낙인 뒤져 제발  낙인 뒤져 제발  낙인 뒤져 제발  낙인 뒤져 제발  낙인 뒤져 제발  낙인 뒤져 제발  낙인 뒤져 제발  낙인 뒤져 제발  낙인 뒤져 제발  낙인 뒤져 제발  낙인 뒤져 제발  낙인 뒤져 제발  낙인 뒤져 제발  낙인 뒤져 제발  낙인 뒤져 제발  낙인 뒤져 제발  낙인 뒤져 제발  낙인 뒤져 제발  낙인 뒤져 제발  낙인 뒤져 제발  낙인 뒤져 제발  낙인 뒤져 제발  낙인 뒤져 제발  낙인 뒤져 제발  낙인 뒤져 제발  낙인 뒤져 제발  낙인 뒤져 제발  낙인 뒤져 제발  낙인 뒤져 제발  낙인 뒤져 제발  낙인 뒤져 제발  낙인 뒤져 제발  낙인 뒤져 제발  낙인 뒤져 제발  낙인 뒤져 제발  낙인 뒤져 제발  낙인 뒤져 제발  낙인 뒤져 제발  낙인 뒤져 제발  낙인 뒤져 제발  낙인 뒤져 제발  낙인 뒤져 제발  낙인 뒤져 제발  낙인 뒤져 제발  낙인 뒤져 제발  낙인 뒤져 제발  낙인 뒤져 제발  낙인 뒤져 제발  낙인 뒤져 제발  낙인 뒤져 제발  낙인 뒤져 제발  낙인 뒤져 제발  낙인 뒤져 제발  낙인 뒤져 제발  낙인 뒤져 제발  낙인 뒤져 제발  낙인 뒤져 제발  낙인 뒤져 제발  낙인 뒤져 제발  낙인 뒤져 제발  낙인 뒤져 제발  낙인 뒤져 제발  낙인 뒤져 제발  낙인 뒤져 제발  낙인 뒤져 제발  낙인 뒤져 제발  낙인 뒤져 제발  낙인 뒤져 제발  낙인 뒤져 제발  낙인 뒤져 제발  낙인 뒤져 제발  낙인 뒤져 제발  낙인 뒤져 제발  낙인 뒤져 제발  낙인 뒤져 제발  낙인 뒤져 제발  낙인 뒤져 제발  낙인 뒤져 제발  낙인 뒤져 제발  낙인 뒤져 제발  낙인 뒤져 제발  낙인 뒤져 제발  낙인 뒤져 제발  낙인 뒤져 제발  낙인 뒤져 제발  낙인 뒤져 제발  낙인 뒤져 제발  낙인 뒤져 제발  낙인 뒤져 제발  낙인 뒤져 제발  낙인 뒤져 제발  낙인 뒤져 제발  낙인 뒤져 제발  낙인 뒤져 제발  낙인 뒤져 제발  낙인 뒤져 제발  낙인 뒤져 제발  낙인 뒤져 제발  낙인 뒤져 제발  낙인 뒤져 제발  낙인 뒤져 제발  낙인 뒤져 제발  낙인 뒤져 제발  낙인 뒤져 제발  낙인 뒤져 제발  낙인 뒤져 제발  낙인 뒤져 제발  낙인 뒤져 제발  낙인 뒤져 제발  낙인 뒤져 제발  낙인 뒤져 제발  낙인 뒤져 제발  낙인 뒤져 제발  낙인 뒤져 제발  낙인 뒤져 제발  낙인 뒤져 제발  낙인 뒤져 제발  낙인 뒤져 제발  낙인 뒤져 제발  낙인 뒤져 제발  낙인 뒤져 제발  낙인 뒤져 제발  낙인 뒤져 제발  낙인 뒤져 제발  낙인 뒤져 제발  낙인 뒤져 제발  낙인 뒤져 제발  낙인 뒤져 제발  낙인 뒤져 제발  낙인 뒤져 제발  낙인 뒤져 제발  낙인 뒤져 제발  낙인 뒤져 제발  낙인 뒤져 제발  낙인 뒤져 제발  낙인 뒤져 제발  낙인 뒤져 제발  낙인 뒤져 제발  낙인 뒤져 제발  낙인 뒤져 제발  낙인 뒤져 제발  낙인 뒤져 제발  낙인 뒤져 제발  낙인 뒤져 제발  낙인 뒤져 제발  낙인 뒤져 제발  낙인 뒤져 제발  낙인 뒤져 제발  낙인 뒤져 제발  낙인 뒤져 제발  낙인 뒤져 제발  낙인 뒤져 제발  낙인 뒤져 제발  낙인 뒤져 제발  낙인 뒤져 제발  낙인 뒤져 제발  낙인 뒤져 제발  낙인 뒤져 제발  낙인 뒤져 제발  낙인 뒤져 제발  낙인 뒤져 제발  낙인 뒤져 제발  낙인 뒤져 제발  낙인 뒤져 제발  낙인 뒤져 제발  낙인 뒤져 제발  낙인 뒤져 제발  낙인 뒤져 제발  낙인 뒤져 제발  낙인 뒤져 제발  낙인 뒤져 제발  낙인 뒤져 제발  낙인 뒤져 제발  낙인 뒤져 제발  낙인 뒤져 제발  낙인 뒤져 제발  낙인 뒤져 제발  낙인 뒤져 제발  낙인 뒤져 제발  낙인 뒤져 제발  낙인 뒤져 제발  낙인 뒤져 제발  낙인 뒤져 제발  낙인 뒤져 제발  낙인 뒤져 제발  낙인 뒤져 제발  낙인 뒤져 제발  낙인 뒤져 제발  낙인 뒤져 제발  낙인 뒤져 제발  낙인 뒤져 제발  낙인 뒤져 제발  낙인 뒤져 제발  낙인 뒤져 제발  낙인 뒤져 제발  낙인 뒤져 제발  낙인 뒤져 제발  낙인 뒤져 제발  낙인 뒤져 제발  낙인 뒤져 제발  낙인 뒤져 제발  낙인 뒤져 제발  낙인 뒤져 제발  낙인 뒤져 제발  낙인 뒤져 제발  낙인 뒤져 제발
1449850,1,"진입장벽이라는 한가지의 벽만 넘는다면 그 어느 게임보다 재밌는 게임. 이 게임을 위해 스팀 계정만 5개를 가졌고 닌텐도와 핸드폰 계정이 모두 다른 이 멋진 게임. 총 1,500시간 동안 하여도 질리지 않는 진짜 유일한 최고의 게임. 진짜 내 인생 최고의 게임이다."
1449850,1,코인토스망겜   죠노우치 그새끼 대려오면 다패고 다닐듯   그새끼 코인토스 존나잘하잖아   아 선턴잡아도 덱이 흑룡이네 ㅋㅋ
1449850,1,후공나오고 패억까 당하면 샷건 마렵지만 그래도 재밌다 줫같은겜..
1449850,1,돌고돌아 결국 유희왕 하스 던전런 같은거만 있었으면 참좋을텐데 아깝
1449850,1,소싯적 추억을 기대하고 게임을 시작한 사람들에게는 별로일 수 있으나 유희왕에 어느정도 흥미를 가지고 시작한 사람들에게는 최고의 입문환경을 만들어주는 게임  보드게임 특성상 사람과 만나서 해야되고 여러 덱을 상대해보고 싶다던지 등의 애로사항을 해소해주고 유희왕을 겉핥기로밖에 알 수 없던 사람들이 티어게임으로 입문할 수 있게 해주는 기회를 주었다고 생각한다 요즘 덱 가격이 너무 비싸져서 여러 덱을 찍먹하겠다는 사람들에게는 비추천하겠지만 매분기 티어덱만 하는 사람들에게는 충분히 무료 재화도 잘 뿌려주는 편이라고 봄 근데 옛날 드트 메인 UR 10개 언저리 들어간거 같은데 요즘 덱들은 메인에 거의 20~30개씩 들어가더라 카타오카 십련아ㅋㅋ
1449850,0,이 게임 하지마세요 상대 ㅈㄴ 답답하고 너무 느리게 플레이 해서 답답해서  미치겠음 이게임 하는 그리고 먼저 잘뜨는 사람이 1턴 만에 게임 끝남 생각 할것도 아닌 부분에서도 상대는 고민하는척 10 오짐 그걸로 시간 ㅈㄴ 잡아 먹는다 한국인은 하지마셈
1449850,1,마스터 듀얼 그것은 울트라 짱짱 시크릿 쥬쥬의 마법봉의 깃든 어둠의 힘의 잠식된 황천의 민달팽이가 봐도 지리는 게임 그것의 이름은 마스터 듀얼 지금 바로 다운로드하세요.
1449850,1,"코인토스 항상 패배, 매판 12시 지명자 망겜 ㅈㅈ요(다음판을 돌리며)"
1449850,1,내 추억을 모두 망가뜨린 게임. 재미는 있으나 몇몇 티어덱들이 상대하기 아주 좆같다. 그래도 똥덱 여러개 만들어서 친구랑 하기엔 좋은 겜이다.
1449850,0,"혼자 벽보고 하는 게임 낭만 챙기면 뒤짐 낭만 안챙기면 재미없음"
1449850,0,제 이름은 박서형입니다.저는 본계에서 라뷰린스와 죄보를 즐겨쓰는 악질 유저입니다.이딴 똥겜 하지마세요.
1449850,1,"유희왕을 동서양 막론하고 하나의 통일된 포맷으로 할 수 있다는 것만으로도 훌륭한 게임 메타도 노골적인 카드팔이인 TCG나 금제 존나 답답한 OCG에 비하면 괜찮은 편이라고 생각함 무엇보다 의미있는 업데이트를 하는 주기가 짧은게 좋음 (금제, 이벤트, 카드추가)  단점으로는 과금(특히 트럭) 효율 낮음 할인 패키지 뜰때마다 풀매수하셈 수많은 광산, 가루 환급 시스템과 10뽑 확률보정때문에 시작하는건 쉬운데 무료젬 모으기가 어려운편  OCG/TCG의 마스터 룰을 그대로 가져와서 유희왕의 고질적인 선공문제와 벽듀얼 문제가 마듀에도 있음 근데 단판전이라서 후공트럭이나 운영덱도 메타에 많이 보이는거 보면 할만한듯 오프 미래시를 따라가기 때문에 부모님이 부족한 덱이 계속 나타나긴 하는데... 그래도 이정도면 오픈 초기에 비해선 할만한듯? 힘든지 아닌지는 일단 해보고 결정하자"
1449850,0,어쩔 우라라나 미친 체인이나 손발 짜르는거까지야 오히려 덱 잘 만들었다고 생각하는데 진짜 뭔 시작 체인을 1분동안 고민하는 놈은 뭐하는 놈들이냐
1449850,1,"오프라인 유희왕에서 푸른눈의 백룡의 전설부터 했다. 어린 시절부터 지금까지 많이 해왔는데 그냥 모바일, 컴퓨터에서 할 수 있다는 메리트가 크다. 금제도 1달에 1번씩 나오는 것도 마음에 드는데, 카드 업데이트가 한국기준으로도 느리다는게 문제다.  게임플레이 자체에는 문제될만한 부분은 없지만 고질적인 랜뽑문제는 아직도 존재한다.  그럼에도 추천하는 이유는 추억보정도 있지만, 어디에서나 유희왕을 할 수 있따는 게 크다."
1449850,1,"띵 뒷면 ~~~체인? 하루 우라라 무덤의 지명자 10분간 전개를 본 뒤 스탠바이 페이즈에 증식의 g 메인페이즈 1 발동할게요? 체인 무효로 하고 파괴할게요 항복"
1449850,1,게임이 고여있기는 한데 그리 어렵지는 않음 티어덱 위주로 굴려도 보고 로망덱도 굴려본 결과 그냥 다양한 덱을 쓰는게 안질리고 좋은듯 이벤트만 간간히해도 젬수급도 되니까 가끔 편하게하기 좋은겜
1449850,1,"하위권: 서로 서로 자기 덱 카드 구경시켜주는 게임(선택권 없음) 상위권: 서로 서로 자기 덱 카드 구경시켜주는 게임(선택권 있음)"
1449850,0,야이 어머련들아 사기카드만들고 돈 버니깐 존나게 좋겠다~? 사기 효과 몇줄 찍찍 쓰고 카드 출시하면 그냥 돈이 벌리네? 좀 생각 좀 하고 카드를 만들어라
1449850,0,후공 그만좀 주세요 제발 선후공 확률 50% 될때까지  비추천
1449850,1,"나만  코인토스 지고 선공일 때는 패 말려서 전개 못하고 후공일 때는 우라라 증지 포영 안잡히는 ㅄ겜"
1449850,0,"이겜 매칭되는 상대의 덱, 코인, 그리고 자신의 패와 상대의 패 정말로 랜덤으로 공정하게 정해지는거 맞나요?  부계 합해서 마듀 3천 시간 넘게 하면서. 이미 수십번, 수백번 느끼는건데 굴리는 덱 테마마다 만나는 상대의 덱이 다른거 같고 게임을 많이 할수록 코인이 연패하는 구간이 잦아지는거 같습니다.  마스터티어, DC컵 본선에선 그런 것을 느끼지 못하지만 다이아 이하 티어, DC컵 에선에선 분명하게, 랜덤이 아닌 코나미가 설정한 의도된 알고리즘에 의해 승패가 결정되는 것 처럼 느껴져요"
1449850,1,"아무것도 존재하지 않는 칠흑에서  태초에 첫 카드가 탄생했다.  그리고 앞과 뒤가 정해지고 빛과 어둠이 생겨나고  세상의 시작이 다가왔다."
1449850,0,"게임 매칭 잡히면 죄다 고인물밖에 없어요. 뉴비들만의 공간이 있었으면 좋겠어요. 1턴, 길어야 2턴 안에 게임이 끝나버려요. 10, 20년 전 유희왕 생각하고 들어왔다가... 무슨, 내 차례인데도 액션은 상대가 더 많은 상황 이거 뭔가요? 되게 난감합니다."
1449850,0,"나만 후공이고 10판중1판 내가선공이면 상대 우증포뵐니 다있고 나는 지명자가없고 sibal 나보고 어쩌라고"
1449850,1,뭐라고? 듀얼이 재미없단 소리인가???? 그 말이 사실인지는 듀얼로 결정한다!  듀~얼!
1449850,0,절대 하면 안되는 게임 무수한 억까를 당하고 싶은 마조히스트들에게 강력 추천 당신은 절대 사기를 칠 수 없고 당신은 언제나 사기를 당하는 과학적인 게임
1449850,0,"늘 '후공'만이 걸리는 참 재미있는 게임입니다.  『패트랩 카드 없이 전개 카드만 손에 잡은 채로 상대방의 불꽃전개달달이를 약 10분간 하염없이 지켜보며  자신의 차례가 돌아왔을 때, 인정이라곤 눈곱만큼도 없는 상대방이 노도와 같은 무효화 콤보를 사정없이 자신의 안면에 퍼붓는 것의 결과값으로 출력되는 패배 화면을 각 랭크 당 3번씩, 무한히 그 참상이 반복되어 게임의 랭크가 지구 내핵도 뚫을 기세로 추락하는 것을 두 눈으로 목도하는 것으로만 절정이 가능하신 슈퍼 개변태 취향을 가진 특이체질 분들만이 즐겨 하실 수 있는 게임』이므로   만약, 자신이 상기한 특이체질에 해당되는 기인이라면 부디, 해당 게임 입문하셔서 못 다 이룬 속내와 꿈, 충족하시면 기쁘겠습니다."
1449850,0,이거 할 시간에 의미있는거 하세요... 난 틀렸으니까 유입이라도 없는게 맞습니다 이건
1449850,0,스팀계정에있는 유희왕 마스터듀얼 데이터를 삭제하는 벙법 어떻게하나요?
1449850,1,"유희왕을 온라인으로 전세계에서 즐길 수 있다는 것만으로도 좋다. 특히, 실제 OCG를 재깍재깍 반영하기 때문에 듀얼링크스와는 다른 묘미가 있다."
1449850,1,디지몬 포켓몬 원피스 매더개 듀얼링크스 하스스톤 등  내가 한 카드게임 중 가장 불쾌하고 답이 없는 게임. 추억도 낭만도 전략도 이미 사이드와 멀리건 없는 단판 코인 겜이란 것에서 이미 사라졌다. 컨텐츠도 없다. 티어덱만 사는 금제와 카드팔이. 그냥 유튜버와 스트리머가 재밌게 리액션하면서  플레이 해주는거나 보고 즐겨라.
1449850,1,범골의 의지! 드로우! 범골의 의지! 드로우! 범골의 의지! 드로우! 범골의 의지! 드로우! 범골의 의지! 드로우! 범골의 의지! 드로우! 범골의 의지! 드로우! 범골의 의지! 드로우! 범골의 의지! 드로우! 범골의 의지! 드로우! 범골의 의지! 드로우! 범골의 의지! 드로우! 범골의 의지! 드로우! 범골의 의지! 드로우! 범골의 의지! 드로우! 범골의 의지! 드로우! 범골의 의지! 드로우! 범골의 의지! 드로우! 범골의 의지! 드로우! 범골의 의지! 드로우! 범골의 의지! 드로우!
1449850,1,"티아라멘츠 디아벨스타 라뷰린스 다 엿먹어라 ------------------------------------------------------------------------------------------------------------------- 유희왕 애니를 재밌게 본 사람, 유희왕에 관심 있는사람, 전략적 카드게임을 좋아하는사람 모두 즐길 수 있다  인게임 시스템도 편의성이 나름 편의성이 좋으며 딜레이 말고는 불편함을 느낀다 싶은 요소는 딱히 없었다 자동 체인처럼 놓칠 수 있는 요소까지도 잘 잡아줘서 재밌음 허나 그만큼 성능덱 하나짜고 딸깍충들이 너무 많음  만화에서나 봤던 주인공이 썼던 덱을 짠다거나  본인이 전략게임에서 상대를 골탕먹이는걸 좋아한다면 더 즐길 수 있을것이다 주변에 전략게임 좋아하는 친구가 있다면 한번 먹여보도록 하자  같이 하는 친구가 많을수록 확실히 재밌어진다    스네이크아이는 지금 제발 제제좀 먹여라 코나미      유토피아 지원좀요"
1449850,1,"좆같은겜 병신겜 씨발겜 뭐? 어릴적의 추억을 느낄수있는 갓겜? 그딴생각은 별로 하지 않는게 좋음 이겜은 시작한다고 했을때 고인물들의 부계정과 뉴비지만 티어덱을 맞추고서 시작하는 사람들이 많음 로망으로 덱을들고있는 사람들은 기대하지 마셈 저랭크에서 볼수는 있는데 많지는 않음 그냥 사람 모아다 ""저티어나 로망덱으로 친선하실분 구해요!!""로 하는게 편함 그렇다고 랭겜은 힘듦 고랭크를 노린다고 하면 티어덱만 주구장창 볼거임 계속 코인토스 지고서 후공만 받는데 12시는 모든게 다있음 나는 패사고 나있고 그나마 전개루트 보이는데 전개하려 하면 개같이 패트랩 맞음 스트레스가 많음 그리고 이겜에서 평생할수있는 티어덱은 없음 덱을 꾸준히 바꿔줘야 함 왜냐? 코나미 씹새들은 돈벌려고 애미터진 덱들을 1~2개는 출시하거든 그래서 현질하는것은 추천안함 적당히 즐기고 할거다 싶으면 솔로모드 다깨고 나온 젬으로 덱하나는 그냥 맞출수 있음 비싼건 힘들지만 절반이상은 맞춰질거임 그래도  그저 짜증나는 말일뿐 재밌게 하려면 충분히 재밌게 할수 있음 게임은 잘만듦  에이스급 카드가 나오면 라투디가 나오면서 분위기가 고조되는 BGM으로 바뀜 버그는 없음 해봐야 번역문제지 금방 고쳐짐 가챠? 이겜의 가챠는 은근히 혜자임 그냥 랭크나 그런거 신경안쓰면 재밌는 겜이지만 랭크를 신경씀으로서 선공 좆망겜이 되는 마법을 감상할수 있으니 유의하길 바람"
1449850,1,금지제한 나오는게 누가봐도 돈벌고싶다는게 보이는거 빼곤  의외로 진짜 이상하게 버그가 없는겜  재정이 원래 개같은 겜이라 분명 버그 한두개정도 있을거라고 생각했는데 없음  존나신기
1449850,0,저 놈들은 분명 생각안하고 카드 만드는게 분명하다 언데드뱀파로 시작한 뉴비
1449850,1,"친구가 봐준다해서 했는데 내 전개 다 틀어막고 혼자만 카드 와바박 깔더니 내 라이프 딸피남겨놓은 상태로 항복을 하네 십련아 그게 봐주는거냐"
1449850,0,선턴 ㅈ망겜 덱에 아무리 선후공 밸런스를 맞춰 덱을 짜도 가면 갈수록 선턴이 너무 강한 오버 파워카드가 계속 나와댐 정작 그 덱도 후공에서 약한모습을 보임. 선후공이 랜덤인데 운좋은놈은 계속 이기는 구조 후공중시의 후공 돌파덱도 돌파못하는 경우도 수두록 함. 늬들은 이런거 하지마라...         난 1000시간만 채우고 고민할께
1449850,1,"""왼쪽 아님 오른쪽....?""     ""이봐 이러다 날 새갰어 빨리 [대상]해"""
1449850,1,"모르면 맞아야하며 니가 이게임을 어느정도 친다고 해도 아니 저게 왜? 이런 상황은 수 도 없이 나올 것 입니다. 못하면 져야하고 잘해도 늘 이길 수는 없다가 기본 전제이며 라이트한 게임성을 위해 사이드덱을 짤 수도 없는데  덱 구축의 가장 중요한 선후공을 게임 시스템 내 동전 던지기라 제발 가위바위보로 바꿔주세요 하며 기도하는 게임"
1449850,1,훗 웃기는 소리 내가 듀얼중독이라고? 그건 듀얼로 결정한다! ??:간호사! 덱!   낙인 ㅅㅂ
1449850,0,증식의 G → 하루 우라라 → 무덤의 지명자 → 저택 와라시 → 무덤의 지명자 → 말살의 지명자 → 무한포영 → 신의 심판 → 원시생명체 니비루
1449850,1,루키& 컴백 상호 팔로우 켐페인 코드 입력 안하신분들 0bb3ede4 부탁드립니다.  이제막시작했는데 게임 재밌네요!
1449850,0,증g 금지보내 씨발련아 병신게임 초동 30장 넣어도 안잡힘 씨발게임 좇애미뒤진겜 코인토스 개 병신 시스템 후공밖에 안함 선공잡으면 패 좇병신이고 강제로 튕김 우라라없으면 짐 증이 없으면 짐 그냥 가위바위보 30분동안 하는 병신겜 금제 좇같이함 팩 픽뚫 존나함 울레 수급 좇같이 안됨 재화수급 존나 짬 씨발 상대는 항상 우라라가 있음 씨발 나는 항상없어 씨발 증지 씨발 두장씩 쳐박히고 짐 그냥씨발 누가누가 증지 많이 쳐 잡나 게임임 병신겜 전개덱하면  무조건 증지맞고 운영덱하면 무조건 길항 맞고 초동 한장이면 감마 쳐맞고 함떡이면 라스톰 쳐맞고 병신운영 울레는 뒤져도 금제 안보냄 존나 쎈덱은 존나 비싼덱임 돈 많이 쓰면 그냥 이김 병신좇애미뒤진스레기 이건 그냥 게임도 아님 그냥 사람 속 긁는 병신프로그램임
1449850,1,"카드게임 아닙니다 국어 게임입니다 안 읽었다구요? 그럼 죽어야죠"
1449850,0,낭만이 없다.  장점 : 종이덱으로 할때처럼 룰 사기치는거 못해서 정정당당하게 승부 봄. 단점 : 10명 만나면 9명이 핵과금 티어덱으로 정당한 사기를 침.  오픈 초기에 위치크래프트덱으로 최고티어 찍어봐서 다행이었다. 현질 안하면 상성이고 뭐고 없고 체급으로 상대가 눌러버리는데 코나미가 밸런스 맞춘다고 시즌마다 패치해서 1티어덱 계속 바뀌니까 현질 꾸준히 할거 아니면 비추( +밸런스도 걍 카드팔아먹기 상술같음)
1449850,0,"게임은 재밌는데... 시작하자마자 10분 이상을 상대가 턴을 넘겨주길 기다리다 현타가 온다."
1449850,1,왜 너만 전개해 왜 너만 전개해 왜 너만 전개해 왜 너만 전개해 왜 너만 전개해 왜 너만 전개해 왜 너만 전개해 왜 너만 전개해 왜 너만 전개해 왜 너만 전개해 왜 너만 전개해 왜 너만 전개해 왜 너만 전개해 왜 너만 전개해 왜 너만 전개해 왜 너만 전개해 왜 너만 전개해 왜 너만 전개해 왜 너만 전개해 왜 너만 전개해 왜 너만 전개해 왜 너만 전개해 왜 너만 전개해 왜 너만 전개해 왜 너만 전개해 왜 너만 전개해 왜 너만 전개해 왜 너만 전개해 왜 너만 전개해 왜 너만 전개해 왜 너만 전개해 왜 너만 전개해 왜 너만 전개해 왜 너만 전개해 왜 너만 전개해 왜 너만 전개해 왜 너만 전개해 왜 너만 전개해 왜 너만 전개해 왜 너만 전개해 왜 너만 전개해 왜 너만 전개해 왜 너만 전개해 왜 너만 전개해 왜 너만 전개해 왜 너만 전개해 왜 너만 전개해 왜 너만 전개해 왜 너만 전개해 왜 너만 전개해
1449850,0,"돈에만 미친놈들이 운영하니까 게임이 계속 밑으로 꼬라쳐박는게 눈에 잘보이네요. 후공인데 증식의g 가 없으면 져야하는 게임, 지명자 카드들 때문에 후공은 더 병신이 되는 게임. 돈 쳐벌생각만 하지말고 유입이나 기존 유저 잡을 생각이나 좀 쳐하세요 오프라인이나 온라인이나 저능아마냥 운영을 하니까 게임이 이따위로 굴러가지. 지금 평가만 봐도 니 새끼들이 잘해서 평점이 70이 넘는줄 아세요? 긍정적 평가에 비꼬는 글들도 존나 많아요 이 머저리새끼들아;; 아 존나 한심하네 진짜 마듀하는 애들이 유희왕을 좋아하지 니네 병신같은 운영을 좋아하는줄 아네ㅋㅋ 정신을 왜이렇게 못차리지?"
1449850,0,병신 쓰레기 게임  게임자체는 정말 깔끔하게 잘 만들었으나 그게 유희왕인게 문제
1449850,0,"다른 거 다 필요없고 펜듈럼/링크 소환 없애라.  깔끔하게 싱크로 소환, 더 쳐줘도 엑시즈까지만 넣고 펜듈럼/링크는 원작도 다 쳐망한 거 굳이굳이 넣어주지 말고 걍 깔끔하게 손절해서 게임에서도 뺴버리자.  싱크로까지는 기본 규칙에서 조금만 더 공부하면 할 수 있었고 엑시즈는 진짜 하기 싫었지만 찐막으로 공부한다는 생각으로 했는데  펜듈럼부터는 진짜 애니도 혹평의 연속이고 카드들도 벨붕밖에 없잖아 왜 추가한 거야"
1449850,0,"1. 상대가 15분동안 전개하는걸 구경한다 2. 30초간 뚫어보고 안 돼면 항복 3. 1, 2 반복  티아라멘츠 제재는 안 하고 아니 걍 유저도 정신병 ㅇㅇ 15분간 족보 좔좔좔좔 전개 강박증 환자마냥 반복하는 쓰레기 게임"
1449850,1,마스터 듀얼을 시작하니까 후완다리즈에게 간택받고 엘드리치님님님께 청혼을 받았어요
1449850,0,금제하라는 티어 덱은 안잡고 정작 상관없는 카드 금제에 개맛대가리 없는 신규지원과 신규 테마 거기애 선공 ㅈ망+ 패 트랩+ 패 억까들 까지 아주그냥 대 환장 파티인 ㅄ겜임. 집에 불지르고 거기에 휘발유트럭 까지 끌고와서 들이박는 수준으로 만들어놓고 우리 정상영업 해요^^ 이러는데 누가 좋아하고 누가 즐겨합니까? 게다가 무슨 덱하나 만드는데 UR비중이 너무 높고 그럴러면 팩을 까야하고 팩 까야하면 랭겜돌려야하는데 지금 듀얼 환경이 뉴비 친화적이냐? 그것도 아니고 죄다 티어덱 찾는 마당인데 제대로 입문할려는 유저들 입장애선 어떻겠냐고요. 저도 유희왕 즐겨 했던 사람입지만 지금 상황에선 이건 너무 아니라고 생각합니다
1449850,0,"정신병걸리기 딱좋은데 손에서 못놓는게임.  선공하면 후공돌파패만잡히고 후공이면 선공초동패만잡히고 아무것도못하고 지기만해야되는 망겜"
1449850,1,파워 인플레가 너무 심해서 과거의 낭만은 다 뒤져버린 유희왕이다 하루종일 전개딸치는 정공덱들 때문에 짜증날 때도 있지만 그 이상으로 재밌는 덱이 많아서 충분히 입문할 만하다 카드효과가 복잡해서 어려울 것 같지만 어차피 일일이 외워서 겜하는 놈 별로 없다 젬하고 CP나 좀 퍼줬으면 좋겠다 존나 덱 하나 만들기 개힘들어 시부레
1449850,1,"재밌긴한데 UR 가루 수급이 어렵고, 돈을 10만원 단위로 써야 덱이 맞춰져서 부담스러움 뉴비 들어오면 기본 UR 카드들이 없어서 꼬접할 것 같음.  기본 UR 카드들을 좀 더 뿌리던가 뽑기 좀 더 잘나오게하던가 해야지  유입 없이 그냥 하는 사람들 돈빨아먹는 게임 될듯"
1449850,1,추억이있지만 그만큼 머리도 아픔 메크로도 하위구간에 너무 많음 그리고 씨댕 팅기면 패배시키지마라 니들이 팅겼잔아
1449850,0,그들만의 리그라서 별로 재미가 없음 고인물에게 털리고 능욕당하는것을 즐기면 해보시길
1449850,0,이 세끼들은 카드 찍어내는 거 보면 단기적인 수익 밖에 안보는 거 같음.
1449850,0,반사를막는슈퍼반사를막는무지개반사를막는강퇴방지권을막는슈퍼방장을막는슈퍼강퇴방지권
1449850,1,"흔히 운빨망겜, 선공망겜이라곤 하지만 숙련도가 절대적으로 중요한 게임. 그 숙련도가 바탕으로 깔려있어야지 불가항력적인 상황에서 운빨을 외칠수 있다 생각함. 그리고 이겜만큼 재화 후하게 주는 딱지겜이 있을까 싶다. 2024-05-03 수정됨. 운빨망겜 맞다 병신겜"
1449850,0,이 게임하지마세요 진짜 몰할수가없음 그냥 카드를 모를수도없고 또 뎀이라는것도 모를수단도 주지도않음
1449850,1,항상 사기치는 12시와 폭포에서 카드뽑기 수련이 필요한 6시의 싸움
1449850,1,"⠀⠀⠀⠀⠀⠀⠀⠀⠀⠀⠀⠀⣀⡠⠤⠤⣄⣀⠀⠀⠀⠀⠀⠀⠀⠀⠀⠀⠀⠀ ⠀⠀⠀⠀⠀⠀⠀⠀⠀⢀⠔⠉⠀⠀⠀⠀⠀⠀⠉⠢⣄⠀⠀⠀⠀⠀⠀⠀⠀⠀ ⠀⠀⠀⠀⠀⠀⠀⠀⢰⠁⠀⠀⠀⠀⠀⠀⠀⠀⠀⠀⠀⢣⠀⠀⠀⠀⠀⠀⠀⠀ ⠀⠀⠀⠀⠀⠀⠀⠀⠀⠀⠀⣀⡀⢀⣀⡤⣀⡀⠀⠀⠀⢠아이~씻팔!! ⠀⠀⠀⠀⠀⠀⠀⠀⠸⠀⢠⣅⣾⠜⠿⣴⣧⢱⠀⠀⠀⡜⠀⠀⠀⠀⠀⠀⠀⠀ ⠀⠀⠀⠀⠀⠀⠀⢀⠜⠁⠈⠛⡻⠊⠑⢝⠯⠜⠀⠀⠀⠃⠀⠀⠀⠀⠀⠀⠀⠀ ⠀⠀⠀⠀⠀⠀⠀⢨⡀⠀⠀⠀⡇⠀⠀⢸⠀⠀⣀⣀⡤⠂⠀⠀⠀⠀⠀⠀⠀⠀ ⠀⠀⠀⠀⠀⠀⠀⠀⠑⠢⢤⣤⡬⣔⣒⣁⣰⡿⠋⠹⠀⠀⠀⠀⠀⠀⠀⠀⠀⠀ ⠀⠀⠀⠀⠀⠀⠀⠀⠀⠀⠈⢞⡄⢀⣜⡽⠋⠀⠀⠀⠑⣄⠀⠀⠀⠀⠀⠀⠀⠀ ⠀⠀⠀⠀⠀⠀⠀⠀⠀⠀⠼⠿⠞⠋⠀⠀⠀⠀⠀⠀⠀⠉⠑⠂⠄"
1449850,1,모든 턴제 게임이 그렇듯 선공 좆망겜이지만 그럼에도 재밋고 무과금으로도 충분히 할만 함
1449850,0,"진짜 게임 운영 못하는거 같아요. 불쾌감을 주는 카드군은 최대한 조치를 취해야하는데도 불구하고, 좀 오래된 카드면 바로 금지때리고, 신카드라는 이유로 계속 놔두는거 정말 바보같은짓 하는거 같아요. 그뿐만 아니라, 이벤트도 정말 성의 없어요. 1주년 이벤트때 랜덤로얄 팩이 왜 2주년이랑 중복이 되어서 나오나요? 생각을 안하고 이벤트를 개최하는 것 같네요. 주는거에 감사한게 아니라 그럴거면 그냥 주지를 마세요. 어차피 운영 못해서 유입, 복귀 유저 다 버릴거면 이벤트 조차 열지를 마세요. 금지, 제한은 솜방망이식으로 하면서 주년 이벤트는 모두가 즐겨야하는데, 복불복식 이벤트를 하고.. 참 ㅋㅋ 돈은 벌고 싶고 일은 하기 싫나요? 지능이 모자라면 유저들 의견이라도 취합해보는 최소한의 성의부터 보이세요 제발 부탁입니다"
1449850,1,"확실히 특정 분기를 기점으로 게임이 재미가 없어졌다.  아무리 돌려봤자 어디 티어에서는 뭘 만나고 어디 티어에서는 뭘 만나고....  가끔 만나는 대다수의 익숙치 않은 덱들은 익숙치 않은 이유가 있더라...  지금도 가끔은 하는데 예전처럼은 못할듯..?  무료겜 이만치 했으니 뭐...  몇 달만에 들어가서 겜 해보면 여전히 히어로 백룡 등등 낭만덱을 찾아볼 수 있으니 가끔 들어가서 나도 메타에 밀린 덱 들고 하는게 더 나을 수준.."
1449850,1,"패트렙이 다 UR,초동도 다 UR,그냥 죄보랑 염왕 시너지 좋으니까 나중에 금제 먹일때까지 돈 팔아먹겠다란 느낌. 열심히 죄보 3장 디아벨 3장 다 만들어놔도 여름에 금제먹여 쓸모없게 만들느낌. 차라리 요즘 티어권으로 스트1개 만들어놔서 그거라도 쓰게 만들어 주세요....  그리고 카드게임 만드는 사람들이 자기들이 만들어둔 게임 안하고 출시하는 느낌임. 마듀에선 선금제 먹었지만 티아라,크샤트리라 같은 흉악한 얘들이 나오는걸 보면 정 떨어짐. 다음엔 나름대로 벨런스는 조정하는 노력은 있는데 가끔식은 강하게 나갈 필요가 있다.....ㅇㅇ"
1449850,1,"유희왕 좋아하는사람에겐 듀얼링크스보다 실질적인 게임 그러나 글로벌인만큼 고인물도 많고 듀링생각하고 한다면 바로 쳐발림"
1449850,1,12시 : 1장 초동 + 패트랩 4개  6시 : 니비루 포영 지명자 지명자 지명자
1449850,0,낭만 찾을꺼면 그냥 친구들이랑 오프라인 듀얼 하세요 마듀는 그냥 티어덱 안하면 병신 되는 게임임
1449850,0,이정도면 거의 저격수준인데 뭐지 코인 토스도 무조건 다 맞추고 마이너한 효과인 다이스도 다 맞추고 뭐지?
1449850,1,"⢿⣿⣷⣀⠈⠓⠌⠂⠘⢆⠈⢙⣎⢣⠘⡆⢣⡛⣿⡇⢀⡙⠚⠶⠶⠿⠷⠶⠒ ⣾⠿⣿⣿⣦⣄⣁⣀⣠⡀⠡⠄⠳⡛⢆⠱⠈⢧⣿⡇⠸⠟⠉⠐⠠⠄⠄⠄⣼ ⣿⣷⣬⣉⣛⣛⠛⠿⠿⣧⣷⣦⣄⠘⢿⡆⠡⠘⣀⡇⢠⣶⣷⣮⣤⣤⣴⣿⣿ ⣿⣿⣿⣿⣿⣿⣿⣿⣿⣿⣿⣿⣿⣷⡀⢿⡀⠄⠉⡇⢸⣿⣿⣿⣉⣉⣉⣉⣉ ⣿⣿⣿⣿⣿⣿⣿⣿⣿⣿⣿⣿⣿⡏⣿⣦⡙⠄⠄⠁⢸⣿⣿⣿⣿⣿⣿⣿⣿ ⣿⡙⠿⣿⣿⣿⣿⣿⣿⣿⣿⣿⠿⠁⣿⣿⣷⣌⠄⠄⠘⣿⣿⣿⣿⣿⣿⣿⣿ ⣿⣿⣦⣀⡨⣝⡻⠿⣻⣿⣧⣄⠄⠄⣿⣿⣿⣿⣿⣦⡀⢻⣿⣿⣿⣿⣿⡿⠿ ⣿⣿⣿⣿⡇⢿⡛⢿⣿⣿⣿⣿⣧⠘⣿⣛⣻⣿⣿⣿⣿⣤⡿⢿⠿⣛⡃⠄⣸ ⡹⣿⣿⣿⣿⣼⣷⣶⣝⢿⣿⣿⣿⣧⣿⣿⣿⣿⣿⣿⣿⣿⡿⠟⣿⢇⣈⣼⣿ ⣿⣜⢿⣭⢻⣿⣿⣿⣯⢧⠙⢻⠛⣛⣛⠛⠛⠿⠿⠟⣛⣥⣶⣼⢏⣾⣿⣿ ⣿⣿⣎⠿⣇⢻⣿⣿⣿⡌⢷⣆⢭⣓⣒⣒⣛⣣⣶⠞⣵⣿⣿⣿⡿⣱⣾"
1449850,0,스네이크 아이 나오고 겜 망함 전개 엔진 차이가 커서 나는 막히고 상대는 막혀도 계속 전개함. 티어덱 아니면 돌리지 마라 뭐 이런
1449850,0,"The game interface or manipulation is simple and simple, and the text can be viewed in the desired size, so accessibility is very good in this area.  However, it's not a good game for Newbie at all. First, there are two main parts. First, tutorials are John and Chewbyeongsin. There's a sync tutorial in Dual Stratage 2 that's located at the back to the second, and when you play that tutorial, the guide says, ""This is sync summoning, okay? Okay, summoning is successful!"" And then he tells me to wake up on my own.  Of course, I thought it would be easy, so I proceeded. It's been 2 days. I can't get it. I've tried all kinds of cases. You can't put a monster on it, and you can't kill it with a card that self-destructs when the opponent's monster is strong. The opponent fights with the deck called Ganggui, which is like a super zombie. Even if you kill it, it comes out again, and the attack power is strong. Even because of the deck combination of Ganggui, they beat all my monsters with one monster and kill them. Eventually I woke up to see the tree wiki, is it possible for Newbie to break or not in this case? This isn't my tutorial, it's my enemy ai's tutorial against humanity.  Actually the second is the most serious part, and now I've played 49 hours. Anyway, if I have to collect cards and I'm collecting cards for these 49 hours, I need something like a Tigget or Master Pack to lay the legacy pack in the shop. So if I'm collecting these materials, I need to beat the opponent (human, not i) with tutorial+ attendance check + dual.  When you play against an opponent, there are some parts where you can get it with the tail because there are players who just leave. I think I somehow used about 2,000 jams I collected and opened about 20 blue-eyed Baekryong, Limmo Fur something, Spiral something, and Master Packs. I think I opened about 20 to 30 with tickets I collected from legacy packs.  I set up a deck with this and played against the opponent, and even though it's the lowest part of the game, the opponent suddenly pulls out 3 blue-eyed white dragons, or continuation traps, field magic, etc. Tun something, etc.. Even if it's a cracker, you need to have the right card for it, but the recall is not easy for Newbie. Because even he has to be a good card. Newbie's hard-picked 1 to 3 cards, and the opponent sends or excludes them one by one to the cemetery at a turn, destroying all my efforts. Then, the will to fight is completely eliminated. In short, you'll be rapped.  I've tried changing the deck combination about 10 times to make it look good, but first of all, I can't keep up with the diversity and strength of the opponent. The opponent is overwhelmingly good both in quantity and quality. Is there some kind of game? I can't understand it without that. It's a game that you can't even cross the threshold at all. What do you mean, Newbie? Even if you learn from Tutorial 1, the card seems like a starting point. What's funny is that there are so many different combinations of cards, and they are so variously robbed. I don't think I've been robbed of the same thing for 49 hours. The most common thing I've ever been beaten was a blue-eyed white dragon combination? The opponent makes a lot of different things, but I don't have those cards even if I want to copy them, you guys!!! No, at least don't let me meet these guys in the bottom tier. Why do they all exist in the bottom tier? I don't know if I can't play it anyway, but they seem really good. Everyone knows if they're watching the opponent combine. Obviously, that kid is a play zone or something. But he's in the bottom tier? Other games have secondary characters, so I often go to Yanghak, but Yoo Hee-wang MasterDual is the most terrible. This is a structure in which Newbie can never survive. So I hate these free games. If I had made it a paid game, gave the packs fairly, and pursued diversity as dlc, I would have left a good evaluation of this game.  This is a Newbie slaughter game. I've only heard rumors that Dual is cruel. Newbie like me can't scream once. I can't scream because I'm sick or even if I have difficulties. Only those with good decks win. But even that deck can't even dream of Newbie. Actually, it's been 49 hours since I've done it for a couple of hours, but for me... no! It doesn't fit normal people at all. This is a popular game in all kinds of commu, and I don't understand how these people collected various decks. How did they even do it when the newbies couldn't win in the lowest part?  ----------------------------------------------------------------------------------------------------------------------------  게임 인터페이스나 조작은 담백하고 심플하고 텍스트를 원하는 크기로도 볼 수 있어서 이 부분에 있어서 접근성은 존나게 좋다.    하지만, 뉴비에겐 전혀 적합하지 않은 게임이다. 우선 크게 두 부분이다. 첫째는, 튜토리얼이 존나 씹병신이다. 듀얼 스트래터지2에서 맨 뒤쪽부터 두번째에 위치한 싱크 튜토리얼이 있는데, 그 튜토 해보면 가이드가 싱크 소환은 이거 이거야 알았지? 자 소환 성공!  이러고나서 나보고 알아서 깨라한다.    당연히 쉬울줄 알고 진행 했다. 그렇게 2일이 지났다. 절대 못꺤다. 온갖 경우의 수를 다 써봤다. 몬스터를 존나게 깔아도 안되고 상대 몬스터 강한거 뽑혔을때 자폭하는 카드써서 잡아도 못 죽인다. 상대가 강귀라는 덱을 가지고 싸우는데 존나게 슈퍼좀비같다. 죽여도 다시 나오고 공격력 마저 개쎄다. 심지어 그 강귀라는 덱조합때문에 하나의 몬스터로 내 몬스터를 다 때려버려 죽여버린다.   결국 나무위키를 보고 깼는데, 이 경우의 수 아니면 깨는 것이 뉴비에게 가능할까? 이건 나의 튜토리얼이 아니라 적 ai의 인간(뉴비) 대항 튜토리얼이다.   사실 두번째가 제일 심각한 부분인데, 지금 내가 플레이한 시간이 49시간이다. 어찌됐든 카드를 모아야하는데 이 49시간동안 카드를 모을라면, shop에 있는 레거시 팩을 깔 수있는 티겟 혹은 마스터 팩과 같은 거를 깔 수 있는 잼?같은게 필요하다. 그래서 이 재료들을 모을라면, 튜토리얼+ 출석체크 + 듀얼로 상대(ai 말고 인간)를 이겨가며 얻어 가야한다.    상대와의 대전을 하다보면, 가끔 그냥 나가는 플레이어가 있어서 꽁으로 얻어지는 부분도 존재한다. 어떻게든 모은 2000잼 정도를 써서 푸른 눈의 백룡, 임모털 뭐시기, 스파이럴 뭐시기, 마스터팩 20개 정도를 깠던거 같다. 레거시팩도 모은 티켓으로 한 20 ~ 30개 정도 깠던거 같다.    이걸로 덱을 꾸려 상대랑 붙어봤는데, 미친 최하구간인데도 상대는 turn1에서 존나게 드로우하고 존나게 싱크/액시즈 소환하고 또 푸른 눈의 백룡 3마리를 갑자기 뽑아낸다던지, 아니면 지속 함정, 필드 마법 존나게 좋은게 많아서 깔아댄다. 튠 뭐시기 등등..  심지어 이거 깨부술라면 그거에 알맞은 카드가 있어야하는데 그 소환도 뉴비에겐 만만치 않다. 왜냐면 그조차도 좋은 카드여야 가능하기 때문이다. 뉴비들이 1 ~ 3장을 똥빠지게 힘들게 뽑아놓은걸 상대는 한 턴에 하나하나를 묘지로 보내거나 제외시켜 내 모든 노력을 일거품으로 만들어버린다. 그럼 싸울 의지가 완전히 사라진다. 한마디로 레이핑 당하는거다.   나도 나름 존나게 뽑아보고자 덱 조합도 10번 정도 갈아봤지만 우선 상대의 다양함과 강한 정도를  절대 못 따라간다. 상대가 수 적으로나 질 적으로나 압도적으로 좋다. 이 겜 무슨 현질이라도 있나? 그거 아니고서야 납득이 안된다.  아예 문지방조차 넘을 수 없는 게임인데, 뉴비가 뭘 어쩌라는 말인가? 튜토리얼1에서 배워도 카드가 시발 좆거지같은데 뭘 어쩌라고. 개웃긴건 카드 조합은 또 존나게 다양해서 털리는거도 존나게 다양하게 개털린다. 49시간동안 똑같은거로 털려본 적이 별로 없는거 같다. 가장 많이 당해본건 푸른 눈의 백룡 조합 정도?  상대는 존나게 다양하게 만드는데 내가 그걸 따라하고 싶어도 그 카드들이 없다고 이 시발들아!!! 아니 최소한 이런 새끼들을 최하티어에서 안 만나게 해주던가. 왜 전부 이 티어에 존재하냐고! 하다못해 플레이라도 못하면 모르겠는데 존나 능숙해보인다. 상대가 조합해나아가는걸 보고있으면 다 안다. 분명히 저 새끼는 플레이 존나 한 새끼다. 근데 이 최하티어에 있다고?   다른 겜도 부캐가 존재해서 양학도 자주하는 케이스가 있지만 유희왕 마스터듀얼이 제일 참혹하다. 여기는 뉴비가 절대 생존할 수 없는 구조이다. 그리하여 나는 이런 무료게임들을 싫어한다. 차라리 유료게임으로 만들고 팩들을 공평하게 주고 dlc로서 다양성을 추구했다면 난 이 게임에 좋은 평가를 남겼을 것이다.    이건 뉴비 학살 게임이다. 듀얼이 잔인하다는건 소문으로만 들었지.. 나같은 뉴비들은 소리한번 못 친다. 아프다고 소리도 못 치고 애로사항이 있어도 소리도 못 치고.   오로지 덱이 좋은 사람만이 승자다. 근데 그 덱조차 뉴비는 꿈도 못꾼다. 사실 몇시간 하다 접고 마음 잡고 다시 깔아서 한게 49시간인데, 나한테는.. 아니! 일반 사람들에겐 아예 안맞다.   이게 온갖 커뮤에서 인기가 많은 겜인데 이 사람들은 어떻게 다양하게 덱을 모은건지 이해가 안된다. 심지어 뉴비들이 최하 구간에서 이길 수도 없는 구조인데 어떻게 했을까 그들은?"
1449850,1,오레노 프라이드 소시테 오레노 타마시! 이데오! 브루아이즈 화이또 드라곤!
1449850,1,유희왕 자체를 굉장히 좋아하는데 같이 할만한 사람이 없는 경우에 생기는 갈증을 재대로 풀어줘서 좋습니다.
1449850,1,이 게임에 불평불만을 갖는 애들은 유희왕 자체를 부정하는거임. 티어덱이 판을 친다고 난리들인데 그럼 오프는 다르구? 불평하기 전에 실력부터 기르시길
1449850,1,마듀는 재밌습니다 하지만 게임판이 너무 고정적이라 비주류 덱으로 상대하지만 넘 힘드네요 그래도 그덱들을 뚫어내는게 재밌습니다
1449850,1,딸깍 딸깍딸깍 딸깍딸깍 딸깍딸깍 딸깍딸깍 딸깍딸깍 딸깍딸깍 딸깍딸깍 딸깍딸깍 딸깍딸깍 딸깍딸깍 딸깍딸깍 딸깍딸깍 딸깍딸깍 딸깍딸깍 딸깍딸깍 딸깍딸깍 딸깍딸깍 딸깍딸깍 딸깍딸깍 딸깍딸깍 딸깍딸깍 딸깍딸깍 딸깍딸깍 딸깍딸깍 딸깍딸깍 딸깍딸깍 딸깍딸깍 딸깍딸깍 딸깍딸깍 딸깍딸깍 딸깍딸깍 딸깍딸깍 딸깍딸깍 딸깍딸깍 딸깍딸깍 딸깍딸깍 딸깍딸깍 딸깍딸깍 딸깍딸깍 딸깍딸깍 딸깍딸깍 딸깍딸깍 딸깍딸깍 딸깍딸깍 딸깍딸깍 딸깍딸깍 딸깍    와 캐리
1449850,1,마스터 듀얼을 즐기는법  1.삭제한다  2.다른 게임을 즐긴다
1449850,1,핵을 만날때 생각이 이 게임을 할빠에 유프로 를 하는게 좋다는 생각이 든다.. 무슨 다른 일러를 한정으로 파냐 그리고 핵쟁이가 흑드라군을 뽑고 지는 에를 볼때 드는 생각이 핵을 이긴 덱은 얼마나  덱이 사기일까라는 생각 만든다.. 그냥 유프로나 해야지
1449850,0,뒤로 가기 좀 만들어 참기 너프 좀 해 후공에 아무것도 못하게 만들어 놨네 쓰레기같은겜 챙기스것
1449850,1,추억은 추억으로 남겨야 가장 아름답다.  하지만 때론 알 수없는 승부욕이 추억따윈 기억의 저편으로 던져버리곤 한다.  그렇기에 오늘도 나이먹은 남정네들이 다음 듀얼을 기다린다.
1449850,1,이 게임이 재밌다는건 이미 듀얼로 승부가 지어졌다 한잔 해~
1449850,1,"어렵고 복잡함. 카드 설명도 길어서 글 읽는거 싫어하면 별로,  어렵고 복잡한데 대충 찍먹은 추천. 유희왕에 로망있는사람은 해볼만함.  티어낮으면 상대방이 못해서 그냥 어릴적하던 듀얼하던거같고 재밌었음"
1449850,0,이건 왜하는지 모르겠습니다. 그냥 현실에서 듀얼 하세요.
1449850,1,이정도 런칭한 카드게임이 아직도 밸런스가 아슬아슬하게 맞는게 더 신기할 따름
1449850,0,진짜 밸런스나 좀 맞춰라  병신 선공 ㅈ망겜 개쓰레기같네 진짜 코인토스 영향이라도 없게하던가 이딴걸 겜이라고 하냐
1449850,0,유히왕을 잘 알지 못하는 나 같은 사람은 너무 어려워서 좀 하기 힘들었다
1449850,0,제발 이럴꺼면 중국인 서버 따로 만들던지 존나 비하할려는게 아니라 욕하다보니까 중국인 이더라 존나 그들만의 핵전쟁이네 ㅅㅂ놀들
1449850,0,극단적인 선후공 밸런스로 인해  사실상 후공을 집고 패에서 발동할 수 있는 카드 흔히 '페트립'이라 불리는 카드들로 상대에게 방해를 하지 못하면 그대로 겜이 끝나버리는 상황이 많이 나오는 기이한 TCG  10년 넘게 해온 유저 입장에서 적자면 이 겜이 왜 이렇게 극단적인 선공집고 빌드세우는 겜으로 변한지 모르겠고 이걸 어떻게 해결안하고 계속 유지하는 이상 유저 늘리기 상당히 어려울거라 생각.  예전에도 선공은 항상 유리했는데 아무리 선공이 유리해도 겜은 해볼 수 있었는데 지금 유희왕은 그게 엄청 힘듬....
1449850,0,게임끝나면 무슨 블랙홀마냥 화면뜨면서 아무것도 안됩니다. 강제로 종료했다 켜야 게임이 되는데 두세퍈에 한번씩 계속 버그가 걸립니다.
1449850,0,12시 존망갬 뭐 하면 다 쳐막냐 ? 진짜 목 조르고 싶네 하
1449850,1,⢿⣿⣷⣀⠈⠓⠌⠂⠘⢆⠈⢙⣎⢣⠘⡆⢣⡛⣿⡇⢀⡙⠚⠶⠶⠿⠷⠶⠒ ⣾⠿⣿⣿⣦⣄⣁⣀⣠⡀⠡⠄⠳⡛⢆⠱⠈⢧⣿⡇⠸⠟⠉⠐⠠⠄⠄⠄⣼ ⣿⣷⣬⣉⣛⣛⠛⠿⠿⣧⣷⣦⣄⠘⢿⡆⠡⠘⣀⡇⢠⣶⣷⣮⣤⣤⣴⣿⣿ ⣿⣿⣿⣿⣿⣿⣿⣿⣿⣿⣿⣿⣿⣷⡀⢿⡀⠄⠉⡇⢸⣿⣿⣿⣉⣉⣉⣉⣉ ⣿⣿⣿⣿⣿⣿⣿⣿⣿⣿⣿⣿⣿⡏⣿⣦⡙⠄⠄⠁⢸⣿⣿⣿⣿⣿⣿⣿⣿ ⣿⡙⠿⣿⣿⣿⣿⣿⣿⣿⣿⣿⠿⠁⣿⣿⣷⣌⠄⠄⠘⣿⣿⣿⣿⣿⣿⣿⣿ ⣿⣿⣦⣀⡨⣝⡻⠿⣻⣿⣧⣄⠄⠄⣿⣿⣿⣿⣿⣦⡀⢻⣿⣿⣿⣿⣿⡿⠿ ⣿⣿⣿⣿⡇⢿⡛⢿⣿⣿⣿⣿⣧⠘⣿⣛⣻⣿⣿⣿⣿⣤⡿⢿⠿⣛⡃⠄⣸ ⡹⣿⣿⣿⣿⣼⣷⣶⣝⢿⣿⣿⣿⣧⣿⣿⣿⣿⣿⣿⣿⣿⡿⠟⣿⢇⣈⣼⣿ ⣿⣜⢿⣭⢻⣿⣿⣿⣯⢧⠙⢻⠛⣛⣛⠛⠛⠿⠿⠟⣛⣥⣶⣼⢏⣾⣿⣿ ⣿⣿⣎⠿⣇⢻⣿⣿⣿⡌⢷⣆⢭⣓⣒⣒⣛⣣⣶⠞⣵⣿⣿⣿⡿⣱⣾
1449850,0,코나미 ID를 연동하라하는데 연동 뒤져도안댐 병신겜 ㅋㅋ
1449850,1,뉴비님들아 00b2b831 상검코드 입력하고 입문 편하게 해가십쇼
1449850,1,처음에 아무 것도 모르고 설정해서 폰이랑 스팀 아이디랑 연동이 안 되서 스팀판 쓰지도 못 하고 있는데 지금 스팀 아이디 연동 해제 기능쫌 넣어주면 안 되나...
1449850,1,듀얼! 마스터가 되기 위해서 최선을 다하는 인생은 얼마나 아름다울까요?
1449850,1,내안의 또다른 친구가 있는것을 알게되엇어요 강추입니다!!!!!
1449850,1,잘 재현했지만 실제 만화처럼 몬스터 소환시 그래픽으로 몬스터를 표현했으면 더 재미있을텐데 아쉬웠음
1449850,0,"유희왕 게임플레이는 25년이라는 시간이 지나면서 그동안 발전했었지...  매치 예전: 애니메이션 처럼 턴제 싸움의 치열함과 재미난 듀얼을 보여준다  지금: 첫턴에서 효과에서 효과로 효과로 효과로 첫 번째 턴에서 무효화로 운이 좋지 않았나요? 너 졌나봐 gg 악수해  카드 밸런스 예전: 변화? 좋지! 카드도 트렌드가 있으니까! 지금: 카드 밸런스?  새로운 카드/덱과 더 강력한 효과로 기존의 카드를 누르면 되겠지!  턴 예전: 카드를 세트하고 차례를 마치겠다  지금: 이 카드의 효과에서 효과 발동, 다시 효과 발동, 다시 효과 발동, 다시 효과 발동, 다시 효과 발동, 다시 효과 발동, 다시 효과 발동, 다시 효과 발동, 다시 효과 발동, 다시 효과 발동, 다시 효과 발동, 다시 효과 발동, 다시 효과 발동, 다시 효과 발동 해서 몬스터를 소환한다. (제한 시간의 절반을 한턴만에 사용함)  마법/함정/몬스터 효과 발동 예전: 효과 발동! 지금: 어쩔 우라라 ! 혹은 효과에 효과 발동! (이를 여러 번 반복한다)  카드에 대한 낭만/ 애정 예전: 해당 테마의 덱이 좋아 (엔틱기어 덱, 블랙메지션 덱 같은 옛날 덱) 지금: 무조건 강하고 사기인거! 딴건 필요없어!  (골프 공 덱, 엘드리치 덱)  존나 강한 카드가 소환될때 예전: 나와랏 라의 익선룡 ! (공격력 1만) 지금: 응... 너 무효화 없지? 응... 효과 발동.  내가 어릴적 유희왕을 볼떄와 지금의 유희왕을 볼때 유희왕에서의 낭만을 이미 죽었다고 생각한다.  예전처럼  턴 싸움의 치열함은 이제 늪 듀얼이나 한턴 싸움이라는 한방 싸움으로 변절되었고 카드 밸런스는 이미 붕괴되었고 옛날 이름 날린 카드들은 몇몇 제외하고는 다 관짝 가거나 금지가 되었지... 효과는 예전에 비해 상상을 초월할 정도로 많아짐과 동시에 여러 효과 중첩으로 인해 빨리 진행되었던 턴은 이제  영겁의 시간을 기다리걸로 바뀌었지...  듀얼을 하는 그대여! 지금의 유희왕에 낭만이 있다고 생각한다면 진정한 낭만을 가지고 듀얼을 하고 있는가? 아니면 이름뿐인 낭만을 가지고 듀얼을 하고 있는가?"
1449850,1,종이딱지 치기 싫고 오프 나가서 육수 새끼들이랑 비비기 싫으면 하셈 ㅇㅇ
1449850,1,"옛날 학교에서 유희왕 하던 시절이 다시 떠오르게 만들어준다. 서로 룰 때문에 싸우던 것도 추억이 된 이 시점에서, 정정당당하게 승부를 펼칠 수 있다는 것이 온라인 유희왕만의 큰 장점. 실제로 카드를 만지지 못한다는 어쩔 수 없는 단점을 제외하면 정말 재미있는 게임이다. 유희왕을 좋아하는 사람이라면 안 할 이유가 없음."
1449850,1,개재밌음  조금만 시간 가지고 알아보면서 입문하면 어렵지 않게 할 수 있음 세상에 바로 할 수 있는 게임은 없음
1449850,1,제발 다른덱 해보겠다고 부계정 파지마라 내가 그랬다가 마듀 하나만으로 150기가 넘게 먹었다
1449850,0,추억으로 시작했던 게임이나 젖같은 경험이 쌓이다가 시간 아까워서 삭제함  어매 삼도천 제한시간 내내 카드 넣다 뺐다하면서 겜할맘 박살내는 12시 야랄맞은건 이걸 안보고 있을 수도 없음 내 턴 돌아오면 내는 카드마다 카운터 져서 아무것도 못하고 게임이 끝남  이거 깊게 파는놈들은 시간 빌게이츠거나 정신병이 아닌가 싶음 ㅅ1발아 니도 패트랩 들고 하면되잖아 하는 새끼들은 정신병으로 간주하겠다  처음엔 재밌을 수도 있음
1449850,0,AE미 뒤진겜  코인토스 해서 앞면 나오면 겜 연결되기 전에 상대방 나가서 무효되고 뒷면나오면 전개하는거 구경 해야됨 그리고 또 핵은 존나 많아서 겜할 맛 뒤지게 안나고 제제는 또 똑바로 안함 카드는 뭐 냈다하면 UR로 나와서 덱 존나 비싸지고 UR로 돈뽑아 먹을라고 UR인 카드들은 제한 금지 절대 안감 ㅈ망겜
1449850,0,상대의 하루가 불행하고 불쾌하길 원하는 사람들이 하는게임
1449850,1,옛 추억에 빠져서 돌아온 사람들이면 시작조차 하지 마시오.  약 5분 주기로 아무것도 할 수 없으니 서브로 할 무엇인가를 꼭 켜두시오  옛날 덱만 사용가능한 클래식 랭크게임이 있었으면 좋겠음
1449850,0,"2024-03-15 DC컵만 열리면 핵좀 단속해라. 무슨 10연속 후공에 만나는 덱은 덱별로 손패가 똑같다.. 크샤트리라 : 유니콘 파피야스 고정에 육세괴, 패트랩, 지명자 레드데몬 : 소울레조네이터, 크림즌 헬가이아, 무덤의지명자 그외는 패트랩혹은 크림즌 레조네이터 이게 게임하러온건지 중국인 전개 딸딸이치는거 무료직관하러온건지 모르겠다. 심지어 딸딸이 보러온것도아닌데 중국인들이 내얼굴에 사정하는 꼬라지를 두 눈 뜨고 당해야된다. 아무리 후공고려해서 덱 짜봐도 그래도 4:6도 안나오는거 같다. 블러핑에도 다속고 상대효과도 몰라서 실수 남발하는 중국인한테 그냥 드로우 차이로만 지는게 존나게열받는다. 운좋게 패트랩이 다 손에들어와서 상대 전개를 최적으로 방해를 했을 때 그때서야 게임이 시작된다.  제발 지들이 대회열였음 대회동안만이라도 모니터링해서 핵좀 잡아내라  * 저번 DC컵때 작성한거 추억보고 들어오지말고 중국섭 따로 파주고 개별섭 해주기전에 시작하지마라. 중국인들 지들 시진핑새끼마냥 핵으로 남의 패 쳐보면서 지가 못막는 패면 서렌치고 선공 후공은 무조건 중국인들이 선공, 중국 친구들 낙인덱은 60장이지만 패트랩 한장씩과 제한카드들이 늘 손에서 튀어나옴. 병신같은게임. 등반하려면 애초에 핵을 만날 각오하고 후공빌드 덱을 짤 수 밖에없음. 후공빌드여서 뚫을만한 패 잡히는순간 중국인친구들 지혼자 전개 딸딸이치다가 사정하고 서렌치는 개 쓰레기게임. 핵잡는다 선언했지만 여전히 10판중 9판은 핵유저만남. 16연속 후공, 17연속 후공 이런거 경험하고 싶으면 플레이해보세요. 개 좃병신게임입니다."
1449850,1,여러분 루닉덱 하세요 상대도 행복하고 나도 행복하고 구경하는사람도 행복한 루닉 덱 하세요~~
1449850,1,⢿⣿⣷⣀⠈⠓⠌⠂⠘⢆⠈⢙⣎⢣⠘⡆⢣⡛⣿⡇⢀⡙⠚⠶⠶⠿⠷⠶⠒ ⣾⠿⣿⣿⣦⣄⣁⣀⣠⡀⠡⠄⠳⡛⢆⠱⠈⢧⣿⡇⠸⠟⠉⠐⠠⠄⠄⠄⣼ ⣿⣷⣬⣉⣛⣛⠛⠿⠿⣧⣷⣦⣄⠘⢿⡆⠡⠘⣀⡇⢠⣶⣷⣮⣤⣤⣴⣿⣿ ⣿⣿⣿⣿⣿⣿⣿⣿⣿⣿⣿⣿⣿⣷⡀⢿⡀⠄⠉⡇⢸⣿⣿⣿⣉⣉⣉⣉⣉ ⣿⣿⣿⣿⣿⣿⣿⣿⣿⣿⣿⣿⣿⡏⣿⣦⡙⠄⠄⠁⢸⣿⣿⣿⣿⣿⣿⣿⣿ ⣿⡙⠿⣿⣿⣿⣿⣿⣿⣿⣿⣿⠿⠁⣿⣿⣷⣌⠄⠄⠘⣿⣿⣿⣿⣿⣿⣿⣿ ⣿⣿⣦⣀⡨⣝⡻⠿⣻⣿⣧⣄⠄⠄⣿⣿⣿⣿⣿⣦⡀⢻⣿⣿⣿⣿⣿⡿⠿ ⣿⣿⣿⣿⡇⢿⡛⢿⣿⣿⣿⣿⣧⠘⣿⣛⣻⣿⣿⣿⣿⣤⡿⢿⠿⣛⡃⠄⣸ ⡹⣿⣿⣿⣿⣼⣷⣶⣝⢿⣿⣿⣿⣧⣿⣿⣿⣿⣿⣿⣿⣿⡿⠟⣿⢇⣈⣼⣿ ⣿⣜⢿⣭⢻⣿⣿⣿⣯⢧⠙⢻⠛⣛⣛⠛⠛⠿⠿⠟⣛⣥⣶⣼⢏⣾⣿⣿ ⣿⣿⣎⠿⣇⢻⣿⣿⣿⡌⢷⣆⢭⣓⣒⣒⣛⣣⣶⠞⣵⣿⣿⣿⡿⣱⣾
1449850,1,초중무사같은 엑스트라 거지덱이 1티어라는 소문이있던데 사실입니까? 가오안살게 이게 말이되누
1449850,1,갓-겜...인데 힘들어... 내 테마덱도 상대덱처럼 따다닥 나오게 해줘...
1449850,1,덱 밸런스가 불합리하다고 느낀다면 사기덱을 하면 됩니다
1449850,1,⢿⣿⣷⣀⠈⠓⠌⠂⠘⢆⠈⢙⣎⢣⠘⡆⢣⡛⣿⡇⢀⡙⠚⠶⠶⠿⠷⠶⠒ ⣾⠿⣿⣿⣦⣄⣁⣀⣠⡀⠡⠄⠳⡛⢆⠱⠈⢧⣿⡇⠸⠟⠉⠐⠠⠄⠄⠄⣼ ⣿⣷⣬⣉⣛⣛⠛⠿⠿⣧⣷⣦⣄⠘⢿⡆⠡⠘⣀⡇⢠⣶⣷⣮⣤⣤⣴⣿⣿ ⣿⣿⣿⣿⣿⣿⣿⣿⣿⣿⣿⣿⣿⣷⡀⢿⡀⠄⠉⡇⢸⣿⣿⣿⣉⣉⣉⣉⣉ ⣿⣿⣿⣿⣿⣿⣿⣿⣿⣿⣿⣿⣿⡏⣿⣦⡙⠄⠄⠁⢸⣿⣿⣿⣿⣿⣿⣿⣿ ⣿⡙⠿⣿⣿⣿⣿⣿⣿⣿⣿⣿⠿⠁⣿⣿⣷⣌⠄⠄⠘⣿⣿⣿⣿⣿⣿⣿⣿ ⣿⣿⣦⣀⡨⣝⡻⠿⣻⣿⣧⣄⠄⠄⣿⣿⣿⣿⣿⣦⡀⢻⣿⣿⣿⣿⣿⡿⠿ ⣿⣿⣿⣿⡇⢿⡛⢿⣿⣿⣿⣿⣧⠘⣿⣛⣻⣿⣿⣿⣿⣤⡿⢿⠿⣛⡃⠄⣸ ⡹⣿⣿⣿⣿⣼⣷⣶⣝⢿⣿⣿⣿⣧⣿⣿⣿⣿⣿⣿⣿⣿⡿⠟⣿⢇⣈⣼⣿ ⣿⣜⢿⣭⢻⣿⣿⣿⣯⢧⠙⢻⠛⣛⣛⠛⠛⠿⠿⠟⣛⣥⣶⣼⢏⣾⣿⣿ ⣿⣿⣎⠿⣇⢻⣿⣿⣿⡌⢷⣆⢭⣓⣒⣒⣛⣣⣶⠞⣵⣿⣿⣿⡿⣱⣾
1449850,1,저티어에서 나만의 똥덱굴리면서 놀면 이만큼 갓겜이 없음.
1449850,1,"솔직히 패트랩 강점기 인것 같음 패트랩 이 필수가 되서 타주하는일토 빈번함, 그리고 초중 너프 좀 먹여라"
1449850,1,"오래동안 듀링 위주로 하고 마듀는 잠깐 찍먹하다 금방 접었었는데 마듀 복귀해서 진지하게 파보니까 확실히 마듀가 지원카드도 더 많아서 덱 구축하는 재미도 있고 필요없는 카드는 분해해서 다른 카드를 제작할 수 있는 기능이 너무 마음에 들었음 듀링은 재수 없으면 R,SR 카드 하나 따위에도 코나미 당해서 물리는데 마듀는 제작 기능 덕에 N,R,SR은 계속 하다보면 조각이 넘쳐나서 그냥 제작 하면 되서 걱정이 없음 그리고 듀링은 운영덱 아니고서는 전개 패턴이 너무 단순해서 어떤 새로운 덱을 맞춰도 금방 질리는 감이 있는데 마듀는 듀링에 비해 전개 상황이 훨씬 다양하니까 쉽게 질리지도 않고 늘 새롭고 재밌음"
1449850,1,낙인 망해라 낙인 망해라 낙인 망해라 낙인 망해라 낙인 망해라 낙인 망해라 낙인 망해라 낙인 망해라 낙인 망해라 낙인 망해라 낙인 망해라 낙인 망해라 낙인 망해라 낙인 망해라 낙인 망해라 낙인 망해라 낙인 망해라 낙인 망해라 낙인 망해라 낙인 망해라 낙인 망해라 낙인 망해라 낙인 망해라 낙인 망해라 낙인 망해라 낙인 망해라 낙인 망해라 낙인 망해라 낙인 망해라 낙인 망해라 낙인 망해라 낙인 망해라 낙인 망해라 낙인 망해라 낙인 망해라 낙인 망해라 낙인 망해라 낙인 망해라 낙인 망해라 낙인 망해라 낙인 망해라 낙인 망해라 낙인 망해라 낙인 망해라 낙인 망해라 낙인 망해라 낙인 망해라 낙인 망해라 낙인 망해라 낙인 망해라 낙인 망해라 낙인 망해라 낙인 망해라 낙인 망해라 낙인 망해라 낙인 망해라 낙인 망해라 낙인 망해라 낙인 망해라 낙인 망해라 낙인 망해라 낙인 망해라 낙인 망해라 낙인 망해라 낙인 망해라 낙인 망해라 낙인 망해라 낙인 망해라 낙인 망해라 낙인 망해라 낙인 망해라 낙인 망해라 낙인 망해라 낙인 망해라 낙인 망해라 낙인 망해라 낙인 망해라 낙인 망해라 낙인 망해라 낙인 망해라 낙인 망해라 낙인 망해라 낙인 망해라 낙인 망해라 낙인 망해라 낙인 망해라 낙인 망해라 낙인 망해라 낙인 망해라 낙인 망해라 낙인 망해라 낙인 망해라
1449850,1,솔로 게이트 좀 많이 만들어라!!!!!!!!!!!!!!!!
1449850,1,야팔 도레미코드 팬듈럼 소환 아니 왜 소환 안돼 아니 왜 이게 나와 아니 이거 왜 효과 발동 안돼 아니 이거 효과 발동 했는데 왜 너가 제물로 사라져 아니 왜 내 카드를 체인을 걸어 아니 아니 아니 아니 아니 아니 아니
1449850,1,"Yamino Duelist  처음 입문하시는 분들에게 60장 함정덱+마법덱+번덱 추천함. 나도 마듀가 처음이고 431 시간 동안 마법,함정.번덱 사용.(스스로 길을 찾음 행복함💕) 매번 승리를 보장 할 수는 없지만 매번 새로운 재미. 유기왕 처음 서브 카드로 마법 함정 카드를 넣고 사용해 보니,  사용 할 수록 진정한 깊고 깊은 어둠의 게임...맛을 알게됨.   더욱 깊고 깊은 함정,마법에게 심취함. 더욱 깊은 어둠의 빠져들었음. [진정한 어둠의 게임은 승리가 아닌! 상대방과 함께 고통을 느끼면서💞그것이 진정한 어둠의 게임💕]"
1449850,1,[h1] [★5.5/10] 카드게임 특) 고였음 근데 재미는 있음
1449850,0,코나미 애미를 존나 강간해서 나온 병신 새끼 같은 게임
1449850,1,엘드는 살아있다 엘드는 살아있다 엘드는 살아있다 엘드는 살아있다
1449850,1,"[h1]니말이 맞는지 내말이 맞는지 듀얼로 승부다![/h1]    [b][u]는 개뿔 이길라고 별짓 다하는것보다 그냥 프리듀얼에서  낭만찾으면서 하는것이 몸에 이롭습니다.[/u][/b] 애니로 입문하셨으면 애니로 본덱중 자신이 생각했을때 멋졌다거나 한거 하나 집어서 하거나 자신이 직접 플레이스타일을 보고 이런성향 저런성향 덱중에  이게 재밌어보이고 하는거 일단 해보고 재미붙이는게 이 게임을 오래 붙잡고 있기 더 좋습니다.  그렇게 정을 붙여야 나중에라도 더 재밌게 게임을 할테니까요. 이 게임으로 유희왕을 접했을경우 단점이 여러가지 있습니다.  [list] [*]첫째. 입문하기 쉬운만큼 포기하는것도 빠릅니다.  이는 무자본 혹은 저자본으로 자신이 원하던 덱을 빠르고 쉽게 맞출수있고  접근성이 높다보니 하다가 유희왕에 반감이 쉽게 들어 자신이 원하던 듀얼을 하지못해 빠르게 탈주하는 뉴비들이 많습니다.  물론 애니도 보지않은 뉴비들에겐 어쩔수없지만요.  [*]둘째. 너무나 쉽게 고성능덱을 맞출수 있다. '어? 이게 왜 단점인거에요?' 라고 하실수도 있다. 하지만 이는 단점으로도  다가오는 것인데 이는 바로 타인 또한 강력한덱을 너무나 쉽게 맞추기때문에 승리에 관해 집착이  있을 경우 더더욱 유희왕이라는 환경에 적응하기 어렵기 때문이다. 그렇기 때문에 자신에게 있어 재미도  낭만도 있는 덱을 사용하였는데 상대방들이 너무 강한덱만 사용할 가능성이 높아 그런덱들에게 파워나 체급에서 밀려서 지게되면  결국 유희왕이라는 게임에 있어 반감이나 나쁜감정이 들게될 가능성이 높기 때문입니다. 제가 생각하기에 있어  유희왕은 자신만의 듀얼을 펼치며 치고박고 하고 듀얼로그를 쌓아가는 것이 유희왕이라는 게임을 하며 재미를 느끼는 부분이고  또 애니메이션의 감동의 재현이라고 생각합니다. 그렇기 때문에 이부분에 있어 티어권의 덱을 쉽고 적은돈으로  맞출수 있다는것은 대부분의 사람들이 그덱을 할수 있다는 뜻이고  그말은 즉슨 랭크같은걸 돌리면 대부분이 위를 향하기 때문에  그런덱을 사용하는것이 일반적이라 그렇습니다. 실력을 쌓을때는 좋겠지만 그렇지 않을때는 면식도 없는 사람들과  듀얼을 하며 자신의 고집을 위해 하는덱이 원망스럽고 고통스러울 가능성이 높습니다..  [*]셋째. 무미건조한 듀얼환경 및 서로 빠른 기권으로 인한 허탈감. 이점은 몇몇사람들에게 장점으로써 와닿을수도 있지만 유희왕이라는  카드게임은 애니에서도 그렇지만 서로 대화를 하며 즐기는것이 좋다고 생각하는 사람으로써  채팅도 못쓰고[strike](설령써도 다국적사람들과 하는게임)[/strike] 이모티콘도 없고 제스쳐도 못취하는 이 게임으로 자신이 좋아하는 플레이를  하며 즐기기에는 어렵다고 생각합니다. 애니메이션에서는 듀얼 상대끼리 몇마디 주고받기도 하고 영창도하며 (물론 실제로 공개된장소에서 영창을 하는것은 다소 매너가 아닐수있습니다.) 서로의 표정 및 제스쳐를 보며 자신이 좋아하는 덱의 좋아하는  전개나 상황 혹은 대사 몇마디 하며 듀얼하는 것이 유희왕을 즐기면서 하는것이라 생각하기에 이러한 마듀환경에서는  듀얼을 하다보면 상대방의 반응도 보기어렵고 자신이 열심히 재밌는 상황을 연출하거나 멋지게 끝내려 하는 찰나  상대방이 쉽게 기권을하고 나간다는 점이 유희왕 입문자들에게는 안좋게 작용하지 않을까 하는 개인적인 생각입니다.  물론 온라인게임으로써 빠르게 즐기고 끄기엔 좋지만..  대충 여기까지가 제가 생각했을때 단점을 나열해 본것인데.  물론 마듀가 그래서 꼭 나쁘냐 그것은 아닙니다. 장점도 몇가지 생각나는 대로 적어보자면  [*]첫번째로 앞서 말했던것처럼 자신이 원하는덱을 싸고 쉽게  맞출수 있다는것은 장점으로써 와닿을수 있습니다. 실제 오프라인 환경에서는 이미 단종됬거나 구하기 어려운 카드들도 있어  이러한 마스터듀얼을 통해 그런카드들을 쉽게 구하여 자신만의 덱을 만들수 있어 자신이 해보고싶었던  모든 플레이나 빌드를 할수있다는것이 장점이지요.  [*]두번째로 오프라인환경에서 자주 번번히 일어나는  룰미스나 실수 및 라이프계산을 시스템으로 자동으로 처리해주니 서로 억울하거나 아차싶은 일이 없게 술술 유희왕을  할수 있다는것 또한 큰 장점이 되겠네요. [b][u]대상, 고르고, 때, 경우, 잔존효과, 버리고, 보내고, 코스트, 발동후 효과[/u][/b] 등등등등  어우 세상 어지러운 비문학게임답게 어처구니없고 외우기도 어려운  이러한 효과들이나 룰처리를 마스터듀얼은 간단하고 빠르고 매끄럽게 듀얼할수있도록 해주기 때문에 초심자들끼리 듀얼할때 생기는 골머리썩는 일들이 해결됩니다.  [spoiler]( 물론 아주 가끔의 버그는 있습니다.)[/spoiler] 그렇기에 입문에 좋은 경향도 없지많은 않지요.  [*]세번째는 바로 장소와 시간의 제약을 받지않고 듀얼을 언제 어디서든 할수있다는것입니다. 이는 온라인게임의 장점으로도 이어지는데 듀얼을 하기 위해서  보통 같은 게임을 하는 친구를 구하거나 오프라인 매장을 방문하고 또 디스코드같은 어플을 통해서  카메라켜고 듀얼을 하는 이러한 문제점이 있는것이 바로 이 유희왕이라는 '카드게임'의 단점중 하나인데 마스터듀얼을  통할경우 이러한 제약들이 모두 해결이 됩니다. 학교나 회사에서 귀가할때 '아 갑자기 듀얼마려운데 집에 들려서  덱 챙긴다음에 매장이나 갈까' 라는 굳은 마음가짐을 가지기전에 버스에서 핸드폰을 꺼낸다음 혹은 집에서 컴퓨터를 킨다음  마스터듀얼을 킨다면 언제 어디서나 자신이 원하고 편할때!  [strike](대부분 면식이 없는)[/strike]아무 플레이어에게 듀얼을 걸수 있지요!  거기다 빠르게 몇판만 즐기고 끌수 있기때문에 시간약속을 잡아야 한다거나  급한일이 생겨서 듀얼을 못하게되도 상관이 없지요. 즉 이러한 장점들이 모두를 마스터 듀얼의 전장으로 향하게 하는것 같습니다. [/list]  [spoiler]( 본 평가작성은 비공식 유희왕 프로그램을 사용하지 않는 전재로 작성하였습니다. )[/spoiler]"
1449850,1,⢿⣿⣷⣀⠈⠓⠌⠂⠘⢆⠈⢙⣎⢣⠘⡆⢣⡛⣿⡇⢀⡙⠚⠶⠶⠿⠷⠶⠒ ⣾⠿⣿⣿⣦⣄⣁⣀⣠⡀⠡⠄⠳⡛⢆⠱⠈⢧⣿⡇⠸⠟⠉⠐⠠⠄⠄⠄⣼ ⣿⣷⣬⣉⣛⣛⠛⠿⠿⣧⣷⣦⣄⠘⢿⡆⠡⠘⣀⡇⢠⣶⣷⣮⣤⣤⣴⣿⣿ ⣿⣿⣿⣿⣿⣿⣿⣿⣿⣿⣿⣿⣿⣷⡀⢿⡀⠄⠉⡇⢸⣿⣿⣿⣉⣉⣉⣉⣉ ⣿⣿⣿⣿⣿⣿⣿⣿⣿⣿⣿⣿⣿⡏⣿⣦⡙⠄⠄⠁⢸⣿⣿⣿⣿⣿⣿⣿⣿ ⣿⡙⠿⣿⣿⣿⣿⣿⣿⣿⣿⣿⠿⠁⣿⣿⣷⣌⠄⠄⠘⣿⣿⣿⣿⣿⣿⣿⣿ ⣿⣿⣦⣀⡨⣝⡻⠿⣻⣿⣧⣄⠄⠄⣿⣿⣿⣿⣿⣦⡀⢻⣿⣿⣿⣿⣿⡿⠿ ⣿⣿⣿⣿⡇⢿⡛⢿⣿⣿⣿⣿⣧⠘⣿⣛⣻⣿⣿⣿⣿⣤⡿⢿⠿⣛⡃⠄⣸ ⡹⣿⣿⣿⣿⣼⣷⣶⣝⢿⣿⣿⣿⣧⣿⣿⣿⣿⣿⣿⣿⣿⡿⠟⣿⢇⣈⣼⣿ ⣿⣜⢿⣭⢻⣿⣿⣿⣯⢧⠙⢻⠛⣛⣛⠛⠛⠿⠿⠟⣛⣥⣶⣼⢏⣾⣿⣿ ⣿⣿⣎⠿⣇⢻⣿⣿⣿⡌⢷⣆⢭⣓⣒⣒⣛⣣⣶⠞⣵⣿⣿⣿⡿⣱⣾
1449850,1,⢿⣿⣷⣀⠈⠓⠌⠂⠘⢆⠈⢙⣎⢣⠘⡆⢣⡛⣿⡇⢀⡙⠚⠶⠶⠿⠷⠶⠒ ⣾⠿⣿⣿⣦⣄⣁⣀⣠⡀⠡⠄⠳⡛⢆⠱⠈⢧⣿⡇⠸⠟⠉⠐⠠⠄⠄⠄⣼ ⣿⣷⣬⣉⣛⣛⠛⠿⠿⣧⣷⣦⣄⠘⢿⡆⠡⠘⣀⡇⢠⣶⣷⣮⣤⣤⣴⣿⣿ ⣿⣿⣿⣿⣿⣿⣿⣿⣿⣿⣿⣿⣿⣷⡀⢿⡀⠄⠉⡇⢸⣿⣿⣿⣉⣉⣉⣉⣉ ⣿⣿⣿⣿⣿⣿⣿⣿⣿⣿⣿⣿⣿⡏⣿⣦⡙⠄⠄⠁⢸⣿⣿⣿⣿⣿⣿⣿⣿ ⣿⡙⠿⣿⣿⣿⣿⣿⣿⣿⣿⣿⠿⠁⣿⣿⣷⣌⠄⠄⠘⣿⣿⣿⣿⣿⣿⣿⣿ ⣿⣿⣦⣀⡨⣝⡻⠿⣻⣿⣧⣄⠄⠄⣿⣿⣿⣿⣿⣦⡀⢻⣿⣿⣿⣿⣿⡿⠿ ⣿⣿⣿⣿⡇⢿⡛⢿⣿⣿⣿⣿⣧⠘⣿⣛⣻⣿⣿⣿⣿⣤⡿⢿⠿⣛⡃⠄⣸ ⡹⣿⣿⣿⣿⣼⣷⣶⣝⢿⣿⣿⣿⣧⣿⣿⣿⣿⣿⣿⣿⣿⡿⠟⣿⢇⣈⣼⣿ ⣿⣜⢿⣭⢻⣿⣿⣿⣯⢧⠙⢻⠛⣛⣛⠛⠛⠿⠿⠟⣛⣥⣶⣼⢏⣾⣿⣿ ⣿⣿⣎⠿⣇⢻⣿⣿⣿⡌⢷⣆⢭⣓⣒⣒⣛⣣⣶⠞⣵⣿⣿⣿⡿⣱⣾
1449850,1,푸른눈의 백룡 낭만을 느끼려고 들어왔는데 ㅅ1발 탁구공 새끼가 뭐만하면 다 막노
1449850,1,하루종일 이겜만 한다 ㅋㅋㅋㅋㅋㅋㅋㅋㅋㅋㅋㅋㅋㅋㅋㅋㅋㅋㅋㅋㅋㅋㅋㅋㅋㅋㅋㅋㅋㅋㅋㅋㅋㅋㅋ
1449850,1,"어떻게 하는지는 모르겠고, 뭘 하라는지 말도 안해주는 좆망겜              이라는걸 듀얼로 증명해라!"
1449850,1,옛날 향수 맡으러 들어갔다가 제외 뒷면 제외 무효 무효옷~ 니꺼 내꺼 당하니  어질어질하네요
1449850,1,일소 특소1 특소2 특소3 특소4 니비루 묘지에서 효과발동 특소5 특소6 특소7 아 초중 그지같다
1449850,0,걍 지금 이 게임은 게임이 아님. 상대방이 게임을 못하게 만들기 위한 행위를 서로 번갈아가며 할 뿐.  쓰레기 병신 딱지
1449850,1,"하루 우라라,증식의 G,이펙트 뷜러,말살의 지명자,무덤의 지명자,드롤&버크,저택 와라시, 유령토끼,아티팩트-롱기누스,어트랙터,플라임기어 감마,토큰 컬랙터,니비루,부유벚꽃 만 안맞으면 이김"
1449850,1,"뭐? 대가리가 깨졌다고? 흥, 웃기는 소리 네 말이 맞는지 틀린지는 힘으로 증명해라 지금바로 듀얼이다!"
1449850,0,카드를 돈 주고 샀는데 금지나 제한을 먹일꺼면 카드를 분해 했을때 보석이 30개 다 나오게 하던가 금지랑 제한을 쳐 먹여놓고 카드 분해도 10개 밖에 안주면 뭐 덱은 새로 만들어야하는데 무조건 현질 하라는거임?
1449850,1,관심만 있었지 실제로는 같이 할 사람이 없어 할 수 없었던 유희왕 카드게임 이렇게 할수 있어서 즐거웠다
1449850,0,"점점 덱에 필수로 들어가야 하는 카드들의 UR비율이 높아지고있음... 정말 효과가 좋은카드나, 에이스카드 뿐만이 아니라... 그냥 뭐 UR떡칠할 생각 아니면 안하는게 좋을듯."
1449850,1,⣿⣿⣷⠻⣦⡶⢈⣴⣿⣿⣿⢿⣿⣿⣿⣿⣿⣷⣝⢮⠻⣷⣝⢾⡿⠃⠻⣿⣿⣿ ⣿⣿⣷⣴⠞⣴⣿⡏⣿⣿⣿⣦⠻⢿⣿⣿⣿⣿⣿⣷⡀⠙⣿⣷⡙⣆⣿⣿⣿⣿ ⣿⣿⣿⡟⣼⣿⠿⢃⠻⢿⣿⣿⠰⢇⢽⡟⢿⣿⣿⣿⣿⡄⢿⣿⣷⠘⢿⣿⣿⣿ ⣿⣿⡿⢹⢸⣿⢰⡝⡅⡆⢿⣿⣿⢸⣦⠙⠆⠙⢿⡏⠿⣷⡈⣿⣿⡇⠰⣍⢿⣿ ⣿⣿⡇⣿⢸⣿⢸⢡⣷⡘⡄⠻⣿⡆⡷⠚⡙⠢⡀⣙⠀⣿⡇⢹⣿⣿⡀⣿⣆⣿ ⣿⣿⠃⣿⢸⡿⢎⠴⠚⢿⣮⣬⣦⡉⣇⠠⣷⠂⢹⣿⢠⢇⣴⢸⣿⣿⠁⣿⣿⢸ ⣿⡇⡀⣿⠀⠇⢸⢀⣧⠄⣿⣿⣿⣿⣿⣆⣘⣠⣾⣇⡄⣾⣿⠘⠟⠁⠀⣿⣿⣸ ⣿⡇⣧⠹⡇⠀⣿⣇⠘⢀⣿⣿⣿⣿⣿⣿⣿⣿⣿⣿⣇⢹⣿⡀⡖⠀⢸⡿⢃⡘ ⣿⣷⠹⠆⠳⠀⣿⣿⣿⣿⣿⣿⣿⠛⠻⣿⣿⣿⣿⣿⡿⠀⣿⡇⠀⠀⠘⠁⣾⣇ ⣿⣿⢢⡀⠱⣆⠹⣿⣿⣿⣿⣿⣿⣘⣣⣼⢿⣿⠿⠋⠀⠀⢻⡇⢀⠀⣀⠀⣿⡟
1449850,0,내 학창시절 일부를 보낸 게임을 온라인으로 즐길 수 있지만 이젠 못따라가겠다
1449850,1,⢿⣿⣷⣀⠈⠓⠌⠂⠘⢆⠈⢙⣎⢣⠘⡆⢣⡛⣿⡇⢀⡙⠚⠶⠶⠿⠷⠶⠒ ⣾⠿⣿⣿⣦⣄⣁⣀⣠⡀⠡⠄⠳⡛⢆⠱⠈⢧⣿⡇⠸⠟⠉⠐⠠⠄⠄⠄⣼ ⣿⣷⣬⣉⣛⣛⠛⠿⠿⣧⣷⣦⣄⠘⢿⡆⠡⠘⣀⡇⢠⣶⣷⣮⣤⣤⣴⣿⣿ ⣿⣿⣿⣿⣿⣿⣿⣿⣿⣿⣿⣿⣿⣷⡀⢿⡀⠄⠉⡇⢸⣿⣿⣿⣉⣉⣉⣉⣉ ⣿⣿⣿⣿⣿⣿⣿⣿⣿⣿⣿⣿⣿⡏⣿⣦⡙⠄⠄⠁⢸⣿⣿⣿⣿⣿⣿⣿⣿ ⣿⡙⠿⣿⣿⣿⣿⣿⣿⣿⣿⣿⠿⠁⣿⣿⣷⣌⠄⠄⠘⣿⣿⣿⣿⣿⣿⣿⣿ ⣿⣿⣦⣀⡨⣝⡻⠿⣻⣿⣧⣄⠄⠄⣿⣿⣿⣿⣿⣦⡀⢻⣿⣿⣿⣿⣿⡿⠿ ⣿⣿⣿⣿⡇⢿⡛⢿⣿⣿⣿⣿⣧⠘⣿⣛⣻⣿⣿⣿⣿⣤⡿⢿⠿⣛⡃⠄⣸ ⡹⣿⣿⣿⣿⣼⣷⣶⣝⢿⣿⣿⣿⣧⣿⣿⣿⣿⣿⣿⣿⣿⡿⠟⣿⢇⣈⣼⣿ ⣿⣜⢿⣭⢻⣿⣿⣿⣯⢧⠙⢻⠛⣛⣛⠛⠛⠿⠿⠟⣛⣥⣶⣼⢏⣾⣿⣿ ⣿⣿⣎⠿⣇⢻⣿⣿⣿⡌⢷⣆⢭⣓⣒⣒⣛⣣⣶⠞⣵⣿⣿⣿⡿⣱⣾
1449850,1,⢿⣿⣷⣀⠈⠓⠌⠂⠘⢆⠈⢙⣎⢣⠘⡆⢣⡛⣿⡇⢀⡙⠚⠶⠶⠿⠷⠶⠒ ⣾⠿⣿⣿⣦⣄⣁⣀⣠⡀⠡⠄⠳⡛⢆⠱⠈⢧⣿⡇⠸⠟⠉⠐⠠⠄⠄⠄⣼ ⣿⣷⣬⣉⣛⣛⠛⠿⠿⣧⣷⣦⣄⠘⢿⡆⠡⠘⣀⡇⢠⣶⣷⣮⣤⣤⣴⣿⣿ ⣿⣿⣿⣿⣿⣿⣿⣿⣿⣿⣿⣿⣿⣷⡀⢿⡀⠄⠉⡇⢸⣿⣿⣿⣉⣉⣉⣉⣉ ⣿⣿⣿⣿⣿⣿⣿⣿⣿⣿⣿⣿⣿⡏⣿⣦⡙⠄⠄⠁⢸⣿⣿⣿⣿⣿⣿⣿⣿ ⣿⡙⠿⣿⣿⣿⣿⣿⣿⣿⣿⣿⠿⠁⣿⣿⣷⣌⠄⠄⠘⣿⣿⣿⣿⣿⣿⣿⣿ ⣿⣿⣦⣀⡨⣝⡻⠿⣻⣿⣧⣄⠄⠄⣿⣿⣿⣿⣿⣦⡀⢻⣿⣿⣿⣿⣿⡿⠿ ⣿⣿⣿⣿⡇⢿⡛⢿⣿⣿⣿⣿⣧⠘⣿⣛⣻⣿⣿⣿⣿⣤⡿⢿⠿⣛⡃⠄⣸ ⡹⣿⣿⣿⣿⣼⣷⣶⣝⢿⣿⣿⣿⣧⣿⣿⣿⣿⣿⣿⣿⣿⡿⠟⣿⢇⣈⣼⣿ ⣿⣜⢿⣭⢻⣿⣿⣿⣯⢧⠙⢻⠛⣛⣛⠛⠛⠿⠿⠟⣛⣥⣶⣼⢏⣾⣿⣿ ⣿⣿⣎⠿⣇⢻⣿⣿⣿⡌⢷⣆⢭⣓⣒⣒⣛⣣⣶⠞⣵⣿⣿⣿⡿⣱⣾
1449850,1,첫 오픈 때 무과금으로 맞춘 엘드리치 덱으로 아직까지 플레이하고 있는 혜자 게임
1449850,1,어린 시절 컴퓨터로 유희왕을 하던 걸 꿈꿔왔다. 그리고 드디어 꿈이 이루어졌다. 하지만 더 이상  그 시절의 유희왕이 아니었다. 시발
1449850,1,예전에 유희왕(오프라인. 초등학교) 을 즐겼던 사람으로써 이것은 추억에 잠기게하는 게임입니다. 다만 너무 고인물게임이여서 장벽이 너무 높습니다. 그게임을 보고있자니 추억이 더럽혀지는거 같아서 그냥 추억은 추억으로 덮고 더이상 하지않기로 했습니다
1449850,1,코나미여.... 참기를.... 라뷰를.... 크샤를.... 죽여라...........................
1449850,1,이제는 듀얼이 게임이 맞나 싶다 열심히 해도 사기카드를 뛰어넘는 사기카드가 나오기 시작함
1449850,1,인플레가 암만 진행되어도 유희왕만의 '너가 뭘 할수있는데'를 못 끊겠다
1449850,1,어릴 때 유희왕을 보던 추억이 나는 카드를 보니 좋네요
1449850,1,⢿⣿⣷⣀⠈⠓⠌⠂⠘⢆⠈⢙⣎⢣⠘⡆⢣⡛⣿⡇⢀⡙⠚⠶⠶⠿⠷⠶⠒ ⣾⠿⣿⣿⣦⣄⣁⣀⣠⡀⠡⠄⠳⡛⢆⠱⠈⢧⣿⡇⠸⠟⠉⠐⠠⠄⠄⠄⣼ ⣿⣷⣬⣉⣛⣛⠛⠿⠿⣧⣷⣦⣄⠘⢿⡆⠡⠘⣀⡇⢠⣶⣷⣮⣤⣤⣴⣿⣿ ⣿⣿⣿⣿⣿⣿⣿⣿⣿⣿⣿⣿⣿⣷⡀⢿⡀⠄⠉⡇⢸⣿⣿⣿⣉⣉⣉⣉⣉ ⣿⣿⣿⣿⣿⣿⣿⣿⣿⣿⣿⣿⣿⡏⣿⣦⡙⠄⠄⠁⢸⣿⣿⣿⣿⣿⣿⣿⣿ ⣿⡙⠿⣿⣿⣿⣿⣿⣿⣿⣿⣿⠿⠁⣿⣿⣷⣌⠄⠄⠘⣿⣿⣿⣿⣿⣿⣿⣿ ⣿⣿⣦⣀⡨⣝⡻⠿⣻⣿⣧⣄⠄⠄⣿⣿⣿⣿⣿⣦⡀⢻⣿⣿⣿⣿⣿⡿⠿ ⣿⣿⣿⣿⡇⢿⡛⢿⣿⣿⣿⣿⣧⠘⣿⣛⣻⣿⣿⣿⣿⣤⡿⢿⠿⣛⡃⠄⣸ ⡹⣿⣿⣿⣿⣼⣷⣶⣝⢿⣿⣿⣿⣧⣿⣿⣿⣿⣿⣿⣿⣿⡿⠟⣿⢇⣈⣼⣿ ⣿⣜⢿⣭⢻⣿⣿⣿⣯⢧⠙⢻⠛⣛⣛⠛⠛⠿⠿⠟⣛⣥⣶⣼⢏⣾⣿⣿ ⣿⣿⣎⠿⣇⢻⣿⣿⣿⡌⢷⣆⢭⣓⣒⣒⣛⣣⣶⠞⣵⣿⣿⣿⡿⣱⣾
1449850,0,It's better for your mental health to play fighting games
1449850,1,TCG는 정신수양에 아주 좋은 장르입니다.  유희왕은 그중에서 가장 제일가는 정신수양의 장이죠. 여러분도 자신의 정신을 단련하고 심신단련을 하고 싶으시다면 이 게임으로 추천드립니다
1449850,1,"OCG를 좋아하던 사람, 유희왕을 좋아하는 사람이라면 추천하는 게임!"
1449850,1,재화를 그래도 안주는건 아닌데 좀 적지만 즐기다보면 어느새 나도 덱 마스터
1449850,0,유희왕이나 카드 게임에 안익숙하면 진입 장벽이 너무 높은듯
1449850,0,파라오~~~~~~!~~~~!~!~!~!~~~~~~~~~~~~~
1449850,1,funfunfunfunfunfufnufnufnufunfunfunfunfunfunfunfunfunfunfunfunfunfunfunfunfunfunfunfunfunfunfunfun
1449850,1,"괜히 낭만덱 할 생각하지 말고, 티어권덱 하는 게 정신적으로 되게 좋음"
1449850,1,어려운 겜이네 뭐네 하지만 친구들끼리 모여서 추억덱으로만 굴린다면 이거만한 게임이 없음. 동네룰보다 더 정확한 컴퓨터 코딩 룰이기 때문에 싸울 일도 없음. 단지 랭크 입문을 하려는 순간 어지러울 수 있다는 점이 문제겠네요. 300시간 이상(모바일로 돌린건 포함이 안되더라고요) 하면서 느낀 점은 추억만을 바라본다면 재밌으나 랭크에 추억덱 들고가는 순간 현타가 올 수 있다는 점 알아두면 될 것같네요
1449850,1,카드 텍스쳐가 많아보이지만 엥간한 카드들은 세줄요약 되니까 대강대강 외우면서 게임하면 저처럼 입문하기에 괜찮아요
1449850,0,아니 파괴일퀘 그냥 필드에서 벗어나게한다로 바꾸면 안되냐 파괴일퀘 왠종일해도 안깨지네
1449850,1,언젠가는 세븐즈 월드 고 러시 카드들도 나오면 좋겠습니다
1449850,0,만족스럽지 못함 이게임은 돈 게임인가요? 현질 10만원은해야 댓하나 만들수있는데 이딴게 진짜 도박이지 게임이라고 할수 없네요 운영자님 너가 직접 댁 만들어보고 가격좀 정해라 난 이제 이겜 이댁 하나로 간다 시1발럼아
1449850,0,"22년 1월 오픈부터 지금까지 했고  폰으로 600시간정도 했음  ip파워 10위권의 힘을 보여주듯이  오픈 유입유저 95프로 날아가도 dcg중에서 탑급으로 매출 잘 뽑히고 잘 나가는 중임  선공승률 85프로 넘어가고, 금제 바보 같이 하고, 사기카드 난무해대는게  게임성으로는 똥이나 다름 없는데  재미는 있다 ㅋㅋ  현질없이 맨땅으로 했을땐 힘들 수 있음 초반에 주는 보석으로 한정적으로 덱을 짜야하니까 금방 질릴 수도 있는데 매월 보석 많이 주는 대전 이벤트에  일퀘 꾸준히 하면 3개월당 메타덱 2개 정도는 맞출 수 있게 됨  내 마음으로는 추천하고 싶은데  너무 똥겜이라 객관적으로 추천하지 못하겠다"
1449850,0,"천하제일 사기꾼ㅅㄲ 대회 시간 질질끌고 사기는 이상하게 치고 하지마셈 몇개월간 똑같은 테마가 해처먹고 있음 너프도 솜방망이 처벌이고 크샤,라뷰,낙인,비스테드 이 그지같은것들 이악물고 너프 절대안함"
1449850,0,"세상 그 어떤 게임도 상대가 혼자 10분동안 하는 걸 보고만 있다가 져야 하지는 않음  그냥 쓰레기 중의 쓰레기 게임, 0티어 1티어 덱 할 거 아니면 시도조차 하지 말고, 할 거여도 머리 빠지고 시간 다 갖다버릴 각오 하셈  뉴비면 그냥 하지 마셈, 안 하면 정말 무궁무진한 것들을 할 수 있음"
1449850,1,이겜 당하는 입장에서는 겁나 엿같은데 가하는 입장에서 플레이 하면 이만한 꿀잼이 없음 ㅋㅋㅋㅋㅋㅋㅋㅋㅋㅋㅋㅋㅋㅋㅋㅋㅋㅋㅋㅋㅋㅋㅋㅋㅋ
1449850,0,제발 카드좀 나와라 ㅅㅂ 난 언제 나오냐 ㅅㅂ 인생 억까다 ㅅㅂ
1449850,0,아직 뉴비라 잘 몰라서 하는 말일 수도 있지만.. 금제가 쫌 느슨한 감이 없지 않은 감이 있음 장사하는 입장에서야 ur팔이가 맞긴하데.. 티어덱 아니면 꽤나 불쾌함
1449850,0,낭만 다뒤진게임 역겨운 티어덱아니면 남 게임하는거만 보다가 퍼미션맞고 나가야함
1449850,1,⢿⣿⣷⣀⠈⠓⠌⠂⠘⢆⠈⢙⣎⢣⠘⡆⢣⡛⣿⡇⢀⡙⠚⠶⠶⠿⠷⠶⠒ ⣾⠿⣿⣿⣦⣄⣁⣀⣠⡀⠡⠄⠳⡛⢆⠱⠈⢧⣿⡇⠸⠟⠉⠐⠠⠄⠄⠄⣼ ⣿⣷⣬⣉⣛⣛⠛⠿⠿⣧⣷⣦⣄⠘⢿⡆⠡⠘⣀⡇⢠⣶⣷⣮⣤⣤⣴⣿⣿ ⣿⣿⣿⣿⣿⣿⣿⣿⣿⣿⣿⣿⣿⣷⡀⢿⡀⠄⠉⡇⢸⣿⣿⣿⣉⣉⣉⣉⣉ ⣿⣿⣿⣿⣿⣿⣿⣿⣿⣿⣿⣿⣿⡏⣿⣦⡙⠄⠄⠁⢸⣿⣿⣿⣿⣿⣿⣿⣿ ⣿⡙⠿⣿⣿⣿⣿⣿⣿⣿⣿⣿⠿⠁⣿⣿⣷⣌⠄⠄⠘⣿⣿⣿⣿⣿⣿⣿⣿ ⣿⣿⣦⣀⡨⣝⡻⠿⣻⣿⣧⣄⠄⠄⣿⣿⣿⣿⣿⣦⡀⢻⣿⣿⣿⣿⣿⡿⠿ ⣿⣿⣿⣿⡇⢿⡛⢿⣿⣿⣿⣿⣧⠘⣿⣛⣻⣿⣿⣿⣿⣤⡿⢿⠿⣛⡃⠄⣸ ⡹⣿⣿⣿⣿⣼⣷⣶⣝⢿⣿⣿⣿⣧⣿⣿⣿⣿⣿⣿⣿⣿⡿⠟⣿⢇⣈⣼⣿ ⣿⣜⢿⣭⢻⣿⣿⣿⣯⢧⠙⢻⠛⣛⣛⠛⠛⠿⠿⠟⣛⣥⣶⣼⢏⣾⣿⣿ ⣿⣿⣎⠿⣇⢻⣿⣿⣿⡌⢷⣆⢭⣓⣒⣒⣛⣣⣶⠞⣵⣿⣿⣿⡿⣱⣾
1449850,0,제발 C22222발 좀 티어덱 좀 랭크에 그만 잡아주라 제발 뭔 티어덱을 안 맞추면 매판 ㅈ같음이 갱신이 되는겜이 다있냐.... 심지어 선 후공에 따라 승패 ㅈ같이 갈림 상대 티어덱인데 후공 잡히면 걍 서랜박고 나오는걸 추천
1449850,0,뉴비가 입문하기엔 머리 깨지는게임 입문할 타이밍이 겜 출시됬을때 밖에 없음
1449850,1,⢿⣿⣷⣀⠈⠓⠌⠂⠘⢆⠈⢙⣎⢣⠘⡆⢣⡛⣿⡇⢀⡙⠚⠶⠶⠿⠷⠶⠒ ⣾⠿⣿⣿⣦⣄⣁⣀⣠⡀⠡⠄⠳⡛⢆⠱⠈⢧⣿⡇⠸⠟⠉⠐⠠⠄⠄⠄⣼ ⣿⣷⣬⣉⣛⣛⠛⠿⠿⣧⣷⣦⣄⠘⢿⡆⠡⠘⣀⡇⢠⣶⣷⣮⣤⣤⣴⣿⣿ ⣿⣿⣿⣿⣿⣿⣿⣿⣿⣿⣿⣿⣿⣷⡀⢿⡀⠄⠉⡇⢸⣿⣿⣿⣉⣉⣉⣉⣉ ⣿⣿⣿⣿⣿⣿⣿⣿⣿⣿⣿⣿⣿⡏⣿⣦⡙⠄⠄⠁⢸⣿⣿⣿⣿⣿⣿⣿⣿ ⣿⡙⠿⣿⣿⣿⣿⣿⣿⣿⣿⣿⠿⠁⣿⣿⣷⣌⠄⠄⠘⣿⣿⣿⣿⣿⣿⣿⣿ ⣿⣿⣦⣀⡨⣝⡻⠿⣻⣿⣧⣄⠄⠄⣿⣿⣿⣿⣿⣦⡀⢻⣿⣿⣿⣿⣿⡿⠿ ⣿⣿⣿⣿⡇⢿⡛⢿⣿⣿⣿⣿⣧⠘⣿⣛⣻⣿⣿⣿⣿⣤⡿⢿⠿⣛⡃⠄⣸ ⡹⣿⣿⣿⣿⣼⣷⣶⣝⢿⣿⣿⣿⣧⣿⣿⣿⣿⣿⣿⣿⣿⡿⠟⣿⢇⣈⣼⣿ ⣿⣜⢿⣭⢻⣿⣿⣿⣯⢧⠙⢻⠛⣛⣛⠛⠛⠿⠿⠟⣛⣥⣶⣼⢏⣾⣿⣿ ⣿⣿⣎⠿⣇⢻⣿⣿⣿⡌⢷⣆⢭⣓⣒⣒⣛⣣⣶⠞⣵⣿⣿⣿⡿⣱⣾
1449850,1,그냥 하셈 왜why 너가 유희왕을 사랑하니까. 돈도 별로 안들어 열심이하면 덱 몇개 가능 떡개구리 금지는 불호긴함 ㄹㅇ
1449850,1,어렸을 때 하던 유희왕이 이렇게 컴퓨터로 시간이나 장소에 상관없이 할 수 있게 되어서 좋네요. 가챠가 있는게 안타깝기는 하지만 애초에 유희왕 자체가 가챠 요소가 있는 게임이니까 어쩔 수 없겠죠.
1449850,1,듀에르 카이시ㅣㅣㅣㅣㅣㅣㅣㅣㅣㅣㅣㅣㅣㅣㅣㅣㅣㅣㅣㅣㅣㅣ!!!!!!!!!!!!!!!!!!!!!!!!!!!!!!!!!!
1449850,0,봇 참 좆같이 잘만들어놨음 뉴비가 하기엔 ㅈㄴ 힘듬 뉴비는 어카라고 봇을 이따구로 만들어놨냐
1449850,0,좋은 카드를 낼걸 궁리 할게 아니라 이 게임은 시간을 끄는 쓰레기들을 배척해야함. 져서 화나는게 아니라 게임 한판에 질질 끌려서 오래걸리니 화가 나는 게임임. 전개가 오래걸린다고 화를 내는게 아님. 그냥 느림. 카드 한장 한장 엄청 느리게 내는 애들 땜에 못해먹겠음.
1449850,0,[h1] 나쁜놈들아 듀얼 초보도 몬스터 소환하고 싶다고 [/h1]
1449850,1,상대 1턴에 모든 전개를 보면서 기다리는 것도 힘들다. 져서 허무한 건 덤이고...
1449850,1,처음엔 낭만 찾아서 흑룡덱 만들었으나 드트엘드전뇌아다마상검용천후완루닉참기티아라낙인크샤라뷰드링퓨어리로 타락하고 흑룡테마 싹 다 갈았음
1449850,0,"밸런스 ㅈ망, 시간 제한 시스템 걍 뿌리부터 싹 다 뜯어고쳐야 함, 서버가 무슨 프리메이플 관리하는 것 마냥 잘 터짐, 재화 개비쌈, 카드팩 확률조작 의심됨, 사료 개 짜게 뿌림.   이정도면 하는게 시간낭비겠지..?"
1449850,0,아니 ㅋㅋㅋ  시작하자말자 99몬스터 5000천 2500 몬스터가말임?
1449850,1,⢿⣿⣷⣀⠈⠓⠌⠂⠘⢆⠈⢙⣎⢣⠘⡆⢣⡛⣿⡇⢀⡙⠚⠶⠶⠿⠷⠶⠒ ⣾⠿⣿⣿⣦⣄⣁⣀⣠⡀⠡⠄⠳⡛⢆⠱⠈⢧⣿⡇⠸⠟⠉⠐⠠⠄⠄⠄⣼ ⣿⣷⣬⣉⣛⣛⠛⠿⠿⣧⣷⣦⣄⠘⢿⡆⠡⠘⣀⡇⢠⣶⣷⣮⣤⣤⣴⣿⣿ ⣿⣿⣿⣿⣿⣿⣿⣿⣿⣿⣿⣿⣿⣷⡀⢿⡀⠄⠉⡇⢸⣿⣿⣿⣉⣉⣉⣉⣉ ⣿⣿⣿⣿⣿⣿⣿⣿⣿⣿⣿⣿⣿⡏⣿⣦⡙⠄⠄⠁⢸⣿⣿⣿⣿⣿⣿⣿⣿ ⣿⡙⠿⣿⣿⣿⣿⣿⣿⣿⣿⣿⠿⠁⣿⣿⣷⣌⠄⠄⠘⣿⣿⣿⣿⣿⣿⣿⣿ ⣿⣿⣦⣀⡨⣝⡻⠿⣻⣿⣧⣄⠄⠄⣿⣿⣿⣿⣿⣦⡀⢻⣿⣿⣿⣿⣿⡿⠿ ⣿⣿⣿⣿⡇⢿⡛⢿⣿⣿⣿⣿⣧⠘⣿⣛⣻⣿⣿⣿⣿⣤⡿⢿⠿⣛⡃⠄⣸ ⡹⣿⣿⣿⣿⣼⣷⣶⣝⢿⣿⣿⣿⣧⣿⣿⣿⣿⣿⣿⣿⣿⡿⠟⣿⢇⣈⣼⣿ ⣿⣜⢿⣭⢻⣿⣿⣿⣯⢧⠙⢻⠛⣛⣛⠛⠛⠿⠿⠟⣛⣥⣶⣼⢏⣾⣿⣿ ⣿⣿⣎⠿⣇⢻⣿⣿⣿⡌⢷⣆⢭⣓⣒⣒⣛⣣⣶⠞⣵⣿⣿⣿⡿⣱⣾
1449850,1,문제 해결의 4요소가 뭔지 아시나요?  바로 공감 설득 대화 그리고 듀얼입니다.  내 말이 맞는지 틀린지는 듀얼로 증명해라!
1449850,1,⢿⣿⣷⣀⠈⠓⠌⠂⠘⢆⠈⢙⣎⢣⠘⡆⢣⡛⣿⡇⢀⡙⠚⠶⠶⠿⠷⠶⠒ ⣾⠿⣿⣿⣦⣄⣁⣀⣠⡀⠡⠄⠳⡛⢆⠱⠈⢧⣿⡇⠸⠟⠉⠐⠠⠄⠄⠄⣼ ⣿⣷⣬⣉⣛⣛⠛⠿⠿⣧⣷⣦⣄⠘⢿⡆⠡⠘⣀⡇⢠⣶⣷⣮⣤⣤⣴⣿⣿ ⣿⣿⣿⣿⣿⣿⣿⣿⣿⣿⣿⣿⣿⣷⡀⢿⡀⠄⠉⡇⢸⣿⣿⣿⣉⣉⣉⣉⣉ ⣿⣿⣿⣿⣿⣿⣿⣿⣿⣿⣿⣿⣿⡏⣿⣦⡙⠄⠄⠁⢸⣿⣿⣿⣿⣿⣿⣿⣿ ⣿⡙⠿⣿⣿⣿⣿⣿⣿⣿⣿⣿⠿⠁⣿⣿⣷⣌⠄⠄⠘⣿⣿⣿⣿⣿⣿⣿⣿ ⣿⣿⣦⣀⡨⣝⡻⠿⣻⣿⣧⣄⠄⠄⣿⣿⣿⣿⣿⣦⡀⢻⣿⣿⣿⣿⣿⡿⠿ ⣿⣿⣿⣿⡇⢿⡛⢿⣿⣿⣿⣿⣧⠘⣿⣛⣻⣿⣿⣿⣿⣤⡿⢿⠿⣛⡃⠄⣸ ⡹⣿⣿⣿⣿⣼⣷⣶⣝⢿⣿⣿⣿⣧⣿⣿⣿⣿⣿⣿⣿⣿⡿⠟⣿⢇⣈⣼⣿ ⣿⣜⢿⣭⢻⣿⣿⣿⣯⢧⠙⢻⠛⣛⣛⠛⠛⠿⠿⠟⣛⣥⣶⣼⢏⣾⣿⣿ ⣿⣿⣎⠿⣇⢻⣿⣿⣿⡌⢷⣆⢭⣓⣒⣒⣛⣣⣶⠞⣵⣿⣿⣿⡿⣱⣾
1449850,1,"지금 1티어덱은 없는데 환경이 개쓰버 더러워 뒤진다 밥,버거덱 거대전함덱 낙인 굴리고 있는데 뭐 재미있지는 않음 ㅋ 그냥 6개월에 한번정도 와서 해야겠다."
1449850,0,듀링이랑 원작애니 좋아하는 사람한텐 너무 무거움.. 오프라인 듀얼이나 하스스톤 같은거 마니아한테 훨씬 잘맞을듯 추억만 가지고 하기에는 너무 복잡하고 근본 다디짐 그리고 진짜 불친절하다
1449850,1,⢿⣿⣷⣀⠈⠓⠌⠂⠘⢆⠈⢙⣎⢣⠘⡆⢣⡛⣿⡇⢀⡙⠚⠶⠶⠿⠷⠶⠒ ⣾⠿⣿⣿⣦⣄⣁⣀⣠⡀⠡⠄⠳⡛⢆⠱⠈⢧⣿⡇⠸⠟⠉⠐⠠⠄⠄⠄⣼ ⣿⣷⣬⣉⣛⣛⠛⠿⠿⣧⣷⣦⣄⠘⢿⡆⠡⠘⣀⡇⢠⣶⣷⣮⣤⣤⣴⣿⣿ ⣿⣿⣿⣿⣿⣿⣿⣿⣿⣿⣿⣿⣿⣷⡀⢿⡀⠄⠉⡇⢸⣿⣿⣿⣉⣉⣉⣉⣉ ⣿⣿⣿⣿⣿⣿⣿⣿⣿⣿⣿⣿⣿⡏⣿⣦⡙⠄⠄⠁⢸⣿⣿⣿⣿⣿⣿⣿⣿ ⣿⡙⠿⣿⣿⣿⣿⣿⣿⣿⣿⣿⠿⠁⣿⣿⣷⣌⠄⠄⠘⣿⣿⣿⣿⣿⣿⣿⣿ ⣿⣿⣦⣀⡨⣝⡻⠿⣻⣿⣧⣄⠄⠄⣿⣿⣿⣿⣿⣦⡀⢻⣿⣿⣿⣿⣿⡿⠿ ⣿⣿⣿⣿⡇⢿⡛⢿⣿⣿⣿⣿⣧⠘⣿⣛⣻⣿⣿⣿⣿⣤⡿⢿⠿⣛⡃⠄⣸ ⡹⣿⣿⣿⣿⣼⣷⣶⣝⢿⣿⣿⣿⣧⣿⣿⣿⣿⣿⣿⣿⣿⡿⠟⣿⢇⣈⣼⣿ ⣿⣜⢿⣭⢻⣿⣿⣿⣯⢧⠙⢻⠛⣛⣛⠛⠛⠿⠿⠟⣛⣥⣶⣼⢏⣾⣿⣿ ⣿⣿⣎⠿⣇⢻⣿⣿⣿⡌⢷⣆⢭⣓⣒⣒⣛⣣⣶⠞⣵⣿⣿⣿⡿⣱⣾
1449850,1,난 듀얼 중독이 아니야! 듀얼 중독인지 아닌지는 듀얼로 결정하자!
1449850,0,"이 게임이 성공할 수 있는 방법은 옛날카드들 덱들은 옛날카드 덱이랑 대결할 수 있게 해주는 것 링크, 펜듈럼이 진짜 게임을 망쳤다. 게임이 너무 노잼이 되는 것 같다. 이만 난 간다. 망할 게임 링크스나 해야지."
1449850,0,니시간 존나 중요한데 이딴게임에 시간 쓰지마라  승패? 가위바위보로 정하자씨발게임
1449850,1,그지 같아도 손에서 안 놔지는 담배 같은 게임.... 너희는 이런 거 피지 마라......
1449850,0,"3주년이라 복귀해봤는데 뭐 핵쟁이, 중국인 문제점은 그대로네요 한결같은 운영 좋습니다"
1449850,0,LOL을 뛰어넘는 최고의 질병ㄱ 게임이란 칭호도 아까움
1449850,1,TCG중 마나 같은 코스트 없는걸 좋아하는 입장으로서는 최고의 게임.
1449850,0,이런게임을대체왜하는건지나는이해를할수가없다귀중한시간을낭비하지말고가서다른게임을하는게더나을거라고생각한다옛날에했던듀얼의향수에젖어서왔다면뒤로돌아가기버튼을클릭하는게좋다더이상그때그감성으로즐길수있는게임이아니다굳이하겠다면친구하나구해서똥딕만들어서하면재밌긴하겠는데그럴가치없는게임임제발그냥하지마라면하지마
1449850,0,이 게임을 하지 않는다면 인생 절반을 손해보지만 이 게임을 하면 인생 전부를 손해본다.
1449850,1,⠀⡀⠀⠀⠀⠀⠀⠀⠃⠀⠀⠀⠰⠐⠀⠀⠀⠸⡀⠠⠀⠀⠀⠀⠀⠀⠀⠀⠀⠀⠀⠀⠀⠀⠢⢄⡀⠀⠀⠀⢀⠙⢄⠀⠀⠁⠄⡀⠘⡁ ⠀⢡⠀⠀⠀⠀⠀⠀⡇⠀⠀⠀⣰⣇⠀⠀⠀⠀⢇⠀⡀⠀⠀⠀⠀⠀⠀⠀⠀⠀⠀⠀⠀⠀⠐⠠⡉⠒⠤⣀⠀⠑⠀⠑⢤⣄⠀⠈⠲⢇ ⠀⠀⡀⠀⠀⡀⠀⠀⠁⠀⠀⣰⠏⠘⡆⠁⠀⠀⠈⡂⠀⠀⡌⠢⢄⠀⠀⠁⠐⠄⢀⠀⠄⣀⠀⠀⠈⠲⢄⢀⠑⠲⣤⣀⡂⠅⣤⣥⣴⢤ ⠀⠀⠡⠀⠀⠁⠀⠀⠀⠀⢠⣏⡑⢄⠈⡄⠡⡀⠀⠸⡈⡄⠈⢆⠀⠐⠤⡀⠀⠀⠀⠉⠑⠢⠥⢒⡤⣀⠀⠑⠫⢘⠒⠬⢸⣷⣿⣻⢾⣿ ⡀⠀⠈⠆⠀⢁⠀⠀⠢⠀⢸⠃⠈⠲⣌⠢⡠⡑⡄⠀⢱⠸⠀⠀⣷⡄⣀⣈⣑⣒⣀⣀⠤⣤⠄⠤⡞⢛⣉⠐⠀⢄⡑⢤⣾⣿⣿⣿⣿⣿ ⡝⣆⠀⠰⡀⢸⣇⠀⠀⢷⣸⠀⠀⠀⠉⠓⠓⠛⠮⣢⠀⢃⢁⠀⣿⠤⠾⢷⡿⠟⠀⠀⠐⠁⠀⡼⠘⡹⠁⠀⠤⠼⢌⡑⢾⣿⣯⣟⣿⣿ ⡇⠿⠱⡄⢁⠀⡆⢡⢷⣼⠈⠀⠀⠀⠉⠁⠀⠀⠀⠀⠑⠄⠣⣇⢈⠀⠀⠀⠤⠤⠄⠂⠀⠀⢸⠁⠀⢁⡄⠀⠀⠀⠀⠈⠉⠉⠙⢿⣿⣾ ⢹⣶⠀⠈⢢⢅⢅⣼⢿⣼⡄⠀⠀⠀⠀⠀⠀⠀⠀⠀⣠⠀⠁⠭⣎⠀⠀⠀⠀⠀⠀⠀⠀⠀⣤⠔⠉⠉⠀⠀⠀⠀⠀⠀⠀⠀⠀⠀⠍⠻ ⠄⢏⣠⣴⣾⣻⣞⣿⣿⣿⣧⠀⠀⠁⠂⠀⠄⠀⠈⠻⡏⠀⠀⠀⠙⠆⠀⠀⠀⡀⠄⠀⠀⡸⠋⠀⠀⡄⠀⠀⠀⠀⠀⠀⠀⠀⠀⠀⠀⠀ ⣾⣮⣿⣿⣿⣿⣿⣿⣿⣿⣿⣷⡀⠀⠀⠀⠁⠀⠀⠀⠁⠀⠀⠀⠀⠀⣀⠄⠈⠀⠀⢀⠎⠀⠀⠀⠀⠁⠀⠀⠀⠀⠀⠀⠀⠀⠀⠀⠈⡄ ⣿⣿⣿⣿⣿⣿⣿⣿⣿⣿⣿⢷⣿⣄⠂⠀⠀⠀⠑⠐⠂⠀⠀⠔⠂⠀⠀⠀⠀⢀⠔⠁⠀⠀⠀⠀⠀⠀⠀⠀⠀⠀⠀⠀⠸⠀⠀⠀⠀⠁ ⣿⣿⣿⣿⣻⣿⣿⣿⣿⣿⣿⢿⣿⣿⣆⠄⠀⠀⠀⠀⠀⠀⠀⠀⠀⠀⠀⡀⢀⠎⠀⠀⠀⠀⠀⡀⠀⠀⠀⠀⠀⠀⠀⠀⠀⠀⠀⠀⠀⠀ ⣿⣿⣿⣿⣽⣻⣿⣿⣿⣿⣿⣿⣿⣿⣿⣦⡀⠀⠀⠀⠈⠉⠀⠀⠀⠀⣀⡔⠁⠀⠀⠀⠀⠀⠀⠀⠀⠀⠀⠀⠀⠀⠀⠀⠀⠀⠀⠀⠀⠀ ⣿⣿⣿⣿⣿⣭⣿⣿⢿⣿⣿⣿⣿⣿⣿⣿⣧⡀⠀⠀⠀⠀⠀⠀⠀⣰⠊⢄⠀⠑⡄⠀⠀⠀⠀⠀⠀⠀⠀⠀⠀⠀⠀⢀⠌⠀⠀⠀⠀⠀ ⣿⣟⣟⣿⣷⣿⣿⣿⡯⣏⣿⣿⣿⣿⣿⣿⣿⣷⡄⠀⠀⠀⠀⢀⣔⠁⠀⠀⠂⠀⠈⢆⠀⠀⠀⠀⠀⠀⠀⠀⠀⠀⠀⠀⠀⠀⠀⠀⠀⠀ ⣿⣿⡿⣿⣿⣿⣿⢺⣿⣿⣵⣿⣾⣿⣿⣿⣿⣿⣿⣶⣦⠤⠔⠁⠉⠉⠒⠂⠄⠀⠀⠘⡄⠀⠀⠀⠀⠀⠀⠀⠀⠀⠀⠀⠀⠀⠀⠀⠀⠀ ⣿⣿⣿⣿⣿⣿⣿⣿⣿⣿⣿⣿⣯⣿⣿⣿⣿⣿⡿⢿⢿⣇⠐⠀⡀⠀⠀⠀⠀⠀⠀⠀⠘⠄⠀⠀⠀⠀⠀⠀⠀⠀⠀⠀⠀⠀⠀⠀⠀⠀ ⣿⣿⣿⣿⣷⣷⣿⣟⣻⢿⣿⣿⣯⣿⣿⣿⣿⡿⣥⡿⣽⣿⣧⡀⠀⠀⠀⠀⠀⠀⠀⠀⠀⡼⣆⠀⠀⠀⠀⠀⠀⠀⠀⠀⠀⠀⠀⠀⠀⢠ ⣿⣿⣿⣿⣿⣿⣿⣿⣿⣿⣿⣿⣿⣿⣿⣿⣛⢆⣿⣿⣿⣿⣿⣿⣄⠀⠀⠀⠈⠀⠀⠀⢀⣿⣿⣄⡀⠀⠀⠀⠀⠀⠀⠀⠀⠀⠀⢀⣴⣿
1449850,0,그냥 현재 유희왕 ㅈㄴ 노잼임. 티키타카개념이 없이 그냥 혼자 게임함 너뭐할거있음? 그래서 어쩔? 이런식의 벽듀얼이 다임 하다보면 열받고 화가나는데 할수있는게없음 반대상황일때 내가그러고있으니까
1449850,1,제발 생각이란게 있으면 단판제에서 이상한 메타비트는 좀 잡아라
1449850,1,일단 유희왕 할줄 알면 재밌습니다 생각보다 뉴비가 무과금으로 덱 2개 (중간 비싼거 2개 정도) 맞추기에는 정말 좋습니다 근데 2개 이후부터는 무과금으로 덱 맞출려면 진짜 오래걸림 울레가 많이 들어가는 비싼덱은 좀 걸릴수도 있습니다
1449850,1,진짜 가면 갈수록 좆사기 카드들 밖에 안나오네:: 티아라멘츠나온 시점에서 랭크 돌릴맘이 싹사라짐
1449850,1,"충혹마, 나의 사랑. 충혹마, 나의 빛. 충혹마, 나의 어둠. 충혹마, 나의 삶. 충혹마, 나의 기쁨. 충혹마, 나의 슬픔. 충혹마, 나의 안식. 충혹마, 나의 영혼. 충혹마, 나."
1449850,1,"초딩 시절 친구들과 했던 듀얼, 애니에서 느꼈던 가슴벅참을 기대하고 왔다면 잘못 찾아왔다.  테크닉과 트렌드, 뇌지컬이 중요한 복잡한 게임이 되었을 뿐이다.  하지만 낭만이 담긴 개똥덱으로 승리했을 때의 쾌감은 이루말할 수 없다."
1449850,1,듀에르 카이시로 센켄시루! 이소노! HAAAAAAAAEEEEEEEE------
1449850,1,드로 몬스터 카드!! 드로 몬스터 카드!! 드로 몬스터 카드!! 드로 몬스터 카드!! 드로 몬스터 카드!!
1449850,0,dfdfdfsdfsdfsdfsdfsdfsdfsdfsdfsd
1449850,1,"※ 600시간 조금 넘게 한 시점에서 남기는 평가입니다.  장점 :  - 유희왕이라는 카드 게임에 접근하기 가장 용이함  (오프라인도 하면 익숙해진다고는 하나 초심자 입장에서 격겜 첫 입문하듯이 벽이 느껴지는 건 사실)   - 가성비 있게 맞출 수 있는 덱  (사이드를 포함해서 최소 70장을 맞춰야 하는 오프라인의 경우 현재 환경에 맞는 카드를 얻고 부가적인 덱 케이스, 카드 슬리브, 프로텍터 등을 다 합치면 덱 하나를 맞추는 데 드는 가격이 상당함, 반면 마듀의 경우 계정 생성 후 각종 젬이 주어지는 것과 특설 세트 상품을 통해 필수 카드들을 어느 정도 쉽게 구할 수 있음)   - 체인 타이밍 등에 친절함  (스펠 스피드나 효과의 적용이 되는가 안 되는가는 심화 과정이라고 쳐도 카드의 효과를 쓰고 싶은데 몰라서 못 쓰게 되는 경우는 거의 드뭄)   - Live 2D가 매력적임  단점 :   - 할인 젬 이외에는 젬 가격이 비쌈  (일반 젬의 경우 1 : 1.8~2 정도의 교환비를 보여 가성비가 심히 좋지 않음)   - 단조로운 솔로 모드  (패트랩 등 현 환경에 맞는 덱으로 구성시켜서 솔로 모드로도 연습이 용이했으면 하는 마음임, 금지 카드들은 빼줬으면 좋겠고)   - 매크로를 잡지 않는지?    - 이벤트가 항상 100% 만족하기 쉽지 않다지만 얘네는 이벤트를 좀 못 만듬 (이벤트가 만족스러우면 미션이 너무 치우쳐 있거나, 이벤트 금제가 이상하다던지...)   - 기업이므로 이익을 추구하는 건 맞지만 얘넨 너무 노골적이라서 질리는 사람이 늘 수 밖에 없음 (판매량이 보증되는 사기 카드, 테마에 대한 솜방망이식 금제가 대표적)   중립 :  - OCG, TCG와는 다른 환경에 단판 구성이라 독자적인 환경이 생성되어있는데 이를 이용한 금제 테스트나 새로운 시도가 엿보임 (일례로 23.10.30 발매 예정인 하염의 구희 오프라인과의 동시 발매, 한국 기준 미발매 된 카드 역시 사용이 가능한 점, 티아라멘츠 메이루의 금지로 오프라인과는 전혀 다른 양상으로 흘러가는 환경권 등)   - 매 달 마스터 1 달성하기, Duelist Cup 금장 달성하기 등 하드하게 본인을 굴리는 것이 아니라면 일일 퀘스트와 이벤트로     쥐어주는 젬들을 모아서 달에 한 두개 정도 덱을 맞출 수 있음 (범용 UR이나 SR, UR 가루나 SR 가루가 쌓이기 시작하면 더욱 가속도가 붙음, 다만 개인별 편차가 큰 의견이라고 생각)   - 어찌되건 유희왕을 처음 접하는 사람에게 가장 접근이 쉬운 게임 환경임 (오프, 듀링, 비공식 게임류 등을 다 아우렀을 때)   최종 평 : 이런저런 장단점이나 의견이 분분할 수 있는 요소가 많은 게임인 건 맞지만 어쨌든 가볍게 하루 30분 정도                뇌 굴려가며 딱지 치기 딱 알맞은 게임이다.   ""나는 듀얼로 죽는다면 만족한다."""
1449850,0,상대의 특수소환 견제를 하기위해 던진 증식의 G를 막기위한 하루 우라라를 막기위한 무덤의 지명자를 막기위한 저택 와라시를 막기위한 말살의 지명자를 막기위한 세트카드 무한포영을 막기위한 레드리부트를 발동 시발 이게 무슨소리인지 나도 모름
1449850,0,tlqkf 내가 이딴겜 다시하나봐라 좆같은 병신겜 걍 돈쳐 지르라는거잖아 이거는? 차라리 디맥이나 하러감 씨발새끼들아
1449850,1,코나미가 길거리에 듀얼리스트들이 돌아다니는것이 마음에 들지 않아 듀얼리스트들을 방구석에 봉인하기 위하여 만든 게임
1449850,0,밸붕 좆사기오버파워카드만 존나 내고 밸패 1도 안함 좆망겜 로망 다 뒤짐
1449850,1,개좆버러지 겜 나는 맨날 동전 지고 맨날 후공하고 후공하면 증지 안잡히고 증지 잡혀도 상대 우라라 지명자있고 어쩌다 선공 잡히면 맨날 패 말리고 상대는 맨날 증지 있고 나는 우라라 지명자 없고 시발 개 좆 같 은 겜.
1449850,1,게임 자체는 뭐 나쁘지 않게 만들었음. 유희왕 게임들 중에선 가장 괜찮다고 생각함. 근데 게임성과는 별개로 유희왕과 관련 정보가 없는 사람이 처음 이 게임을 하는 것은 말리고 싶음. 본질적인 유희왕 자체의 문제 때문이기도 하지만.
1449850,0,진지하게 카드 이딴식으로 풀꺼면 차라리 에도프로나 오메가 하러감
1449850,0,개 ㅄ 같은 게임 진짜 10판동안 선턴에 패트랩 꽉 주고 후공에 전개패주는 사람 엿먹이는 시스템
1449850,0,게임은 하대 렝크겡임하는거 비추천합니다 외국인 애새끼들 지 패 먈렸다고 시간끄는 비매너 행위가 수두룩함
1449850,1,님들 가장 자신이 생각하는 가장 좃같은 싫은 콤보 뭐가 있음? 저는 제가 사용하는  빅웰컴 > 레이디 오브 라뷰린스 효과 > 차원장막 세트 > 쿠클락 특소 > 쿠클락 바운스 > 쿠클락 효과 > 차원장막사용
1449850,1,티아라 뒤져서 티어환경 자체는 괜찮긴 한데 크샤펜 이새끼 그냥 금지 보냈어야 함 뭔 준제여 ㅋㅋ OCG는 딜리셔스 준제 먹였던데 마듀도 그거 빨리 시급해보이고  그것뿐만 아니라 그냥 지금 티어덱 다 나가리 시켜야됨 전개덱들이 선턴에 증G 막으면 가불기를 떡발라놔서 뚫기가 거의 불가능한 수준; 비스테드 크샤 티아라 이 세 테마가 진짜 다 망치는 중 루벨리온도 그냥 금지 갔으면 하고.
1449850,1,"이런 젠장, 털뭉치들한테 내 땅기계 열차덱이 지다니..."
1449850,1,요즘의 풀전개덱들에는 못 따라가는 얫날 듀얼리스트라 라뷰린스 덱 잘 쓰고 갑니다
1449850,0,ㅋㅋㅋㅋ정공새끼들 티어덱으로 선공하나 쳐먹어서 대가리 좆도 안굴리고 이기는데 어디가서 실력겜이라고 하지마라 ㄹㅇㅋㅋ
1449850,0,코나미 쥬밥것들은 대뇌에 흑사병이라도 걸렸나. 무슨 매칭을 10판이상하는데 거의 9판 이상은 뒷면만 존나 나오고 ㅈ사기덱 유저들만 매칭잡게한게 ㅈ나 ㅈ같이도 게임돌게한다 C발거
1449850,1,진짜 벽보고 대화하는 느낌 시발 자기들 할 말만 해 미친 놈들이 대결게임이면 대화를 해 미친놈들아!!!!!!!!!!!!!!!!! ps. 메르피 너무 귀여움 ㅎ
1449850,1,⢿⣿⣷⣀⠈⠓⠌⠂⠘⢆⠈⢙⣎⢣⠘⡆⢣⡛⣿⡇⢀⡙⠚⠶⠶⠿⠷⠶⠒ ⣾⠿⣿⣿⣦⣄⣁⣀⣠⡀⠡⠄⠳⡛⢆⠱⠈⢧⣿⡇⠸⠟⠉⠐⠠⠄⠄⠄⣼ ⣿⣷⣬⣉⣛⣛⠛⠿⠿⣧⣷⣦⣄⠘⢿⡆⠡⠘⣀⡇⢠⣶⣷⣮⣤⣤⣴⣿⣿ ⣿⣿⣿⣿⣿⣿⣿⣿⣿⣿⣿⣿⣿⣷⡀⢿⡀⠄⠉⡇⢸⣿⣿⣿⣉⣉⣉⣉⣉ ⣿⣿⣿⣿⣿⣿⣿⣿⣿⣿⣿⣿⣿⡏⣿⣦⡙⠄⠄⠁⢸⣿⣿⣿⣿⣿⣿⣿⣿ ⣿⡙⠿⣿⣿⣿⣿⣿⣿⣿⣿⣿⠿⠁⣿⣿⣷⣌⠄⠄⠘⣿⣿⣿⣿⣿⣿⣿⣿ ⣿⣿⣦⣀⡨⣝⡻⠿⣻⣿⣧⣄⠄⠄⣿⣿⣿⣿⣿⣦⡀⢻⣿⣿⣿⣿⣿⡿⠿ ⣿⣿⣿⣿⡇⢿⡛⢿⣿⣿⣿⣿⣧⠘⣿⣛⣻⣿⣿⣿⣿⣤⡿⢿⠿⣛⡃⠄⣸ ⡹⣿⣿⣿⣿⣼⣷⣶⣝⢿⣿⣿⣿⣧⣿⣿⣿⣿⣿⣿⣿⣿⡿⠟⣿⢇⣈⣼⣿ ⣿⣜⢿⣭⢻⣿⣿⣿⣯⢧⠙⢻⠛⣛⣛⠛⠛⠿⠿⠟⣛⣥⣶⣼⢏⣾⣿⣿ ⣿⣿⣎⠿⣇⢻⣿⣿⣿⡌⢷⣆⢭⣓⣒⣒⣛⣣⣶⠞⣵⣿⣿⣿⡿⣱⣾
1449850,0,"DM시절부터 플레이해왔지만 새로운 유저에게 추천할만한가를 따지자면 저는 아니라고 생각합니다. 이는 유희왕이라는 게임 자체에 대한 평가입니다.  유희왕은 TCG용어로 퍼미션 즉 무효화를 중심으로 진행됩니다. 상대방이 하고자 하는 것을 무효화시켜 방해하고, 내가 하고픈 것을 방해하지 못하게 상대방의 카드를 무효화시킵니다. 초보자는 무언가의 행동을 하고싶어도 행동을 하고자 하는 족족 무효화에 막혀버립니다. 이는 자신의 턴 상대의 턴을 가리지 않습니다. 숙련된 유저가 첫 턴(선공)을 가져간다면 자신의 턴에 온갖 카드들을 수 없이 펼쳐서 집을 짓습니다. 그리고는 초보 유저가 하려는 행동을 모두 방해합니다. 초보 유저가 선공을 가진다면 어떨까요? 무언가 행동을 하고자 할 떄마다 패트랩이라고 불리우는 카드가 방해합니다. 숙련된 유저라면 이러한 방해를 받고서도 방향을 바꾸어 진행하거나, 처음부터 패트랩에 방해를 받지 않도록 하는 방법을 알고 있습니다. 이를 초보유저가 알기는 어렵습니다. 초보 유저의 모든 행동은 방해받고 어떠한 행동도 하지 못한 채 다음 턴에 패배하는 경험은 심히 불쾌할 수밖에 없습니다.  유희왕의 환경은 꾸준히 가속화된 결과. 지금의 환경은 패트랩과 같은 카드가 없으면 후공은 선공에게 거의 반드시 패배합니다. 자신의 차례가 온 적이 없더라도 상대의 차례에 간섭할 수 있는 카드가 있어야만 가능한 환경이라는 것은 심히 기형적입니다. 턴제라는 게임 구조를 무너뜨려야 갖추어지는 균형이라는 뜻이니까요. 이는 티아라멘츠라는 테마의 발매 이후 더욱 심각해졌습니다. 티아라멘츠는 아예 상대방의 턴과 자신의 턴에 대한 차이가 거의 없습니다. 턴제라는 구조는 무너졌습니다. 티아라멘츠는 제재된다 하여도 유희왕의 미래는 턴제라는 기반이 무너진 게임일 것입니다.  턴제였기에 좋아했고, 많은 덱을 갖추며 긴 시간 즐겨왔습니다. 유희왕의 역사상  벨런스가 맞았던 적은 많지 않았다지만 턴제 게임의 구조를 가졌던 유희왕은 이제 없다고 생각합니다.  턴제게임이라서 하고싶은 유저가 있다면 권하지 않습니다. 유희왕 자체의 구조를 알고서 하고 싶으시다면 저는 권하겠습니다. 그래도 유희왕은 재미있으니까요. 저에겐 아니지만요."
1449850,0,"만약 당신이 옛 유희왕을 꿈꾸고 왔다면 희망을 버리고 떠나라.  이 게임은 그 유희왕도 아닐뿐더러 tcg의 t자도 제대로 구축하지도 못한 게임이다.  이미 티어 덱과 비티어 덱의 파워밸런스는 크리링과 손오공이 아니라 전투력 5 농부와 오지터  정도의 차이로 그 격차가 심하다.   뭐 이긴다면야 일단 구색은 tcg다 보니 상대가 손패가 말려서 이길 때도 있을 것이다.  하지만 명심할 건 그것은 정말정말정말정말정말정말정말 운이 좋아서 이긴거지. 머리를 써서 이겼거나 유대의 힘으로 이긴건 아니므로 착각하지 않았으면 좋겠다.   아니 계속 착각을 하며 해줬으면 좋겠다.  서로 니 한턴 내 한턴 니효과 한번 내효과 한번 이러면서 턴제 rpg마냥 싸우는 애니메이션과 달리 현실 듀얼은 당신의 손패와 필드와 묘지를 막아버리고는 일방적으로 상대를 샌드백으로 만들고 때리는 게임이다.  그렇다고 오프를 생각하고 마듀를 오면 사이드덱에 3선 2승제인 오프와 달리 단판제인 이 게임에서는 다음판이 없기에 상대의 덱에 맞춰 카드를 보충하고 싸운다는것은 꿈에도 꿀 수 없으므로 전략이라는 요소가 배제되기 때문에 그저 어떤 덱을 만나든 딸깍 거리며 내 할거만 하는 그런 딸각딸각게임이다.  ""환경권 카드를 쓰면서 나도 벽듀얼 할거지롱~~"" 이나 ""괜찮다. 나는 티어 안올리고 그냥 하고 싶은 덱으로 하위티어에서 할거야."" 라거나 ""그냥 카드가 이뻐서"" 혹은 ""그냥 애니테마 카드하고 싶어서."" 라는  생각으로 왔다면야  뭐.... 입대를 환영한다. 아쎄이."
1449850,0,겜밸런스도 못맞추면 매크로라도 잘잡아야하는데 신고한사람 4월간 계속만남 심지어 신고횟수 3회로 줄여서 보는 족족 신고못함
1449850,0,어메 잃어버려서 뒤진 겜 맞음 씨발 게임 ㅈ같은 메타 ㅈ같은 카드 팔아먹기 ㅈ같은 운빨
1449850,1,다들 마음속에 로망덱 하나쯤은 있잖아요? 전 블랙페더입니다 하하 이젠 (로망) 아니야...
1449850,0,"장점: 카드게임의 진수 답게 확실히 카드모으고 하는 재미가 있음.   단점: 듀얼 중 튕김 핵 쓰는 유저가 있음, 그리고 듀얼 중에 튕기는 현상이 잦음. 몰수패처리가 됨. 언제 수정할건지 묻고 싶을 정도."
1449850,1,파라디온 펀치! 파라디온 펀치! 파라디온 펀치! 그는...! 신이야..!
1449850,1,siuuuuuuuuuuuuuuuuuuuuuuuuuuuuuuuuuuuuuuuuuuuuuuuuuuuuuuuuuuuuuu
1449850,0,"솔직히 티아라랑 크샤트리라 금제 오프랑 비슷하게 먹여서 나왔으면 겜 수명 못해도 1년은 더 늘었을 거라고 봄 게임만 놓고 보자면 오프라인 카드 게임의 단점을 상당부분 덜어내서 꽤 즐길만 한데 운영진이 티아라 크샤 <- 이 둘에 대한 방법을 찾기보단 결국 독이 든 성배를 선택했다는 느낌이 강하게 든다  이 게임 최대 승리자는 출시 초기부터 트라게, 아다마, 골프공 분기까지만 플레이한 유저라고 봄 골프공이 아무리 엿같아도 그때는 아직 게임에서 불쾌감을 많이 학습하지 않은 시기니까 ㅋㅋㅋ"
1449850,0,최소 반년은 돈 빨아먹을려고 유저수를 제물로 오프라인 전과범 금지카드 그대로 쓸 수 있게 출시하고 선공 뺐기면  금지카드 실컷 구경하다 아무것도 못하고 지는 선공ㅈ망겜 유희왕 치곤 금제 잘 한다는데 글쌔다? 며칠만 해봐도 누구든 이딴 디렉터 보단 잘 할거 같은데
1449850,1,삼환신덱하고 엑조디아덱 같은거만 쓰다가 낭만버리고 크샤트리라쓰니까 너무 재밌네요
1449850,1,"학창시절의 유희왕과 함께한 추억을 안고 게임을 켰는데, 이렇게 사악한 덱이 많다는걸 알아버렸어요"
1449850,1,듀얼 개시를 선언해라 이소노~~~~~~~!!!!!!!!
1449850,1,운빨좆망개똥겜 하지마셈 선공잡으면 딸딸이 치고 이기면 되고 후공 잡으면 딸딸이 구경하다가 싸기  전애 나오셈  근데 가끔 선공 딸딸이 필드 내 손으로 뚫고 죽여버리는 그 쾌감을 못 잊고 아직도 한다
1449850,0,BO3가 없는게 아쉬움... 오프라인에는 있는데 마듀에만 없고 나올기미도 안보인다. BO3가 있으면 좋겠다.  룰도 좀 많이 조잡한 느낌이남.
1449850,0,벨런스따위 ㅈ으로 복고 안맞추는 ㅄ게임 덱테스트 이 외에는 쓸모 없음
1449850,0,마스터듀얼 요약 오호... 너가 덱에서 서치하는 것을 막겠다고??? 너는 그카드를 몬스터카드로 막고 나는 그카드를 몬스터효과로 막고 그 열에 세트되어있는 함정으로 또막고 그 함정을 속공 마법(지명)으로 지정하여 또막고 또다른 몬스터카드로 그 마법카드를 무효하고 그 것을 또 마법카드(지명2)로 막고 이제 체인이 없지만 사실 그 효과는 마침 있었던 지속마법때문에 막히지 않는 효과였고 사실 쓰는 사람조차도 모르는 효과였다로 반복이 될수가있다. 물론 거의 1~3턴에서 거의 끝나지만 다들 한번씩 하다보면 겪는 일들이다보니 만약당신이 혹시나 취양에 맞아서 한다면 하나 당부하겠다. 물고기와 로보트를 조심해.....
1449850,0,시발 10연속 코인토스 패배는 좀 아니지 않나요. 그리고 시발 왜 이것만 통신두절 쳐나
1449850,1,듀듀듀듀듀ㅠ듀듀듀듀듀ㅠㅠㄷ듀ㅠ듀듀듇듀ㅠㄷㅇ러얼얼어러ㅓ러엉러어러어러어러얼어러어러어러어러얼ㅇㄹ
1449850,0,"하지마세요 하위 티어에서는 로망덱 가능한데 그 구간은 져도 티어가 안떨어져서 어느 순간 티어덱만 만나는 구간에 도착합니다. 그리고 티어덱은 이제 더이상 게임으로 볼 수 없을 정도로 불쾌한 덱밖에 없기 때문에 마듀를 할 이유가 없습니다. 뭐 어찌저찌 안접고 남아 돈 써서 티어덱과 필수 카드를 갖췄다고 칩시다. 그런데 이미 고인물밖에 안남은 게임이라 누구랑 만나도 몇 판을 해도 질겁니다. 그럼에도 아직도 안접고 남아서 아득바득 숙련도를 올렸다 칩시다. 그 순간부터는 선공 잡는 쪽이 이깁니다. 극히 일부는 운빨이 극도로 좋거나 나빠서 승패가 갈릴 수도 있지만 그렇게 이기나 동전 던지기로 이기나 똑같습니다. 그것도 이겨내면 이제 그나마 그으나마 간혹가다 아주 가뜸은 재밌는 듀얼을 할 수도 있는데 그쯤되면 이미 선수급이고 단순히 게임으로 즐기는 수준이 아닐겁니다. 그래도 이 게임을 하시겠다고요? 그럼 당신도 패치, 신규팩 나올 때마다 월급을 갖다바치고 스트레스 받은 후에 욕을 한바가지 쏟아붓는 개돼지가 되겠군요. 뭐가 됐든 이건 당신이 원하는 게임이 아니니까 그냥 하지마세요. 참고로 이상한 딕 하다가 이러는게 아니고 티아라 한참 하다가 이번에 크샤 나온거 보고 이 게임은 진짜 아니다 싶어서 그런겁니다. 플탐이 적게 찍혀서 신뢰가 안갈수도 있는데 다른 플랫폼으로 해서 그렇습니다. 암튼 이번에 신규팩이 좋다느니 금제가 좋다느니 그런 얘기들이 들려오기도 하지만 결국 남는건 ㅈ같은 게임 내용, 돈독 이상하게 올라서 유저 쳐내기하는 회사 밖에 없습니다. 마듀를 즐긴다는건 말이 안돼요. 이런 게임에 발 들이는거 아닙니다."
1449850,0,와 진짜 마듀 1주년때 입문해서 여러덱굴리다가 이제 론고 덱만 남았는데 이렇게 금지 간다고??? 론고 너무 좋아해서 이번 일본 여행때 론고 카드 하나 사와서 집에 소장했는데 이렇게 금지 간다고??? 와 진짜 개 너무하다 진짜  진짜 누메론고만 보고 게임했었는데 이렇게 금지 간다고??? 와 진짜  말이 안나온다  키토칼로스가 굳건히 있는데 론고가 금지??????????????????????????????????????????? 진짜 개 너무하다  좆 망겜 접는다 ㅗㅗㅗㅗㅗㅗㅗㅗㅗㅗㅗㅗㅗㅗㅗㅗㅗㅗㅗㅗㅗㅗㅗㅗㅗㅗㅗㅗㅗㅗㅗㅗ  론고 널 잊지 않을게 많이 그리울꺼야  누가 론고 금제 풀리면 말좀
1449850,0,패스티벌 낼거면 랜탈덱도 좋게 해서 해주던가 개똥만 있어서 계속 지네
1449850,1,테크지너스 이 로망 하나만 보고 겜한다 솔직히 누구든지 마음속에 TG 하나 쯤은 달고 살잖아? 그래서 TG 할버드 캐논 소환 모션 언제 나옴?
1449850,1,"유희왕 카드 게임은 원래 오프라인으로 진행되어서 카드를 모으는 데도 돈과 시간이 들어가고, 메인페이즈1, 2, 스탠바이 페이즈, 체인 등의 게임 규칙들이 이 게임을 오랜 시간 알고 지냈던 내게도 실제로 입문하는 데까지 진입장벽이 많았다. 그런데 마스터듀얼에서는 이런 규칙들을 완벽하게 알고있지 않아도 자동으로 발동시점을 알려주기 때문에, '경우에', '때에'와 같은 텍스트가 헷갈려도 이를 직관적으로 파악해서 게임에 적응하기가 훨씬 수월하다.  (25.04.06) 요새 거의 하지 않았지만 데먼스미스 등 티어덱들이 우세한 환경이라고 하니, 개인적으로 즐겜하려는 사람에게는 힘들지 않을까라는 생각을 해본다. 상대가 전개하는 것만 보다가 허무하게 지는 경우도 많을 거고, 이를 따라가려고 해도 전개법을 익히고 어느정도의 돈도 써야 하기 때문에 재미를 붙이는데 시간이 걸릴 것이다.  (24.06.15) 죄보, 스네이크아이와 호루스 등의 테마 카드가 대부분의 덱에 들어가서 중요한 것 같은데, 이번 셀렉션 팩 판매 기간이 종료되면 얻기가 쉽지 않을 것 같아서 새로 입문하는 사람들에게 진입장벽이 될 것 같아 걱정이 되긴 한다. 그래도 돈을 쓰지 않아도 테마 덱 한개는 만들 수 있으니 듀얼 자체를 즐기는 데는 문제가 없을 것이다."
1449850,1,부모의 원수에게 추천하고픈 게임입니다.  평소 원한을 가졌던 분이 있다면 살며시 추억을 되살려주세요.  듀악귀들로 가득찬 12시들에게 살아남은 당신이 악귀입니다.
1449850,0,"유희왕은 항상 최악의 카드 게임 중 하나 입니다. 보통 카드 게임은 각자 턴에 자기것만 하고 서로 주고 받는건데 유희왕에서는 내가 선공인데 상대가 이거 하지 마세요, 저거 하지 마세요, 그 카드도 막을게요. 이러면서 다 막아버립니다.  내 턴이고 니 턴 아닌데?? 물론 과거부터 유희왕은 상대 걸 다 막는 카드를 잔뜩 쌓아놓고 내가 이겼어, 항복해 식의 게임이라 사이드 카드가 중요한데 마스터듀얼은 사이드도 없이 단판이에요, 게임 경험이 굉장히 불쾌합니다.  물론 카드를 돈 주고 사지 않아도 젬과 포인트를 모아 덱을 만들 수 있다는 게 장점이라면 장점이겠습니다.  Disgusting this game, and the worst card game in the world, don't play this i can't play anymore"
1449850,1,"유희왕 살면서 처음 해보는데 하스, 궨트랑은 확실히 다른 맛이 있네요"
1449850,1,유희왕 좋아하는 사람은 100% 하루에 한번 킴 진짜 퀄리티 좋고 원래 유희왕 게임들은 운빨 망겜이었는데 이건 진짜 실력이랑 덱 세팅이 제일 중요한 게임 진짜 한번만 해보셈 헤어나올 수 없음
1449850,0,내가 알던 건 피라미드에서 씨름인데 지금은 뭐가뭔지 하나도 모르겠네
1449850,0,"티아라 환경에서도 플레이 했지만 크샤트리 까지는 무리인것 같네요 만약 지금 시작할려는 뉴비분이 이걸보시면 ""절대"" 지금 하지마세요"
1449850,1,카드 게임이 좋아? 턴제가 좋아? (?) 야무진 소환 씬이 좋아? 그럼 듀얼을 해.
1449850,0,항상 밸런스는 개나줘버리기때문에 비추 +버그 패치는 몇년걸리고
1449850,0,"만약 추억에 젖거나, 아니면 주위에서 영업해서 이 게임을 할 생각이라면 부디, 제발, 그 생각을 접어주기를 바란다.  이 게임은 소위 말하는 개발진 모친 출타한, 그런 게임이다.  이 게임은 금제를 할 생각도 없으며 파워카드 메타카드 같이 당연하게 금기시되어야 할 카드조차 팔아먹기 위해, 상업성을 위해 버젓이 풀어놓는 그런 미친 게임이다.  그냥 하지 마라. 하지 않는 게 맞다.  그냥 쓰레기같은 운영과 쓰레기같은 기획, 그리고 버러지같은 놈들이 만드는 게임이니까, 미래도 암울하다.  미래시? 다 쓰레기다. 어차피 오프 유희왕과는 다른 노선으로 간다는 게 명확하다.  하지 마라. 쓰레기다.  여기에 투자한 내 시간이 아깝다 못해 정말 눈물이 날 정도다.  쓰레기게임.  1점도 아깝다.  0점도 아깝다.  세상에 나오면 안 되는 게임이다."
1449850,1,⢿⣿⣷⣀⠈⠓⠌⠂⠘⢆⠈⢙⣎⢣⠘⡆⢣⡛⣿⡇⢀⡙⠚⠶⠶⠿⠷⠶⠒ ⣾⠿⣿⣿⣦⣄⣁⣀⣠⡀⠡⠄⠳⡛⢆⠱⠈⢧⣿⡇⠸⠟⠉⠐⠠⠄⠄⠄⣼ ⣿⣷⣬⣉⣛⣛⠛⠿⠿⣧⣷⣦⣄⠘⢿⡆⠡⠘⣀⡇⢠⣶⣷⣮⣤⣤⣴⣿⣿ ⣿⣿⣿⣿⣿⣿⣿⣿⣿⣿⣿⣿⣿⣷⡀⢿⡀⠄⠉⡇⢸⣿⣿⣿⣉⣉⣉⣉⣉ ⣿⣿⣿⣿⣿⣿⣿⣿⣿⣿⣿⣿⣿⡏⣿⣦⡙⠄⠄⠁⢸⣿⣿⣿⣿⣿⣿⣿⣿ ⣿⡙⠿⣿⣿⣿⣿⣿⣿⣿⣿⣿⠿⠁⣿⣿⣷⣌⠄⠄⠘⣿⣿⣿⣿⣿⣿⣿⣿ ⣿⣿⣦⣀⡨⣝⡻⠿⣻⣿⣧⣄⠄⠄⣿⣿⣿⣿⣿⣦⡀⢻⣿⣿⣿⣿⣿⡿⠿ ⣿⣿⣿⣿⡇⢿⡛⢿⣿⣿⣿⣿⣧⠘⣿⣛⣻⣿⣿⣿⣿⣤⡿⢿⠿⣛⡃⠄⣸ ⡹⣿⣿⣿⣿⣼⣷⣶⣝⢿⣿⣿⣿⣧⣿⣿⣿⣿⣿⣿⣿⣿⡿⠟⣿⢇⣈⣼⣿ ⣿⣜⢿⣭⢻⣿⣿⣿⣯⢧⠙⢻⠛⣛⣛⠛⠛⠿⠿⠟⣛⣥⣶⣼⢏⣾⣿⣿ ⣿⣿⣎⠿⣇⢻⣿⣿⣿⡌⢷⣆⢭⣓⣒⣒⣛⣣⣶⠞⣵⣿⣿⣿⡿⣱⣾
1449850,0,1.계정 연동 하나밖에 연동 안됨 2.계정 연동 할려는데 시발 맞는데 아니라고 지랄 한다  3.계정을 찾을려고 하는데 아이디 찾을때 같은 말 계속 지랄하네 시발 것이  4.아이디 찾고 비밀번호는 예전에 찍어둔거 찍었는데 애미 시발 맞는데 아니라 계속 우기고 지랄은 한다 지랄을  5.이제는 하다하다 그냥 다 바꾸기로 했는데 비밀번호 바꿀려고 했다 근데 안전비밀번호라고 해주는거 있어 그거 할려는데 안된데 그냥 이겜 하지마 시발 그냥 모바일만 해야지 컴터 유희왕은 그냥 하지마세여 ㅈㄴ ㅈ같이 서비스하네
1449850,0,아니 최소한 오프에서 금제먹은건 출시 안하면 안됩니까?  금제먹은 카드는 그에 합당한 이유가 있는데 펜리르가 제한도 아니고 준제한??  안그래도 티아라멘츠 때문에 랭크 돌리기 싫은데 이제 돌일일 더 없겠습니다 ㅎㅎㅎㅎㅎㅎ
1449850,1,빨리업데이트빨리업데이트빨리업데이트빨리업데이트빨리업데이트빨리업데이트빨리업데이트빨리업데이트빨리업데이트빨리업데이트빨리업데이트빨리업데이트빨리업데이트빨리업데이트빨리업데이트빨리업데이트빨리업데이트빨리업데이트빨리업데이트빨리업데이트빨리업데이트빨리업데이트빨리업데이트빨리업데이트빨리업데이트빨리업데이트빨리업데이트빨리업데이트빨리업데이트빨리업데이트빨리업데이트빨리업데이트빨리업데이트빨리업데이트빨리업데이트빨리업데이트빨리업데이트빨리업데이트빨리업데이트빨리업데이트빨리업데이트빨리업데이트빨리업데이트빨리업데이트빨리업데이트빨리업데이트빨리업데이트빨리업데이트빨리업데이트빨리업데이트빨리업데이트빨리업데이트빨리업데이트빨리업데이트빨리업데이트빨리업데이트빨리업데이트빨리업데이트빨리업데이트빨리업데이트빨리업데이트빨리업데이트빨리업데이트빨리업데이트빨리업데이트빨리업데이트빨리업데이트빨리업데이트빨리업데이트빨리업데이트빨리업데이트빨리업데이트빨리업데이트빨리업데이트빨리업데이트빨리업데이트빨리업데이트빨리업데이트빨리업데이트빨리업데이트빨리업데이트빨리업데이트빨리업데이트빨리업데이트빨리업데이트빨리업데이트빨리업데이트빨리업데이트빨리업데이트빨리업데이트빨리업데이트빨리업데이트빨리업데이트빨리업데이트빨리업데이트빨리업데이트빨리업데이트빨리업데이트빨리업데이트빨리업데이트빨리업데이트빨리업데이트빨리업데이트빨리업데이트빨리업데이트빨리업데이트빨리업데이트빨리업데이트빨리업데이트빨리업데이트빨리업데이트빨리업데이트빨리업데이트빨리업데이트빨리업데이트빨리업데이트빨리업데이트빨리업데이트빨리업데이트빨리업데이트빨리업데이트빨리업데이트빨리업데이트빨리업데이트빨리업데이트빨리업데이트빨리업데이트빨리업데이트빨리업데이트빨리업데이트빨리업데이트빨리업데이트빨리업데이트빨리업데이트빨리업데이트빨리업데이트빨리업데이트빨리업데이트빨리업데이트빨리업데이트빨리업데이트
1449850,0,운영하는게 진짜 너무 속이 보입니다. 여러분 코나미가  절대 머리가 안좋은 놈들이 아닙니다 오히려 엄청나게 좋은 놈들이에요. 초기에 여론 안좋아지니까 대시 가이 금지 때리고 콘키에 금제 떄리던 놈들입니다. 근데 상식적으로 티아라에 솜방망이 금제 하는게 이유가 뭐겠습니까 크샤랑 궁합 좋고 그러니까 크샤 나오면 크샤랑 티아라랑 같이 짝자쿵 하라고 그러라는 거잖아요. 원래도 돈에 미친 회사긴 한데 진짜 골수까지 빨아먹겠다고 이러는게 너무 속이 보입니다. 오프만 봐도 티아라 미친듯이 금제 먹여도 티아라가 살아있는데도 이정도로 밸런스 밸런스 고의적으로 놔두는게 너무 속이보입니다.
1449850,1,나의 시라누이 덱에는 낭만이 있다.                               낭만 있다고
1449850,1,여러 덱들 만나고 상대하면 재밌을거 같은데 그냥 티아라만 만나서 죽이고 시픙ㅁ
1449850,1,로망덱을 만들고 싶다면 일단 첫번째로 해야될꺼  1. 사람들이 욕을 존나 하는 티어덱을 만든다  2. 티어덱으로 랭크전에서 억까하거나 억까당한다  3. 그렇게 파밍한 보석으로 로망덱을 만든다  4. 신팩이 오프라인에서 유저들 부수고 다녔던 덱이라면 로망덱이고 뭐고 그거 뽑는다  이 네가지만 잘 지켜주면 당신도 로망덱 하나 뚝딱
1449850,0,⢿⣿⣷⣀⠈⠓⠌⠂⠘⢆⠈⢙⣎⢣⠘⡆⢣⡛⣿⡇⢀⡙⠚⠶⠶⠿⠷⠶⠒ ⣾⠿⣿⣿⣦⣄⣁⣀⣠⡀⠡⠄⠳⡛⢆⠱⠈⢧⣿⡇⠸⠟⠉⠐⠠⠄⠄⠄⣼ ⣿⣷⣬⣉⣛⣛⠛⠿⠿⣧⣷⣦⣄⠘⢿⡆⠡⠘⣀⡇⢠⣶⣷⣮⣤⣤⣴⣿⣿ ⣿⣿⣿⣿⣿⣿⣿⣿⣿⣿⣿⣿⣿⣷⡀⢿⡀⠄⠉⡇⢸⣿⣿⣿⣉⣉⣉⣉⣉ ⣿⣿⣿⣿⣿⣿⣿⣿⣿⣿⣿⣿⣿⡏⣿⣦⡙⠄⠄⠁⢸⣿⣿⣿⣿⣿⣿⣿⣿ ⣿⡙⠿⣿⣿⣿⣿⣿⣿⣿⣿⣿⠿⠁⣿⣿⣷⣌⠄⠄⠘⣿⣿⣿⣿⣿⣿⣿⣿ ⣿⣿⣦⣀⡨⣝⡻⠿⣻⣿⣧⣄⠄⠄⣿⣿⣿⣿⣿⣦⡀⢻⣿⣿⣿⣿⣿⡿⠿ ⣿⣿⣿⣿⡇⢿⡛⢿⣿⣿⣿⣿⣧⠘⣿⣛⣻⣿⣿⣿⣿⣤⡿⢿⠿⣛⡃⠄⣸ ⡹⣿⣿⣿⣿⣼⣷⣶⣝⢿⣿⣿⣿⣧⣿⣿⣿⣿⣿⣿⣿⣿⡿⠟⣿⢇⣈⣼⣿ ⣿⣜⢿⣭⢻⣿⣿⣿⣯⢧⠙⢻⠛⣛⣛⠛⠛⠿⠿⠟⣛⣥⣶⣼⢏⣾⣿⣿ ⣿⣿⣎⠿⣇⢻⣿⣿⣿⡌⢷⣆⢭⣓⣒⣒⣛⣣⣶⠞⣵⣿⣿⣿⡿⣱⣾  이게 겜이냐 ㅅㅂ
1449850,1,"팽귄,햄버거,나무,해적,용,용사,사무라이등 많은 카테고리를 이용하여 하는 뇌지컬싸움 한번 맛들이면 못접어요"
1449850,0,티아라멘츠 만든 기획자 도데체 무슨 생각으로 만들었냐.....
1449850,0,"게임 시스템은 훌륭합니다. 그러나 답답한 게임 운영, 계속되는 파워 인플레, 노가다보다 재미없는 이벤트 등등 애정이 없으면 하기 힘든 폐사구간이 있습니다"
1449850,0,"게임 업데이트후 실행이 안돼요   unity 2020.3,18f1........."
1449850,1,부분 무료화 게임이지만 깊이가 있고   tcg 장르 좋아하시면 빠질만한 요소가 있따고 생각함   재미있다고 생각합니다   다만 덱을 적절히 구성하는게 생각보다 어려울 수 있음
1449850,0,"3만원을 현질했는데 고작 팩 2개정도만살수있음.  게다가 아무리 열심히 퀘스트,미션,랭겜,솔로모드로 싹다 긁어도 1000개가 안됌 이럴꺼면 팩가격을 내리던지 아님 보상을 후하게주던지 젬가격을 내리던가. 그리고 맨날 처 엘드리치,골프공등 나오는데  이게 카드게임인지 아님 개사기카드 자기턴마다 보여주는 시연회인지 모르겠다. 그냥 제작사 갈아엎고 다시만들자."
1449850,0,굳이 이걸 할 필요가 있을까?  어차피 우리의 뇌가 최고의 그래픽카드고 만능인데... 어차피 댁들 온라인이나 오프라인이나 같이 할 친구도 없잖아.
1449850,0,패치는 너무 늦고 카드풀 추가는 오래걸려 금제도 이상해 나와야 할 카드는 지금까지 안나와 단판제인데 선공은 너무 쎄 진짜 문제 많음 다른 사람들한테 이런걸 어떻게 추천함 제발 정신좀 차리자 제빌 코나미야 이게 무슨 pc 모바일 게임이야 그냥 꼬우면 오프하라는 장난질이지 카드라도 빨리내자 제발
1449850,1,팩만 잘나오면 좋은게임이다 그치만 안나오면 계정리롤해야함 이정도면 리롤하는기능을만들어줘야한다고생각함
1449850,0,이벤트 아무 흥미도 안느껴지는데 이렀게 만들어 해보기는 해봤냐? 어케 뇌를 빼고 뇌를쓸때는 어케해야 돈을 저 흑우들에게서 뽑어먹을까 라는 생각밖에 없는 그지새끼들.
1449850,0,"재미없음. 선공 나와서 막히면 나가야하고. 후공 걸리면 나가야하고, 상대방은 1티어 덱해서 님이 4번 막아도 패 한 장으로 하루종일 풀 전개해도 게임 끝남.   이런 상황이 반복되서 이기고 싶으면 1티어 덱해야함. -> 나오는 덱만 나오고 다른 덱은 거의 안나옴.   본인이 낭만 넘치는 덱을 하고 싶다? 그럼 승리는 포기해야함.   그리고 어치피 무슨 덱이든 전개해서 상대방 무효하는 필드 전개만드는 건 똑같음.   덱 마다 특색이 많이 떨어짐."
1449850,1,하기는 싫은데 막상 하면 재미는 있음 ㅆㅂ 근데 막상 하면 ㅈㄴ 불쾌함 ㅄ겜
1449850,1,스스로 자신의 위기를 연출하고 깔끔하게 반격함으로써 관객들에게 카타르시스를 안겨주는 것! 이것이 킹의 듀얼이다! 킹의 듀얼은 엔터테인먼트가 아니면 안 된다!
1449850,1,간단하게 플레이 할 수 있는 그런 게임 전략도 필요하나 댁도 필요한 게임
1449850,0,뭔지 모르겠음 설명이라도 잘되어있던가 모바일로하다 계정 날라감
1449850,0,"개쓰레기겜 랜뽑 제재없음? 코인토스 이긴판 10번 중 거의 8~9판을 랜뽑만나는데 심지어 코인토스 이겼고, 상대가 랜뽑했는데 무한커넥팅에 빠져서 게임 끄지않으면 암것도 할수가없고, 게임끄면 내가 패배처리됨 이게 맞음?"
1449850,0,"그냥 요즘 환경이 진짜 거지같음 일명 '그 긴거' 로 대표되는 미친듯한 공격권을 지닌 덱들이 한자리 하고있어서 선공 못잡으면 그냥 겜 진수준임 증지? 후와로스? 그냥 자턴 드롤로 씹어버리고 유유히 전개를 끝내버림 우라라 뵐러 포영? 아프지도않음. 막히면 막힌대로 전개 수정하면 결과물은 거기서 거기 40장덱이 고점뚫린 60GS보다 공격권 다양한게 말이 안됨 그냥. 내가 마듀 초창기부터 겜해서 ㅈ노잼 상검 강점기, 티아라 전성기, 천배룡 강림 등등 수많은 시기를 경험해봤지만 그냥 지금이 가장 JOAT임 선공 못잡으면 지는 이런 상황 방치하는것도 꼴받고 그냥 다 맘에 안든다 지금"
1449850,1,초기에는 튜토리얼도 불친절하고 컨텐츠도 적었지만 지속된 업데이트로 해결되는 중이다. 그리고 뉴비들은 첨부터 멋모르고 팩까지 말고 인터넷에서 공략글이라도 찾아보고 덱 맞추는 편이 좋다.
1449850,0,신팩 안지르면 랭겜 못하구요. 팩 나올떄 마다 10만원씩 지르면 할만함. 솔직히 솔로모드 할라고 하는 사람이 얼마나 있을까 모르곘지만 낭만덱 하고 싶으면 인공지능이랑 벽보고 하셈.
1449850,1,"같은 것을 경험하지만 결국 각자의 것만을 생각하게 되는 우리들..  게임의 룰을 익히고 카드를 이해하는 단계를 넘어서 동일한 유형의 덱을 만나고 상대를 탓하기 시작한다면,  그 때 게임을 삭제하시면 됩니다. 그 전까진 충분히 재미있어요. (20만원 정도 썼어요. 이 정도면 충분히 만족하며 플레이 할 수 있다고 생각합니다.)"
1449850,0,"코나미 씨발아 짱게놈들 핵사용하는게 존나 티나는 상황이 얼마나 자주 있는지는 알긴 하냐? 지들 핵잡기 존나 귀찮아서 하루에 3번 제한해놓은 꼬라지가 씨발 게임을 한두번 만든 새끼가 할짓이나 하고 있냐? 심지어 뇌가없는 새끼가 만든었다고 느끼는게 리플레이에 상대패를 못보개 막아놓은거 어떤 새끼 머리에서 나온 ㅈ지랄이냐 뇌가없는 플라나리아도 생각이란걸 하겠다 씨발. 이 새끼들은 생각이란걸 안하고 사는것이 돈만 축내는 버러지새끼다. 하루 신고 제한 3번, 리플레이 상대패 안보여줌, 신고해도 신고에 대한 피드백 ㅈ도없음 제발 뒤지세요. 코나미의 암덩어리들아 듀링때도 그러더니 마듀와서도 이 염병을 떨고 앉아있으니 씨발 성이 안나도 베기냐"
1449850,0,이 그지 발싸개 같은 게임 절대 하지마세요 .님들이 졸라 티어덱만 해도 머리털 빠지고 단판승이라 상대 덱 봐가면서 전략 수정도 안되며 사기카드 계속 팔아먹습니다. 사기 카드 팔아먹는거 까진 괜찮은데 좀 노골적이고 X같은 카드들만 계속 내고 있음. 걍 하지마셈. X같음. 지들이 망하던가 말던가 계속 단타 치려고 하고 맨날 XXX같은 소송이나 쳐하면서 다른 게임 훼방 놓는거 밖에 못하는 세계 최고의 회사 코나미
1449850,1,티아라멘츠 나오고 꼬접했다가 이번 7월금제보고 다시 복귀해봤는데 아직까진 상당히 만족중이다. 이번에 나온 비스테드도 처음부터 선금제를 강하게 때려서 티아라꼴 안난게 좋다(티아라때도 이럴것이지 에휴...). 다만 앞으로 나올 테마 중 '크샤트리라'라는 미친테마가 있기때문에 제2의 티아라사태가 벌어질까봐 두렵다. 사실 그냥 마듀에 안나왔음 좋겠다.
1449850,1,"코로나 이후 TCG 게임의 부흥을 이끈 게임입니다. 22년 출시 후 과거에 유희왕을 즐겼던 유저들, 신규유저들이 대규모 유입되면서 한창 핫했던 게임입니다.   마스터 듀얼은 온라인으로 간편하게 유희왕을 즐길 수 있다는 장점이 있으며, 코나미 아이디 연동을 통해 모바일에서도 데이터를 연동하여 플레이 할 수 있습니다.  마듀를 통해 오프에도 입문한 제가 느끼는 가장 큰 장점으로는 자동 체인 처리 시스템이 있겠네요. 유희왕이 게임자체가 오래된 만큼 여러 복잡한 공식룰과 예외 사례 등을 어느정도는 알아둬야 플레이가 가능합니다. 특히 본인이 챙기지 못하면 효과를 제대로 사용하지 못하게 되는 오프라인 듀얼과는 달리 마듀에서는 이러한 체인을 시스템이 자동으로 빠르게 처리해주므로 체인 처리가 압도적으로 편리하여 시원한 듀얼을 즐길 수 있습니다.  다만 그렇다고 하더라도 게임이 어려운 게임인 것은 여전하여 입문하는 유저들에게 많이 어려운 게임인 것은 맞습니다.  또한 그 악명 높은 코나미 아니랄까봐 제일 잘 나갈 때 노 안 젓고 없데이트로 응수했던 시기가 있었기에 약 5개월동안 업데이트 없이 랜뽑 선공 드라이트론과 같은 티어덱을 만나고, 수많은 버그에 시달리면서 많은 유입층들이 다시 빠져나가게 되었던 사건은 여전히 화가 나네요.  여전히 마듀를 즐기고 있는 유저로서 단점도 많이 느끼지만 그만큼 장점도 많고 재미있는 게임입니다. 생각보다 시간 뚝딱 가요!"
1449850,1,에이 히다리 에이비 웨 빗키 에이 에이 에이 비 에이  에너미 컨트롤러 웨히다리싯타히다리웨웨싯타 에이 싯타싯타 비키비키 에이 히다리에이빗키비히다리히다리에이비빗키빗키히다리빗키빗키에이 에이 에이 에이 히다리빗키히다리 에이 히다리 히다리 웨웨웨웨 빗키비빗키비 웨웨웨웨 히다리 히다리 에이×8빗키빗키에이 험×5 둥듕탁 두둥탁 타닥 에이 히다리 히다리빗키빗키 웨히다리에이에이싯타빗키웨싯타히다리히다리에이웨웨싯타싯타 히다리빗키히다리빗키에이빗키에이히다리히다리비비빗키에이빗키히다리빗키히다리 에이에이비비히다리에이 히다리히다리 히다리히다리 웨웨히다리에이 빗키빗키빗키빗키히다리에이 빗키빗키히다리에이웨웨웨싯타에이히다리히다리히다리빗키웨웨히다리에이 빗키빗키빗키에이×2빗키에이히다리비히다리비에이에이히다리히다리빗키비빗키 퉁퉁탁두퉁탁둥탁 오레노턴 사스가나이타카 리버픈 리버픈 리버스카픈 빗키빗키에이 빗키빗키에이 소레노카스카 빗키빗키에이×3하나마마타빗키빗키에이×3 턴엔드 빗키빗키에이×3  히다리빗키에이에이   빗키빗키에이×3 리버스카픈 빗키빗키에이×2히다리히다리빗키빗키에이빗키빗키에이×9 코노콘도니오데 유히노바스카으아아아아앙
1449850,0,이시즈 4종과 앰씹테드는 그냥 설계부터 잘못된 병신카드  컨텐츠도 없고 할 거 존나없네 병신겜
1449850,1,덱구축이 용이하고 룰이 자동적용되서 애니판유저들이 시작하기 좋음
1449850,0,"겜은 잘만들었는데.........요즘 점점 접고 싶어지는 시즌임.  진짜 좀 로망 덱 살려줘, 티아라 비스테드 점점 미쳐가네....  마술사덱은 왜 권룡 제한인 건데 ㅠㅠ 금제 좀 오프랑 맞춰줘라"
1449850,0,"코나미의 애미뒤진 졸작. 카드 팔아먹는답시고 밸런스고 금제고 죄다 씹창을 내놨네 에휴.... 돈에 눈 돌아가서 좆같은 크샤 티아라같은 초딩 카드만 줄창 찍어내고 파워 인플레는 걷잡을 수도 없고... 이따구로 게임 운영할거면 섭종 때리고 느그들 밥줄인 ""마스터 파칭코""나 만들지 그러냐? 괜히 유저들 떠나고 복합적 평가 테러 당하는 데 이유가 있음ㅇㅇ"
1449850,0,금제 똑바로 안하냐 ㅅㅂ  단판인데 한번 터지면 끝니잖아 선공망겜
1449850,0,선후공 토스부터 엉망에 5티어는 후공취소해도 패널티없고 카드 밸런스나 제한패치 + 추가카드로 견제 밸런스 잡는게 아닌 덱 맞추고나면 다음 카드가 이전카드 견제하면서 이전카드는 제한도 먹이는 2중 너프에 패말림이나 상대에 패트랩 카드만 엄청걸리는 운빨망겜 선공주면 패트랩 퍼미션만 쳐넣고 후공되면 거짓말같이 패 병신같이주고 선후공 토스는 확률이 아직도 지랄맞고 5티어4승구간은 강종해도 패널티없는거 패치도 안했고 밸런스는 나날히 ㅈ망같네
1449850,1,어릴때와는 달라도 카드게임 좋아하면 재밌게 즐길 수 있지않나... 아마.
1449850,0,장점: 추억 속의 딱지 게임이 얼마나 고인 상태인지 알 수 있음.
1449850,1,운빨망겜 10전 4승 6패 9코인토스 패배 9 후공 실화냐
1449850,0,어마무시한 미친 난이도 해도해도 카드효과 30줄넘는거보면 두통만옴
1449850,0,이 게임하는 사람들은 무슨 화성에서 게임하냐... 허구헌날 연결떠서 게임하는것보다 유튜브 보면서 상대턴 기다려주는게 더 많네 인터넷이 븅신같으면 게임을 포기해라...;; 모바일이던지 PC던지 븅신같은 인터넷 잡고 어떻게든 게임하려고 하지말고
1449850,0,20판 하면 4판만 코인토스가 앞면이 나오는데 그냥 통계적으로 사기치는게 맞음 ㅇㅇ 이 새끼들 핵쟁이 안 잡는 이상 그냥 사기 도박판 게임임
1449850,1,말장난 카드 게임   카드에 써져있는 설명을 이해하는것에 플레이어의 지능을 알수 있다  일단 나는 침팬치 확정 우끼끼~  ㅅㅅ
1449850,1,내전개막지마!!!!!!!!!!!!!!!!!!!!!!!!!!!!!!!!!!!!!!!!!!!!!!!!!!!!!!!!!!!!!!!!!!!!!!!!!!!!!!!!!!!!!!!!!!!!!!!!!!!!!!!!!!!!!!!!!!!!!!!!!!!!!!!!!!!!!!!!!!!!!!!!!!!!!!!!!!!!!!!!!!!!!!!!!!!!!!!!!!!!!!!!!!!!!!!!!!!!!!!!!!!!!!!!!!!!!!!!!!!!!!!!!!!!!!!!!!!!!!!!!!!!!!!!!!!!!!!!!!!!!!!!!!!!!!!!!!!!!!!!!!!!!!!!!!!!!!!!!!!!!!!!!!!!!!!!!!!!!!!!!!!!!!!!!!!!!!!!!!!!!!!!!!!!!!!!!!!!!!!!!!!!!!!!!!!!!!!!!!!!!!!!!!!!!!!!!!!!!!!!!!!!!!!!!!!!!!!!!!!!!!!!!!!!!!!!!!!!!!!!!!!!!!!!!!!!!!!!!!!!!!!!!!!!!!!!!!!!!!!!!!!!!!!!!!!!!!!!!!!!!!!!!!!!!!!!!!!!!!!!!!!!!!!!!!!!!!!!!!!!!!!!!!!!!!!!!!!!!!!!!!!!!!!!!!!!!!!!!!!!!!!!!!!!!!!!!!!!!!!!!!!!!!!!!!!!!!!!!!!!!!!!!!!!!!!!!!!!!!!!!!!!!!!!!!!!!!!!!!!!!!!!!!!!!!!!!!!!!!!!!!!!!!!!!!!!!!!!!!!!!!!!!!!!!!!!!!!!!!!!!!!!!!!!!!!!!!!!!!!!!!!!!!!!!!!!!!!!!!!!!!!!!!!!!!!!!!!!!!!!!!!!!!!!!!!!!!!!!!!!!!!!!!!!!!!!!!!!!!!!!!!!!!!!!!!!!!!!!!!!!!!!!!!!!!!!!!!!!!!!!!!!!!!!!!!!!!!!!!!!!!!!!!!!!!!!!!!!!!!!!!!!!!!!!!!!!!!!!!!!!!!!!!!!!!!!!!!!!!!!!!!!!!!!!!!!!!!!!!!!!!!!!!!!!!!!!!!!!!!!!!!!!!!!!!!!!!!!!!!!!!!!!!!!!!!!!!!!!!!!!!!!!!!!!!!!!!!!!!!!!!!!!!!!!!!!!!!!!!!!!!!!!!!!!!!!!!!!!!!!!!!!!!!!!!!!!!!!!!!!!!!!!!!!!!!!!!!!!!!!!!!!!!!!!!!!!!!!!!!!!!!!!!!!!!!!!!!!!!!!!!!!!!!!!!!!!!!!!!!!!!!!!!!!!!!!!!!!!!!!!!!!!!!!!!!!!!!!!!!!!!!!!!!!!!!!!!!!!!!!!!!!!!!!!!!!!!!!!!!!!!!!!!!!!!!!!!!!!!!!!!!!!!!!!!!!!!!!!!!!!!!!!!!!!!!!!!!!!!!!!!!!!!!!!!!!!!!!!!!!!!!!!!!!!!!!!!!!!!!!!!!!!!!!!!!!!!!!!!!!!!!!!!!!!!!!!!!!!!!!!!!!!!!!!!!!!!!!!!!!!!!!!!!!!!!!!!!!!!!!!!!!!!!!!!!!!!!!!!!!!!!!!!!!!!!!!!!!!!!!!!!!!!!!!!!!!!!!!!!!!!!!!!!!!!!!!!!!!!!!!!!!!!!!!!!!!!!!!!!!!!!!!!!!!!!!!!!!!!!!!!!!!!!!!!!!!!!!!!!!!!!!!!!!!!!!!!!!!!!!!!!!!!!!!!!!!!!!!!!!!!!!!!!!!!!!!!!!!!!!!!!!!!!!!!!!!!!!!!!!!!!!!!!!!!!!!!!!!!!!!!!!!!!!!!!!!!!!!!!!!!!!!!!!!!!!!!!!!!!!!!!!!!!!!!!!!!!!!!!!!!!!!!!!!!!!!!!!!!!!!!!!!!!!!!!!!!!!!!!!!!!!!!!!!!!!!!!!!!!!!!!!!!!!!!!!!!!!!!!!!!!!!!!!!!!!!!!!!!!!!!!!!!!!!!!!!!!!!!!!!!!!!!!!!!!!!!!!!!!!!!!!!!!!!!!!!!!!!!!!!!!!!!!!!!!!!!!!!!!!!!!!!!!!!!!!!!!!!!!!!!!!!!!!!!!!!!!!!!!!!!!!!!!!!!!!!!!!!!!!!!!!!!!!!!!!!!!!!!!!!!!!!!!!!!!!!!!!!!!!!!!!!!!!!!!!!!!!!!!!!!!!!!!!!!!!!!!!!!!!!!!!!!!!!!!!!!!!!!!!!!!!!!!!!!!!!!!!!!!!!!!!!!!!!!!!!!!!!!!!!!!!!!!!!!!!!!!!!!!!!!!!!!!!!!!!!!!!!!!!!!!!!!!!!!!!!!!!!!!!!!!!!!!!!!!!!!!!!!!!!!!!!!!!!!!!!!!!!!!!!!!!!!!!!!!!!!!!!!!!!!!!!!!!!!!!!!!!!!!!!!!!!!!!!!!!!!!!!!!!!!!!!!!!!!!!!!!!!!!!!!!!!!!!!!!!!!!!!!!!!!!!!!!!!!!!!!!!!!!!!!!!!!!!!!!!!!!!!!!!!!!!!!!!!!!!!!!!!!!!!!!!!!!!!!!!!!!!!!!!!!!!!!!!!!!!!!!!!!!!!!!!!!!!!!!!!!!!!!!!!!!!!!!!!!!!!!!!!!!!!!!!!!!!!!!!!!!!!!!!!!!!!!!!!!!!!!!!!!!!!!!!!!!!!!!!!!!!!!!!!!!!!!!!!!!!!!!!!!!!!!!!!!!!!!!!!!!!!!!!!!!!!!!!!!!!!!!!!!!!!!!!!!!!!!!!!!!!!!!!!!!!!!!!!!!!!!!!!!!!!!!!!!!!!!!!!!!!!!!!!!!!!!!!!!!!!!!!!!!!!!!!!!!!!!!!!!!!!!!!!!!!!!!!!!!!!!!!!!!!!!!!!!!!!!!!!!!!!!!!!!!!!!!!!!!!!!!!!!!!!!!!!!!!!!!!!!!!!!!!!!!!!!!!!!!!!!!!!!!!!!!!!!!!!!!!!!!!!!!!!!!!!!!!!!!!!!!!!!!!!!!!!!!!!!!!!!!!!!!!!!!!!!!!!!!!!!!!!!!!!!!!!!!!!!!!!!!!!!!!!!!!!!!!!!!!!!!!!!!!!!!!!!!!!!!!!!!!!!!!!!!!!!!!!!!!!!!!!!!!!!!!!!!!!!!!!!!!!!!!!!!!!!!!!!!!!!!!!!!!!!!!!!!!!!!!!!!!!!!!!!!!!!!!!!!!!!!!!!!!!!!!!!!!!!!!!!!!!!!!!!!!!!!!!!!!!!!!!!!!!!!!!!!!!!!!!!!!!!!!!!!!!!!!!!!!!!!!!!!!!!!!!!!!!!!!!!!!!!!!!!!!!!!!!!!!!!!!!!!!!!!!!!!!!!!!!!!!!!!!!!!!!!!!!!!!!!!!!!!!!!!!!!!!!!!!!!!!!!!!!!!!!!!!!!!!!!!!!!!!!!!!!!!!!!!!!!!!!!!!!!!!!!!!!!!!!!!!!!!!!!!!!!!!!!!!!!!!!!!!!!!!!!!!!!!!!!!!!!!!!!!!!!!!!!!!!!!!!!!!!!!!!!!!!!!!!!!!!!!!!!!!!!!!!!!!!!!!!!!!!!!!!!!!!!!!!!!!!!!!!!!!!!!!!!!!!!!!!!!!!!!!!!!!!!!!!!!!!!!!!!!!!!!!!!!!!!!!!!!!!!!!!!!!!!!!!!!!!!!!!!!!!!!!!!!!!!!!!!!!!!!!!!!!!!!!!!!!!!!!!!!!!!!!!!!!!!!!!!!!!!!!!!!!!!!!!!!!!!!!!!!!!!!!!!!!!!!!!!!!!!!!!!!!!!!!!!!!!!!!!!!!!!!!!!!!!!!!!!!!!!!!!!!!!!!!!!!!!!!!!!!!!!!!!!!!!!!!!!!!!!!!!!!!!!!!!!!!!!!!!!!!!!!!!!!!!!!!!!!!!!!!!!!!!!!!!!!!!!!!!!!!!!!!!!!!!!!!!!!!!!!!!!!!!!!!!!!!!!!!!!!!!!!!!!!!!!!!!!!!!!!!!!!!!!!!!!!!!!!!!!!!!!!!!!!!!!!!!!!!!!!!!!!!!!!!!!!!!!!!!!!!!!!!!!!!!!!!!!!!!!!!!!!!!!!!!!!!!!!!!!!!!!!!!!!!!!!!!!!!!!!!!!!!!!!!!!!!!!!!!!!!!!!!!!!!!!!!!!!!!!!!!!!!!!!!!!!!!!!!!!!!!!!!!!!!!!!!!!!!!!!!!!!!!!!!!!!!!!!!!!!!!!!!!!!!!!!!!!!!!!!!!!!!!!!!!!!!!!!!!!!!!!!!!!!!!!!!!!!!!!!!!!!!!!!!!!!!!!!!!!!!!!!!!!!!!!!!!!!!!!!!!!!!!!!!!!!!!!!!!!!!!!!!!!!!!!!!!!!!!!!!!!!!!!!!!!!!!!!!!!!!!!!!!!!!!!!!!!!!!!!!!!!!!!!!!!!!!!!!!!!!!!!!!!!!!!!!!!!!!!!!!!!!!!!!!!!!!!!!!!!!!!!!!!!!!!!!!!!!!!!!!!!!!!!!!!!!!!!!!!!!!!!!!!!!!!!!!!!!!!!!!!!!!!!!!!!!!!!!!!!!!!!!!!!!!!!!!!!!!!!!!!!!!!!!!!!!!!!!!!!!!!!!!!!!!!!!!!!!!!!!!!!!!!!!!!!!!!!!!!!!!!!!!!!!!!!!!!!!!!!!!!!!!!!!!!!!!!!!!!!!!!!!!!!!!!!!!!!!!!!!!!!!!!!!!!!!!!!!!!!!!!!!!!!!!!!!!!!!!!!!!!!!!!!!!!!!!!!!!!!!!!!!!!!!!!!!!!!!!!!!!!!!!!!!!!!!!!!!!!!!!!!!!!!!!!!!!!!!!!!!!!!!!!!!!!!!!!!!!!!!!!!!!!!!!!!!!!!!!!!!!!!!!!!!!!!!!!!!!!!!!!!!!!!!!!!!!!!!!!!!!!!!!!!!!!!!!!!!!!!!!!!!!!!!!!!!!!!!!!!!!!!!!!!!!!!!!!!!!!!!!!!!!!!!!!!!!!!!!!!!!!!!!!!!!!!!!!!!!!!!!!!!!!!!!!!!!!!!!!!!!!!!!!!!!!!!!!!!!!!!!!!!!!!!!!!!!!!!!!!!!!!!!!!!!!!!!!!!!!!!!!!!!!!!!!!!!!!!!!!!!!!!!!!!!!!!!!!!!!!!!!!!!!!!!!!!!!!!!!!!!!!!!!!!!!!!!!!!!!!!!!!!!!!!!!!!!!!!!!!!!!!!!!!!!!!!!!!!!!!!!!!!!!!!!!!!!!!!!!!!!!!!!!!!!!!!!!!!!!!!!!!!!!!!!!!!!!!!!!!!!!!!!!!!!!!!!!!!!!!!!!!!!!!!!!!!!!!!!!!!!!!!!!!!!!!!!!!!!!!!!!!!!!!!!!!!!!!!!!!!!!!!!!!!!!!!!!!!!!!!!!!!!!!!!!!!!!!!!!!!!!!!!!!!!!!!!!!!!!!!!!!!!!!!!!!!!!!!!!!!!!!!!!!!!
1449850,1,"크샤트리라 라는 테마가 제재를 맞기 전까지는 밸런싱에 대한 기대는 접는게 좋다.  즐겜을 위한 저랭크로 가게 되면, 오만가지 테마의 덱을 만들 수 있는 재미는 충분하나 카드게임 특유의 벽 보고 게임하는 덱이나, 내 행동을 모두 통제하는 기분나쁜 덱을 만날 가능성이 매우 높은 게임이라 이 점을 고려하면 재밌는 TCG게임이다."
1449850,0,추억 따위를 생각하고 왔다면 당장 뒤로 가기를 눌러라  이딴 쓰레기겜에 낭비할 시간이 아깝다  밸런스가 불합리 그 자체
1449850,0,돈에 눈이 멀어 과오를 저지른 코나미가 뉘우치지 않았다는 걸 다시 알려주는 게임
1449850,1,애니 보고 와라 그렇지않으면 드립 이해 못한다. 그러니 당신을 시험하는 첫 관문!  1! 10! 100! 1000! 이 다음을 서술하시오. (점수 4점) *부분점수 없음*
1449850,0,좆같은허프니스  좆같은 메이루 좆같은셰이렌  좆같은 레이노하트 좆같은 키토칼로스 좆같은 루루칼로스 좆같은 카레이드하트 좆같은 티아라 멘츠
1449850,0,내 턴이자나 씨발아내 턴이자나 씨발아내 턴이자나 씨발아내 턴이자나 씨발아내 턴이자나 씨발아내 턴이자나 씨발아내 턴이자나 씨발아내 턴이자나 씨발아내 턴이자나 씨발아내 턴이자나 씨발아내 턴이자나 씨발아내 턴이자나 씨발아내 턴이자나 씨발아내 턴이자나 씨발아내 턴이자나 씨발아내 턴이자나 씨발아내 턴이자나 씨발아내 턴이자나 씨발아내 턴이자나 씨발아내 턴이자나 씨발아내 턴이자나 씨발아내 턴이자나 씨발아내 턴이자나 씨발아내 턴이자나 씨발아내 턴이자나 씨발아내 턴이자나 씨발아내 턴이자나 씨발아내 턴이자나 씨발아내 턴이자나 씨발아내 턴이자나 씨발아내 턴이자나 씨발아내 턴이자나 씨발아내 턴이자나 씨발아내 턴이자나 씨발아내 턴이자나 씨발아내 턴이자나 씨발아내 턴이자나 씨발아내 턴이자나 씨발아내 턴이자나 씨발아내 턴이자나 씨발아내 턴이자나 씨발아내 턴이자나 씨발아내 턴이자나 씨발아내 턴이자나 씨발아내 턴이자나 씨발아내 턴이자나 씨발아내 턴이자나 씨발아내 턴이자나 씨발아내 턴이자나 씨발아내 턴이자나 씨발아내 턴이자나 씨발아내 턴이자나 씨발아내 턴이자나 씨발아내 턴이자나 씨발아내 턴이자나 씨발아내 턴이자나 씨발아내 턴이자나 씨발아내 턴이자나 씨발아내 턴이자나 씨발아내 턴이자나 씨발아내 턴이자나 씨발아내 턴이자나 씨발아내 턴이자나 씨발아내 턴이자나 씨발아내 턴이자나 씨발아내 턴이자나 씨발아내 턴이자나 씨발아내 턴이자나 씨발아내 턴이자나 씨발아내 턴이자나 씨발아내 턴이자나 씨발아내 턴이자나 씨발아내 턴이자나 씨발아내 턴이자나 씨발아내 턴이자나 씨발아내 턴이자나 씨발아내 턴이자나 씨발아내 턴이자나 씨발아내 턴이자나 씨발아내 턴이자나 씨발아내 턴이자나 씨발아내 턴이자나 씨발아내 턴이자나 씨발아내 턴이자나 씨발아내 턴이자나 씨발아내 턴이자나 씨발아내 턴이자나 씨발아내 턴이자나 씨발아내 턴이자나 씨발아내 턴이자나 씨발아내 턴이자나 씨발아내 턴이자나 씨발아내 턴이자나 씨발아내 턴이자나 씨발아내 턴이자나 씨발아내 턴이자나 씨발아내 턴이자나 씨발아내 턴이자나 씨발아내 턴이자나 씨발아내 턴이자나 씨발
1449850,0,"개병신 쓰레기게임, 카드 가격은 티어랑 비티어랑 똑같이 비싸게 받아쳐먹는데 출시당시에 공언한 티어만 쳐굴리는 환경되지 않게 하고 이거저거 이벤트 해준다더니 티아라멘츠 강점기 쳐만들어놓은거 보면 코나미 이새끼들 미래 없음 난 도망간다~"
1449850,0,"The theme's balance is a mess It's a card game, but it ends in 1 or 2 turns There is no distinction between the opponent's turn and my turn the overwhelming advantage of the first offense The game itself is just ""suck."""
1449850,0,코나미 미친 새끼들아 이게 게임이냐? 돈에 미쳐 갖고 금제도 좆 같이 내고 시발 개 버리지 회사다 좆 쓰레기 회사
1449850,0,이 게임 이름이 왜 마스터 듀얼인지 모르겠습니다. 티아라 듀얼 아닌가요? 이악물고 티아라가 아니라 덱의 다양성을 죽여버리는 6월 금제 보고 바로 삭제 했습니다. 이딴게 TCG 사업을 25주년 한 회사의 머저리같은 운영이면 차라리 친구들이랑 원카드 하겠습니다.
1449850,0,밸런스 ㅈ망겜 ㅅㅂ 망겜 그냥 하지마셈 ㅈ망겜 금지도 개같이 안먹이는 ㅈ망겜
1449850,0,"전 시즌 말에 시작한 뉴비인데 이 시@발 티아라멘츠 이새끼들은 전 시즌 브론즈부터 실버 골드까지 그냥 어딜가든 얼굴 내미니까 게임하기 존나 싫어짐. 난 진짜 게임 잘 모르긴하지만 그래도 어떻게든 이길려고 두뇌 300% 풀가동 때리는데 상대 티아라는 딸깍 딸깍 하다가 지면 에잉 졌네 하면서 딴겜 하러 갈거 생각하면 세상 존나 꼽다. 근데 알아야하는건 지금 티아라 끝나도 비스테드가 있을거고 크샤트리라가 있을건데 티아라가 완전 죽겠냐, 당연히 티아라 비스테드 크샤트리라 삼파전으로 나뉘면 지금 OCG도 곡소리 나는 판인데 마듀라고 상황이 달라지겠음? 그냥 뒤지는걸 전제로 맞으면서 해야지... 확실한건 같은 뉴비가 봐도 지금 마듀는 절대 시작할 타이밍이 아니거니와 후에도 시작할 타이밍 절대 안나올거같음.. 스트리머 방송에서 게임 재밌게한다고 입문할 생각하지말고 그냥 보기만하셈...  시작할거면 얼굴에 철판깔고 티어덱이나 만드셈. 즐겜은 그 후에 해도 절대 안늦을듯. 나처럼 고티스, 버블덱으로 시작하면 게임 존나 하기싫어짐."
1449850,1,유희왕 좋아하는 사람이라면 꼭 해볼 게임 모르면 좀 어려움..
1449850,0,이겜 왜함???????????????????????????????????????????????????????????????????????????????????????????
1449850,1,유희왕 OCG 카드게임을 기반으로 한 게임이기에 좋았으며 전작인 듀얼링크스와 다르게 테마 카드가 많아서 좋았습니다. 그러니 부탇합니다 밸런스 좀
1449850,0,판마다 80%같은덱이고 듀얼AI나 듀열 좀비들이랑 싸우는거같음 걍하지마 로망따윈없는거면 나도 타락히다
1449850,0,턴제 게임에서는 상대방이 내 턴에 끼어드는 행위는 진짜 위험한 행위이다 적당한 간섭은 전략요소지만  지금은 그냥 얘네들이 전개딸 치면서 상대방 게임 못 하게 하는 것 밖에는 없다  추억에 빠져서 패 만지작거리며 멍청하게 상대 전개 바라보는것보다 그냥 삭제하고 다른 게임 하는 건  삭제
1449850,0,패트랩은 후공의 참가권이고 만약에 패트랩이 없다면   화장실도 가고 밥도먹고 후식으로 아이스크림도 먹고 왔는데도 전개를 하고있는 상대를 볼수 있습니다 시간이 넉넉하시거나  진짜 듀얼에 로망이 있으신분들에게 추천을  드리고 싶진않네요 허허.....
1449850,0,티아라너프하라고티아라너프하라고티아라너프하라고티아라너프하라고티아라너프하라고티아라너프하라고티아라너프하라고티아라너프하라고티아라너프하라고티아라너프하라고티아라너프하라고티아라너프하라고티아라너프하라고티아라너프하라고티아라너프하라고티아라너프하라고티아라너프하라고티아라너프하라고티아라너프하라고티아라너프하라고티아라너프하라고티아라너프하라고티아라너프하라고티아라너프하라고티아라너프하라고티아라너프하라고티아라너프하라고티아라너프하라고티아라너프하라고티아라너프하라고티아라너프하라고티아라너프하라고티아라너프하라고티아라너프하라고티아라너프하라고티아라너프하라고티아라너프하라고티아라너프하라고티아라너프하라고티아라너프하라고티아라너프하라고티아라너프하라고티아라너프하라고티아라너프하라고티아라너프하라고티아라너프하라고티아라너프하라고티아라너프하라고티아라너프하라고티아라너프하라고티아라너프하라고티아라너프하라고티아라너프하라고티아라너프하라고티아라너프하라고티아라너프하라고티아라너프하라고티아라너프하라고티아라너프하라고티아라너프하라고티아라너프하라고티아라너프하라고티아라너프하라고티아라너프하라고티아라너프하라고티아라너프하라고티아라너프하라고티아라너프하라고티아라너프하라고티아라너프하라고티아라너프하라고티아라너프하라고티아라너프하라고티아라너프하라고티아라너프하라고티아라너프하라고티아라너프하라고티아라너프하라고티아라너프하라고티아라너프하라고티아라너프하라고티아라너프하라고티아라너프하라고티아라너프하라고티아라너프하라고티아라너프하라고티아라너프하라고티아라너프하라고티아라너프하라고티아라너프하라고티아라너프하라고티아라너프하라고티아라너프하라고티아라너프하라고티아라너프하라고티아라너프하라고티아라너프하라고티아라너프하라고티아라너프하라고티아라너프하라고티아라너프하라고티아라너프하라고티아라너프하라고티아라너프하라고티아라너프하라고티아라너프하라고티아라너프하라고티아라너프하라고티아라너프하라고티아라너프하라고티아라너프하라고티아라너프하라고
1449850,1,우라라 무포 증G 뇌조룡 어둠의 유혹 . . . 어둠의 유혹으로 2장 드로우 . . . 무포 드롤 서렌 좆망겜
1449850,0,ur 많이 쓰는 덱= 너프 안당할 확률 높음 이시즈 티아라 멸종할때까지 비추천함.
1449850,0,야이개씨발년들아이딴거이벤트라고처낼꺼면그냥내지마씨발좆박은새끼들
1449850,1,선공이 압도적으로 유리하긴 하지만 나름 뚫는 맛도 있는 게임
1449850,1,아니 솔직히 티어덱 제한하는 이벤트좀해줘  엔틱기어 순수 삼환신 순수초량 이런것좀 써보자  뭐만하면 다 제외 다 묘지 다 파괴 아니 난 힘들게 소환했는데  내 몬스터는 왜 한방이면 가는데 저쪽은 파괴해도 다시나오고 또 나오고 또 나오는데
1449850,0,"씨발 좆망겜 좀 제대로 운영해서 어렸을적 유희왕 즐기나 싶더니, 좆사기 카드 내놓고 그 카드 안쓰는 덱들은 전부 병신으로 만듬. 수십개의 테마가 존재하는 데 딱 두 분류로 나눌 수 있음. ""티아라멘츠"" ""티아라멘츠에 카운터를 가질 수 있어서 압도적인 체급차이를 극복할 가능성이 있는 카드."" 그 외의 카드는 사지절단 수준이라고 보면 됨. 재미로 즐기려해도 그냥 니턴내턴 곱창을 다내놓고, 뭘해도 이득보는 구조의 카드라서 답이 없음. 웃긴건 이미 오프라인에서 1년동안 염병떨어서 유저수 다 족쳐놓은 카드인데 꾸역꾸역 내서 곱창 내놓음. 유희왕 하면서 처음으로 느낀건데 ""티아라멘츠"" 태어나선 안될카드였음."
1449850,1,애니메이션에서 봤던 낭만있는 덱들은 대부분 성능이 떨어져서 이기기는 힘들지만 그래도 유희왕을 좋아하면 할 만 한 게임
1449850,0,티아라멘츠가 아직도 안 뒤졌단거부터가 좆망겜이라는 증거임   님들도 듀얼을 ㅈㄴ 쉽게 이기려면 티아라멘츠 하십셔
1449850,1,x이시즈티아라만 이제 조지고 곧 나올 크샤트리라도 좀 조지고 내주면 고마울거같은 게임
1449850,0,매출에 미쳐서 티아라멘츠를 생각 없이 그대로 출시한 엿같은 개새끼들
1449850,0,선공 : 돈주고 카드사서 벽보고 딸딸이 치는 게임  후공 : 돈주고 카드사서 상대 벽보고 딸딸이 치는거 보고 딸딸이 치는 게임
1449850,0,12시 : 확률 사기치는 더럽고 비겁한 조작리스트  6시 : 불리함을 이겨내고 당당하게 승리를 쟁취하는 듀얼리스트  ⬜⬜⬜⬜⬜⬜⬜🟫⬜🟫⬜⬜⬜⬜⬜⬜⬜⬜⬜ ⬜⬜⬜⬜⬜🟫⬜⬜🟫⬜⬜🟫🟫⬜⬜🟫⬜⬜⬜ ⬜🟫🟫🟫⬜⬜🟫⬜🟫⬜🟫⬜🟫🟫⬜🟫⬜⬜⬜ ⬜⬜⬜🟫🟫🟫🟫🟫🟫🟫🟫🟫🟫🟫🟫⬜⬜⬜⬜ ⬜⬜⬜🟫🟫🟫🟫🟫🟫🟫🟫🟫🟫🟫🟫⬜⬜⬜⬜ ⬜🟫🟫🟫🟫🟫🟫🟫🟫🟫🟫🟫🟫🟫🟫🟫🟫⬜⬜ ⬜⬜🟫🟫🟨🟨🟨🟨🟫🟫🟨🟨🟨🟨🟫🟫⬜🟫⬜ ⬜🟫🟫🟫🟨🟪🟪🟨🟫🟫🟨🟪🟪🟨🟫🟫⬜⬜⬜ 🟫⬜🟫🟫🟨🟨🟪🟨🟫🟫🟨🟨🟪🟨🟫🟫🟫⬜⬜ ⬜🟫🟫🟫🟨🟨🟨🟨🟫🟫🟨🟨🟨🟨🟫🟫⬜🟫⬜ ⬜🟫🟫🟫🟫🟫🟫🟫🟫🟫🟫🟫🟫🟫🟫🟫🟫⬜⬜ 🟫⬜🟫🟩🟩🟩🟩🟫🟫🟫🟫🟩🟩🟩🟩🟫⬜🟫⬜ ⬜⬜🟫🟩🟩🟩🟫🟫🟫🟫🟫🟫🟩🟩🟩🟫⬜⬜⬜ ⬜🟫🟫🟪🟩🟪🟫🟫🟫🟫🟫🟫🟪🟩🟪🟫🟫🟫⬜ 🟫⬜⬜🟫🟪🟫🟫🟫🟫🟫🟫🟫🟫🟪🟫🟫⬜⬜🟫 ⬜⬜🟫🟫🟫🟫🟫🟫🟫🟫🟫🟫🟫🟫🟫⬜🟫⬜⬜ ⬜🟫⬜⬜🟩🟩🟩🟩⬜🟫🟩🟩🟩🟩⬜⬜🟫⬜⬜ ⬜⬜⬜⬜🟩🟩🟩⬜⬜⬜⬜🟩🟩🟩⬜⬜⬜⬜⬜ ⬜⬜⬜⬜🟪🟩🟪⬜⬜⬜⬜🟪🟩🟪⬜⬜⬜⬜⬜ ⬜⬜⬜⬜⬜🟪⬜⬜⬜⬜⬜⬜🟪⬜⬜⬜⬜⬜⬜
1449850,0,티아라덱으로 계속 소환중엔데 내턴은 전에 오나요 상대가 집을 다 지으면 난 다 무효되고 내집은 어떻게 짓나요
1449850,0,금제 병신같이 짜기로 유명하니 그냥 다른 카드겜 알아보세요
1449850,1,정말 재미있는 게임입니다^^ 서로 카드를 내면서 대화하는 재미가 있어요ㅎㅎ
1449850,1,"두근거림을 떠올리는거야!! 우와 갓겜이에용!! . . . . . . . . .  하, 씨팔 , 아...코나미형!! 형 듀얼이 왜 이 모양 이 꼴인지 알아? 지금 이 상황에도 그런 개같은 테마나 만들고 자빠졌으니까. 돈은 벌어야 겠는데 머리는 존나 나빠서... 씨팔, 블매인지 블매걸인지 꼭 벗겨 봐야만 아는 인간이니까."
1449850,0,내가 선공이면 12시는 모든걸 체인걸고 내가 후공이면 난 왜 막을게 없냐 시발  진짜...티아라든 뭐든 시즌별 테마 금지를 해서 시즌별로 테마를 다양하게 하고 싶다.
1449850,0,세계최고의게임사 코나미가 만든 개 씨발 병신같은 카드게임! 당신의 추억 가득한 카드들을 원하시나요? 쟌넨! 그딴건  이 세상에 존재하지 않습니다! 개 병신같은 물고기년들과 쓰레기같은 조류가 당신의 카드를 장난감으로 만들어버리는 걸 목격하세요!
1449850,1,아니 무슨 빌딩하는데 3분 이상을 쓰냐고 이게 카드 게임이냐 건축 시뮬이냐
1449850,1,"99년생, 25세라는 나이를 가진 남성임에도 불구하고 유희왕을 본 적도, 유희왕 카드 게임도 해본 적도, 그렇다 할 카드 덱을 가져 본 적도 없었습니다. 그러던 2023년 5월의 어느 날 학우가 듀얼을 하는 모습이 너무 재밌어 보였고,  '한번 해보기라도 할까.'라는 자그마한 호기심에 시작하게 되었습니다. 플레이타임 3.3시간. 비록 누구는 짧다고 얘기할 지언정, 저는  행복이라는 감정을 오래간만에 느껴보기에 충분한 시간이었습니다. 이 행복을 여러분 모두와 공유하고 싶습니다. 듀얼에 세계에 초대하겠습니다. 함께하시죠!"
1449850,1,⢿⣿⣷⣀⠈⠓⠌⠂⠘⢆⠈⢙⣎⢣⠘⡆⢣⡛⣿⡇⢀⡙⠚⠶⠶⠿⠷⠶⠒ ⣾⠿⣿⣿⣦⣄⣁⣀⣠⡀⠡⠄⠳⡛⢆⠱⠈⢧⣿⡇⠸⠟⠉⠐⠠⠄⠄⠄⣼ ⣿⣷⣬⣉⣛⣛⠛⠿⠿⣧⣷⣦⣄⠘⢿⡆⠡⠘⣀⡇⢠⣶⣷⣮⣤⣤⣴⣿⣿ ⣿⣿⣿⣿⣿⣿⣿⣿⣿⣿⣿⣿⣿⣷⡀⢿⡀⠄⠉⡇⢸⣿⣿⣿⣉⣉⣉⣉⣉ ⣿⣿⣿⣿⣿⣿⣿⣿⣿⣿⣿⣿⣿⡏⣿⣦⡙⠄⠄⠁⢸⣿⣿⣿⣿⣿⣿⣿⣿ ⣿⡙⠿⣿⣿⣿⣿⣿⣿⣿⣿⣿⠿⠁⣿⣿⣷⣌⠄⠄⠘⣿⣿⣿⣿⣿⣿⣿⣿ ⣿⣿⣦⣀⡨⣝⡻⠿⣻⣿⣧⣄⠄⠄⣿⣿⣿⣿⣿⣦⡀⢻⣿⣿⣿⣿⣿⡿⠿ ⣿⣿⣿⣿⡇⢿⡛⢿⣿⣿⣿⣿⣧⠘⣿⣛⣻⣿⣿⣿⣿⣤⡿⢿⠿⣛⡃⠄⣸ ⡹⣿⣿⣿⣿⣼⣷⣶⣝⢿⣿⣿⣿⣧⣿⣿⣿⣿⣿⣿⣿⣿⡿⠟⣿⢇⣈⣼⣿ ⣿⣜⢿⣭⢻⣿⣿⣿⣯⢧⠙⢻⠛⣛⣛⠛⠛⠿⠿⠟⣛⣥⣶⣼⢏⣾⣿⣿ ⣿⣿⣎⠿⣇⢻⣿⣿⣿⡌⢷⣆⢭⣓⣒⣒⣛⣣⣶⠞⣵⣿⣿⣿⡿⣱⣾
1449850,0,티아라 씨발 코나미 새끼들 애미 뒤졌냐 진짜 가정교육 독학으로 받은거 티내네
1449850,1,전개하는 시간동안 편의점에서 라면이랑 도시락 사서 데워 먹고 후식으로 아이스림 하나 먹어도 충분할 듯
1449850,0,아니 은근 슬쩍 3000젬 이벤트 할인팩 가격 올리는거 이거 맞음? 처음 출시할때 30000원이었는데 지금 37000원인거 크로스듀얼 적자났다고 가격올려치기하네;;
1449850,0,"선공 집짓기 망겜, 이 메타는 평생 바뀌지 않을태니 유념해야함. 대부분 3턴이내로 끝이나고 전개 보는 시간이 암걸려죽을거같음. 정공겜임 그래도 재미있는점이 있기때문에 비추하지만 한번해보는건 추천."
1449850,1,상대 전개 하루죙일 구경하다 드디어 내 차롄가 싶으면 입구컷 당해버리는 미친 게임 하지만 성공했을 때의 그 짜릿함은 이루 말할 수 없을 정도이다.
1449850,0,"개 씨발 좆같은 운빨좆망겜임, 덱이 강하면뭐함 코인토스 18번 연속으로 지고 18연패 박았는데, 걍 운임 상대가 패가 않좋길 바라면서, 전개가 잘못되길 바라면서, 쓰레기 덱이길 바라면서 그냥 기도하는겜임 진짜 좆같네"
1449850,1,친구와 함께 대화하며 장난도 치는 그런 게임을 원한다면 추천함
1449850,0,티아라 ㅋㅋㅋㅋㅋㅋㅋㅋㅋㅋㅋ 10판하면 6판이 물고기여 ㅋㅋㅋㅋㅋ 열받아서 나도 한다만  개노잼 미러전이랑 저격딕 이랑 운빨망겜 싸움하는거 재밌냐?  그저 이기기위한 10 ㄱ ㅔ 이들의  땀냄새나는 역겨운듀 얼
1449850,1,더 이상 예전 추억을 느낄 수 없습니다.  환경은 완전 변했고  악랄한 티어덱이 난무합니다.  그래도... 유희왕 만의 맛은 분명히 있습니다.  변화를 받아들일 준비가 되신 분들께 추천드립니다.
1449850,1,듀얼얼얼얼얼얼얼얼얼얼얼얼얼얼얼얼얼얼얼얼얼얼얼얼얼얼얼얼얼얼얼얼얼얼얼얼얼얼얼얼얼얼얼얼얼얼얼얼얼얼얼얼얼얼얼
1449850,0,카드 팔아먹을 생각만 있지 밸런스가 망하던 말던 신경도 안씀
1449850,0,이시즈티아라멘츠 ㅅㅂ 지들이 쳐 잘못맨든거 인정하고 금제 쳐때렸으면 생각좀 하고 마듀에 쳐내라. 그리고 아나콘다 풀려있는데 초융합제한 푸는거 맞냐? 그동안 즐거웠고 두번다시 보지말자 돈 잘벌고 망하길 기원할게 ㅄ 좆나미 년들아
1449850,0,잘못한건 마스터듀얼보다도 애당초 그런 카드를 세상에 나오게 한 쪽이겠지
1449850,1,채팅이 않되서 채팅치면서 듀얼하는분에게는 그닥;; 그리고 금제때문에 스트레스+커스텀카드 사용불가 왜 금카 됬는지도 이유를 모르는데 금카를 때리는 운영진도 문제가 많으므로 정말 스트레스 받으면서 듀얼할분에게는 추천
1449850,1,상대가 ㅈ같은 덱 들고와서 원턴킬하면 빡종하고 다음날 다시 켜서 내가 원턴킬하고 상대 꼬접시키는 게임
1449850,1,⢿⣿⣷⣀⠈⠓⠌⠂⠘⢆⠈⢙⣎⢣⠘⡆⢣⡛⣿⡇⢀⡙⠚⠶⠶⠿⠷⠶⠒ ⣾⠿⣿⣿⣦⣄⣁⣀⣠⡀⠡⠄⠳⡛⢆⠱⠈⢧⣿⡇⠸⠟⠉⠐⠠⠄⠄⠄⣼ ⣿⣷⣬⣉⣛⣛⠛⠿⠿⣧⣷⣦⣄⠘⢿⡆⠡⠘⣀⡇⢠⣶⣷⣮⣤⣤⣴⣿⣿ ⣿⣿⣿⣿⣿⣿⣿⣿⣿⣿⣿⣿⣿⣷⡀⢿⡀⠄⠉⡇⢸⣿⣿⣿⣉⣉⣉⣉⣉ ⣿⣿⣿⣿⣿⣿⣿⣿⣿⣿⣿⣿⣿⡏⣿⣦⡙⠄⠄⠁⢸⣿⣿⣿⣿⣿⣿⣿⣿ ⣿⡙⠿⣿⣿⣿⣿⣿⣿⣿⣿⣿⠿⠁⣿⣿⣷⣌⠄⠄⠘⣿⣿⣿⣿⣿⣿⣿⣿ ⣿⣿⣦⣀⡨⣝⡻⠿⣻⣿⣧⣄⠄⠄⣿⣿⣿⣿⣿⣦⡀⢻⣿⣿⣿⣿⣿⡿⠿ ⣿⣿⣿⣿⡇⢿⡛⢿⣿⣿⣿⣿⣧⠘⣿⣛⣻⣿⣿⣿⣿⣤⡿⢿⠿⣛⡃⠄⣸ ⡹⣿⣿⣿⣿⣼⣷⣶⣝⢿⣿⣿⣿⣧⣿⣿⣿⣿⣿⣿⣿⣿⡿⠟⣿⢇⣈⣼⣿ ⣿⣜⢿⣭⢻⣿⣿⣿⣯⢧⠙⢻⠛⣛⣛⠛⠛⠿⠿⠟⣛⣥⣶⣼⢏⣾⣿⣿ ⣿⣿⣎⠿⣇⢻⣿⣿⣿⡌⢷⣆⢭⣓⣒⣒⣛⣣⣶⠞⣵⣿⣿⣿⡿⣱⣾
1449850,0,좆아라멘츠 지나가니까 이제는 낙인 ㅋㅋㅋ   상대꺼 하나 부시는걸 댓가로 상대꺼를 하나 더 부숴버린다는게 댜채 무슨 개 짖는 소리인지 이해가 안감
1449850,1,추억이 있어서 했고 추억이 로망이 있어서 덱을 짜고 결국 '연패' 그리고 깨닫는다. 헬카이저 료가 옳다는 것을!
1449850,1,(뭔가 이상한 상황이 나와서 커뮤니티에 질문을 했다.)  하스스톤 : 대부분은 버그입니다.  마듀 : 대부분은 버그가 아닙니다.
1449850,1,아무리 비웃어도 낭만은... 낭만은!! 재미가 있다고!!! ㅅ1발 골프공 엘드리치 십새1끼들아!!
1449850,1,"장점 -무과금으로 시작해도 정말 말도 안되게 비싼덱 아니면 티어덱 류는 엥간하면 맞출 수 있음(1-2개까지는) -물론 게임을 하면서 덱 한 두개로 굴리다보면 싫증이 나는건 어쩔 수 없기 때문에 그때마다 과금은 조금씩 해야됨 -그럼에도 주기적으로 열리는 페스티벌로 젬 수급을 해줄 수 있어서 과금 없이 시간만 적당히 쓰면 덱은 만들 수 있어서 좋다~ -본인이 실력만 된다면 비티어덱이어도 최고 랭크까지는 올릴 수 있는 환경(단판전이기 때문) 단점 -다른 트레이딩 카드 게임처럼 카드가 없어지거나 하는게 아닌 기존 카드에서 신 카드가 출시가 계속되면서 파워 인플레가 있음 -그러다보니 애정하는 덱이 성능이 뛰어나지 않다면 랭크를 올리는데 한계가 명확한 경우가 있음 -파워 인플레가 있다보니 자연스레 티어덱 간의 균형을 매달 금제로 어떻게든 맞추려는 의도는 보이나 균형이 한쪽으로 치우침. -최근들어 사업적으로 과금을 유도하는듯한 금제가 있긴한데 돈 버는 기업이니 어쩔수 없긴 함 -메타에 따라 아무것도 할 수 없는 게임의 경우가 있는데 그럴 때 불쾌감이 있긴 함 -패트랩, 범용 카드 등에 대한 설명이 게임 내적으로 거의 없다시피 해서 커뮤니티의 공략에 의존해야되는 것도 단점  그래도 최근 턴제 게임들 중에서 이 정도로 특색있는 게임이 없을뿐더러 재미도 솔직히 있는 것도 사실임. 그래서 추천"
1449850,0,티아라 나오고나서 후완 티아라저격덱 엑소 티아라 시발 졸라 게임을 하라는거야 말라는거야 스트레스만 존나 받네 여러분들 그냥 다른게임하세요 오프에서 왜 티아라나오고 접었는지 알겠네 하지마세요 티아라부터는 감당도 안되고 즐길게 안됩니다
1449850,1,티아라멘츠 해산물 누님들  딱창의 삶을 해방시켜주셔서 감사합니다... 연옥의 앙마새끼와 이계의 앙마새끼들에게 홀렸던 저를 해방시켜주셨어... 압도적 감사...
1449850,0,좆같은 물고기들이 튀어나와서 개지랄하는데 좋음 할수가 없음  아니 모든 종이뭉치가 물고기 vs 물고기 저격인데 이게 뭐야
1449850,0,물고기 상륙 망겜X발련 ㅋㅋ 그마저도 미러전 선공 뺐기면 걍 행복버튼 누르고 나간다 ㅋㅋ
1449850,0,중위권 정도 되는 플래티넘 언저리만 가도 80% 이상의 유저가 사용하는 덱이 똑같아요.
1449850,0,"티아라멘츠를 이기기 위해서는 몇 가지 전략적인 요소들을 고려해야 합 니다. 첫째, 티아라멘츠의 대표적인 특징인 무한한 리소스 생성 능력에 대응할 수 있는 방법을 찾아야 합니다. 이 를 위해 특정 카드를 사용하여 상대방의 덱을 물리적으로 제거하거나 덱의 적절한 위 치에 불을 지르는 등의 방법을 이용할 수 있습니다.                                                                                                               -챗GPT-"
1449850,0,크듀따라갔습니다 듀링이나 혹은 그 다음 게임에서 만나요~
1449850,0,"왕관금붕어의 상륙으로 현 마듀판은 끊임없이 물결치는 파도같은 대융합시대로 진입했습니다.  이시즈인지 저시즈인지 모를 도굴꾼 새기들과 이산화탄소 덩어리들이 판치는 현 마듀판에서 왕관금붕어는 그들마저 흡수, 혹은 데이터 쪼가리로 전락시키는 핑거스냅을 남발하고 있습니다.  정신건강을 원하신다면 플레는 꿈도 꾸지마시고 골딱에서 당분간 버티시거나 아예 3~6개월 쉬고 오시길 바랍니다.                     카타오카 이 돈독만 오른 개CFOOT새기"
1449850,0,티아라 사라지면 추천으로 바꿔줌. 근데 미래 알고 있으면서 이따구로 낸건 진짜 정신나간 놈들인거 같다.
1449850,0,티아라 있는 지금 이딴겜 하지말고 다른 게임이나 해라 개병신겜임
1449850,1,씨발 후완다리즈덱인데 5판 연속으로 첫 패에 후완1렙은 커녕 우라라나 증G 단 한장도 안나오는게 말이 되냐 코나미 씨발새끼들아
1449850,1,"듀얼링크스를 벗어나서 마스터 듀얼의 룰을 그대로 가져와 몬스터,함정,마법,엑스트라 몬스터 모두 소환이 너무 편해졌고, 효과 임펙트도 맘에 들고 너프나 제한이 걸리지않은 카드 효과를 그대로 즐길수 있어서 매우 재미있습니다.  유희왕에 대해 잘 알고 있거나 관련 게임을 한번이라도 해본 사람에게 강력 추천 합니다!!!!"
1449850,0,딕쟁이로써 여태 어찌저찌 다 버텼는데 이번 티아라멘츠는 못버티겠다 ㅅㄱ
1449850,1,"""티아라멘츠""가 나올때 까지 재미있게 즐겼어요  이젠 아니야..."
1449850,0,이시즈+ 티아라멘츠 두 테마를 섞어서 사용하니 그냥 덱 파워차이가 말도 안되게 벌어져서  그 이전에 좀 오래하면 일퀘라도 꺨 수 이었던 덱들이  일퀘 깨는 건 꿈도 못 꾸고 그냥  종이 쪼가리로 변했습니다. 오히려 지금이 마듀 입문하실 분들은 좋은 시기일 수 있어요  기존 덱들이 그냥 종이 쪼가리가 됬거든요. 대신 게임하면서 만나는 덱 7할은 이시즈+티아라멘츠 일겁니다.
1449850,0,"특정 카드군 밀어주기로 인한 밸런스 붕괴는 여느때와 다름없는 돈나미 짓이니 어떻게든 이해해보려고 하지만, 무능하고 쇠귀에 경 읽기 수준인 고객센터는 정말 답이 없습니다. 이 게임을 하는 동안엔 절대로 고객센터에 글을 쓸 일을 만들지 마십시오."
1449850,0,아무리 새로나온 테마 많이 팔아먹고 싶어도 이런 오버파워 테마를 내면 장기적으로 득될게 없을텐데.... 그동안 쓴 시간이 아깝네요.
1449850,0,ktokさんのお母さんはおまんこでくそを垂たが、そのお母さんの名前はキトカロスというようです。
1449850,0,내가 진짜 드트 용천 후완 루닉 다 버텼는데 티아라는 못 버티겠다
1449850,0,알거 다 아는 사람들이 티아라멘츠 금제를 뭐 이따구로 해서 냄?
1449850,0,물고기새기들 인간의 지능을 얻었더니 드래곤이고 개쎈 정령이고 다 구워삶아먹네
1449850,0,좆병신같은 인플레로 매 테마마다 새로질러줘야되는게임 특히 이번 시즌은 티아라멘츠 아니면 게임하지마세요라고 확정지어놓은꼴 브론즈5부터 티아라멘츠 채용률이 90%수준이면 이게 유희왕이냐? 티아라멘츠 온라인이지 역시 믿고하는 셊곖쵮곲읪횞삾콦낪밊 자기들 사업하는데 비슷한 사업하는 다른회사 있으면 고소해서 죽이려고하는 쪽바리기업답죠?
1449850,0,"스프로 돈 좀 만지니까 티아라멘츠 바로 내는거봐 ㅋㅋㅋㅋ 지금 지르는 호구들 덕분에 상반기 좀 벌다가   하반기 이후로 매출 바닥 찍고 회복 못하는 미래가 보임.  현재 마듀 티아라멘츠 상황 문제점임.  1. 오프라인에서도 사용 비율이 절반이 넘는 이시즈 티아라멘츠가, 일부 카드만 나온게 아니라, 걍 풀파워로 나옴. 지들 겜은, 티아라멘츠 다 뽑은 애들, 즉, 돈 많이 지른 애들만 하라는게 확실시 됨.  2. 심지어! 오프라인조차도 티아라멘츠랑 그나마, 조금이라도 낑길 수 있는 애들이, 크샤트리아, 비스테드인데, 얘네는 마듀에 안나왔으니까 걍 지금은 티아라멘츠와 그외가 붙으면, 거의 다 티아라멘츠가 이긴다고 보면 됨.  3. 심지어!! 팩에 티아라멘츠랑 같이 나오는 카드군도, 아마조네스랑 메르피임ㅋㅋㅋㅋ 지른 애들은 어지간히 운이 좋은게 아니면, 무조건 호구가 되는 부분임. 차라리 크샤트리아랑 비스테드를 같이 묶어서 냈으면 이 지경이 덜 났을텐데.(그럼 돈은 못버니까 일부러 그런듯)  4. 이제 2~3달간은 티아라멘츠만 살아남을 테니까, 티아라멘츠 못 뽑았거나, 뽑을 생각 없는 애들은 접을거고, 뽑은 애들도, 겜 돌릴떄마다 미러전일테니까 곧 얘네도 못 버티고 접을거임.  5. 2~3달후에 크샤트리아랑 비스테드 나와도, 티아라멘츠가 훨씬 더 쌔니까 그 이후에도 복귀따윈 없음.  나도 꽤 오래한 유저고, 과금도 꽤 했는데, 이제 접고, 만~~~약에 이후에 복귀한다고 해도 이 게임에는 당분간 돈 절대 안 쓸 예정임.  당장의 이익 때문에 미래를 날리는 코나미 마듀팀에게 치얼스~~"
1449850,0,"티아라멘츠가 없으면 주민등록도 할 수 없다니, 콘마이, 넌 정말 정신나간 독재자야!"
1449850,1,오레노 탄~~~~~~~~~~~~~~~~~~~~~~~~~~~~~~~~~
1449850,0,티아라멘츠 나오고 나서는 할맘이 뚝 떨어지네요 끔찍합니다....
1449850,0,돈에 미쳐서 최악의분기를 거진풀파워로 냄 제정신이 아님
1449850,0,애ㅡㅡ미 뒤진 티아라멘츠 때문에 꼬접하게됨 ㅇㅇ 뉴비들은 도망가!!!!!!!!!!!!!
1449850,1,와! 렌탈덱! 우증포가 다 들어있다고? 당장 시작해야겠지?
1449850,1,밸런스만 맞았으면 좀더할텐데 밸런스가 더이상은 못버티겠어서 하차합니다 그래도..유희왕 하시는분들은 즐길수는 있을것같아요! 스트레스도 많이 받았지만 즐거웠습니다!
1449850,0,"본인이 인격 파탄자, 스트레스를 받으면서 희열을 느끼는 소시오페스거나 사이코페스면 적극 추천합니다.  본인이 과거의 로망에 사로잡혀 발을 집어 넣는다면, 수 많은 티어 덱들에 대가리와 함께 자신의 과거 추억이 유압프레스 아래 놓인 두개골 마냥 쪼개지는 모습을 볼 수 있습니다.  딕이라는 본인의 추억의 덱으로 대가리가 꺠지다. 분에 이기지 못해 본인도 티어덱에 손을 뻗게되며, 루닉 낙융과 같은 비싼 카드의 덱을 입문자가 맞추는 것은 상당한 시간 또는 금액이 필요합니다.  물론 무료로 일일미션을 클리어하며 모은 재화로 카드를 뽑을 수 있지만, 그 기간동안 딕에서 벗어나지 못하는 나약한 당신의 덱을 수 없이 패배만을 맛볼 것입니다. 설령, 과금으로 덱을 바로 맞추고 대전을 시작해도 그 스트레스는 줄어들지 않을거라 확신합니다. 선턴잡이 좆망겜, 초딩카드로 덕지덕지 만들어오는 씨빨 모친출타한 카드들만 들고오는 상대들과의 대전은 이기는 쾌감보다는 ""아 씨ㅡ발 이새끼 또 지랄이내"" 라는 나쁜 생각들만을 채워줄 뿐이었고, 즐겨야하는 게임에서 즐거움을   찾지 못했습니다.  2023년 4월 10일 마듀를 삭제하며 남김"
1449850,1,⠻⣦⡈⠛⢿⡌⢆⢂⠹⣿⣧⡄⡄⠹⡄⢆⡟⢄⠉⢟⣮⣷⢄⠐⢤⡤⢤⣬⣭⣭ ⣷⣤⠙⣶⣦⠙⡌⢻⠂⠘⣿⣷⢹⠄⢳⠘⣿⡟⣿⡄⢳⡆⢳⠛⢢⠈⠉⠛⠛⠛ ⢿⣿⣷⣀⠈⠓⠌⠂⠘⢆⠈⢙⣎⢣⠘⡆⢣⡛⣿⡇⢀⡙⠚⠶⠶⠿⠷⠶⠒⠒ ⣾⠿⣿⣿⣦⣄⣁⣀⣠⡀⠡⠄⠳⡛⢆⠱⠈⢧⣿⡇⠸⠟⠉⠐⠠⠄⠄⠄⣼⣿ ⣿⣷⣬⣉⣛⣛⠛⠿⠿⣧⣷⣦⣄⠘⢿⡆⠡⠘⣀⡇⢠⣶⣷⣮⣤⣤⣴⣿⣿⣿ ⣿⣿⣿⣿⣿⣿⣿⣿⣿⣿⣿⣿⣿⣷⡀⢿⡀⠄⠉⡇⢸⣿⣿⣿⣉⣉⣉⣉⣉⣰ ⣿⣿⣿⣿⣿⣿⣿⣿⣿⣿⣿⣿⣿⡏⣿⣦⡙⠄⠄⠁⢸⣿⣿⣿⣿⣿⣿⣿⣿⣿ ⣿⡙⠿⣿⣿⣿⣿⣿⣿⣿⣿⣿⠿⠁⣿⣿⣷⣌⠄⠄⠘⣿⣿⣿⣿⣿⣿⣿⣿⣿ ⣿⣿⣦⣀⡨⣝⡻⠿⣻⣿⣧⣄⠄⠄⣿⣿⣿⣿⣿⣦⡀⢻⣿⣿⣿⣿⣿⡿⠿⣿ ⣿⣿⣿⣿⡇⢿⡛⢿⣿⣿⣿⣿⣧⠘⣿⣛⣻⣿⣿⣿⣿⣤⡿⢿⠿⣛⡃⠄⣸⣿ ⡹⣿⣿⣿⣿⣼⣷⣶⣝⢿⣿⣿⣿⣧⣿⣿⣿⣿⣿⣿⣿⣿⡿⠟⣿⢇⣈⣼⣿⣿ ⣿⣜⢿⣭⢻⣿⣿⣿⣯⢧⠙⢻⠛⣛⣛⠛⠛⠿⠿⠟⣛⣥⣶⣼⢏⣾⣿⣿⣿⣿ ⣿⣿⣎⠿⣇⢻⣿⣿⣿⡌⢷⣆⢭⣓⣒⣒⣛⣣⣶⠞⣵⣿⣿⣿⡿⣱⣾⡟⣵⣿ ⣿⣿⣿⣤⣻⡘⣿⣿⣿⣷⡜⢻⣮⣛⣛⣟⣫⡿⣛⣴⣿⣿⣿⣿⢃⣿⣿⣷⣿⣿ ⣿⣿⣿⣿⣷⣣⢹⣿⣿⣿⣿⣯⡙⠛⠛⠛⢛⣺⣿⣿⣿⣿⣿⠇⣼⢫⣵⣿⣿⣿
1449850,1,무과금 플레이어입니다. 덱하나 만드려면 최소 한달 이상은 꾸준히 플레이해야할 정도로 시발적인 사료량을 자랑합니다. 돈과 시간 둘 중 하나는 뒤지게 버려야하는 게임입니다.
1449850,0,"점점 UR 카드들로 도배되기 시작 하는 중. 초기에 시작한 사람만 꿀 오지게 먹은 구조라고 하면 맞는 말이고, 시작한다면 굳이 말리지 않겠음. 덱 1~2개는 초기 자본금 없이 여유롭게 맞출 수 있는건 장점인데 욕심이 생기면 안됨.  곧 OCG/TCG에서도 난리 치는 티아라멘츠 상륙함. 굉장히 심각한 환경이니 지금 스타트할 사람은 진짜 1도 몰라도 티아라멘츠 맞추는게 맞음"
1449850,1,"이 게임은 인간찬가를 보여주는게임이다 12시에 있는 온갖 패트립을 뚫고 상대에 전략을 무너뜨려 나에 멋진 전개를 상대한테 보여주는 말 그대로 황금에 선풍같은 게임이다. 내가 원하는 컨셉으로 상대에게 끝까지 보여주는 인간찬가인 게임이다, 상대에게 황금같은 경험을 하게 해준다"
1449850,1,처음 오시는 분들은 다들 로망덱을 찾는다. 히어로 또는 블랙매지션 그리고 백룡 등 다양한 로망덱을 꿈꾸며 입문했다. 하지만 막상 듀얼을 5판정도 하고 나면 티어덱들에게 뚜드려 맞는다. 보통 여기서 접는 사람들이 많다. 하지만 분에 못이겨서 실전용 패트랩과 실전성을 더 붙여서 로망덱이 마개조당하기 시작한다. 그리고 조금 더 지나면 어느샌가 자신 손에는 실전 티어덱이 들려있다. 이때부터 재밌어지기 시작한다. 그리고 나중엔..... . . . . . . . . . . . . . . . . . . 듀얼에 미친 정신병자 되는거지 뭐 ㅋㅋㅋㅋㅋ
1449850,1,처음 시작할 때 너무 부담스럽게 생각하지 마시고 딱 100시간만 해보시면 정말 재미있습니다
1449850,1,"시작하기전에는 이건 절대 시작못하겠다, 너무 어려워보인다 싶었는데, 하다보니 금방배우더라구요. 해외는 오프덱맞추기가 너무비싼데, 마듀는 그나마 오프보단 싸서 마듀로 입문했습니다."
1449850,0,이미 오프라인 듀얼에서 증명되고있는 과오를 반복하고그저 과도한 수익만 추구하는 게임이라기 불리기 부끄러운 프로그램
1449850,1,제발 계정리셋좀 만들어주세여ㅕㅕㅕㅕㅕㅕ;;;;;;;;;;;;;;;;
1449850,1,게임이 즐겁지 않다면 당신도 티어덱에 합류하는게 어떨까요? 한 100시간 정도 로망만으로 게임을 하니까 대가리가 나가버릴거 같습니다 아아... 유벨 그?그녀?는 신이야!
1449850,1,"딱히 설명이 필요하진 않을 것같고, 일단 현실 OCG랑다르게 컴이 룰 알아서 처리해줘서 상당히 편합니다."
1449850,0,"현실 카드깡이 값도 싸고 좋은카드가 나올 확률이 훨씬 높은 이상망측한 게임. 역시 현실듀얼은 못이긴다.    아, 나는 듀얼 해본적 없다."
1449850,1,군웅어전센만스드군웅어전센만스드군웅어전센만스드군웅어전센만스드군웅어전센만스드군웅어전센만스드군웅어전센만스드군웅어전센만스드군웅어전센만스드군웅어전센만스드군웅어전센만스드군웅어전센만스드군웅어전센만스드군웅어전센만스드군웅어전센만스드군웅어전센만스드군웅어전센만스드군웅어전센만스드군웅어전센만스드군웅어전센만스드군웅어전센만스드군웅어전센만스드군웅어전센만스드군웅어전센만스드군웅어전센만스드군웅어전센만스드군웅어전센만스드군웅어전센만스드군웅어전센만스드군웅어전센만스드군웅어전센만스드군웅어전센만스드군웅어전센만스드군웅어전센만스드군웅어전센만스드군웅어전센만스드군웅어전센만스드군웅어전센만스드군웅어전센만스드군웅어전센만스드군웅어전센만스드군웅어전센만스드군웅어전센만스드군웅어전센만스드군웅어전센만스드군웅어전센만스드군웅어전센만스드군웅어전센만스드군웅어전센만스드군웅어전센만스드군웅어전센만스드군웅어전센만스드군웅어전센만스드군웅어전센만스드군웅어전센만스드군웅어전센만스드군웅어전센만스드군웅어전센만스드군웅어전센만스드군웅어전센만스드군웅어전센만스드군웅어전센만스드군웅어전센만스드군웅어전센만스드군웅어전센만스드군웅어전센만스드군웅어전센만스드군웅어전센만스드군웅어전센만스드군웅어전센만스드군웅어전센만스드군웅어전센만스드군웅어전센만스드군웅어전센만스드군웅어전센만스드군웅어전센만스드군웅어전센만스드군웅어전센만스드군웅어전센만스드군웅어전센만스드군웅어전센만스드군웅어전센만스드군웅어전센만스드군웅어전센만스드군웅어전센만스드군웅어전센만스드군웅어전센만스드군웅어전센만스드군웅어전센만스드군웅어전센만스드군웅어전센만스드군웅어전센만스드군웅어전센만스드군웅어전센만스드군웅어전센만스드군웅어전센만스드군웅어전센만스드군웅어전센만스드군웅어전센만스드군웅어전센만스드군웅어전센만스드군웅어전센만스드군웅어전센만스드군웅어전센만스드군웅어전센만스드군웅어전센만스드군웅어전센만스드군웅어전센만스드군웅어전센만스드군웅어전센만스드군웅어전센만스드군웅어전센만스드군웅어전센만스드군웅어전센만스드군웅어전센만스드군웅어전센만스드군웅어전센만스드군웅어전센만스드군웅어전센만스드군웅어전센만스드
1449850,1,장점 : 언제 어디서나 간편하게 게임을 즐길 수 있음. 단점 : 장점이 단지 저거 하나 뿐
1449850,1,"중요한거 5가지만 알려드립니다  1. 난 역겨운덱이 하고싶다. 몇판 해보시고 당한걸로 하시면 됩니다 (역겨움의 기준은 다 다르니까요)  2. 상대 덱 역겹다. ESC 누르시면 왼쪽 하단에 빨간색 버튼이 보이실텐데 그거 누르시면 됩니다.  3. 난 나만의 덱이 만들고 싶다. 증식의 G, 하루 우라라, 무덤의 지명자, 이펙트 뷜러 혹은 무한포영 2장씩 일단 넣어두면 편합니다.  4. 카드를 한번에 갈고싶다. 아무 덱에 들어가서 덱 편집을 누른다음 오른쪽위 메뉴 누른 다음 '여분 카드 분해' 와 '선택 카드 분해'가 있음   5. 낭만을 실용적으로 만들고 싶다. 그런건 없다. 낭만은 오직 낭만뿐이다.  이걸 누가 모르냐고 하실수 있는데 제가 물어도 아무도 대답을 안해줘서 이걸 모른채로 1년간 했습니다. 시간 보면 아시겠지만 아직 뉴비에서 간당간당하니 덱 티어는 잘 모릅니다. 엑조디아만 했거든요."
1449850,1,재밌습니다.  단점은 연결상태가 불안하면 게임이 꺼지거나 상대방이 불안할경우 엄~~~~~~~~~~청나게 루즈해집니다. 체인이 계속걸리면 더 속터지구요
1449850,1,스프라이트 덱이 사기라서 망한게 아니다.... 스프라이트 덱이 더 이상 사기가 아니라서 망한거다
1449850,0,게임은 아무리 발전해도 유희왕이라는 점에서 이미 게임으로서 탈락이다 좆같은 1턴 승리때문에 할수가없음.
1449850,1,유알 가루 후려치는거 말곤 다 재밌습니다. 옛날 생각도 나고요.
1449850,0,어떻게 운영하는지도 알고 어떤 게임인지도 알면 하는 사람이 잘못됐지   하 이딴 거 왜 붙잡고 있는지 나도 모르겠음
1449850,1,이소노 듀얼개시를 선언해라! 하...하잇! 듀어얼 카아시이~~!
1449850,1,"유희왕은 단 하나도 몰랐는데 룰을 알아서 처리해주니까 몇 번 겪어보면 어지간해서는 게임이 어떤 식으로 흘러가는지 알기는 편하다. 또 이 게임은 시작 재화를 충분히 주기 때문에 커뮤니티를 돌아다니며 질문을 하던가 정보를 찾아 메타 덱과 비슷하게 짠 저렴한 대체 덱을 맞추고 게임을 해가면서 하나의 완성된 메타 덱을 맞출 수 있다. 다만 게임이 사람으로 치면 군대 갈 나이일 정도로 역사가 긴 게임이니만큼 텍스트가 길고 복잡한 것이 사실이고, 경험해보지 않으면 ""이건 왜 발동이 안되는 거지?""라고 생각할만한 상황이 좀 있다. 그리고 시즌마다 강한 덱은 정해져있긴 하지만 워낙에 카드군이 많은 게임이라 당장의 카드 효과만 보고 게임하다가 튀어나온 결과물에 크게 쳐맞는 경우가 많다.  또 시작 재화로 하나의 덱을 맞추기에 안성맞춤이긴 하지만 이런 저런 덱을 맞추려면 고생을 좀 해야한다. 페스티벌이나 일퀘 등으로 벌어서 맞추려면 여느 온라인 카드 게임처럼 시간이 많이 든다. 그리고 난 하스스톤 말고 이런 대전하는 카드게임은 해본 적이 없지만, 게임을 하다보면 심하게 불쾌할 수도 있다. 하스스톤의 경우 근 1~2년 정도에야 상대 플레이를 막는 카드를 출시하기 시작해서 잘 못 느꼈는데, 유희왕은 강한 덱이 상대 플레이 방해에 특화되어있는 경우가 대부분이라 불쾌감이 유독 심한 편이다. 유희왕을 해보고 싶었지만 오프에서 하기는 두렵다면 최고의 선택이 아닐까라는 생각이 든다."
1449850,1,누가 이길 지는 듀얼로 정할 지는 듀얼로 정할 지는  듀얼로 정할 지는  듀얼로 정할 지는  듀얼로 정할 지는  듀얼로 정할 지는  듀얼로 정할 지는  듀얼로 정할 지는  듀얼로 정할 지는  듀얼로 정할 지는  듀얼로 정할 지는  듀얼로 정할 지는  듀얼로 정할 지는  듀얼로 정할 지는  듀얼로 정할 지는  듀얼로 정할 지는  듀얼로 정할 지는  듀얼로 정할 지는  듀얼로 정할 지는  듀얼로 정할 지는  듀얼로 정할 지는  듀얼로 정할 지는  듀얼로 정할 지는  듀얼로 정할 지는  듀얼로 정할 지는  듀얼로 정할 지는  듀얼로 정할 지는  듀얼로 정할 지는  듀얼로 정할 지는  듀얼로 정할 지는  듀얼로 정할 지는  듀얼로 정할 지는  듀얼로 정할 지는  듀얼로 정할 지는  듀얼로 정할 지는  듀얼로 정할 지는  듀얼로 정할 지는  듀얼로 정할 지는  듀얼로 정할 지는  듀얼로 정할 지는  듀얼로 정할 지는  듀얼로 정할 지는  듀얼로 정할 지는 듀얼로 정하자!
1449850,1,정신이 들어? 정신이 들어? 정신이 들어? 정신이 들어? 정신이 들어? 정신이 들어? 정신이 들어? 정신이 들어? 정신이 들어? 정신이 들어? 정신이 들어? 정신이 들어? 정신이 들어? 정신이 들어? 정신이 들어? 정신이 들어? 정신이 들어? 정신이 들어? 정신이 들어? 정신이 들어? 정신이 들어? 정신이 들어? 정신이 들어? 정신이 들어? 정신이 들어? 정신이 들어? 정신이 들어? 정신이 들어? 정신이 들어? 정신이 들어? 정신이 들어? 정신이 들어? 정신이 들어? 정신이 들어? 정신이 들어? 정신이 들어?
1449850,1,오프도 스프라이트랑 티아라멘츠 나오고 접었는데 마듀에도 결국 나와서 접음 잘 있어라 유희왕~~
1449850,1,꾸준히 한다면 과금 없이도 가능한 혜자겜  단지 카드겜 특성 상 선공 망겜이고 코나미가 ㅈ같은 카드를 OCG에 발매하지 않기를 바라야 한다
1449850,0,개씨발앰창호로병신장애인똘추게임 코나미 직원들 애미 내장 뽑아서 내장탕 해쳐먹어도 모자란 게임
1449850,0,선공 ㅈ망게임 신규 카드들 죄다 거지같으니 패트랩도 거지같은것만 내네퍼미션만 ㅈㄴ 쳐내니 갈수록 게임이 재미없어지지
1449850,1,"우리가 찾는 듀얼의 낭만은 애니메이션에서나 볼 수 있던 ""서로 턴을 치고받는"" 게임이다. 솔로 모드에서의 게임은 추천하나, 랭크 게임 언저리에서 볼 수 있는 ""실전 게임""으로는 심히 비추. 싱크로시절 이후 개판이 된 듀얼판이 지금 어떻게 되어있는지는 다들 잘 알거라 생각해 생략하겠다."
1449850,1,25년 동안 장수한 이유가 있는 IP 수렁에 빠지면 빠져나올 수 없다
1449850,1,원래 유희왕을 즐겨 했다가 카드들에 가격이 너무 높아 접었었는데 이렇게 큰돈 들이지 않고 자기가 원하는 덱을 할수있다는점이 너무 좋았다.
1449850,1,상대방의 집을 치우는데 손패 6장을 다 썼습니다 근데 이제 뭐함?
1449850,0,스포라이트인지 스포트라이트인지 생기고 더더욱 하기 싫어진다 병신같은 게임 주구장창 벽질만하고
1449850,1,이 코인토스에 모든걸 걸겠어!! 팅! 탁! ...에? 뒤.뒷면이네..?   파라오!!!!!!
1449850,0,"마듀를 랭크가 올리기가 어려워서 접다가 얼마전에 복귀하가다 듀얼하면서 항상 느꼈는데 선공 거의 유리하고 씹사기덱이 아니면 랭크도 올리기 엄청 힘듬. 내가 우라라,증식의g,니비루 기타등등 쓰면 상대방은 지명자 쓰고면서 뚫리고 상대방이 쓰면 난 막힘. 덱을 조정해도 패는 엄청 말리고 상대방은 풀전개(전개가 다 막힘). 지가 지는상황이오면 방치. 실력도 실력이지만 덱은 파워 인플레가 매우 중요함(<강조).파워 인플레가 강한덱을 쓰면서 조금만 연습만하면 충분히 커버가됨.무과금으로 하는경우 한계가 옴.(페스티벌도 참가하기가 어려워서 쥬얼 모으기가 힘듬.그렇다고 렌탈덱 써도 이기기가 힘듬)"
1449850,1,KONMAI is the best company in this world.
1449850,1,낙인 까지 괜찮았어...... 스프는 나오지 말았어야햇다 (폰 유저)
1449850,0,"직관성 , 밸런스, 뉴비친화도가 개 박살이 나있는데도 아이피 빨로 잘나가는 게임"
1449850,1,게임은 이길려고 하는게 아닙니다 상대방 빡치라고 하는겁니다
1449850,1,"오프라인으로 즐기던 유희왕을 온라인으로 즐겨봤다.  DM,GX 버전까지만 알고 있었지만 이후 추가된 카드들도 꽤나 흥미가 있었다.  랭크에서 직접 맞으면서 배웠지만 이벤트로 재화를 모아가면서 내가 원하는 덱을 구성하며  플레이를 했던 점이 심히 흥미로웠다."
1449850,1,"뉴비는 일정수 이상 모으기 힘든건 맞다. 왜냐하면 어릴적 추억 때문에 시작한 이들이 많기 때문에 만화나 게임을 한번이라도 접해보지 못한 사람들은 룰을 이해하고 숙지하는 것조차 난관이니까...  그래도 어느 정도 쉬운 덱도 있어서 이해하려고 노력하면 어렵다해도 적응은 할수 있을 것이라 생각한다 그만큼 시간투자는 필수다.  필자인 본인은 듀얼링크스로 이미 어느정도 룰은 이해를 했다. 듀얼링크스는 이전에 카드의 수가 훨씬적어 이길 수있는 덱이 한정적이라고 많이들 이야기해서 일단 그런류의 덱을 하나 맞추고 플레이 하다보면 짜여진 순서가 어느정도 눈에 들어오기 마련이었다. (현재도 통용되는지는 잘 모르겠다. 다만, 마스터듀얼도 하나의 덱을 계속해보다 보면 그덱은 현재 환경에서 승률이나 필요한 카드의 구성, 덱으로 어떻게 플레이하는지 감이 생기는 건 똑같다)  각종 커뮤니티와 유튜브영상들을 보면서 게임에 대한 애정과 카드들의 효과, 룰 숙지 그리고  실온라인 대전을 통해 실수도 수없이 해보고 스스로 카드를 모아 덱을 짜면서 여러 생각과 카드간이 연계,시너지를 수박 겉핥기식 정도로나마 알게되어 새로운 카드군만 생기면 그때 효과를 찬찬히 시간들여 읽는 편이되었다.  처음이 어렵지 어느정도 중상위권 중 하나인 쉬운덱부터  시작하고 게임에 대한 끈기만 있다면 마스터 듀얼 전반이 어떻게 구성되있고 게임들이 흘러가는지 보는건 어렵지 않다고 생각한다.  뉴비 추천 덱은 ""엘드리치"", ""후완다리즈"", ""상검"", ""데스피아"" 이정도에서 시작하는게 제일 무난하다고 생각한다. 각 덱의 자세한 특징은 여러 커뮤니티나 유튜브영상들이 존재하므로 생략하지만 간단히 말하자면 공통된 특징은 어느정도 몬스터들을 불러내는 서순들이 각각 정해져 있어서 덱파악을 하는데  룰숙지가 된 사람은 3~5판 이외 생뉴비는 그보다 좀더 걸릴 것으로 추측한다.  추가로 엘드리치덱만 조금더 설명해보자면 자신의 함정카드들로 상대방이 하려는 행동을 방해하고 엘드리치라는 상급몬스터로 상대방필드를 걷고 자신의 함정카드를 소모해 높은 공격력의 엘드리치를 불러내는 것이 가능하다.  마지막으로 팁은 상대방의 카드를 적당히 잘 읽고 내가 가진 카드들은 무엇이고 효과는 어떠하고 언제 어느타이밍에 쓸 수있는지 제약을 숙지한 상태가 상대의 덱보다 내가 불리한 덱일 경우 하나의 돌파구를 만들기도 한다.  상대방이 카드를 쓸때  카드텍스트에 무언가를 ""추가한다, 가져온다, 보낸다"" 등의 문구가 있으면 상대방이 이득을 벌어 나보다 강해지려 한다는 의미나 마찬가지고,  ""상대의(나에게)"" 필드/패/묘지 또는 덱을 건드릴 수 있는 효과 그리고 라이프에 데미지를 주는 효과면 나에게 손해를 입힌다로 생각하고 어떤 경우를 막아야하는지 잘 판단하는게 좋다.  [b]결론: 초심자에겐 어렵다, 추억을 가진 사람은 그 추억 덕분에 룰숙지나 게임플레이까지 무난하게 오기도 한다   숙련자는 카드를 모으거나 대전하는 것에 무척이나 흥미를 느낀다  초반에 카드를 모으는 것은 어렵지 않다 그러나 2~3번째 덱을 맞추는데 무과금이라면 시간이 꽤 소요된다.  그리고 셀렉션 팩과 같은 기간 한정팩은 기간이 지나면  뉴비의 경우 게임내 재화로 거의 구매는 불가능하기에 티어덱을 기간내에만 맞추는게 아마 가능할 것이다.  (카드를 SR,UR가루로 맞추기엔 가진게 한정적이라 게임플레이 오래한 사람들도 신중히 고민하는 편이기에)  현재 업데이트들이 꾸준해서 예전보다 조작감, 이펙트, 인터페이스, 최적화 등이 잘 되있다.[/b]"
1449850,0,선후공 동전에서 16번 연속 지는게 말이 되냐 ㄹㅇ 동전 패치 좀 해줘라
1449850,0,개 ㅈ같은 ㅄ ㅈ망겜 카드 만드는 ㅅㄲ들은 초딩도 아니고 뭐 ㅄ같은 카드들만 ㅈㄴ 만들어대네 그냥 코인토스 ㅈ망겜 진짜 그냥 ㅄ게임임
1449850,1,"저의 Steam TCG 게임 중 1번째 플레이작입니다.  ...딴건 모르겠고 마음이 시키는대로 로망덱을 굴리는 당신이 진정한 승리자다.  참고로 저는 오드아이즈로만  펜듈럼 덱을 7축,4축으로 이것저것 합쳐서 덱 20가지 만들었슴다..."
1449850,1,이걸로 인하여 어린이들이 대단한 게임을 한다는 것을 알게되었다
1449850,1,어렸을적 추억의향수때문에 접했지만 나는 적응하지못했다. 잘만든 게임
1449850,1,어렸을 적 즐겨봤던 유희왕의 추억을 느낄 수 있도록 해준 게임  가볍게 즐기기에 좋은 게임인 것 같습니다
1449850,1,증지체인 우라라체인 지명자체인 와라시체인 롱기체인 말살체인 증지체인 우라라체인 지명자체인 와라시체인 롱기체인 말살체인증지체인 우라라체인 지명자체인 와라시체인 롱기체인 말살체인증지체인 우라라체인 지명자체인 와라시체인 롱기체인 말살체인증지체인 우라라체인 지명자체인 와라시체인 롱기체인 말살체인증지체인 우라라체인 지명자체인 와라시체인 롱기체인 말살체인증지체인 우라라체인 지명자체인 와라시체인 롱기체인 말살체인증지체인 우라라체인 지명자체인 와라시체인 롱기체인 말살체인증지체인 우라라체인 지명자체인 와라시체인 롱기체인 말살체인증지체인 우라라체인 지명자체인 와라시체인 롱기체인 말살체인증지체인 우라라체인 지명자체인 와라시체인 롱기체인 말살체인증지체인 우라라체인 지명자체인 와라시체인 롱기체인 말살체인증지체인 우라라체인 지명자체인 와라시체인 롱기체인 말살체인
1449850,1,7체인을 하면 8체인도 하고싶어 계속 하게된다. 어째서지
1449850,1,12시는 다 가지고 있는 ㅈ망겜  그래도 사랑한다 내 딕아
1449850,0,중국 일본 애들 쳐내라 게임이 진행이 안됨. 인터넷 속도 차이가 너무 나는데 잡아주는 이 게임 담당자도 쳐내셈. 개 븅딱같은 게임임
1449850,1,유희왕 좋아하셨으면 진짜 할만하게 잘 만들어진 게임입니다.
1449850,0,장점: 덱을 맞추면 재밌다  단점: 덱을 못맞추면 재미없다
1449850,1,"유희왕 게임 중에서는 가장 좋은 게임이라 생각합니다, 소과금이나 무과금을 지향하고, 승부에 크게 연연하지 않는 즐겜 플레이 유저 및 유희왕의 추억을 가진 사람이라면 누구보다 이 게임이 잘 맞을 겁니다, 이 게임은 과금 효율이 크게 좋지 않고, 소과금이나 무과금에게 친화적이니 천천히 즐기시길 바랍니다"
1449850,0,승부조작있냐 이길땐 존나게 이기게 판짜고 질땐 존나게 더럽게 카드 나오게 하고 내가 ㅅㅂ 한참 지고 있는데도 첫턴에 섬도희 레이 3장을 나오게 하는건 운이 나쁘다고만 볼순 없는거 같은데 몇판째야!! 팩까기로 울레 안나오는건 별로 불평 안하는데 진심 드로우까지 조작하고 있는거 같아 뭔 카드 조합이 패율이 높은가 계산해서 AI돌리냐??
1449850,0,거의 1년만에 복귀를 해봤는데 얘네는 그냥 유저를 유치할 생각이 없다 금제 하는 꼬라지 보면  변한게 없어서 다시 지울듯.  오프도 하락추세인데 걍 망하는게 맞다 코나미는
1449850,1,병신같은것들이 실력이 밀려서 못한다하는거지 개 병신 티어도 못들어가는덱도 충분히 재미있게 즐길수있다 다만 티어올릴라고생각하면 고문이긴하나 현제 유희왕게임중에서는 탑이 아닐까싶다 메타를 천천히 풀고있다는점도 좋고 어떤덱이 너무많은 승률이나오면 금제조건을 잘맞춰주고있다   시발그래서 언제 루닉 금제됨? 시발년들
1449850,1,티어덱 안쓰고 딕으로 골드~플레구간에서 깔짝거리면 스트레스 안받고 행복한 듀얼 가능합니다
1449850,0,"이름은 다들 들어봐서 알법한 카드게임인 유희왕이 현실 대회를 기반으로 하는 룰로써 스팀에 출시되었다.   [h1]장점[/h1]  - 덱을 짜는데 욕심이 많지 않다면 현질 부담이 덜함 : 코나미 게임 치고는 확실한 장점이다. 튜토리얼과 솔로모드를 통해서 젬을 벌 수 있는데, UR등급으로 떡칠된 덱을 맞추겠다 / 에이스 카드는 로얄작을 하겠다 이런 게 아니면 돈을 안 들이고 플레이하는데 크게 지장이 없다. 비추천을 남기면서도 이렇게까지 하고 / 앞으로도 할 이유는 이것으로도 충분하다. 추억의 덱이건, 티어 덱이건. 적어도 덱 하나를 완성하는데 큰 모자람이 느껴지진 않는다.  - 일부 카드들의 Live 2D :그 때 그 시절 푸른 눈의 백룡이나 블랙 매지션, 사이버 엔드 드래곤, 플레임 윙맨... 그런 카드들도 상징성이 강해서, 소환할 때 상대와 자신에게 꽤 멋진 Live 2D를 선사해준다.  - 오프라인과 그렇게까지 길게 차이 나지 않는 카드풀 : 이건 오프라인 카드를 팔아먹기 위해서라면야 당연히 이해할 수 있고, 그러면서도 길어야 몇 개월 정도만 차이나게 하는 건 굉장히 좋은 정책이라고 본다. 오프라인 카드 값만 해도 장난이 아닌데, 여기선 무료로 즐길 수 있으니까.  [h1]단점[/h1]  - PVP 게임 자체의 구조 : 이건 당연히 예견된 일이기야 했다. 이기는 사람이 있으면 지는 사람도 당연히 생기는 법이고, 그에 대해 반발을 가지는 일이 딱히 잘못된 건 아니라고 하고 싶다. 하지만 그 과정까지 걸리는 시간을 몇 차례 경험해보면, '지더라도 즐거운 듀얼'을 하기가 얼마나 힘든지 알 수 있다. 선공엔 상대가 몇 분간 계속 카드를 소환하고 서치하고 발동하고... 이런 걸 셀 수도 없이 반복하다가 드디어 내 턴이 왔는데, 상대는 그동안 전개한 효과 무효화계 카드들로 내 행동을 다 틀어막는다. 그렇게 할 수 있는 수가 없게 된다면 항복하거나 맞아죽어야지. 처음에야 '어? 이거 어떻게 막지?' 이런 의아함이 들 수는 있는데, 계속 당하다보면 여기서 즐거움을 느낄 수 있을리 만무하다. 이것이 커서 종합적으로 부정적 평가를 주는 이유기도 하다. 추억을 위해 왔다면, 이 이유에서라도 꼭 막고 싶은 이유다. 특히나 덱이 카드 한 장으로 기믹이 돌아가지 않는다면.  - 카드 판촉을 위해 늦게 하는 파워 카드 제재 : 개발진 측이야 당연히 카드가 센 걸 인지하고 있어서, 일부 카드는 준제한으로 나오거나 하는 식의 제재를 하기도 하는데, 사실상 거의 풀파워로 나오고 있다. 그렇게 새로 나온 강한 티어 덱들에게 썰리고 지면 재미를 느낄 수 없을테니까, 제재는 몇 개월 뒤에나 한다. 꼬와서 더 강한 덱으로 맞서 싸우거나, 그냥 접던가. 둘 중 하나다.  - 지나칠 정도의 승자 독식 구조 : 사실 이게 가장 크다. 제대로 싸우고 졌든, 선턴 필드에 허무하게 졌든, 패배 보상은 정말 볼품없다. 승리하든 패배하든 항복을 안 하고(항복하면 아무것도 못 받는다.) 결산 창에서 1000포인트를 채워야 레거시 팩 보상 / 극소량의 보상을 주는데, 승리는 어지간하면 3천점 밑으로 내려가기가 어렵고 때론 5천점도 넘어서 다량의 보상을 받아가는데, 지면 아무리 열심히 해도 1000점에 다다르기 굉장히 힘들다. 카드의 발동 횟수를 세는 게 아니라 어떤 종류의 카드를 발동했냐, 소환했냐만 따지기 때문에 특히. 열심히 해서 졌지만, 그게 유저들에게 있어 별 거 아닌 보상이라도 좀 받으면 불쾌함이 덜할 수 있다. 하지만 졌다고 사실상 아무것도 받지 못 하는 경우가 허다한데, 누가 즐거운 듀얼을 할 수 있을까? 그렇다고 랭크가 아닌 프리 듀얼 모드에선, 보상은 커녕 일일 퀘스트 취급도 안 해준다. 정말 즐기라고만 만든 곳이라서.  - 비매너 유저 : 이를 어느정도 예방하기 위해 채팅 기능까지 지원하지 않았음에도 불구하고 비매너는 여전히 있다. 질 거 같으니 제한시간 300초를 다 채울때까지 아무것도 안 해서 진 빠지게 만든다거나 하는 등. 신고 기능이 있기야 한데 이게 유의미한지 아닌지 알 수가 없다.  - 개적화 : 이건 진짜 심하다. 모든 게 풀 3D도 아닌데, 이런 카드게임에 i5에 8GB, GTX1650이 권장사양으로 떡하니 걸려있다. 좀 구린 컴으로는 버벅이기 시작한다. 실시간 게임이 아니라고 대충 한건가 싶을 정도.  [h1]총평[/h1]  완성도가 괜찮은 카드게임. 그러나, 게임의 구조적 특성상 추억을 보고 온 이들에게는 절대 권장하고 싶지 않다. '어쨌든 카드로 이기는 걸' 좋아해서 왔다면 상관 없지만, '내가 좋아하는 추억의 카드들로 이기고 싶기에' 왔다면 돌아가는 걸 권한다. 추억은 추억으로 있기에 아름다운 법이다.  [b]4 / 10[/b]"
1449850,0,선공 아니면 아무것도 못 하고 지고  선공 잡고 수 틀리면 서렌 이게 게임이냐
1449850,0,후공 5번 연속은 이해함 근데 시간제한 2판으로 이긴 판이랑 상대가 전게댁인데 와이파이 오류 떠서 40분 넘게 하는 건 그냥 이 게임 할 가치가 없게 만듦
1449850,1,로망과 티어가 공존하는 게임. 로망덱으로도 고티어를 갈 수 있다. 단지 과정이 험난하고 괴로울뿐...  어릴적 추억이 묻어있는 그런 덱이 그리워 지는 게임.
1449850,1,"리플레이에서 카드 설명이 안 나오도록 설정하게 된 것은 아주 만족스럽지만, 카드 효과 발동시 좌상단에 나오는 메세지 역시 끌 수 있도록 설정할 수 있으면 좋겠네요. 영상을 편집할때 상대 필드가 가려져서 곤란합니다!"
1449850,1,히히 랭겜에서  스프라이트 만 만나요 그만큼 시원하고 청량해요 뉴비님들 스프라이트 꼭만나세요!
1449850,1,수상한 퍼리 카드도 있고 오타쿠 취향 저격 카드도 있고 메카물 카드도 있고 별 취향들이 뭉쳐진 잡겜.
1449850,1,흐헤헿 뱅뇽 채고야 아름다워 멋져 굉장해 최강이야 사랑한다 내 덱
1449850,0,과거의 향수를 느끼고자 플레이한다면 시간을 날리게 됩니다.   8~90년생 분들께서 시간이 정말정말 남아도는 부류가 아니라면 굳이 하지 않는걸 추천드립니다.
1449850,1,모르는게 너무 많은 뉴비에요 그러니 너희만 아는 카드 좀 작작 써
1449850,1,"이 게임을 하고 나니, 모든 사회적 분쟁을 듀얼로 해결할 수 있다는 믿음이 생겼어요!"
1449850,1,다 좋은데 업데이트가 너무 느려서 똑같은 덱만 계속 보니까 짜증남
1449850,1,입문하는게 점점 어려워지고 있는 게임 하지만 ㅈㄴ 재밌는 게임
1449850,1,어린시절 단순한 카드게임을 이토록 많은사람들이 열광했던 이유는 사람마다 다르지만 나는 멋있다 애니를 다시 생각나게 하고 재미있다 그 외에 게임에 단점을 얘기하자면 어렵다는게 딘점이지만 그 만큼 다른 카드게임이랑은 비교 자체가 불가능! 무료
1449850,1,증지치면우라라있고우라라하면말살자있고증지치면우라라있고우라라하면말살자있고증지치면우라라있고우라라하면말살자있고증지치면우라라있고우라라하면말살자있고증지치면우라라있고우라라하면말살자있고증지치면우라라있고우라라하면말살자있고증지치면우라라있고우라라하면말살자있고증지치면우라라있고우라라하면말살자있고증지치면우라라있고우라라하면말살자있고증지치면우라라있고우라라하면말살자있고증지치면우라라있고우라라하면말살자있고증지치면우라라있고우라라하면말살자있고증지치면우라라있고우라라하면말살자있고증지치면우라라있고우라라하면말살자있고증지치면우라라있고우라라하면말살자있고증지치면우라라있고우라라하면말살자있고증지치면우라라있고우라라하면말살자있고증지치면우라라있고우라라하면말살자있고증지치면우라라있고우라라하면말살자있고증지치면우라라있고우라라하면말살자있고증지치면우라라있고우라라하면말살자있고증지치면우라라있고우라라하면말살자있고증지치면우라라있고우라라하면말살자있고증지치면우라라있고우라라하면말살자있고증지치면우라라있고우라라하면말살자있고증지치면우라라있고우라라하면말살자있고증지치면우라라있고우라라하면말살자있고증지치면우라라있고우라라하면말살자있고증지치면우라라있고우라라하면말살자있고증지치면우라라있고우라라하면말살자있고증지치면우라라있고우라라하면말살자있고증지치면우라라있고우라라하면말살자있고증지치면우라라있고우라라하면말살자있고증지치면우라라있고우라라하면말살자있고증지치면우라라있고우라라하면말살자있고증지치면우라라있고우라라하면말살자있고증지치면우라라있고우라라하면말살자있고증지치면우라라있고우라라하면말살자있고증지치면우라라있고우라라하면말살자있고
1449850,1,돈이... 돈이 없어ㅠ 옛날 유희왕 생각하면 절대 못 하고 꾸준히 하거나 티어덱 정도는 갖추지 않으면 개발릴 준비는 하고 겜해야합니다
1449850,1,히어로 덱으로 시작했는데 어느 순간부터 나쁜탄산에 손을 대다...
1449850,1,⠻⣦⡈⠛⢿⡌⢆⢂⠹⣿⣧⡄⡄⠹⡄⢆⡟⢄⠉⢟⣮⣷⢄⠐⢤⡤⢤⣬⣭⣭ ⣷⣤⠙⣶⣦⠙⡌⢻⠂⠘⣿⣷⢹⠄⢳⠘⣿⡟⣿⡄⢳⡆⢳⠛⢢⠈⠉⠛⠛⠛ ⢿⣿⣷⣀⠈⠓⠌⠂⠘⢆⠈⢙⣎⢣⠘⡆⢣⡛⣿⡇⢀⡙⠚⠶⠶⠿⠷⠶⠒⠒ ⣾⠿⣿⣿⣦⣄⣁⣀⣠⡀⠡⠄⠳⡛⢆⠱⠈⢧⣿⡇⠸⠟⠉⠐⠠⠄⠄⠄⣼⣿ ⣿⣷⣬⣉⣛⣛⠛⠿⠿⣧⣷⣦⣄⠘⢿⡆⠡⠘⣀⡇⢠⣶⣷⣮⣤⣤⣴⣿⣿⣿ ⣿⣿⣿⣿⣿⣿⣿⣿⣿⣿⣿⣿⣿⣷⡀⢿⡀⠄⠉⡇⢸⣿⣿⣿⣉⣉⣉⣉⣉⣰ ⣿⣿⣿⣿⣿⣿⣿⣿⣿⣿⣿⣿⣿⡏⣿⣦⡙⠄⠄⠁⢸⣿⣿⣿⣿⣿⣿⣿⣿⣿ ⣿⡙⠿⣿⣿⣿⣿⣿⣿⣿⣿⣿⠿⠁⣿⣿⣷⣌⠄⠄⠘⣿⣿⣿⣿⣿⣿⣿⣿⣿ ⣿⣿⣦⣀⡨⣝⡻⠿⣻⣿⣧⣄⠄⠄⣿⣿⣿⣿⣿⣦⡀⢻⣿⣿⣿⣿⣿⡿⠿⣿ ⣿⣿⣿⣿⡇⢿⡛⢿⣿⣿⣿⣿⣧⠘⣿⣛⣻⣿⣿⣿⣿⣤⡿⢿⠿⣛⡃⠄⣸⣿ ⡹⣿⣿⣿⣿⣼⣷⣶⣝⢿⣿⣿⣿⣧⣿⣿⣿⣿⣿⣿⣿⣿⡿⠟⣿⢇⣈⣼⣿⣿ ⣿⣜⢿⣭⢻⣿⣿⣿⣯⢧⠙⢻⠛⣛⣛⠛⠛⠿⠿⠟⣛⣥⣶⣼⢏⣾⣿⣿⣿⣿ ⣿⣿⣎⠿⣇⢻⣿⣿⣿⡌⢷⣆⢭⣓⣒⣒⣛⣣⣶⠞⣵⣿⣿⣿⡿⣱⣾⡟⣵⣿ ⣿⣿⣿⣤⣻⡘⣿⣿⣿⣷⡜⢻⣮⣛⣛⣟⣫⡿⣛⣴⣿⣿⣿⣿⢃⣿⣿⣷⣿⣿ ⣿⣿⣿⣿⣷⣣⢹⣿⣿⣿⣿⣯⡙⠛⠛⠛⢛⣺⣿⣿⣿⣿⣿⠇⣼⢫⣵⣿⣿⣿
1449850,1,"게임 자체는 재미있고, 유희왕을 즐겨했던 사람의 입장에서는 충분히 좋은 게임 아래의 단점은 개선해주었으면 하는 점일뿐 게임이 재미없다고 하는 것은 아님 단점 1. 등급별로 재화가 나뉘어져있어 원하는 덱을 마음껏 제작해 즐길 수 없음  이것이 내가 생각하기에 가장 큰 단점 중 하나라고 생각한다. 내가 유희왕을 즐길 수 있었던 이유는 매력적인 캐릭터들도 있었겠지만, 덱의 다양성으로 인해 질리지 않고 오랫동안 플레이 할 수 있다는 것도 존재했다. 그런데 이 게임은 등급별로 재화를 나누다 보니 랭크를 올릴 수 있는 메타 덱을 만들어야 했고, 그러다 보니 덱의 다양성이라는 큰 장점이 사라졌다고 생각한다. 재화를 통일하게 되면 랭크전에서 이길 수 있는 메타 덱을 만들고도, 낭만을 챙길 수 있는 덱(원턴킬 덱, 컨셉 덱 등...)을 제작함으로써 숭패에서 잠깐 벗어나, 게임 그 자체를 즐길 수 있는 플레이를 할 수 있을 것이라고 생각한다. 2. 다들 메타 덱만 만들다 보니 만나는 상대가 다 똑같다. 재화를 벌기위해서는 랭크를 계속 올려야 하고 덱을 만들기 위한 재화는 매우 한정적이므로 이기기 위한 덱만을 만들어야 한다. 그러다보니 메타 덱을 만들 수 밖에 없어지고 결국 다 똑같은 덱을 들고 싸우게 된다. 3. 밸런스가 조금 안 맞다. 말 그대로 메타 덱들이 너무 쎈 나머지 다른 덱을 만들면 이기기 매우 힘들어진다. 결론 게임은 매우 재밌다. 하지만 단점들로 인해 게임이 쉽게 질릴 수 있다고 생각한다."
1449850,1,⢿⣿⣷⣀⠈⠓⠌⠂⠘⢆⠈⢙⣎⢣⠘⡆⢣⡛⣿⡇⢀⡙⠚⠶⠶⠿⠷⠶⠒ ⣾⠿⣿⣿⣦⣄⣁⣀⣠⡀⠡⠄⠳⡛⢆⠱⠈⢧⣿⡇⠸⠟⠉⠐⠠⠄⠄⠄⣼ ⣿⣷⣬⣉⣛⣛⠛⠿⠿⣧⣷⣦⣄⠘⢿⡆⠡⠘⣀⡇⢠⣶⣷⣮⣤⣤⣴⣿⣿ ⣿⣿⣿⣿⣿⣿⣿⣿⣿⣿⣿⣿⣿⣷⡀⢿⡀⠄⠉⡇⢸⣿⣿⣿⣉⣉⣉⣉⣉ ⣿⣿⣿⣿⣿⣿⣿⣿⣿⣿⣿⣿⣿⡏⣿⣦⡙⠄⠄⠁⢸⣿⣿⣿⣿⣿⣿⣿⣿ ⣿⡙⠿⣿⣿⣿⣿⣿⣿⣿⣿⣿⠿⠁⣿⣿⣷⣌⠄⠄⠘⣿⣿⣿⣿⣿⣿⣿⣿ ⣿⣿⣦⣀⡨⣝⡻⠿⣻⣿⣧⣄⠄⠄⣿⣿⣿⣿⣿⣦⡀⢻⣿⣿⣿⣿⣿⡿⠿ ⣿⣿⣿⣿⡇⢿⡛⢿⣿⣿⣿⣿⣧⠘⣿⣛⣻⣿⣿⣿⣿⣤⡿⢿⠿⣛⡃⠄⣸ ⡹⣿⣿⣿⣿⣼⣷⣶⣝⢿⣿⣿⣿⣧⣿⣿⣿⣿⣿⣿⣿⣿⡿⠟⣿⢇⣈⣼⣿ ⣿⣜⢿⣭⢻⣿⣿⣿⣯⢧⠙⢻⠛⣛⣛⠛⠛⠿⠿⠟⣛⣥⣶⣼⢏⣾⣿⣿ ⣿⣿⣎⠿⣇⢻⣿⣿⣿⡌⢷⣆⢭⣓⣒⣒⣛⣣⣶⠞⣵⣿⣿⣿⡿⣱⣾
1449850,0,"그때의 감성과 낭만이라곤 전혀 찾아볼 수 없는게임. 한턴에 3분은 기본이며 벽과 듀얼하고 있는 기분이든다. 심지어 내턴에도 자유롭게 할 수 있는것이 없다.상대는 체인을 걸기 바쁘고 ,상대턴이 길어 한동안 정신팔고 있으면 시간초과로 패배...그리고 어떻게 필드를 비워놔도 한턴만에 복구해버리는 병신게임이 되버렸다.  펜듈럼이니 링크니 하는 말도 안되는 시스템이 생겨나고, 듀얼은 더이상 존중과 배려라는걸 찾아볼수 없는 것이 되버렸다. 모두 티어덱으로 이기면 장땡이다라는 마인드인 사람들밖에 보이지 않는다. 나의 유희왕은 DM과 GX, 5D's뿐이다. 그 이상은 모두 뇌절처럼 보일뿐이다."
1449850,1,함부로 게임을 시작하지 마 어둠의 듀얼에 빠져 눈이 안떠지고 정신을 잃을때까지 그만두지 못하는 고문이 기다린
1449850,0,"선공이 엄청나게 유리한데다 수익을 우선시한 카드 발매, 대부분 1~2턴, 좀 더 길어지면 3~4턴안에 승패가 갈리는 게임인지라 (물론 더 길어지면 그때 부터 좀 더 재밌어지긴 합니다만...) 등급이 내려가는 월초에는 잠시 솔로모드, 듀얼 라이브랑 출석만 하다가  미션이 좀 쌓였을때 하시는걸 추천드릴려고 했는데   덱합체 패합체 묘지합체하는 마을버스같은 낙윤놈, 묘지를 되돌리는 놈,  묘지로 돌리는 놈, 묘지 제외하고 소환하는 놈, 탄산전기 깐프놈들  여기까진 백만번 양보해서 그렇다쳐도   뒤집어서 제외하고 게임 칸 봉쇄 77놈들이랑 묘지로 가면 합체하는 인어놈들은 선을 씨게 넘었어"
1449850,1,"그 녀석은 나의 ""목숨""보다 소중한 ""덱""을 빼앗았다.."
1449850,0,Always lose because FIX YOUR SERVER KONAMI
1449850,0,선공잡으면 내가 원하는카드 절대 안주고 후공이면 원하는카드 주고 첫턴에 게임 끝나는 개 족같은 게임이네
1449850,1,"적이 증G를 던졌습니다만 저는 패에서 우라라를 발동했고, 적은 지명자를 발동해서 막으려 했지만 와라시를 발동해 지명자의 효과를 막았습니다. 하지만 적은 거기에 말살을 꽂았습니다. 그렇지만 기적적으로 내 패에는 롱기누스가 있어서 안전하게 네오스 퓨전을 발동할수 있었습니다^^."
1449850,1,we need a lots of noobyee ah noobyee naenya(뉴비 많이 필요함 뉴비 내놔)
1449850,1,초반에는 범용카드 만드느라 힘들지만 범용카드를 만들고 나면 원하는 덱 만드는게 그렇게 어렵지 않아서 좋고 가루 시스템으로 쓸모없는 카드 원하는 카드로 바꾸는 것도 좋고 듀얼 진행도 매끄럽고 재밌으며 금제도 잘 갱신되어서 좋습니다
1449850,1,어릴때 추억으로 가볍게 시작했다가 논문급의 덱강의를 찾아서 읽고 있는 자신을 발견할 수 있다 아니면 게임이 뭐 이렇게 공부할게 많냐며 때려칠 수도 있다 카드겜은 직접 하는 것보다 남이 하는걸 구경하면서 훈수하는게 훨씬 더 재밌다는 걸 명심하자
1449850,1,"ㅈ같은 게임, 하지만 계속 손이가는게임 1,2판 하면 기분 ㅈ같아서 다시 나가는게임."
1449850,0,진짜들만 남았음 티아라 금제 처먹고 다 뒤졌으면 좋겠다
1449850,1,"돈 빨아먹을라고 미친 효과들을 만들었네 지금 참기, 루닉이 마듀 지배했는데 다음 스프라이트, 티아라멘츠 생각하면 어질어질하다 지옥 맛 보고 싶으면 꼭 해봐라 추억이고 로망이고 다 박살날테니깐  10개월 한 괴구야 유저 올림"
1449850,1,유희왕에 입문하는데에 도움되는 게임이라 너무 좋다.  실물 카드를 사거나 같이 할 사람을 구하지 않아도 언제든지 유희왕을 즐길 수 있다.
1449850,1,업데이트 할때마다 절규하고 업테이트 없을때마다 절규한다
1449850,0,12월 부터 기다리고 기다리던 카드는 모두 패싱해버리고 미래에 있는거만 가져와서 패싱당한 사람들만 지치게하는 망겜입니다.
1449850,1,[도전과제 100% 달성]  카드게임의 시초라 불리는 유희왕..  유희왕은 개인적으로 좋아하진 않다보니 유희왕게임은 접해보지 않았었습니다  그러다 우연히 제가 보는 플랫폼에서 이 게임을 하는걸 보고 관심이 생겨 플레이하게 되었습니다  일단 무료인 점에 압도적 감사..  무료게임답게 인게임에서 유료재화 무료재화가 나뉘는데 현질유도도 안 심하고 무료재화도 퍼주다싶이하는 혜자게임인 것에 또 한번 감사..  게임이 너무 친절해서 머리가 욱신거리면서 플레이하는 재미를 선사해준 것 또한 감사..  다양한 덱조합이 있으며 덱마다 장단점이 있으며 아기자기 이쁜 카드들이 많아서 또또또 감사..  이렇게 재밌는 게임을 아직도 안 해보셨다구요? 한번 해보시죠
1449850,1,"12시 : 유희랑 고니 할애비가 와서 기립박수를 칠 밑장빼기 실력으로 키 카드, 패트랩을 다 손에 들고 있는 씹1새끼  6시: 최현우가 덱탑을 사뿐히 만지고 갔는지 원하는 카드는 절대 안나오고 욕탐으로 2드로를 땡기면 욕탐이 나오는 대환장파티  그래도 겜은 재밌음"
1449850,0,덱 밸런스 실화냐 개쓰레기 수준.... 뉴비는 이거 하지 마라 개쓰레기게임
1449850,0,게임은 좋은데 이 미친놈들이 팩 팔자고 루닉 재제 안하는 거 괘씸함 하리퍼 때는 이 놈들 데스피아 팔자고 금지 맥이는거 ㄹㅇㅋㅋ
1449850,1,그냥 예전에 유희왕을 했어서 그냥 추억팔이 느낌?  근데 또 연출은 재밌어서 그냥 중간 추천느낌....
1449850,1,재미있는데 그만큼 게임 진입이 힘들다 그거때곤 다 좋다 업데이트랑 수익 B M좀 잘짜줘라 제발 스킨좀 많이 내줘
1449850,1,뉴비분들은  기억하세요. 증식의 G  하루 우라라 저택 와라시 유령토끼 니비루 무한포영 삼전의 재 금지된 일적 무덤의 지명자 말살의 지명자 는 쓰래기 카드입니다! 절대 쓰지마세요!
1449850,1,게임 자체는 좋고 재밌음. 듀링에서부터 입문한 덕인지 적응하기도 매우 쉬웠음. 근데 운영이 개 ㅄ 대놓고 씹사기 티어덱인데 비싼 덱이라 팔아먹으려고 곧죽어도 너프 안먹이는 심보를 숨기지 않는 밸런스와 문제 발생에 대한 대응이 진짜 ㅈㄴ 느린편.
1449850,1,"지금까지 아무 과금도 안하고 그냥 보옥수덱으로만 저랭크 듀얼중이었는데, 아 이거 너무 재밌어서 4시간이 훌쩍 지났다. 그 후엔 흑룡덱 쓰다가 로망의 의식백룡덱으로 갈아탔고 갤럭시덱으로 갈아타다가 함떡고스트릭덱을 프리듀얼용으로 짜고 소환수섀도르를 랭크용으로 짰다가 이빌트윈&스프라이트덱 짜서 해봤는데 겁나 쉬운 전개에 이마를 탁 쳤다. 그리고 좋아하는 덱이 뭐든간 누메론덱은 하나 꼭 만들어라. 카드 부족한 짭메론으로 만들어도 플레5는 그냥 간다.  근데 겜하다 보면 이 세퀴들은 한턴에 특수소환을 몇번을 쳐 하는건지 짜증이 좀 난다. 그리고 섬도희 쓰는 폐급 버러지들은 대가리 박고 반성해라. 섬도희가 사기라서 그런게 아니라 할 줄 모르면 그냥 그 덱 쓰지마라 시간 아까우니까... 진짜 골프공이랑 황금대가리,루닉,후완다리즈 등등 모두 그렇구나~ 하고 넘어갈 수 있어도 십덕냄새나는 섬도희로 2분 이상을 처잡고 있는건 용납 할 수 없다. 그리고 쫭깨어(한자)로 되어있는 닉네임 보면 안타깝지만 서렌치고 그냥 나가자. 이 엄마아빠 없는 쫭깨놈들은 100중 101가 핵쓴다.   <총평> 로망덱,원턴킬덱,예능덱 들고 돌려도 골드는 무지 쉽게 올라간다. 허나 플레부터는 그런거 없고 서로 고지성 체인싸움 해야됨. 섬도희 쓰는 놈들은 ㄹㅇ 반성해야됨. 선턴에 2분 이상 걸리면 그 덱 쓰지마라. 시간매너는 지켜야지?  그리고 쪼렙 주제에 페스티벌에 낙인티아라 들고 오는 넌씨눈들도 반성 좀 해라."
1449850,0,씹덕 게임 하지마유 바쿠야 이런거 400시간 어케했누 ㅋㅋㄹ
1449850,1,"유희왕은 20년이 넘은 오래된 게임이기에 그만큼 진입장벽이 매우 높아졌습니다. 수많은 카드의 종류와 언뜻보면 이해 안되는 재정도 많으며 카드의 효과들은 국어문법마냥 어렵게 꼬아져 있습니다. 그렇기에 오프라인 유저로 이 게임을 입문하기에는 주위에 도와주는 사람이 없으면 매우 힘들어 졌습니다.  하지만 마스터 듀얼은 모든 룰 처리를 AI가 처리하여 가장 큰 진입장벽 중 하나를 해결하였습니다. 또한 오프라인의 3판2선제가 아닌 단판제를 도입하면서 가볍게 즐길수 있는 게임이 되었습니다. 솔로모드를 통해서 여러가지 덱타입을 소개하면서 운영방식을 알려주는 방법 또한 초심자가 혼자서 입문할 수 있는 환경을 만들어 주었습니다. 그리고 꾸준히만 접속하고 미션을 깬다면 굳이 과금을 하지 않더라도 일정 주기마다 새로운 덱을 짤 수 있을정도로 BM구조가 매우 혜자스럽습니다.  다만 단판제라는 형식에서 기존의 게임과 방향성이 달라짐에도 이를 감안하지 않는 밸런스 패치나 아직까지는 불친절한 튜토리얼, 의미를 알수 없는 이벤트 등등 여러가지 단점이 있는 게임이지만 이정도면 유희왕IP를 통해서 만든 게임중에서 수작에 가깝다고 할 수 있습니다.  그렇기에 전 이 게임을 추천하는 바이며 마지막으로 한마디 덧붙이자면 빙.결.계.조.아"
1449850,1,어릴때 카드사서 놀았던 낭만은 이제 없긴함 지금은 뭐 다 이상한 덱 ㅈㄴ 들고와서 하루종일 전개하다 겜 끝나있음  그래도 어릴때 가지고 놀았던 카드들이나 가지고 싶었는데 못 얻었던 카드들을 여기선 쉽게 구할 수 있어서 좋았음 낭만이 있었지만 이젠 없어진 시대의 변화와 발전이 오히려 독이된 케이스 그리고 ㅆ1발 푸른눈 카오스 맥스덱으로 플레까지 1승남았는데 걍 올려보내주지 ㅈㄴ 끝까지 1승을 못해서 접게 만드네   일단 무료니까 안하는건 손해임 그렇다고 시간 ㅈㄴ박을정도의 갓겜은 아님
1449850,0,병신겜. 선공 병신겜이지만 좋은 TCG는 맞음.  근데 코나미 병신임 해보면 암  10점만점에 5점
1449850,1,"12시가 사기,혐오,공포심 조장 그리고 1년이 지난 지금는데도 변한게 없다"
1449850,0,툰월드 툰킹덤 발동효과라도 넣어줘라 이나쁜 콘마이야  이젠 뭔가...뭔가임
1449850,1,Rnfwoa                                                 s s  s ss s s  ss  s s s s s s s s  ss s s s s s s s s s s s  ss s s s ss s s  s s s s s ss s s
1449850,1,어? 6000잼에 UR가루 90개??   그 정도면 개혜잔데?⠀⠀⠀⠀⠀⠀⠀⠀⠀⠀⠀⠀⠀⠀⠀⠀⠀⠀⠀⣠⡆⠀⠀⠀⠀⠀⠀⠀⠀⠀ ⠀⠀⠈⠙⠀⠀⠀⠀⠀⠀⠀⠀⠀⠀⠘⡸⢤⣡⣴⣶⣾⣿⣿⣷⣾⣥⡃⠀⠀⠀⠀⠀⠀⠀⠀⠀ ⠀⠀⠀⠀⡙⠚⠀⠀⠀⠀⢀⣀⡀⠀⣰⣿⣿⣿⣿⣿⣿⣿⣿⣿⣿⣿⣧⣠⣴⣶⣶⣶⣦⠀⠀ ⠀⠀⠀⠠⣌⡁⠀⠀⢠⣾⣿⣿⣿⣷⣿⣿⣿⣿⣿⣿⣿⣿⣿⣿⣿⣿⣿⣿⣿⣿⣿⣿⣿⠀⠀ ⠀⠀⠀⢐⡂⠀⠀⠀⠸⣿⣿⣿⣿⣿⣿⣿⣿⣿⣿⣿⣿⣿⣿⣿⣿⣿⣿⣿⣿⣿⣿⠿⠃⠀⠀ ⠀⠀⠠⢄⠈⠉⠀⠀⠀⠀⠉⠛⠋⢡⣿⡿⠛⠻⣿⣿⣿⡟⠛⠻⣿⣿⣿⡷⣄⠀⠀⠀⠀⠀⠀ ⠀⠀⠐⠒⠒⠀⠀⠀⠀⣀⣤⡖⠭⢹⣿⠁⠰⢂⣿⣿⣿⠀⠟⠀⣼⣿⣿⠒⠤⣉⢒⣤⡀⠀⠀ ⠀⠀⠠⠦⠀⠀⢀⣴⣿⣿⣿⡟⠊⣿⣿⣦⣴⣿⣿⣿⣿⣷⣶⣾⣿⣿⣿⣶⣶⣾⣿⣿⣿⣦⠀ ⠀⠀⠉⣀⠀⢰⣿⣿⣿⣿⣿⠀⢠⡿⠛⠛⠛⠛⠻⠿⠿⢿⣿⣿⣿⣿⣿⣿⣿⣿⣿⣿⡿⠋⠀ ⠀⠀⢐⠦⡀⠀⠻⣿⣿⣿⣿⣶⡞⠁⠀⣴⠀⠀⠀⣰⠂⠀⠙⣿⣿⣿⣿⣿⣿⣿⡿⠋⠀⠀⠀ ⠀⠀⠔⣪⠕⠀⠀⠙⣿⣿⣿⣿⣄⡀⠀⠀⠀⠀⠀⠈⠀⠀⠀⣹⣿⣿⣿⣿⣿⣿⠀⠀⠀⠀⠀ ⠀⠀⠈⢀⢔⠅⠀⠀⠘⣿⣿⣿⣿⣿⣿⣶⣶⣦⣤⣤⣤⣶⣾⣿⣿⣿⣿⣿⣿⡇⠀⠀⠀⠀⠀ ⠀⠀⠀⠁⣡⢖⠄⠀⠀⢸⣿⣿⣿⣿⣿⣿⣿⣿⣿⣿⣿⣿⣿⣿⣿⣿⣿⣿⣿⠁⠀⠀⠀⠀⠀ ⠀⠀⠀⠀⠡⠃⠂⠀⠀⠀⢻⣿⣿⣿⣿⣿⣿⣿⣿⣿⣿⣿⣿⣿⣿⣿⣿⣿⠃⠀⠀⠀⠀⠀⠀ ⠀⠀⠀⠀⠀⠀⠀⠀⠀⠀⠀⠙⠿⣿⣿⣿⣿⣿⣿⣿⣿⣿⣿⣿⣿⡿⠛⠃⠀⠀⠀⠀⠀⠀⠀
1449850,1,카드게임의 단점은 역시나임. 결국 패 좋은 새끼가 이김  근데 왜 12시는 시발 항상 좋은 거냐고  ㅈ같네   그래도 재미는 있음 ㅋㅋ   (참고로 처음 덱짤때는 범용성 높은 카드 많은 덱으로 짜라 나처럼 삼환신덱해서 울레가루만 날리지 말고)
1449850,0,아니 돈에 미쳐가지고 금제를 아주 좆같이 하네 ㅅㅂ놈들
1449850,1,이 게임이 재미없다고? 닥쳐라! 너의 그 말은 듀얼로 증명해라!
1449850,1,뉴비한테 어려움 근데 엘드리치 같은 뉴비한테 쉬운덱 쓰면 괜잖음 어차피 무료니까 시간 날때 해보샘
1449850,1,코나미 맘대로 운영하고  코나미 맘대로 공지하고  코나미 맘대로 출시한다
1449850,1,"재미는 있는데 튜토는 부실한, 다만 입문하면 접어도 계속 생각날만한 게임 이었는데 어째서 지금은 갈수록 똥내음이 나는가"
1449850,1,덱을 실수로 갈아서 덱 없이 기본 드래곤 덱으로만 플레이하다가 값싼 엘드리치에 입문했는데요 정말 재밌고 사기적이고 몽환적이고 기모찌하고 조성빈했읍니다. 여러분도 값싼 엘드리치 덱 한 끼 식사정도로 어떤신가요?
1449850,0,이번 제제는 씨발련아 저번 크샤트리라 유니콘 무제 버스 제한이랑 같은 사건이잖아 아니 지금 펜니르만 제한간 꼴이 잖아 씨발 무뇌아 코나미 들아 장난해? 댁이 비싸니깐 계속 팔아먹을 생각이지? 이럴거면 제제는 왜 한거야 니들이 그러니깐 포켓몬한태도 따잇 당하는거아냐
1449850,1,심각한 듀얼중독입니다  뭣이? 내가 듀얼중독인지 아닌지는 듀얼로 결정한다
1449850,0,선공핵은 기본이고 고인물 카드 게임답게 티어 덱이 아니면 이길수가 없는 구조. 제일 문제점은 게임을 이기든 지든 불쾌함. 제발 유희왕 입문하지마라 충고한다. ㅈ같은게임 시발
1449850,1,내 턴 동안 스크립트 코딩하고 실행해서 에러 뜨면 서렌치는 게임 / 3.5
1449850,0,하루에 후공만 3판이상 잡히면 안하는게 좋음 계속 후공만잡아줌 하루에 일퀘만 깨는게 현명함 오래할 겜이 못됨
1449850,0,젬 수급이 너어어어어어무 안돼서 하고 싶은 덱을 내 맘대로 만들기가 정말정말 힘듦. 결국 극초반에 젬수급을 해서 1티어덱을 만들고 겜을 이겨서 오랜기간 젬을 모아서 덱을 더 만드는 구조인데 1티어덱 만들고 젬 수급 하려고 해도 진짜 오래걸림 현질 효율도 딱히? 무과금으로 하다보면 하고 점점 하게 되는 빈도도 줄음
1449850,0,sork qhfEo zhskal dltoRLemfdms doaldoqlrk ghftnrjsk Wkrtnejfkeh 2sms dkslfrjfk todrkrgka
1449850,1,전 흑룡댁을 굴리는 유저입니다만 흑룡지원은 언제나오나요?   라는 라노벨 제목 있으면 ㄱㅊ
1449850,1,듀얼로 승부하자!듀얼로 승부하자!듀얼로 승부하자!듀얼로 승부하자!듀얼로 승부하자!듀얼로 승부하자!듀얼로 승부하자!듀얼로 승부하자!듀얼로 승부하자!듀얼로 승부하자!듀얼로 승부하자!듀얼로 승부하자!듀얼로 승부하자!듀얼로 승부하자!듀얼로 승부하자!듀얼로 승부하자!듀얼로 승부하자!듀얼로 승부하자!듀얼로 승부하자!듀얼로 승부하자!듀얼로 승부하자!듀얼로 승부하자!듀얼로 승부하자!듀얼로 승부하자!듀얼로 승부하자!듀얼로 승부하자!듀얼로 승부하자!듀얼로 승부하자!듀얼로 승부하자!듀얼로 승부하자!듀얼로 승부하자!듀얼로 승부하자!듀얼로 승부하자!듀얼로 승부하자!듀얼로 승부하자!
1449850,1,이게임 별로 안헀는데 재밌네요! 승급전에서 3번 연속으로 우라라맞은것도 졸라 재밌어요!
1449850,0,티아라 멘츠 랑 비스테드 새끼들 때문에 하기 싫음.  밸리언츠 굴리는데 너무 힘들다.. 시발 둘다 금지좀 갔으면
1449850,1,룰도 지가 확인해주고 카드도 얻기 쉽고 유희왕 겜 중 최고봉이라고 생각함 다만 업뎃 좀 빨리했음 좋겠음
1449850,1,Simple to start but hard to master
1449850,0,도대체 루닉같은덱을 왜 멀쩡하게 출시시킨거임? 매칭돌리면 반은 낙인데스피아에 나머지 반은 루닉이네
1449850,0,자기가 유희왕이 너무 좋아서 미치겠다 하는 사람만 하세요
1449850,1,1! 10! 100! 1000! 후.. 니들은 이런거 하지 마라
1449850,1,본인이 카드게임에 관심이 있거나 유희왕을 좋아하면 할만한 게임
1449850,1,"어릴적 동네 문방구에서 유희편, 카이바편 스트럭쳐를 사서 하던 감각으로 들어가면 추억을 강간당할 수 있는 게임. 많이 매워졌다. 그래도 하다보면 적응된다. 히어로 하쉴?"
1449850,1,"듀얼링크스 시절 달의서등 인권카드때문에 진입장벽 높았던 것을 생각하면, 덱을 짜는 것에 대해서는 굉장히 진입장벽이 낮다고 생각합니다. 플레이도 유튜브나 공략을 보면 충분히 숙지할 수 있고요, 하지만 다이아 이상 랭크가 없다는 점, 그리고 플래티넘-다이아로 이어진 상위 티어에서의 보상이 실버-골드랑 큰 차이가 나지 않는다는 것은 빨리 고쳐야 된다고 생각됩니다. 그래도 마스터 듀얼만한 유희왕 게임이 없다는 것도 사실이며, 결국 유희왕을 좋아하신다면 필히 해보시는 것을 추천드립니다."
1449850,0,이딴 병신게임 왜함? 이제 인플레 좆같이 올라가서 꼬라지 좃같애 걍 ㅋㅋ 뉴비유입이 있겠냐고 시발아
1449850,1,정말 재밌는게임이고 빠져서 했었는데 하고싶은 덱은 점점 많아지고 주는 재화는 너무 적으니.. 재화만 좀더 대량으로 뿌려줬으면 덱맞추는 재미와 다양한 조합맞추는 재미가 있었을텐데 아쉬울 따름이다 그래도 카드게임 좋아하신다면 이만한게임은 없으니 한번씩은 해보는걸 추천
1449850,1,"우리는 파워를 원했고 그 대가는 유저들이 지불했다.  그 값을 치룰 방법은 하나밖에 없다.  처음 좆사기카드가 찍힐 때부터  그 행동이 보답받을 때까지 계속해서 나아가는 거다.  죽어도  죽은 후에도.    ⢷⣕⢝⢿⠽⡹⣽⣟⡮⡝⣽⣹⢽⣟⢯⢿⢿⢯⣿⡿⣟⡸⢏⠏⠣⡁⠅⠊⠀⡱ ⣿⣞⡧⣱⢵⡻⡳⢓⢗⠱⡘⡌⡎⡢⣱⢱⡢⡇⠎⡘⠠⠨⠀⠂⠂⠠⠠⢁⠢⣑ ⡽⣯⣳⢝⢁⢂⢑⠐⠄⠅⡇⡎⢔⣕⣕⠕⡈⠄⡑⠀⠅⢈⠠⠈⠌⠠⢁⠰⣸⣺ ⣯⡷⣗⡇⡂⡂⡂⡑⡈⡂⡷⢙⠡⡑⢀⠂⠁⡀⠂⢁⢐⠀⡂⠡⠨⢈⠤⣽⣽⣟ ⣟⢾⣹⠊⠐⡈⠂⡠⡠⡨⡐⠔⠀⡐⠀⠄⡁⠄⠨⢀⠐⡀⡂⢁⠔⡥⡪⣿⢷⣻ ⡽⡻⠐⡈⠄⢐⠡⢈⢆⠡⢀⠂⢁⢀⠂⡁⠐⠈⡀⠄⢂⠠⣂⢵⣝⡽⣳⢸⢿⣟ ⡕⡁⢌⠂⣜⠎⣎⢑⠅⡆⡂⡐⠠⠂⡐⢀⠨⠀⢂⢁⢢⣳⢽⣻⡮⡯⣻⡪⢷⣟ ⣝⢄⠂⡁⠅⠎⡪⢂⢕⢸⠐⠀⠌⡀⠄⡂⡈⢔⢡⢺⡾⡮⠫⡙⣯⢕⡯⡎⡾⣗ ⣾⡳⠠⠠⡸⣱⣕⢵⠱⡱⡈⡐⡅⡄⠅⠬⡜⣝⠾⣜⣞⣏⡪⣘⢗⣝⣹⢱⡹⡇ ⢅⣔⠎⠔⢹⢲⡘⠙⡙⠲⢔⣧⠚⡌⣞⣞⢾⢮⣯⡾⣺⣟⣿⣞⣷⢽⡵⣱⢿⢨ ⡓⡚⠀⡂⠨⡘⡞⡁⢄⢪⢮⠂⠌⢺⣳⣯⣟⣿⢍⠪⡐⣼⣝⢾⣯⡿⡸⣾⢏⢶ ⣻⡇⠅⢂⠱⡱⠰⣪⡮⢞⢑⠡⠈⠌⣟⣾⣿⣽⣿⣗⣯⣽⢺⢽⠞⣜⣞⣯⢷⣕ ⢏⠢⡁⠢⡱⣱⢅⡕⢖⣷⢭⣧⡑⡈⢺⣷⣿⣯⣷⣿⣯⢿⢫⢪⢾⣿⣿⣿⣿⣿ ⡣⢁⢪⢼⡽⡵⡻⡺⣓⣊⢎⡻⢲⢀⠘⠾⡻⡫⣛⣕⢵⢵⡯⣿⡵⢿⣯⣾⣿⣾ ⠂⢂⢑⣽⣮⡿⣞⣼⢯⢞⣷⢿⣻⡢⠈⠌⠚⡯⣿⣺⢝⣯⢿⡽⣏⣿⣿⣾⣵⣿    이건 네가 시작한 이야기잖냐, 모랄타."
1449850,1,크샤트리라. 티아라멘츠 규제없이 마듀에 나올거같아 벌벌 떠는 마붕이면 개추~ ㅋㅋㅋㅋㅋㅋㅋㅋㅋㅋ
1449850,0,씨발련아 니 패만 있냐? 그리고 이 개새끼들 선공 후공 둘 뿐에 사람 둘 뿐이면 분명 확률이 5대5여야 하는데 시ㅣ발 절대 5대5아님 내 후공 확률이 8이고 선공 확률이 2임 ㅇㅇ 개 씹 버러지같은 게임
1449850,1,크로스듀얼보다 훨씬 재밌어요 가루시스템도 혜자입니다 굿굿
1449850,1,무과금하면 덱 자유성이 너무 부족해진다. 초반에 한두개 덱 만들면 다른 덱 만들 껀덕지가 안나옴 가끔 젬 1000개 주거나 랭크전으로 1000개 모아서 카드팩까는 것도 초반까지고 나중에 가면 그냥 채굴 느낌에다가 지루해짐 만나는 덱도 똑같아서 랭크전도 재미없어지고 패스도 그렇게 좋은 보상도 아니라서 구매 가치도 모르겠음 그래도 무료게임이라 추천ㅇㅇ
1449850,1,내가 생각하기엔 상대의 라이프를 까는게 승리가 아닌 상대를 '특수승리'하거나 '상대를 괴롭히는덱으로'괴롭히는것이 진정한 승리라 생각된다
1449850,0,이 게임에 내 1000시간과 돈 5만원을 쓴 게 내 인생에서 제일 아까운 일임
1449850,0,인터넷 연결 안좋은 애들이랑 하면 진짜 암걸려서 못해먹겠음 그런애들이랑 하면 체인 하나당 기본으로 와이파이 끊기는걸로만 10초정도 잡아먹는데 이것때문에 게임만 더럽게 길어지고 답답해서 이기고 있어도 서렌치고 싶을때가 많음
1449850,0,"애미 뒤진 새끼들이 누가누가더 양심 출타한 덱 가져오나로 싸우는 좆망겜, 밸런스고 뭐고 조또 신경 안써서 지 좆대로 신팩 내고 무근본 이벤트 지 ㅈ대로 내는데 이벤트 직전마다 양심이랑 양친이랑 둘다 뒤진 고아 새끼들같은 카드군만 쳐 꺼내서 양심 뒤진 새끼들끼리 누가 누가 더 자기 애미 애비 잘 죽이나 싸움하는 병신겜, 그래놓고 맨날 선공잡으면 무조건 이길만한 좆병신같은 환경에 단판겜이라 스트레스만 쌓임  평범하게 듀얼 즐기고싶은 사람은 이딴 좆망겜하지말고 차라리 유프로나 오프 듀얼을 하시오 그럼 최소한 금제라도 최신으로 쳐먹이고 사이드덱 달고 할 수라도 있겠지"
1449850,0,"진짜, 병신같은 게임이라는 것이 온몸으로 느껴진다. 하지마라. 성격만 배린다. 게임이 진짜 천하고 변화없고, 딱 회사 사장이랑 CEO들의 마인드와 같다."
1449850,0,단판전임 유희왕을 좋아하고 하고싶었던 덱이 있었으면 이런거 안보고 헀을테니 비추
1449850,1,"가볍게 즐기기엔 유희왕을 모르는 이들에게는 매우 빡센 게임일 수 있겠으나, 조금씩, 여유를 가지고 천천히 유희왕을 알아가면서 즐기겠다는 마인드로 플레이한다면 이 게임의 창렬한 카드깡을 이겨내고 오랫동안 게임을 즐길 수 있지 않을까 싶다"
1449850,0,"코나미 돈에 미친 새끼들 매번 밸런스 박살내서 돈 빨고 금제로 돌려놓고 다시 박살내고 금제로 돈주고 산 거 못쓰게 만들고 이 지랄 하고 있네. 회사부터가 파칭코로 돈 버는 꼬라지 보니까 합법이라 그렇지, 하는 짓은 불법도박 범죄자 새끼들이랑 맞먹음."
1449850,0,스트레스만 이빠이 받는 게임임 님들은 절대 이게임 하지마셈
1449850,0,선공 먹으면 이기는게 시발 거의 확정인게 카드게임이냐? 그냥 처음부터 코인토스 게임으로 만들어라 이 시발놈들아
1449850,0,덱 하나 짜는데 필요한 재료 모으는데 오래 걸림 막상 덱짜도 한두판 돌리고 끔 노잼
1449850,0,시대가 흐르면서 여러 소환법이 나오고 옛날 우리가 좋아하던 타점으로만 승부를 보던 시대를 좋아하셨던 분들이라면 이 게임 절대 권장 안드리고 이 겜 즐기는 법은 메타덱을 공부하셔서 그 덱 하면서 이기는 것 밖에 답이 없음. 심지어 불쾌할 정도로 전개가 긴 덱을 만나면 굉장히 하기가 싫어짐 낭만 찾을려고 이 겜 하다가 실망하고 접은 사람 꽤 봤음.  한 줄 요약 : 이 게임에서 당신이 모르는 카드의 효과를 해석하며 공부하는 재미를 느끼고 싶다면 추천! 하지만 이 게임을 모른다면 당신은 비문학을 읽는 급으로 머리를 쓰게 될 것입니다. 그래도 해보고 싶다? 해보고 몸소 느끼시길 바람 낭만 없음 이 겜
1449850,1,목수 되고싶은사람이 하면 좋습니다. 뚝딱뚝딱뚝딱뚝딱뚝딱뚝딱뚝딱뚝딱뚝딱뚝딱뚝딱뚝딱뚝딱뚝딱뚝딱뚝딱뚝딱뚝딱뚝딱뚝딱뚝딱뚝딱뚝딱뚝딱뚝딱뚝딱뚝딱뚝딱뚝딱뚝딱뚝딱뚝딱뚝딱뚝딱뚝딱뚝딱뚝딱뚝딱뚝딱뚝딱뚝딱뚝딱뚝딱뚝딱뚝딱뚝딱뚝딱뚝딱뚝딱뚝딱뚝딱뚝딱뚝딱뚝딱뚝딱뚝딱뚝딱뚝딱뚝딱뚝딱뚝딱뚝딱뚝딱뚝딱뚝딱뚝딱뚝딱뚝딱뚝딱뚝딱뚝딱뚝딱뚝딱뚝딱뚝딱뚝딱뚝딱뚝딱뚝딱뚝딱뚝딱뚝딱뚝딱뚝딱뚝딱뚝딱뚝딱뚝딱뚝딱뚝딱뚝딱뚝딱뚝딱뚝딱뚝딱뚝딱뚝딱뚝딱뚝딱뚝딱뚝딱뚝딱뚝딱뚝딱뚝딱뚝딱뚝딱뚝딱 하루종일 집짓기 가능 개꿀 나만하는 듀얼ㅋㅋㅋㅋㅋㅋㅋㅋㅋ
1449850,1,⢿⣿⣷⣀⠈⠓⠌⠂⠘⢆⠈⢙⣎⢣⠘⡆⢣⡛⣿⡇⢀⡙⠚⠶⠶⠿⠷⠶⠒ ⣾⠿⣿⣿⣦⣄⣁⣀⣠⡀⠡⠄⠳⡛⢆⠱⠈⢧⣿⡇⠸⠟⠉⠐⠠⠄⠄⠄⣼ ⣿⣷⣬⣉⣛⣛⠛⠿⠿⣧⣷⣦⣄⠘⢿⡆⠡⠘⣀⡇⢠⣶⣷⣮⣤⣤⣴⣿⣿ ⣿⣿⣿⣿⣿⣿⣿⣿⣿⣿⣿⣿⣿⣷⡀⢿⡀⠄⠉⡇⢸⣿⣿⣿⣉⣉⣉⣉⣉ ⣿⣿⣿⣿⣿⣿⣿⣿⣿⣿⣿⣿⣿⡏⣿⣦⡙⠄⠄⠁⢸⣿⣿⣿⣿⣿⣿⣿⣿ ⣿⡙⠿⣿⣿⣿⣿⣿⣿⣿⣿⣿⠿⠁⣿⣿⣷⣌⠄⠄⠘⣿⣿⣿⣿⣿⣿⣿⣿ ⣿⣿⣦⣀⡨⣝⡻⠿⣻⣿⣧⣄⠄⠄⣿⣿⣿⣿⣿⣦⡀⢻⣿⣿⣿⣿⣿⡿⠿ ⣿⣿⣿⣿⡇⢿⡛⢿⣿⣿⣿⣿⣧⠘⣿⣛⣻⣿⣿⣿⣿⣤⡿⢿⠿⣛⡃⠄⣸ ⡹⣿⣿⣿⣿⣼⣷⣶⣝⢿⣿⣿⣿⣧⣿⣿⣿⣿⣿⣿⣿⣿⡿⠟⣿⢇⣈⣼⣿ ⣿⣜⢿⣭⢻⣿⣿⣿⣯⢧⠙⢻⠛⣛⣛⠛⠛⠿⠿⠟⣛⣥⣶⣼⢏⣾⣿⣿ ⣿⣿⣎⠿⣇⢻⣿⣿⣿⡌⢷⣆⢭⣓⣒⣒⣛⣣⣶⠞⣵⣿⣿⣿⡿⣱⣾
1449850,1,"재밌어서 추천은 하는데, 할거면 걍 티어덱이나 하셈.  괜히 나처럼 라뷰린스니 이블트윈이니 했다가 루닉이랑 낙인데스피아한테 찢기지 말고 ㅇㅇ.  진짜 게임 자체는 잘 만들었는데, 몇몇 덱 테마가 심하게 10새끼들이 많음.  덱이 좋고 센건 둘째치고 당하는 사람이 너무 불쾌함.  걍 꼬우면 니가 하라 이거라서; 엿같아서 할맘이 안들음.  명심하셈. 할거면 루닉이나 낙인데스피아 덱 찾아서 만들고 연습하셈.  괜히 카드게임에 열받아서 마우스 깬 새끼처럼 되고 싶지 않으면."
1449850,0,ㅅㅂ 암흑성역 5연속 몬스터 BOX 5연속 못맞춘건 조작이기
1449850,0,루닉금제루닉금제루닉금제루닉금제루닉금제루닉금제루닉금제루닉금제
1449850,1,이 게임은 카드 게임으로 보이지만 사실 전략적 집짓기 게임 입니다.
1449850,0,"루닉때문에 접음 ㅋㅋㅋㅋ 루닉만해도 이정도인데 티아라,스프나오면 어떻게 될지 훤하다 ㅋㅋ"
1449850,0,추천 안하는데는 다 이유가 있다 근데왜 추천 안하는것도 평가를 달아야하는지 모르겠다
1449850,1,"내가 보고 싶었던 것은 듀얼이었다.  요새를 지키는 익룡, 암흑기사 가이아, 그리고 블랙 매지션..... 어릴 적 추억과 함께 했던 카드들은, 내 추억과 함께 산산히 산산히 SOLO 모드에서 부숴지고 말았다.  만화 속 주인공들이 외치던 카드와의 유대는 이미 엘드리치와 드라이트론과 상검천위와 데스피아 앞에 무릎을 꿇었다.  내가 보게 된 것은 듀얼이 아니었다.  그러니, 내가 지금 추천을 누르는 것은 오직 잔재 비슷하니 남아 있는 내 추억의 잔해들을 기리기 위함이다.  안녕, 블랙 매지션 안녕, 유희왕.."
1449850,1,"추억 돋는 게임, 카드 게임 중 하실 게임 찾으시다면 괜찮게 즐기실 수 있을거예요"
1449850,1,초딩 때 향수를 느낄 수 있고 1티어 성능덱이 아닌 내 로망덱으로 하는게 지더라도 재미가 있음. 블매덱으로 듀얼 하는데 재미있게 하는 중 이네요. 친구 추천으로 찍먹이나 하자 하고 깔았는데 재밌게 즐기는 중.
1449850,1,덱 완성 하나만 해보면 게임 질이 달라짐 꾹참고 해보셈 재밌음
1449850,1,오늘 저녁에 무엇을 먹을지는 듀얼로 정한다.. 자.. 듀얼이다!
1449850,1,"""간다 이것이 나의 운명의 드로우..!""      ""라의 익신룡"""
1449850,0,카드의 탈을 쓴 철권 겜 같은 느낌이랄까? 지 혼자만 겜함
1449850,1,왜후완다리즈얶까함?왜후완다리즈얶까함?왜후완다리즈얶까함?왜후완다리즈얶까함?왜후완다리즈얶까함?왜후완다리즈얶까함?왜후완다리즈얶까함?왜후완다리즈얶까함?왜후완다리즈얶까함?왜후완다리즈얶까함?왜후완다리즈얶까함?왜후완다리즈얶까함?왜후완다리즈얶까함?왜후완다리즈얶까함?왜후완다리즈얶까함?왜후완다리즈얶까함?왜후완다리즈얶까함?왜후완다리즈얶까함?왜후완다리즈얶까함?왜후완다리즈얶까함?왜후완다리즈얶까함?왜후완다리즈얶까함?왜후완다리즈얶까함?왜후완다리즈얶까함?왜후완다리즈얶까함?왜후완다리즈얶까함?왜후완다리즈얶까함?왜후완다리즈얶까함?왜후완다리즈얶까함?왜후완다리즈얶까함?왜후완다리즈얶까함?왜후완다리즈얶까함?왜후완다리즈얶까함?왜후완다리즈얶까함?왜후완다리즈얶까함?왜후완다리즈얶까함?왜후완다리즈얶까함?왜후완다리즈얶까함?왜후완다리즈얶까함?왜후완다리즈얶까함?왜후완다리즈얶까함?왜후완다리즈얶까함?왜후완다리즈얶까함?왜후완다리즈얶까함?왜후완다리즈얶까함?왜후완다리즈얶까함?왜후완다리즈얶까함?왜후완다리즈얶까함?왜후완다리즈얶까함?왜후완다리즈얶까함?왜후완다리즈얶까함?왜후완다리즈얶까함?왜후완다리즈얶까함?왜후완다리즈얶까함?왜후완다리즈얶까함?왜후완다리즈얶까함?왜후완다리즈얶까함?왜후완다리즈얶까함?왜후완다리즈얶까함?왜후완다리즈얶까함?왜후완다리즈얶까함?왜후완다리즈얶까함?왜후완다리즈얶까함?왜후완다리즈얶까함?왜후완다리즈얶까함?왜후완다리즈얶까함?왜후완다리즈얶까함?왜후완다리즈얶까함?왜후완다리즈얶까함?왜후완다리즈얶까함?왜후완다리즈얶까함?왜후완다리즈얶까함?왜후완다리즈얶까함?왜후완다리즈얶까함?왜후완다리즈얶까함?왜후완다리즈얶까함?왜후완다리즈얶까함?왜후완다리즈얶까함?왜후완다리즈얶까함?왜후완다리즈얶까함?왜후완다리즈얶까함?왜후완다리즈얶까함?왜후완다리즈얶까함?왜후완다리즈얶까함?왜후완다리즈얶까함?왜후완다리즈얶까함?왜후완다리즈얶까함?왜후완다리즈얶까함?왜후완다리즈얶까함?왜후완다리즈얶까함?왜후완다리즈얶까함?왜후완다리즈얶까함?왜후완다리즈얶까함?왜후완다리즈얶까함?왜후완다리즈얶까함?왜후완다리즈얶까함?왜후완다리즈얶까함?왜후완다리즈얶까함?
1449850,1,이게 왜 좋은지 알고 싶음 듀얼로 승부해라!! DUEL!!!!
1449850,0,덱 셔플 똑바로 안 하지 씨발련들아 어떻게 씨발 핸드 잡히는 형식이 일정하냐
1449850,1,전개하면 무효 카드 뽑으려면 무효 숨셔도 무효 앉아도 무효 개시발 상대 생명 무효 시킨다 진짜
1449850,1,꼬울때도 참 많긴 하지만 그래도 카드게임중에서는 감히 말하건데 제일 재밌지 않을까 싶음
1449850,1,당신이 로망을 찾는 상남자라면  진정한 듀얼리스트입니다. 하지만 승리만을 추구하고 티어덱만 고집하는 리얼리스트라면  전세계 사람들과 싸워 당신이 킹이라는 것을 증명하시면 됩니다. (하지만 역시 로망이 최고닷!)
1449850,1,"이 작품 이전에 나왔던 듀얼 링크스에 비하면 정말이지 제대로 된 유희왕 게임! 특정 덱의 카드 스토리를 알 수 있는 싱글 모드도 정말 좋았고, 꾸준한 업데이트로 카드를 늘려주는 점 또한 좋았다...  물론 이런 카드 모으기 게임 특성상 결국 언젠가는 과금을 할까 말까... 하는 갈등의 시간이 온다는 것이 문제이긴 한데.. 딱히 과금을 하지 않아도 나름 쓸만한 덱을 구성할 수 있을 정도다.  딱히 과금 안하고 가볍게 TCG 게임을 즐기고 싶은 게이머들...<첫 스타트 당시 주어지는 보석만으로도 나름 쓸만한 초기 덱을 구성할 정도는 카드를 뽑아댈 수 있다.> AI 상대로 TCG를 혼자서 즐기고 싶은 게이머들 <단 이 경우 스테이지가 제한적이고, AI의 덱 구성도 정해져 있어서 큰 재미는 기대하기 힘들다.> 유희왕을 좋아하는 게이머들...  이 3가지 유형에 해당되는 게이머라면 추천한다."
1449850,1,"내가 이덱을 쓰는 이유? 당신의 가치관은 티어덱이냐, 예능덱이냐 라는 선택지밖에 없는건가? 승리엔 관심없다. 중요한 건 로망이지. 단순히 좋아해서 굴리는거다. 사랑한다. 내 덱아."
1449850,0,추억은 그저 추억일뿐... 낭만없는 게임이 되어버린 그 게임
1449850,0,상대 카드 읽어도 묘지로 보내는게 없는데 갑자기 왜 보내지는건데 이유라도 써져 있으면 이해 가는데 뭔데
1449850,1,"유입해서 첫 덱을 정하실 때는 꼭 환경권의 티어덱을 먼저 고르시는 걸 추천드립니다. 어쨌든 이겨야 젬을 모아서 다음 덱을 맞출 수 있고, 티어덱으로 환경권의 다른 덱들을 대응하는 방법을 익혀가는 게 이 게임을 가장 빠르게 배우는 왕도입니다.  룰과 매너를 지켜서 즐겁게 듀얼하자"
1449850,1,"게임은 재미있습니다. 덱을 완성하려면 좀 고생해야 합니다.  현재는 실전 덱만 남아, 낭만은 죽어서 사라졌습니다."
1449850,1,"원하는 낭만 덱으로 저티어에서 즐겜하면 재미있으나,  고티어로 가려면 티어덱이 강제되어서 재미가 반감됩니다. 고인물겜이지만 그래도 내가 만든 덱으로 승리하는 뽕맛이 있습니다.  개인 점수 : 75 / 100"
1449850,1,유희왕은 하고싶은데 현실에서 사긴 힘들었는데 정식으로 온라인이 나왔으니 좋습니다. 카드 밸런스를 자주 안잡지만 유희왕에 관심이 생겼을떼 한번쯤 해보긴 좋아요.
1449850,1,"'중요한 것은 꺾이지 않는 드로우, 이 카드에 모든 걸 걸겠다'"
1449850,1,수많은 듀얼리스트가 그토록 기다리던 게임 이제 마듀를 넘어서려면 유희왕 VR이라도 나와야 하는게 아닐까
1449850,1,아직도 결사대가 지키고 있는 게임 랭크집계 신경 안쓰니까 세상 편해서 좋음 이거하고 오프듀얼 입문하는걸 말리진 않겠지만 다시 한번 생각해 보길 바람...
1449850,1,"처음 엘드리치 덱+골프공 덱 유행할때 하고 손을 놨던 게임이지만, 나름 싱글플레이 요소나 컨셉 플레이 즐겨볼수 있어서 재미는 있었습니다."
1449850,0,이거 하는거 보다 유튜브에서 영상이나 보셈 아니면 애니나 보시던가 개똥겜 똥을 굳이 먹어봐야 알까?
1449850,0,"씨이이이이이이이발 타키오카 커피콩 씨발년아 5일 연속 후공 쳐주는것도 좋같은데, 왜 상대 크샤는 선공에 다 있ㄱ호 내 크샤는 선공에 죄다 패말림이냐 진짜 개 병신 같은 겜 뒤져 뒤젿ㅇ ㅜㅁㄴ잏 ㅓㅜ믹ㅎ ㅓㅐ"
1449850,1,누군가 나에게 물었다 듀얼리스트가 뭐냐고  나는 듀얼리스트가 못 됨으로 잘 모른다고 대답하였다.  코나미와 배틀시티와 카이바랜드와 듀얼리스트 킹덤과  카드샵 앞을 걸었다.  저녁녘 카드샵 안에서  팩을 뜯으면서 생각나고 있었다.  그런 사람들이 코인토스에서 뒷면이 나와도  후공에 패트랩을 하나도 뽑지 못했음에도  그럼에도 슬기롭게 후공돌파를 하는 사람들이  그런 사람들이  이 세상에서 카드이고  고귀한 인류이고  영원한 드로우이고  다름 아닌 듀얼리스트라고.
1449850,1,듀얼로 승부하자!듀얼로 승부하자!듀얼로 승부하자!듀얼로 승부하자!듀얼로 승부하자!듀얼로 승부하자!듀얼로 승부하자!듀얼로 승부하자!듀얼로 승부하자!듀얼로 승부하자!듀얼로 승부하자!듀얼로 승부하자!듀얼로 승부하자!듀얼로 승부하자!듀얼로 승부하자!듀얼로 승부하자!듀얼로 승부하자!듀얼로 승부하자!듀얼로 승부하자!듀얼로 승부하자!듀얼로 승부하자!듀얼로 승부하자!듀얼로 승부하자!듀얼로 승부하자!듀얼로 승부하자!듀얼로 승부하자!듀얼로 승부하자!듀얼로 승부하자!듀얼로 승부하자!듀얼로 승부하자!듀얼로 승부하자!듀얼로 승부하자!듀얼로 승부하자!듀얼로 승부하자!
1449850,0,운짤 망갬+댁 못맞추면 못하는갬+마이너 댁이 사라남을수 없는 환경임
1449850,1,"공식 유희왕 게임중 가장 완성도있는 최신작품, 재미있음"
1449850,0,이 게임은 고질적인 문제가 있다. 바로 망가진 밸런스와 너무 높아진 파워인플레다. 이벤트전을 제외하면 재화를 수급하는 방법이 랭크 매치 뿐인데 여기서 가장 큰 문제가 발생한다. 어느정도 유희왕을 플레이 해본 유저들은 알 것이다. 낮은 티어 구간에서는 로망덱이나 아무것도 모르는 뉴비들 뿐이라 이기더라도 실력 대 실력으로 이기는 짜릿한 승리가 없다. 높은 티어 구간은 티어덱이 즐비해 코인토스 같은 운에 의해 승리가 정해진다. 이를 해결할 수 있는 방법은 의외로 간단하다. 프리 매치와 싱글 콘텐츠로도 재화를 수급할 수 있으면 된다. 하지만 2년이 넘도록 이 문제에 대해서 조금의 해결책도 내놓지 않는 게임에서 무얼 바라리...
1449850,1,유희왕 팬이 아니라서 모르겠는데 이거 효과 읽는 게 ㅈㄴ 어려움
1449850,1,다음 팩에서 UR이 나오지않아 다음 10팩 개봉은 'UR 확정'이 됩니다.
1449850,1,옛날 유희왕 애니메이션의 추억과 친구들과하던 잡덱 듀얼을 상상하고 오신다면 똑같은 메타덱과 자비없는 공격에 게임삭제를 하실수도 있습니다. ㅎㅎ
1449850,1,도레미는 최고의 덱도레미는 최고의 덱도레미는 최고의 덱도레미는 최고의 덱도레미는 최고의 덱도레미는 최고의 덱도레미는 최고의 덱도레미는 최고의 덱도레미는 최고의 덱도레미는 최고의 덱도레미는 최고의 덱도레미는 최고의 덱도레미는 최고의 덱도레미는 최고의 덱도레미는 최고의 덱도레미는 최고의 덱도레미는 최고의 덱도레미는 최고의 덱도레미는 최고의 덱도레미는 최고의 덱도레미는 최고의 덱도레미는 최고의 덱도레미는 최고의 덱도레미는 최고의 덱도레미는 최고의 덱도레미는 최고의 덱도레미는 최고의 덱도레미는 최고의 덱도레미는 최고의 덱도레미는 최고의 덱도레미는 최고의 덱도레미는 최고의 덱도레미는 최고의 덱도레미는 최고의 덱도레미는 최고의 덱도레미는 최고의 덱도레미는 최고의 덱도레미는 최고의 덱도레미는 최고의 덱도레미는 최고의 덱도레미는 최고의 덱도레미는 최고의 덱도레미는 최고의 덱도레미는 최고의 덱도레미는 최고의 덱도레미는 최고의 덱도레미는 최고의 덱도레미는 최고의 덱도레미는 최고의 덱도레미는 최고의 덱도레미는 최고의 덱도레미는 최고의 덱도레미는 최고의 덱도레미는 최고의 덱도레미는 최고의 덱도레미는 최고의 덱도레미는 최고의 덱도레미는 최고의 덱도레미는 최고의 덱도레미는 최고의 덱도레미는 최고의 덱도레미는 최고의 덱도레미는 최고의 덱도레미는 최고의 덱도레미는 최고의 덱도레미는 최고의 덱도레미는 최고의 덱도레미는 최고의 덱도레미는 최고의 덱도레미는 최고의 덱도레미는 최고의 덱도레미는 최고의 덱도레미는 최고의 덱도레미는 최고의 덱도레미는 최고의 덱도레미는 최고의 덱도레미는 최고의 덱도레미는 최고의 덱도레미는 최고의 덱도레미는 최고의 덱도레미는 최고의 덱도레미는 최고의 덱도레미는 최고의 덱도레미는 최고의 덱도레미는 최고의 덱도레미는 최고의 덱도레미는 최고의 덱도레미는 최고의 덱도레미는 최고의 덱도레미는 최고의 덱도레미는 최고의 덱도레미는 최고의 덱도레미는 최고의 덱도레미는 최고의 덱도레미는 최고의 덱도레미는 최고의 덱도레미는 최고의 덱도레미는 최고의 덱도레미는 최고의 덱도레미는 최고의 덱도레미는 최고의 덱도레미는 최고의 덱도레미는 최고의 덱도레미는 최고의 덱도레미는 최고의 덱도레미는 최고의 덱도레미는 최고의 덱도레미는 최고의 덱도레미는 최고의 덱도레미는 최고의 덱도레미는 최고의 덱도레미는 최고의 덱도레미는 최고의 덱도레미는 최고의 덱도레미는 최고의 덱도레미는 최고의 덱도레미는 최고의 덱도레미는 최고의 덱도레미는 최고의 덱도레미는 최고의 덱도레미는 최고의 덱도레미는 최고의 덱도레미는 최고의 덱도레미는 최고의 덱도레미는 최고의 덱도레미는 최고의 덱도레미는 최고의 덱도레미는 최고의 덱도레미는 최고의 덱도레미는 최고의 덱도레미는 최고의 덱도레미는 최고의 덱도레미는 최고의 덱도레미는 최고의 덱도레미는 최고의 덱도레미는 최고의 덱도레미는 최고의 덱도레미는 최고의 덱도레미는 최고의 덱도레미는 최고의 덱도레미는 최고의 덱도레미는 최고의 덱도레미는 최고의 덱도레미는 최고의 덱도레미는 최고의 덱도레미는 최고의 덱도레미는 최고의 덱도레미는 최고의 덱도레미는 최고의 덱도레미는 최고의 덱도레미는 최고의 덱도레미는 최고의 덱도레미는 최고의 덱도레미는 최고의 덱도레미는 최고의 덱도레미는 최고의 덱도레미는 최고의 덱도레미는 최고의 덱도레미는 최고의 덱도레미는 최고의 덱도레미는 최고의 덱도레미는 최고의 덱도레미는 최고의 덱도레미는 최고의 덱도레미는 최고의 덱도레미는 최고의 덱도레미는 최고의 덱도레미는 최고의 덱도레미는 최고의 덱도레미는 최고의 덱도레미는 최고의 덱도레미는 최고의 덱도레미는 최고의 덱도레미는 최고의 덱도레미는 최고의 덱도레미는 최고의 덱도레미는 최고의 덱도레미는 최고의 덱도레미는 최고의 덱도레미는 최고의 덱도레미는 최고의 덱도레미는 최고의 덱도레미는 최고의 덱도레미는 최고의 덱도레미는 최고의 덱도레미는 최고의 덱도레미는 최고의 덱도레미는 최고의 덱도레미는 최고의 덱도레미는 최고의 덱도레미는 최고의 덱도레미는 최고의 덱도레미는 최고의 덱도레미는 최고의 덱도레미는 최고의 덱도레미는 최고의 덱도레미는 최고의 덱도레미는 최고의 덱도레미는 최고의 덱도레미는 최고의 덱도레미는 최고의 덱도레미는 최고의 덱도레미는 최고의 덱도레미는 최고의 덱도레미는 최고의 덱도레미는 최고의 덱도레미는 최고의 덱도레미는 최고의 덱도레미는 최고의 덱도레미는 최고의 덱도레미는 최고의 덱도레미는 최고의 덱도레미는 최고의 덱도레미는 최고의 덱도레미는 최고의 덱도레미는 최고의 덱
1449850,1,유희왕 처음 하는 사람도 쉽게 이해하고 접할 수 있는? 게임입니다 초반에는 효과도 잘 몰라서 덱 만들고  듀얼 할 때 내 카드 파괴하고 했는데 시간이 지나면 차차 게임 시스템에 익숙해지고 덱 이해도가 올라가는 갓겜입니다 아 그리고 배경음악도 좋으니 한 번 해보십쇼
1449850,0,마나란 개념이 없어서 어떤 패치를 해도 선턴이 유리한 겜
1449850,1,친구들이랑 하고싶은데 '카드 텍스트' << 유입 막는 주범임
1449850,1,"듀얼이 없으면 저는 미칠 거 같아요. 끊을수가 없어요, 끊으려고 해도... 계속 생각나고."
1449850,1,""" 지금의 듀얼 전술은 빠르게 몬스터를 돌리는 듀얼이 주류 """
1449850,0,안해 시~발아 하루 종일 라뷰린스 천배 유벨만 돌아가면서 쳐 만나면 겜 하고싶겠냐?
1449850,1,"2022.11월 기준 지금이 게임하는 적기라 생각함, 현재 OCG환경이 12기를 앞두고 있기에 가능한 업데이트 속도고 11기 카드들 나오면서 12기 이전 카드들이 모두 나오면 업데이트 속도가 OCG와 맞춰질 가능성이 매우 높음"
1449850,1,유희왕을 즐겼던 사람이라면 플레이하기 좋음 근데 역겨운 덱들만 자주 나오는게 좀 그럼
1449850,1,게임에 할말은 많지만  일단 제발 시크릿 팩 좀 새로 업데이트 해줘라 돈나미 놈들아
1449850,1,나쁘지 않은 게임 모바일과 만날수 있다는 점에서 나쁘지 않음
1449850,0,망한다는 소리도 있었고 호들갑이라는 소리도 있었는데 망하는 게 맞는 거 같다 심지어 미래시까지 암울한 거 보면 이제는 놓아줘야 할 거 같다
1449850,1,유희왕은 유희왕만의 재미가 있으니까 그냥 재미있다고 봄
1449850,1,이게 뭐라고 2700시간 찍고있냐.  아무튼 한번 빠지면 답이없음.  오프라인 카드가 먼저 나오다보니 마듀 미래가 어떻게 흘러갈지 대략적인 파악가능하고  메타가 달라질때 마다 새로운 재미를 줌  물론 운빨ㅈ망겜이라 너무 안풀리는 날에는 걍 겜끄고 담날에 다시 하는걸 추천
1449850,1,이게임 잼있습니다. 갑자기 우라라가 나와서 야랼하고 포영이 나와서 야랼하고 증쥐가 나와서 야랼합니다 근데 그때마다 저에겐 케어카드가 없습니다. 어케 매일 보는게 12시일까요?
1449850,1,"우라라를 던져서 상대가 서렌칠때, 강등전에서 티배깅하다 이겨줄때의 그 희열이 개쩜"
1449850,0,운빨ㅈ망겜 정공들이나 좋아할듯함 정공아니어도 하다보면 정공됨 돌아버린게임
1449850,0,내 앞에서 ㅈ드리치 쓰다 걸리면 등에 피의 독수리를 그려주마
1449850,1,룰을 지키며 즐겁게 듀얼!      시1발련들이 룰은 지키는데 ㅈㄴ 재미없게 듀얼하네 이 리얼리스트들 사기카드 작작 쓰라고!
1449850,1,무과금으로 덱 만드는것도 쉬워요. 근데 룰이 조금 복잡해요
1449850,1,"거기, 당신!  나랑 같이 펜듈럼 소환을 해보지 않을래?"
1449850,1,땅기계는 신이야땅기계는 신이야땅기계는 신이야땅기계는 신이야땅기계는 신이야땅기계는 신이야땅기계는 신이야땅기계는 신이야땅기계는 신이야땅기계는 신이야땅기계는 신이야땅기계는 신이야땅기계는 신이야땅기계는 신이야땅기계는 신이야땅기계는 신이야땅기계는 신이야땅기계는 신이야땅기계는 신이야땅기계는 신이야땅기계는 신이야땅기계는 신이야땅기계는 신이야땅기계는 신이야땅기계는 신이야땅기계는 신이야땅기계는 신이야땅기계는 신이야땅기계는 신이야땅기계는 신이야땅기계는 신이야땅기계는 신이야땅기계는 신이야땅기계는 신이야땅기계는 신이야땅기계는 신이야땅기계는 신이야땅기계는 신이야땅기계는 신이야땅기계는 신이야땅기계는 신이야땅기계는 신이야땅기계는 신이야땅기계는 신이야땅기계는 신이야땅기계는 신이야땅기계는 신이야땅기계는 신이야땅기계는 신이야땅기계는 신이야땅기계는 신이야땅기계는 신이야땅기계는 신이야땅기계는 신이야땅기계는 신이야땅기계는 신이야땅기계는 신이야땅기계는 신이야땅기계는 신이야땅기계는 신이야땅기계는 신이야땅기계는 신이야땅기계는 신이야땅기계는 신이야땅기계는 신이야땅기계는 신이야땅기계는 신이야땅기계는 신이야땅기계는 신이야땅기계는 신이야 땅기계는 신이야땅기계는 신이야땅기계는 신이야
1449850,1,"이 씨!!!!X 개같은 게임 드트 하니까 평생 만나 본 적도 없는 드롤앤로크버드 첫 패에 들고 있는 상대만 5연속 만나고 후완하니까 두 턴 연속 뵐포, 우라라 맞고 나는 그걸 막을 패가 안뜨고 화난다 진짜 ㅅㅂ"
1449850,1,후공일때 서렌만 치면서 게임을 했을경우와 그냥 게임을 플레이를 했을경우 승률이 1%내외밖에 차이가 안나는 갓겜
1449850,0,크듀 쳐망했으면 장사를 좀 똑바로 하라고 돈 벌기 싫냐 콘마이
1449850,1,상대만 풀전개가능한게임 상대만 우라라있는게임 상대만 패안말리는게임
1449850,1,거듭된 편의성 개선을 통해 듀얼하기 가장 좋은 플랫폼으로 보임
1449850,0,튜토리얼 깨고 유튜브 보면서 덱 맞춘 다음에 사람이랑 한판 해볼까 하고 시작했다가 상대가 선공잡고 첫 턴에 지 혼자 몇분동안 계속 카드내는거 보고 걍 종료함
1449850,0,이겜을 하는 사람들 대다수는 글자를 못읽는건가 질려고 덱을짜는데 방해하는 갓겜 예시) (파멸의 퀵 드로우)자신은 데미지를 받는다 상대가 무효 효과 발동
1449850,0,"한마디로 선공필승 후공줬망 병신게임.  수정합니다. 티아라 병신게임입니다.  아니 자원순환+니턴내턴+니묘지내묘지 이지랄 떨면서 융합몹을 펑펑 내놓는데,  그 흔한 종족이나 속성제한, 소환제한도 없는 카드군이 있다?   와. 참 대단하네요."
1449850,1,OCG듀얼을 하던 분들이 와서 하시면 뭐 상관없는데  아니라면 하지마십시오 나오는 덱도 다양하지도 않고 죄다 낭만없이 쓰는덱만 쓰는 사람들이 대부분입니다 이거 할빠에 디지몬이나 포켓몬 카드게임 하세요
1449850,1,"그냥 오프듀얼을 온라인으로 한다는 느낌으로 하는게 좋네요. 딱히 현질할 필요도 없고,   매일 일퀘로 보석 쌀먹한다는 느낌으로 하면 기존덱으로 좀 놀다가 새 덱 1~2개만 만든다는 느낌으로  게임 하시면 될거같네요."
1449850,1,유희왕을 가장 현실에 잘 녹여놓은 게임 시간 끄는거야 하스스톤시절 부터 밧줄 태우는거 보면 딱지겜 종특임
1449850,1,친구가 유희왕이 게임으로 나왔다고 찍먹하라고 해서 엘드리치+진룡 하고 쩸모으느냐고 페스티벌 다돌고 계속하다보니 처음엔 어버버 했지만 나름 짬이 차서? 상대법도 대충 알게 되고 새로운 플레이를 하고자 드라이트론도하고 용피팬도하고 용사엘드리치 했던 추억이 새록새록하네요.
1449850,1,듀얼리스트가 되는 느낌과 오프라인은 접근하기가 힘들었는데 이것으로 사이드게임은 없고 단판전이여서 완전히는 아니지만 듀얼링크스와는 다른 풀의 카드들과 오프와 비슷한 환경으로 유희왕 카드게임을 즐길 수 있어서 즐겁습니다.
1449850,1,광고에 나오는 블랙 매지션과 사이버 도라곤을 보고 낭만을 품은 채 다운로드를 클릭하러 온 아쎄이들이여. 니들이 알던 유희왕은 이미 죽었다. 나날이 갈수록 진화해가는 핵극혐 테마들과 코인토스 패억까의 불쾌함을 느끼고 싶지 않다면 뒤로 가기를 눌러라. 상대 12시에게 후공 잡힌 뒤 후공패도 안 잡히고 패트랩도 다 무효당한 채 상대 전개 5분 이상 본 후 너 턴 오면 너 카드들 싹 다 무효 당하고 30초 안에 defeat 당하는 걸 이겨낼 수 있는 자들만 시작하도록.
1449850,0,이거 한글설정을 어케하라는건지;; 게임시작화면에도 안뜨고 게임설정에도 한글설정이 안됨 그냥 똥게임
1449850,1,12시는 증G 우라라 지명자 다 있는데 난 하나도 없다
1449850,1,악! 무톤 유우기 해병님! 제가 감히 아쎄이 세명을 제물로 바쳐 라이라이 익신룡를 소환하는것에 대한 허락을 구하는 것을 묻는 것에 대한 승인을 요구하는 것에 대한 질문이 있음을 보고하는 것에 대하여 적절한지를 검토해주실 수 있는지를 여쭈어보아도 되는지에 대하여 이상이 없는지에 대한 답변을 받고자 함을 인정해주실 수 있는지를 알고자 하는 것이 오도기합짜세듀얼리스트로써 타의 모범이 될만한 행동인지를 확인받을 수 있는지에 대하여 의문이 존재함을 표현해도 되는지에 관한 문제를 제기하는것이 기열찐빠마리크 같지는 않은지를 체크해주시는 것이 가능한지를 알고 싶은 점이 있음을 알려도 되는 것인지를 묻는 것이 옳은 일인지를 판단해주실 수 있는지에 대한 답변을 감히 요구하는 것을 드러내도 되는지를 가르쳐주실 수 있는지의 여부에 대해 의문을 가져도 되는지에 대한 답을 요청하는 것을 알렸을때 이상이 없는지에 대해 인지할 자격이 본 듀얼리스트에게 있는지를 정확히 이야기해주십사 감찰해주실 수 있는지를 시인해주실 수 있는지를 말씀해주실 수 있는지에 대해 질문 했을 경우 본 듀얼리스트가 듀얼수육이 되지는 않는지에 대해 판정을 해 주실 수 있는지에 대한 요청을 하는 것을 받아들이실 수 있는지를 감사(監査)해주실 수 있는지 묻는것이 기열찐빠같은 요청에 해당하지 않는지에 대한 답이 본 듀얼리스트에게 중요한 것임을 말씀드려도 되는지에 대해 발언하는 것이 무례하지는 않은지를 궁금해해도 되는 것인지에 대하여 명쾌한 해답을 해 주실 수 있는지를 바라도 되는지를 알기 위해 중첩의문문을 계속해도 되는지에 대해 거북하게 느끼시지는 않는지를 본 듀얼리스트가 인지하게 해 주실 수 있는지를 알려주시는 것이 괜찮은지에 대해 심판해주실 수 있는지를 감히 제가 알게 되었다고 가정했을 때 배틀시티 내부에 이변이 생기지는 않는지가 공정한지를 심의해주실 수 있는지에 대해 아뢰어도 되는지 의문을 던지는 것이 유희왕의 명예를 실추시키는 것은 아닌지에 대한 정답이 무엇인지에 대한 질문의 적절성을 검사받을 수 있는지에 대한 설문을 하여도 괜찮은지를 검정(檢定)해주실 수 있는지를 결정해주실 수 있는지에 대해 본 듀얼리스트가 감지해도 되는지의 여부를 지각(知覺)해도 되는지를 판단을 받을 수 있는지를 감히 제가 알아도 되겠습니까?
1449850,1,"옛날 학생때 유희왕을 즐겨보고 덱도 굴렸던 추억에 잠기며 이게임을 플레이하게 되었습니다. 매일 방학때마다, 친구집에 놀러가 듀얼을 종종 즐기고는 하였습니다. 지금이야 카드는 나라사랑카드와 신용카드 한장뿐이며, 유희왕카드는 흔적도 없습니다. 그렇게 현대사회의 높은 빌딩과 바쁜 발걸음소리에 치이며 살아가던 어느날, 친구들에게 마스터듀얼을 추천받고, 추억에 잠들며 다운을 받았습니다.    그런데 옛날 추억의 유희왕은 어디가고, 선공을 빼앗기면 여지없이 나가야하는 게임에 머리털이 빠지게 되었습니다. 몬스터 한장에 효과는 뭐그리 길며, 가지고있는 효과는 한장 한장이 신의심판과 맞먹습니다, 코스트도 없이 그런 강력한 효과를 내뿜는게 당연하다는듯이 3퍼미션 5퍼미션을 주구장창 세우는 빌드업과, 그 과정에서 소모되는 5분간의 해체와 분열쇼, 담배한대 물고 피우면 전개하나 뚝딱인걸보고, 아차 싶었습니다. 그래서 선공빌드의 덱을 구축하여 열심히 굴려봐야 겠다 마음을 먹었습니다.    허나 잘못된 생각이었고,  공들인 나의 몬스터들은 가메시엘, 가다라로 창씨개명을 당했습니다. 라바골렘과 라의 익신룡 구체형 또한 내가 열심히 지은 집을 와르르맨션으로 바꿔버렸습니다. 게다가 뭔 우라라인지 우량주인지 왜 내 서치는 막아대는지 모르겠습니다. 심지어 함정카드마저 패에서 발동을 합니다. 장난합니까? 이를 갈며 지명자로 막지만 그마저도 패트랩으로 막아댑니다. 모든 유저가 페가수스의 천년아이를 지닌 것 같습니다. 모든 상황에 적재적소의 타이밍에 패트랩을 난사합니다. 혁명적인 반동분자가 아닐수 없습니다.     결국 나의 순정은 황! 금출해병님을 만나고 나서야 해결이 되었습니다. 따흐흑! 콘콘정 해병님과 함께 하는 듀얼은 재밌어! 불들어오는 것만 따라락 발가락으로 눌러도 이길수 있다는 말을 듣고, 내가 발동한 증식의 G에 우라라를 발동하는 기열찐빠 아쎄이가 할만한 짓을 저질렀습니다만, 그래도 이기는걸 보고 해병수육이 되었습니다. 물론 이 황홀함도 드라이트론앞에서 무력해졌습니다. 골프공이 사망한 이후에 피닉스가이나 후완같은 기열 참새들이 극성을 쳤고, 지금은 낙인데스웅차인지 뭔지가 극성을 치고있습니다. 잔깎 60엘드를 만들고 용피엘까지 맞춰보았지만, 그냥 카드뭉치가 되었습니다.   여러분, 이 게임은 지금 나와있는 유희왕게임중 가장 현실 듀얼에 가까운 게임입니다. 머리를 써가며, 상대와의 수싸움으로 이기기는 그림은 그리지 않는 것이 좋습니다. 적절한 패트랩을 가지고있는가? 강력한 돌파형 카드가 잡혔는가? 전개요원파츠가 잡혔는가? 이 세가지 요소가 5장에서 6장 안에 들어가야 합니다. 로망은 로망으로만 접어 두시길 바랍니다, 프리룸 매치방이 업데이트 된 이후, 여러 게임을 돌린 결과, 론고미언트, 후완다리즈, 히어로덱을 만나고 저도 이악물고 보더비트덱 들고 박살냈습니다. 랭크가 없는 프리룸이라도 이런 덱들이 판을 칩니다. 내가 꿈꾸었던 로망은 하나의 휴지조각이 되어버리는 광경을 볼 수 있습니다.  그래도 이게임을 추천하는 이유는 향수를 느끼기 때문입니다. 뭘 해야할까 걱정없던 학생때가, 저의 어머님 아버님이 아프지 않았을 때가, 이제는 멀어져간 친구들이 없었을 때가, 그시절이 그리워 지는 게임이기 때문이 아닐까 싶습니다. 여러분들의 과거는 행복하셨습니까? 저는 누구보다 못지않게 행복했다 말할수 있습니다. 이게임은 그런 과거로 돌아갈수 있는 게임이었습니다."
1449850,1,"???: ""심각한 듀얼 중독입니다"" 내가 듀얼 중독인것인지, 아닌지는 듀얼로 결정해라!"
1449850,0,그냥 하면서 느낀 건 카드버전 철권임 초보존에 뉴비들 팰 생각밖에 없는 깡패들이 ㅈㄴ 많음
1449850,0,어매가 뒤져가지고 ㅅㅂ 어떻게 30장을 쳐 드로우했는데 3장쳐넣은카드한장이 안나오냐 뒤진년들아?
1449850,1,⢿⣿⣷⣀⠈⠓⠌⠂⠘⢆⠈⢙⣎⢣⠘⡆⢣⡛⣿⡇⢀⡙⠚⠶⠶⠿⠷⠶⠒ ⣾⠿⣿⣿⣦⣄⣁⣀⣠⡀⠡⠄⠳⡛⢆⠱⠈⢧⣿⡇⠸⠟⠉⠐⠠⠄⠄⠄⣼ ⣿⣷⣬⣉⣛⣛⠛⠿⠿⣧⣷⣦⣄⠘⢿⡆⠡⠘⣀⡇⢠⣶⣷⣮⣤⣤⣴⣿⣿ ⣿⣿⣿⣿⣿⣿⣿⣿⣿⣿⣿⣿⣿⣷⡀⢿⡀⠄⠉⡇⢸⣿⣿⣿⣉⣉⣉⣉⣉ ⣿⣿⣿⣿⣿⣿⣿⣿⣿⣿⣿⣿⣿⡏⣿⣦⡙⠄⠄⠁⢸⣿⣿⣿⣿⣿⣿⣿⣿ ⣿⡙⠿⣿⣿⣿⣿⣿⣿⣿⣿⣿⠿⠁⣿⣿⣷⣌⠄⠄⠘⣿⣿⣿⣿⣿⣿⣿⣿ ⣿⣿⣦⣀⡨⣝⡻⠿⣻⣿⣧⣄⠄⠄⣿⣿⣿⣿⣿⣦⡀⢻⣿⣿⣿⣿⣿⡿⠿ ⣿⣿⣿⣿⡇⢿⡛⢿⣿⣿⣿⣿⣧⠘⣿⣛⣻⣿⣿⣿⣿⣤⡿⢿⠿⣛⡃⠄⣸ ⡹⣿⣿⣿⣿⣼⣷⣶⣝⢿⣿⣿⣿⣧⣿⣿⣿⣿⣿⣿⣿⣿⡿⠟⣿⢇⣈⣼⣿ ⣿⣜⢿⣭⢻⣿⣿⣿⣯⢧⠙⢻⠛⣛⣛⠛⠛⠿⠿⠟⣛⣥⣶⣼⢏⣾⣿⣿ ⣿⣿⣎⠿⣇⢻⣿⣿⣿⡌⢷⣆⢭⣓⣒⣒⣛⣣⣶⠞⣵⣿⣿⣿⡿⣱⣾                    나는 끊임없이 변화를 경험하며 비로소 존재한다...
1449850,1,"611 시간한 무과금인데, 이거 무과금으로 충분히 가능한게임임  걍 어렵지 않게 페스티벌 나오면 노가다하고, 게이트만 밀면 덱 충분히 원하는거 다뽑음,  비싼덱? 데스피아? 그런거 만드는거 원하면 만들수 있는겜,  다이아가는것도 쉽고. 티어덱 아니더라도 따른데 적힌것보다 충분히 상대가능함,  본인 지금 마듀판치는 거의 모든 티어덱 쓰는사람으로써 말하는건데, 걍 충분히 상대하다보면 파훼법을 알긴함,  딱히 덱차이 땜에 졋다는건 옘병할 함떡말고는 없는것 같긴함 + 누메론 괴구야"
1449850,0,개병신 링페 하다가 화병 나버려서 비추 주고 갑니다.  이벤트 담당자를 오체분시 해서 머리는 북극 다리는 남극 왼팔은 유럽 오른팔은 남미 몸통은 아시아로 보내서  인간 엑조디아 만들고 싶을 정도로 화가 치밀어 오릅니다.
1449850,0,이 좆븅신게임을 아직도 한다는건  아직 대가리가 덜 깨졌다는 증거입니다
1449850,1,유희왕을 좀 막 뭐냐 감성있게 할수있어서 좋긴하지만 보완해야할 점이 많긴함
1449850,1,"""이인조 버츄얼 미소녀가 사실은 괴도? 이빌트윈은 신이다"" 금제 하는거보면 많이 호감인듯"
1449850,1,퀘스트 좀 더 만들고 젬 보상 좀 더 늘려라 썅련들아 씨1231223123발
1449850,1,어텐션~~~~~~~~~~~~~~~~~~~~~~~~~~!
1449850,0,정신나간 금삐까 주술사 한 놈이 망친 게임  조깟네진짜
1449850,0,"선공좆망겜 이런 겜 왜 함? 이젠 0턴 좆망겜 뭐냐 ㅋㅋ ㅄ겜맞다. 티어덱은 여전히 판치는거 못 보겠다. 어느 정도 적당히 판쳐야지.  신팩에 새로운 테마 나와도 티어였던 애들 때문에 사용도 못 하고 1티어 애들은 금제 없이 계속 유지되니 답이 없다. 디씨컵하면서 또 느꼈다. 내가 실수하거나 잘못해서 지는 거면 이해라고 하지... 선공족들!! ㅅㅂ 우라라, 포영 맞고도 왜 풀전개가 되는데!  왜 적어도 퍼미션이 2개 생기는!! ㅈ같은 데먼스미스!!! 그와중에 토인 코스 이겨서 선공하면 상대는 왜 천배데 ㅅㅂ년들아 ㅋㅋㅋ 얶까도 한두번이야지 ㅋㅋ ㅅㅂ ㅋㅋㅋ 이게 게임이냐! 우중아!! 아니 타카오카 싸이코야!!"
1449850,1,우리 마스터 듀얼 패치가 조금 느리다고 생각할 수 있지만 유희왕 정식 룰로 온라인에서 할 수 있는 게임이라 추억의 카드도 사용할 수 있고 좋아요. 사실 그냥 유희왕이 좋네요  ㅎ하ㅏㅎ하
1449850,0,룰만든 새키 ㄱㅊ 뽑아서 셀프 ㅇㄹ 시키고싶너  ㄹㅇ 룰 개같이만들었네 진짜
1449850,1,"나는 옛날부터 마도서라는걸 좋아했고, 어떻게든 마도서를 쓰고싶은 마음에 사매마도를 만들었고, 그것으로 플레 찍고 성불했습니다."
1449850,1,거지같은 덱만나서 원턴에만 안끝나면 최고.. 일부러 시간 잡어먹는 트롤만 안만나면 좋겠어요
1449850,1,너는 이 듀얼의 혼을 느끼지 못하는것이냐!! 받아라 하루!!! 우!! 라라!!!!
1449850,1,원래 매직더개더링을 주로 하는 플레이어라서 해보고 있는데  선공x망겜이긴 하지만 나름대로의 재미가 있네요.  무료젬도 많이 주는편이라서 무과금도 할만한거 같습니다.
1449850,0,카드를 쓸때마다 손패가 늘어난다니 무슨 1티어덱 같은 소리를 하시는거죠?
2993780,1,"너무 재밌어요.. 일단 커마 들어갈때부터 캐릭터 넘 귀여워서 한번 치이고 그래픽 생각보다 좋아서 두번 치이고 보통 이런류 겜들은 그래픽 별론게 많잖아요..ㅠㅠ??? 근데 넘 좋드라구요 ㅎㅎㅎㅎ 시점은 약간 답답할수 있는데 하다보니 적응 되었구  넘 재밌게 플레이하고있어요 메인스토리 안끝났으면 좋겠어요ㅠㅠㅠㅠ 끝나는게 아쉬워.."
2993780,1,가격이랑 약간 유치한(?) 그래픽 때문에 망설여졌는데  할것도 엄청 많고 시간 순삭되고 재밌네요 ㅎㅎ
2993780,1,개 초딩겜같은데 그냥 무지성으로 시간떼우면서 하기조음 시간잘감~
2993780,0,"전형적인 일본풍 RPG 스토리라인이긴한데 게임내용은 좀 복합적이고 이 가격으로 하기에는 너무 특색도 없고 다른게임에서 다 겪어본거라 쉽게 지치네요."
2993780,1,"판타지 라이프 시리즈는 존재도 몰랐고 그냥 재밌어보여서 샀는데 생산 채집 전투가 본인이 하려는 행동마다 자동으로 전직이 되고 제작대도 생산 직업별로 따로 있는게 아니라 하나의 제작대에서 모든 생산활동이 가능하니까 직업에 귀찮게 이것저것 신경쓸것 없어서 게임이 너무 편하네요 엔드컨텐츠까진 못가봐서 아직 전투도 무지성으로 싸워도 포션 하나 안먹고 이길 수 있는 수준이라 마음편히 동숲같은 느낌으로 즐겨도 될것같아요판타지 라이프 시리즈는 존재도 몰랐고 그냥 재밌어보여서 샀는데 생산 채집 전투가 본인이 하려는 행동마다 자동으로 전직이 되고 제작대도 생산 직업별로 따로 있는게 아니라 하나의 제작대에서 모든 생산활동이 가능하니까 직업에 귀찮게 이것저것 신경쓸것 없어서 게임이 너무 편하네요 엔드컨텐츠까진 못가봐서 아직 전투도 무지성으로 싸워도 포션 하나 안먹고 이길 수 있는 수준이라 마음편히 동숲같은 느낌으로 즐겨도 될것같아요 오픈월드 컨텐츠는 각 구역벌로 활동해서 지역 레벨도 올리고 해야해서 시간이 오래걸릴꺼같고 랜덤던전도 있는데 층마다 정해진 직업의 목표를 달성하면 내려가는 식인데 뭐 지역의 모든 나무를 캐라, 지역의 모든 몬스터를 죽여라, 지역의 모든 광물을 캐라 이런식에 마지막 층에 보스가 하나 있는(이것도 채집물 OR 몬스터 였던듯) 형식이고 깨고나면 던전을 더 고난이도로 진화시키는 형식인데 아마 이게 엔드 컨텐츠일까 싶네요  시간을 갈아넣는 게임이지만 억지로 갈아넣는게 아니라 이것저것 하다보면 갈리고나서야 깨닫게 되는 느낌이니까 강력히 추천드립니다"
2993780,1,"한 게임 오래하면 피곤하기도하고 질리기도해서, 오버워치 몇 판하고, 더쇼25 좀 하다가 넷플릭스 보는게 쉬는 날 루틴이였는데, 오늘 이게임 구매하고  10시간 이상하는중..."
2993780,1,"그야말로 FANTASY LIFE.  잃어버렸던 환상 속의 SEKAI,    아아....   이 곳에 있었구나..."
2993780,1,도파민에 쩔어있는 요즘 게임사막속에서 단비같이 내려준 느긋느긋 힐링 라이프 게임   처음에 이게왜 동접이 미쳐있고 인기가 이렇게 좋지? 유치하기 그지없는대 라고 생각했다가  요즘 겜불감증 때문에 힐링하려고  구매  우리가 흔히아는 게임으로 비교하자면 동숲+젤다를 섞은 느낌 .  장점 1.할거 존나많음 기본 제작 파밍은 기본이요 하우징 지형 변환  겜은 아기자기한대 그렇지않은 게임 컨텐츠   2.재밌는 전투 탐험 그래픽이 유아틱한대 유치하지 않고 재밌으며 젤다 오픈월드 숨겨진 요소 찾듯이 이겜도 똑같이 그런게있음.   3.직관적이고 편하고 알기 쉬운 시스템 설명을 굉장히 단순하고 알기 쉽게해놨고 물건에 맞게 직업 시스템을 이용하면 얻을 수있음 은근히 귀찮을것같은대? 라는 요소를 편의성 생각해서 넣어준 요소도 있었음 (직업이 꾀나 많은대 각자맞는 작업대가아닌 하나의 작업대로 완성가능하다던가 등등..)  4.말도 안되는 몰입감. 중독성. 시계 계속해서 안보고 하면 ㄹㅇ 시간 뚝딱 지나감.. 절제가 안됨   단점 1. 유아틱함. 이겜 구입을 망설이던 큰 단점 다만 하다보면 귀엽게 느껴지고 신경도 안쓰이게된다.  2. 부실한 사운드 보이스도 쪼금 웅앵거리고 안나오고 때리거나하는 사운드는 괜찮은대  배경음악  조용조용해서 잘안들림    3. 스팀덱 스위치 최적화 겜 게임자체가 닌텐도2 노리고 만든 제품 같음 pc로하니 시야각이라던가 조작이라던가  여러모로 불편함.  4. 부실하고 불안정한 멀티 멀티를 해보진 않았으나  초반부터 멀티 이야기가 나오는대 제약되는 부분이 많다고 나옴 그리고 정보를 찾아보니 더 부실하다고함.    결론 유아틱 비주얼을 참고  힐링라이프 겜을 찾는다면 최고의 선택이될것  혹은 내가 동숲을 좀했는대 탐험 전투 이런것도 있었으면 하는사람에게도 적극추천..
2993780,1,"요세 무게감 있고 호흡 긴 게임들만 하다가 가볍게 접근할 수 있는 게임이  나와서 부담없이 게임 켜게 되네요 컨텐츠도 많고 직업이 서로 유기적으로  얽혀 있어서 그런지 전 직업 다 플레이 해야 되는 점도 좋았습니다"
2993780,1,"나무를 하나 벨 때도   먼저 나무의 약점을 탐색해서 스윗 스팟을 찾고  스팟을 강 공격으로 겁나 패다가  스테미나가 부족하면 궁극기 나무베기로 마무리하면서  [h1] Excellent [/h1] 글자가 찰진 소리와 딱 뜨면서 템과 경험치 쫘라락 먹을 때 그냥   순수 재미가 느껴짐"
2993780,1,처음에 항마력 딸려서 진행못하고 환불했는데 평이 너무 좋아 다시 구입후 플레이 중입니다 너무 재미있게 하고있어요 ㅎ 전투도 아기자기 하고 재미있습니다
2993780,1,내가 나이처묵고 이딴거나 하거 있냐? 라고 하면서 하고 있습니다 잼나영
2993780,1,"약간 팰월드 느낌 동숨,젤다 향 첨가되있는데 렙파만의 맛을 또 잘 살려서 꽤 먹을만 함  여캐가 이쁨"
2993780,1,동물의 숲을 생각하고 했으면 재밌을거고 원신을 생각하고 했으면 유치 할 수 있음  그냥 동숲도 원신도 아닌 재밌어 보여서 한다면 돈 값한다  솔직히 업데이트 멀티관련이나 최종 컨텐츠가 계속 나온다 가정하면 스타듀벨리보다 좋은 평을 받을 정도라고 생각하는 포텐셜이 느껴짐
2993780,1,이런 게임이 있는줄도 몰랐다가 갑자기 좋아하는 장르가 나와서 덜컥 충동구매했는데 너무 재밌어요. 캐릭터들 진짜 너무 귀엽네요. 접속할때마다 캐릭터만 봐도 기분좋아지는 이 느낌.
2993780,1,인생겜입니다...rpg의 모든 요소가 다 들어가 있음 ㅋㅋㅋㅋ
2993780,0,"The PC version of the game isn't running smoothly. When I click the ""Play"" button, there's no response for a long time and nothing launches. If I try to run the game directly from the installation folder, I can't access my previous save files. The game itself is fun, but this issue makes it hard to enjoy. Could you please fix it?  PC版のゲームが正常に動作しません。「プレイ」ボタンを押しても、長時間反応がなく、何も起動しません。インストールフォルダから直接ゲームを起動すると、以前プレイしていたセーブデータが使えません。ゲーム自体はとても面白いのですが、この不具合のせいで楽しむのが難しくなっています。修正していただけないでしょうか？"
2993780,0,아 진짜 이런 말 안하고싶었는데 진짜 ㅈㄴ 심함  그냥 스토리 밀면 좋은데 자꾸 똥개훈련 뒤지게 시킴 ㅋㅋㅋㅋ 쓸데없이 플탐 늘리려고 죠랄 떨어놓은게 눈에 너무 잘 보여서 화가 나네..;;  게임 자체는 재미는 있음 ...근데 ㄹㅇ 감다뒤임 ;;  멀티 요소를 넣을꺼면 스토리를 같이 밀게 해주던가 코옵 멀티는 이상한 버드새끼 플레이하면서 도움 주는거? 뭐 동딧세이도 아니고 이게 뭐하는건지 모르겠음  사냥꾼 스탭으로 돌아다니는거 아니면 이 게임 맵 돌아다니는거 진짜 고역일 듯  할인 80%할 때 사세요
2993780,1,와앃...... 자꾸 겜하게 되넹......... 힐링겜!!!!!! 귀여워!!!!
2993780,1,1.일단 시작 지역에서 모든직업 다열고가셈 나중에 귀찮음 2.쿠폰으로 물약이랑 이거저거 주는데 이걸..파는걸  줘서그런지 돈바로 날먹으로 만원 1시간컷가능.
2993780,1,"저처럼 동숲과 드퀘빌2를 재밌게 하신 분들이라면 강력 추천! 동숲에 RPG 추가된 느낌이에요 :) 닌텐도게임을 pc로 해보고 싶다 하시는 분들에게도 추천! 트레일러 보고서 재밌어보여서 직접 해봤는데 완전 몰입해서 했어요! 제 유튜브에도 올렸고, 네이버 치지직 생방송에서도 출시 당일부터 계속하는 중입니다ㅎ 정말 재밌어요!! 그리고 너무 귀여워서 게임하는동안 힐링되요♥ 구매가 고민이시거나 구매 전 실제 플레이 궁금하신 분들은 제 유튜브 또는 치지직 생방송에 한번 놀러오셔서 플레이하는 거 직접 구경해보시면 구매하시는데 참고가 될 것 같습니다. 모두 즐겜하세요~"
2993780,1,아놔 이나이 먹고 이런 유치 찬란한 게임을 하냐 싶어 좀 하다 환불 하려다 못했따 게임 잘 만들었네 취향 맞으면 백시간 기본 뽑을듯
2993780,1,잼있어서요..동숲좋아하시는분이라면..추천..멀티도 됩니다..
2993780,1,"동숲+미토피아+젤다 등 각종 유명한 게임의 짬뽕 같은데 그 맛이 정말 맛있음. 그래픽도 너무 귀엽고, 여기서 그래픽이 좀 더 리얼하거나 그랬으면 이 맛 안났을거 같음. 딱 좋음 아기자기한 느낌 너무 좋고, 젤다 꿈섬 그래픽이나 미니어처 같은 느낌을 정말 좋아했는데, 그 맛의 업그레이드 버전 같은.. 할게 정말 많고 돈 값을 넘어서는 게임"
2993780,1,"간단하고 할만함 생각없이 플레이하기도 좋고 재밌는 요소는 다 넣어놓음"
2993780,1,"[h1] AI로 동숲과 젤다에 힐링겜들을 버무리고 [/h1] [h2] 동료 시스템과 편의성을 구축한 게임 [/h2]   내가 꾸미는 마을은 동물의 숲 (섬 형태의 마을 & 집 꾸미기, 마을 평가, 주민 등)  오픈월드와 수집 요소, 일부 설정은 젤다 야숨과 시간의 오카리나 (숲의 미로, 데크나무, 코로그(코키리족) 수집, 몬스터 전투 후 보물상자, 사당 & 탑)  그외 채집과 전투 등은 스타듀밸리나 마이타임앳샌드록, 루마섬 같은 느낌    특히 닌텐도랑 연관이 깊은 회사여서인지 아니면 내용물 생각하기 귀찮았는지 노골적으로 젤다와 동숲 떠올리는 것들이 많이 나옴  예를 들면 시간의 오카리나처럼 ""빈 통나무형 입출구""로 이루어진 ""숲의 미로""를 지나면 ""코로그"" 역할을 하는 애들로 이루어진 코키리족 마을 같은 ""정령의 마을""이 존재하는데 핵심 인물은 ""오카리나""를 짊어지고 있는데다 마지막엔 ""데크나무""처럼 생긴 장로수가 존재함..   애초에 레벨파이브부터가 일러스트 및 배경부터 맵과 작품 설정마저 AI를 써서 게임 만드는데 이 겜도 AI 사용 발표때 대문에 걸려있어서 그런가, 그래도 기존에 있는 것들 잘 버무려서 맛있는 느낌  사실 저 겜들 모르면 ""아 이거"" 같은 거슬리는 느낌없이 잘 즐길 수 있음. 그냥 지식의 저주임.    내용물 80%는 딴 겜들에서 보던거 가져오고서 그 사이사이에 20%짜리 자기들이 직접 만든 향상된 시스템이랑 그래픽으로 꾸며서 나온 재밌는 게임   그 20% 중에 편의성 부분이 특히 마음에 들고 힐링 게임으로 가볍게 하기 좋음  직업들 관리 소홀해서 못 깬 사이드퀘스트들 경험치 노가다 안해도 장비랑 동료로 부족한 능력치를 메꾸는게 가능  여러개 작업을 일괄에 처리하는건 기본에, 대성공하면 재료템은 2~3배로 복사가 되서 노가다 줄어들거나, 한번 만들고 나면 딸깍으로 만드는 것도 가능  처음에 이거 귀찮아질려나 싶었던것들 금방금방 해소해줘서 아주 좋음, 아직 초중반이지만 플레이어가 지루하게 느낄만한건 미리 인지하고 쳐낸 느낌"
2993780,1,가격이 너무 비싸서 조금만 재미없어도 환불하려 했는데 아! 이정도 퀄리티면 이 가격이 적당하지!
2993780,1,너무 너무 재미있습니다!!! 직접 해봐야 알수있어요.  그래픽이 깔끔하고 스토리 연계도 좋고 사냥까지 재미있는…적극 추천합니다.
2993780,1,"[너무 할게많아서 빡세긴했는데, 어떻게든 리뷰 영상 한편 만들어봄] https://youtu.be/kPpbCLMfuOU  이런 게임이 존재하는지도 몰랐는데, 할게 진짜 많고 너무 갓겜이라 빡치네요  (캐릭터나 비주얼적인 부분이 조금 더 리얼했더라면 초대박이었을텐데라는 아쉬운점 빼곤 모두 대만족임)"
2993780,1,"좀 유치하긴 한데 생각보다 재밌음. 미토피아 + 동물의 숲 + 약간 젤다..? 암튼 닌텐도 게임 이것저것 짬뽕 시켜놓은 느낌. 그래픽도 귀엽고 전투도 쉬워서 머리 안 쓰고 하기 좋습니당... 단점이 있다면 초반 스토리 컷씬이 너무 길고, 화면 전환 될 때 좀 부자연스럽다고 느껴져요. 화면 전환 될 때마다 몰입이 확 깨짐;"
2993780,1,가격이라는 진입장벽만 빼면 호불호 안갈릴 재밌는 게임 카메라가 살짝 불편한점 말고 재밌게 했어요.
2993780,1,"아기자기 하거나 힐링겜 좋아하시면 추천합니다. 수집과 채집도 자주 하기 때문에 빡전투 좋아하시는 분은 비추. 이곳 저곳 탐험하는거 좋아하시면 이만한 게임 없을듯."
2993780,1,"동물의 숲 같은 컨텐츠와 루마섬같은 여러 직업을 병행해서 플레이하는 생활컨텐츠! 거기에 동료와 함께 아이템을 제작해서 입고 전투하는 rpg 요소도 섞여 있습니다.  다소 유아틱(?)한 큰머리 케릭터와 유치한 스토리, UI등은 닌텐도 게임들의 느낌을 물씬 풍겨요.  그런데 나무 좀 캐고, 광 몇개 캤는데 1시간은 기본으로 지나있을만큼 몰입도가 높고 재밌습니다. 다만 이런 류의 게임 특성상 무한 노가다가 요구 되기 때문에 시간들여 뻘짓이 싫은 분들은 별로일수도. 직업 레벨을 올리려면 부지런히 자원을 캐고 제작을 해야하고, 그러다보면 새로 필요한 재료들이 생기고 그 재료들은 스토리를 진행하면 생기는 지역들에서 나오는 등 유기적으로 연결도 잘 되어 있습니다. 어렵지도 않고, 아기자기하고 시간 녹이기 최고인데 단점은 카메라 시점입니다.. 위에서 아래를 내려다보는 형식의 카메라이기 때문에..맵을 탐색할 때 먼 곳을 보는게 불편해요. 그것 외에는 너무 재미있게 하고 있으므로 강추!"
2993780,1,"직업 미니게임이 다 똑같은게 좀 단점, 시야제한있는것도 단점 나머지는 아직 할만함"
2993780,1,"일단 아직까지는 재밌다. 특히 다양한 라이프가 각각의 레벨과 스킬을 가지고있는게 인상적이다. 나무와 광석 하나를 캘때도 혼신의 힘을 다해야하는 그런 느낌이 난 좋다. 세계관은 막장인데 스토리는 어느정도 볼만하고, 연출이나 다양한 그래픽, 사운드 디자인 면에서도 퀄이 좋다. 대화나 라이프 습득 과정 선택 스킵이나, 첫 라이프 습득시 대여되있던 장비를 자동으로 입는 등 편의성도 만점.  아직까진 제값은 충분히 하는 것 같다. 갓겜 냄새가 나는..."
2993780,1,크래프팅요소가 전부 유기적으로 연결되어있어 하나만 판다 이런건 멀티에서나 가능하고 솔플은 목공 벌목 채광 재련 등 다해야됨 자동제작과 수동제작이 있는데 대성공 뽕맛때문에 수동하게됨 기초재료에서 상위재료로 올리는데 너무많이든다고 생각이 들었는데 막상 완재품에 별로 안들어가서 그렇게 부담가진 않음  곳곳에 재료들이 퍼져있어서 돌아다니는 맛도있고 전투도 의외로 뇌뺴고 하는게 아니라 컨좀 신경써서 해야됨 난 전투 노맛이면 진짜 하기 힘들어하는데 이정도 전투면 그냥저냥 슴슴하게 할만함  재일 단점은 카메라 위치 진짜 시발 땅바닥 쳐보고 걷는거 같음 그거빼면 갓겜
2993780,1,"[h3] 동물의 숲에 젤다와 제노블레이드 한스푼 [/h3] [h1] 본격 힐링 RPG 판타지 라이프의 귀환 [/h1]  (엔딩) (250522 내용 일부 추가, 오타 수정)  🎥 그래픽 ----------------------------------------------------------- ⬜ 현실과 구분이 어려움 (높은 수준의 디테일) ⬜ 수준 높은 그래픽 ⬜ 아름다운 그래픽 ✅ 독특한 그래픽 (도트, 라이브 2D 등) ⬜ 준수한 그래픽 ⬜ 게임이 뭐 그렇지 ⬜ 처참함  🎮 조작감 ----------------------------------------------------------- ⬜ 우리 할머니도 할 수 있음 ✅ 일반적임 ⬜ 적응하기 약간 어려움 ⬜ 핸드시뮬레이터 급 ⬜ 누가 내 손 뺏어감  🚨 난이도 ----------------------------------------------------------- ⬜ 힐링 ✅ 우리 할머니도 할 수 있음 ⬜ 쉬움 ⬜ 적당히 즐김 ⬜ 어려움 ⬜ 소울류 ⬜ 빡침  🖥️ PC사양 ---------------------------------------------------------- ⬜ 감자 ⬜ 콩순이 컴퓨터 ✅ 일반적인 가정컴퓨터 ⬜ 게이밍 컴퓨터 ⬜ 최고사양 게이밍컴퓨터 ⬜ 나사 컴퓨터 ⬜ 양자 컴퓨터  💾 게임용량 -------------------------------------------------------- ⬜ 금붕어 뇌에도 설치가능 ⬜ 컴퓨터실 ✅ 그냥저냥 ⬜ 용량 꽤 차지함 ⬜ 컴퓨터에 이 게임 하나 깔 수 있음 ⬜ 디스크 대량구매 후 분할 다운 가능  🛜 서버 ------------------------------------------------------------- ⬜ 싱글 ✅ 전세계 인구 다 들어와도 렉 없음 ⬜ 한국에 서버가 있음 (핑이 낮다) ⬜ 한국에 서버가 없음 (핑이 높다, 안정적임) ⬜ 하루종일 디도스 쳐 맞음 (불안정) ⬜ 감자서버  📖 스토리 ----------------------------------------------------------- ⬜ 없음 ⬜ 거장 감독 시나리오 급 ⬜ 여운 남는 스토리 ⬜ 후유증 남음 ✅ 메이플스토리 ⬜ 복잡함 ⬜ 신선한 스토리 ⬜ 크리셰 ⬜ 그냥저냥 ⬜ 없는 게 차라리...  ⚒️ 노가다 요소 ------------------------------------------------------ ⬜ 없음 ✅ 할 순 있음 ⬜ 하면 좋음 ⬜ 해야함 ⬜ 당신은 이제 노예입니다.  🐌 버그 ------------------------------------------------------------- ⬜ 세스코 왔다감 ✅ 귀엽네 ⬜ 몰입을 깨는 정도 ⬜ 버그를 샀는데 게임을 주네요 ⬜ 그냥 못 함  ⏱️ 플레이타임 ------------------------------------------------------ ⬜ 없음 ⬜ 출근길에도 깰 수 있음 ⬜ 점심먹고 저녁전까지 깸 ⬜ 날 잡고 깨야함 ✅ 며칠 걸림 ⬜ 방학동안 이것만 해야함 ⬜ 평생을 바쳐야함  👨‍👩‍👧‍👦 접근성 ----------------------------------------------------------- ✅ 누구나 해도 재밌게 할 수 있음 (접대용 게임) ⬜ 재미없기 힘듦 ⬜ 호불호 갈림 ⬜ 극소수가 좋아함 ⬜ 재밌으면 정신병원 가보세요.  💸 가격 ------------------------------------------------------------- ⬜ 무료 ✅ 정가에 사도 후회 안 함 ⬜ 세일하면 사야함 ⬜ 돈이 많으면 사도 됨 ⬜ 추천 안 함 ⬜ 돈이 너무 많아서 거슬려서 버려야겠다.  ==========================================================================  🎉 총 점 💯 ( 84 / 100 )  [h3](1) 돌아온 본격 힐링 판타지 라이프 [/h3]  10년 넘는 세월을 건너 오픈월드로 다시 돌아온 판타지라이프 신작.  과거처럼 다양한 라이프를 통한 생활 콘텐츠와 함께 오픈월드의 자유로움이 결합되어,  한층 자유롭고 폭넓은 플레이를 즐길 수 있음.  패배나 시간에 스트레스 받는 RPG에서 벗어나  전투와 생활 콘텐츠 양쪽 모두를 마음편하게 즐기고 싶은 사람,  칙칙하고 잔혹한 게임에서 벗어나 진짜 게임을 통해 힐링하고 싶은 사람에게는  오랜만에 동숲 이후에 재밌게 즐길 수 있는 게임이 되어줄 것.   [h3](2) 아트 [/h3]  누구나 호불호 없이 즐길 수 있는 동숲풍 아트.  귀엽고 아기자기해서 보는 것만으로도 힐링되게 만드는 것 뿐 아니라,  마을 꾸미기 뿐 아니라, 집안 꾸미기 등 각종 꾸미기 요소들이 잘 되어 있음.    [h3](3) 전투 [/h3]  다른 RPG보다 확실히 쉬운 조작의 약/강 공격 위주의 전투나,  함께 전투해주는 동료개념도 있다보니 전투 난이도는 낮은 허들로 누구나 즐길 수 있도록 했음.  그렇다고 게임 전체적으로 전투가 막 단순하거나 뻔하지는 않도록,  다양한 라이프를 수집하고 바꿔가면서 여러 빌드를 트라이할 수 있다보니,  이것저것 수집하고 시도해볼 수 있다는 게 가장 큰 장점인 듯.   제노블레이드의 클래스를 수집하는 듯한 그런 느낌의 라이트 버전?  나이/성별 불문 누구나 쉽지만 꽤 재밌게 즐길 수 있음. 기본적으로 거의 다 걸어서 피할 수 있는 수준이고,  구르기를 통한 회피 판정 같은 것도 엄청 넉넉해서 쉽게쉽게 가능함.  아쉬운 점은 전투하다가 적 크리처가 일정 범위에 도달하면  쫓아오지도 않고, 체력도 안깎이는 무적 상태가 됨.  그러다가 갑자기 자리로 돌아가는 버그가 있는데, 이건 좀 고쳐준다면 좋긴 할 듯.   그리고 패드 기준 구르기 버튼이랑 동료 부활시키는 버튼이 같아서,  굴러야할 때 부활 캐스팅 시전되고 그대로 적한테 맞아버리는 경우가 있는데  이건 좀 불편한 요소였음.   [h3](4) 스토리[/h3]  스토리는 전반적으로 젤다향이 많이 느껴지고,  각종 오브젝트의 생김새나 명칭, UI 등에서도 젤다향이 많이 느껴짐.  근데 캐릭터들 대화를 풀어나가는게 유치하긴하지만,  그렇다고 막 유아용 스토리텔링처럼 지루하진 않음.   기본적으로 누구나 이해할 수 있고, 어떻게보면 뻔한 스토리라고도 할 수 있지만, 그렇다고 그걸 전개해나가는 방식까지 뻔하게하진 말자라고 생각해서인지  말도 안되는 개드립이나 연출로 그런 점에서 벗어나가고자 노력한게 보임. 그래서 막 지루하다거나 올 스킵하게 되는 그런 스토리는 아니었음.  그리고 설정에서 자막 노출 속도나 컷씬 진행 속도 같은 것도 조절할 수 있으니,  설정에서 본인에게 맞게 조절하는 걸 추천함.    [h3](5) 탐험[/h3]  이것저것 할 게 많은데,  특히 오픈월드 돌아다니면서 각종 레시피나 동료나 수집하고 해야할 게 좀 많음.  그러면서 지역 랭크 올려야 더 많은 채집이나 수집 요소들을 만날 수 있기도 하고.  엔딩 보고 난 이후에도 계속 해야할 것들이 좀 있음.   [h3](6) 카메라[/h3]  이 게임에서 가장 아쉬운 건 카메라인데, 카메라가 일정 높이 아래로 안내려감  오픈월드인 만큼 좀 지평선이나 이런 곳도 좀 눈으로 보고, 호기심 가지고,  주위도 둘러보고 하고 싶은데, 거의 쿼터뷰 각도 아래로는 안내려감.  전투 할 때도 그런데, 이것 때문인지 적이 계속 카메라 시야밖으로 벗어나서  락온이 계속 풀리다보니 꽤 짜증나는 요소 중 하나임.   [h3](7) 총평[/h3]  나이/성별 불문하고 즐길 수 있는 게임이나 스트레스 안받고 언제든 가볍게 플레이 할 게임을 찾고 있다면 고민없이 추천가능한 게임.   진짜 말그대로 동숲처럼 즐기고 싶은 사람은 동숲처럼 즐기고,  가벼운 전투를 즐기고 싶다면 그것대로 다양한 전투를 즐길 수 있는 게임.   길찾기도 워낙 쉽게 기능을 지원해주고 있기도 하고, 탈 것도 초반부터 지원해주고,  각종 텔포도 지원하고 있다보니 이동이나 길찾기 때문에 스트레스 받을 일은 없다는 점도 좋음.   느긋하게 즐기면서 할 말 그대로 나만의 플레이(Life)를 즐길 게임을 찾고 있다면 추천.  =========================================================================="
2993780,1,할게 정말 많음 진짜 미치도록 많음 근데 그게 짜증이 밀려오는게 아니라 웃음이나옴  아직도 할게남았다고? 너무 즐거워 진짜 이게임 끝은 어디냐  2025 05 21 수정 20시간에 엔딩봄 메인만 민다면 더 빨리 끝날수도 있을듯 아직 다른직업 마스터도 안해봤고 대륙탐험도 들했음 섬도 안꾸몄고 아직도 먹을게 많다 엔딩이후 또 뭐가 열린거 같은데 먹어봐야겠음
2993780,1,최근에 해본 생활형 게임 중 가장 재밌는거 같습니다. 밸런스와 완성도가 가장 만족스럽네요. 키마로 하고 있는데도 매핑이 잘된 느낌이라 큰 불편함을 못느끼고 있습니다.
2993780,1,"꼭 게임패드로 하세요! 너무 재미있어서 인생게임됨.."
2993780,1,"[h3][b] 사랑스러운 힐링 게임이 더욱 완벽해져 나왔다![/b][/h3]  [b]점수 : 9.5 / 10[/b]  동물의 숲과 루마 아일랜드를 합친 뒤 젤다식 액션 RPG를 가미했다고 볼 수 있는데, 그렇게 짬뽕한 게임이 무척 매력적으로 완성도 있게 나와주었습니다.  게임 속 캐릭터들은 귀엽고 엉뚱한 친구들이지만, 스토리는 가볍지 않고 감동적이었습니다. 1,000년이라는 시간을 넘나들며 각양각색의 개성이 있는 다양한 동료들을 만나 그들과 함께 섬의 숨겨진 수수께끼를 풀어 나가게 되는데, 시작은 장난스럽고 개그가 넘치지만, 진행될수록 복선과 인과관계가 만나 풍부하면서 감동적인 스토리를 그려내더군요. 참고로 한글화도 아주 잘 되어 있습니다. 다양한 말투와 사투리가 나오는데, 스토리에 방해되지 않도록 잘 녹여냈습니다.  그래픽은 호불호가 갈릴 수 있겠지만, 애초에 슬로우 라이프 힐링 게임을 표방하고 나왔기에, 적당히 가벼우면서도 귀엽고 깔끔합니다. 개인적으로 색감의 선정이 마음에 듭니다만, 야경은 조금 아쉽기도 합니다. 좀 더 어둡게 표현하더라도 광원 효과를 강조해서 루마아일랜드처럼 표현했어도 나쁘지 않았을 것 같습니다.  게임플레이 요소들은 정말 칭찬을 아끼지 않을 수 없습니다. 14종의 다양한 직업들을 각각 자신만의 스킬 트리로 개성 있게 꾸밀 수 있습니다. 단순 반복 작업이 되기 쉬운 재료 파밍 및 제작 노가다도 다양한 미니게임 요소들을 가미해 심심하지 않게 만들었습니다. 또한 각 직업의 장단점들이 서로 유기적으로 연결되어 있어 참 마음에 듭니다. 그냥 많은 직업이 '존재'만 할 뿐인 루마아일랜드같은 타 게임과는 달리, 마법사가 수집한 풀로 제봉사가 원단을 만들면, 광부가 캔 광석과 전사가 사냥해 수집한 가죽을 덧대어 대장장이가 가죽 갑옷을 만들고, 낚시꾼이 낚은 물고기와 사냥꾼이 수집한 꿀로 요리사가 요리를 만듭니다. 이런 유기적인 직업 간의 조화! 제가 너무나도 바라던 게임 플레이 요소라서 참 반갑습니다. (직업은 한 번에 여러 직업을 플레이 가능합니다)  그 외 집 꾸미기, 섬 꾸미기 등 아직 제가 깊이 들어가 보지 못한 콘텐츠들도 있습니다. 친구, 가족과 함께 멀티 플레이를 한다면 더욱 재미있을 것입니다. 😜 전스트리머이다 보니 혼자 해야하지만요…. 😭  단순하면서 직관적이고 알아보기 쉬우면서 있을 건 다 있는 UI 및 조작감도, 게임을 플레이하면서 여러번 칭찬한 부분 중 하나입니다.  그리고 언제나 말씀드리지만, 전 게임에서 음악 또한 상당히 중요하게 여기는데 이 게임! 음악이 좋네요…. 묘하게하게 과거 90년대~2000년대 그 시절 게임음악의 향수를 불러일으킵니다. 게임에서 표방하는 슬로우 라이프의 컨셉과 잘 어울리며, 특히 탐험할 때나 제작할 때, 퀘스트를 처음 받거나 완료할 때의 음악이 정말 몰입감을 높이면서도 신나고 매력적입니다. 단지 볼륨 조절에 버그가 있고, 세세한 볼륨 설정이 안 되는 부분이 있는데 이런 것들은들은 차차 개선해 나아가겠죠?  이 게임. 저는 적극 추천합니다."
2993780,1,"동물의숲에서 모험과 전투가 생긴 게임입니다. 레벨파이브 답지 않게 한글화해줬고 한글화 해준만큼 게임이 재밌네요 멀티는 몬헌 비슷한 느낌이 듭니다. 퀘스트 같이 깨는 게임이 아니라 아쉽네요 힐링게임 좋아하시는분 추천드립니다."
2993780,1,레이튼 시리즈로 유명한 레벨5의 신작. 전작들은 안해봤지만 3시간 가량 즐겨본 평가는 대만족. 사실 비슷한 생활류 게임들을 여러가지 접해봤지만 동물의 숲에 최적화되어있던 사람으로서는 비주얼적인 부분에서 아기자기함이 아쉬운 게임들이 많았는데 이번 게임은 정말 귀여움.  세세하지는 않지만 캐릭터를 꾸미는 맛도 있고 닌텐도 감성을 느끼기에 충분한 게임성과 인터페이스. 유치한 부분들도 많지만 이것 또한 닌텐도 갬성이라 마음에 들었습니다. 동물의 숲 시리즈를 재밌게 하셨던 분들이라면 이것도 재밌게 즐길수 있지 않을까 합니다.
2993780,1,아직 전투가 조금 어렵긴 하지만 스토리도 꽤 재미있고 귀여운 캐릭터에 좋은 풍경에 여러모로 마음에 들어요!  + 패드로 하세요. 채집할 때 타격감이 좋아용!
2993780,1,"스토리는 초반에 약간 템플릿처럼 반복하는게 아쉬움.  몬스터가 경직먹고 쓰러질때 바위 위 등 이상한위치로 밀려나는 경우, 몬스터는 그곳에서 나오지 못하면서 인식을 못해 몬스터를 잡을 수 없는 문제가 있음.  시점문제 특히 무지크지 대륙에서 위를 보는 시야가 제한된게 상당히 답답함을 유발함.  특정 소재의 위치를 추적할 때 정확한 장소를 알지 못하면 가본적 혹은 얻은적이 있어도 찾기가 어려움.  멀티는 안해봐서 모르겠고 사실상 스토리를 클리어 해야 마을을 본격적으로 입맛대로 꾸밀 수 있기 때문에 동숲같은 느낌으로 게임 하고 싶은 분들은 스토리 빠르게 미는게 기능 해금도 많고 많은 동료를 얻어 잔해를 치울 수 있으니 참고.  문제점도 상당히 많지만 , 그럼에도 재미있고 빠져들만한 요소가 즐비하고 있어 취향에 맞으면 정말 재미있게 즐길 수 있다 생각됨.  스토리 엔딩을 본 후에도 엔드컨텐츠가 있으니 스토리 다 본다고 끝 이런느낌은 아닌듯.  마지막으로 탈것은 대체 왜 있는지 존재 이유를 정말 1도 모르겠음. 사용하는데 제약이 많고, 플레이어의 캐릭터는 아무리 높은 절벽이라도 올라갈 수 있는 곳이면 그냥 벽 타고 올라갈 수 있는데 이녀석은 벽을 못타는건 그렇다 쳐도 단차가 조금만 높아도 못올라가서 빌빌대고 있는 꼬라지 보면 이거 굳이 타야되나? 싶을정도임. 심지어 캐릭터는 헤엄도 치는데 당연하게도 물속에 빠지면 해제됨. 데미지 입는 지형 지나다니는 용도 외엔 의미 없는듯. 이동속도 조금 더 빠른걸 보고 쓰자니 너무 짜증나고 답답한게 많음."
2993780,1,"스팀덱 풀옵 60fps 유지 가능. HDR 지원.  3DS 시절 아쉬웠던 게임 플레이는 보완하면서 그래픽 수준 높임.  타 플랫폼 크로스 플레이 가능, 세이브 데이터도 연동 가능.  직업 14개, 직업별 파고들 요소가 많아 플레이 타임 보장.  아기자기하면서도 만만치 않은 전투, 힐링 게임 다운 스토리 전개.  개인적으로는 2025년 출시 게임 중 가장 재밌게 하는 중."
2139460,1,진짜 개재밌노 그러나 캐릭터 저장만 할수있게해주지..인슈라오디드처럼
2139460,1,잡다한콘텐츠 굳이 사냥과 채집을 동시에 다 하지 않고 원하는것만 해도 됨
2139460,1,"야생 서바이벌 전투를 원하는 사람에게는 최고인게임  하지만 사양이 높아야하는 단점과 다운로드를 할려면 꽤나 큰 저장공간이 필요하다는 단점이 있다"
2139460,1,카피바라 때문에 복귀함 너무 귀여움 ㅎㅎ 6마리 겟또다제
2139460,1,진짜 갓겜 너무너무 재밌어요 맨날 이것만해요 스킨도 너무너무 이쁜게 많아서 다 사고싶어요 근데 돈이 없어요 무료게임이라 좋은데 스킨에 돈 많이 쓰게 되어서 그건 슬퍼요
2139460,1,감염물이라는게 있는데 그걸 잡는게 재미있고 나만의 건물을 건축할수있으며 재미를 느낄수도 있어요
2139460,0,"업데이트 있을때마다 게임을 전부다 까는일이 자주일어남? 초반에 좀 재밌다가 후반가면 할일이 없음 정도 ㅇㅇ"
2139460,1,"무료게임이라기에는 퀄리티가 높음 배그랑 마인크래프트를 합친 느낌"
2139460,1,겁나 재밌어요 근데 50렙 찍고 나면 할컨텐츠가 없어요
2139460,1,"무료 게임이라는 게 말이 안될 정도의 퀄리티 친구들이랑 하면 재미는 배로"
2139460,1,여러 장르가 짬뽕 되있지만 맛있게 섞여 있어서 추천 할 만한 게임 입니다
2139460,1,"재미있습니다. 뭔가 다 섞어놨는데도 맛있는....그런 게임이라고 할까요? 처음하시는 분은 할게 많으실 테지만....점차점차 시나리오를 하시다 보면 오히려 3~4주차 쯔음부턴 다 키워서 할게 없어지는 게임입니다. 콘텐츠의 부제....와 다른 단점을 굳이 찾자면 많은 버그, 꽤나 매운 스킨 ( 캐릭터, 가구 ) 가격 정도 일까요....?"
2139460,1,중국겜이라 안하고있다가 어쩌다보니 한번 찍먹이라도 해보자 하고 들어갔더니 제 시간을 잃어버렸어요 내 시간 돌려줘
2139460,1,!!!!!!!!!!!!!!!!!!!!!!!!!!!!!!!!!!!!!!!!!!!
2139460,1,개발진들은 무엇으로 돈을버나요? 이게임 스킨 가챠가 비싼거 말고는 안질러도 상관없는 무료 게임입니다.
2139460,1,기대하지 않고 시작했는데 생각보다 재미있는 게임 초반에는 뭘 해야할지 모르겠고 어려웠는데 몇 시즌 거치면서 하다보니 어느새 잘 정착해서 왠만한 컨텐츠는 다 즐기는중 생존슈터 장르게임 좋아하면 추천
2139460,1,자유도도  괜찮고.. 크래프트도 많이할수있는거 같고 가끔 가다가 동물도 사냥 하고  좀비도나와서 긴장감도 주고 잼있습니닿
2139460,1,중국에서 만든 무료게임이라 기대안했는데 진짜 게임 잘만듦 친구들이랑 같이 재밌게 하기 좋음
2139460,1,게임 내용이 재미있고 많이 할수록 더 재미있고 저 이 게임만 210시간 이상으로 겜을 하면서 재미있는 사람도 만나고 재미있게 게임했습니다. 꼭 1번만 플레이 하세요 ㅎㅎ
2139460,0,게임이 추잡스럽고 이해가 하나도 안 됨. 한시간하고 빡종함. 한국인은 중국겜이랑 안 맞는듯
2139460,1,할거없을때는 재미있었는데 계속 반복하다보니  조금 질리는 맛이 있음.  한번씩 생각날때 하기 좋은 게임.  집꾸미기는 재밌었음. 건축겜..
2139460,1,"장점: 높은 맵 퀄리티, 다양한 총기, 다양한 보스와 적, 온라인 멀티플레이 지원 (솔플도 당연히 가능), 커마 퀄리티 높음, 지원 좋음 (재화 넉넉하게 뿌림)  단점: 조작감이 빠르다 못해 살짝 미끄럽다는 느낌 받을 수 있음, 초반 재화 수집 어려움 겪을 수 있음, 지역이 업데이트되며 개방되지만 막상 그렇다 할 롱런 컨텐츠는 부재함, 스토리가 존재하지만 그렇게 큰 영역을 차지하지 않아 마찬가지로 지속적인 게임플레이 유도 부실함, 한마디로 딱히 어딘가에 중점인 컨텐츠가 없고 다 그냥 거기서 거기임, 그래픽 사양 꽤 높음, 의문사함   결론: 근데 무료잖아"
2139460,0,"때깔만 좋은 병신겜 레벨 25여도 레벨 3 필드 몹한테 2대맞으면 뒤지고 눕는 갓겜; 레벨 25로 필드에 있는 이벤트 몹 하나 잡는데 ar탄 800쏴서 간신히 잡고 나오는 보상은 미미 하다못해 탄수급이 원할한것도 아니고 무기 얻는게 쉽지도 않고 모든게 스트레스"
2139460,1,렘넌트3 언제나오나 기다리는 중 유사 렘넌트 분위기와 몹 보고 시작했음 그리고 렘넌트3가 기다려지지 않게됨 ㅇㅇ.  사실 구라임 나오면 접을듯 근데 꽤 괜찮은 짬뽕 게임임 솔플도 재밌고 친구랑 해도 재밌음
2139460,1,재미 있어요 한글 치는거 패치 되었스면 좋겠습니다  고인물에게는 모르겟음 아까전에 도움 요청 해서 컨택츠 하나 깻는대 이지 한거 2분  안팍에 깨주시더라고요 보스 스킵 해주십니다 감사합니다  초보자는 재밌어요 컨탠츠 하나하나  하는 재미 있음
2139460,1,"[h2]✦ 이토록 낭만적인 멸망 ✦[/h2]  멀티플레이가 가능한 무료게임을 찾다가 생각보다 잘 만든 퀄리티에 눌러앉았다.  일명 땃쥐라고 불리는 서버에서 시작했는데, 퀘스트도 잘 짜여져 있고, 각 마을의 풍경들과 몬스터 디자인들이 상당했다. 뉴비라고 도와주는 친절한 유저들덕에 쉽게 정착했다.  오토바이를 타고 텅빈 도로를 달리며, 흘러나오는 라디오 노래에 맞춰 나도 같이 흥얼거린다. 폐허가 되버린 마을과 기괴한 울음소리들을 뒤로 한 채 달리는 모습이라니,  이 얼마나 낭만적인가.  몬스터가 나오지않는 안전한 지대에 나만의 보금자리를 만들어 몸집을 불리고, 굶어죽지 않기 위해 틈틈히 사냥을 나가야한다.  유독 각박한 시대상황이나 좀비세계관에서 게임이 가지는 낭만은 폭발한다.  다양한 업그레이드와 장비들,  크래들이라는 특수한 시스템을 통해 강해질수있고 총기마다 다양한 특징을 가지고 있다. 급하면 주운 표지판으로도 사냥이 가능하다.  이외에도 커스터마이징, 건축, 장사 등 게임을 즐겁게 만드는 요소들이 곳곳에 숨어있다.  아마, 건축으로 550시간을 채운것같다.  MMORPG를 지속 할 체력과 시간이 된다면, 무조건 다시 돌아와서 플레이할것이다.  이번엔 눈내리는 설원맵을 가보고싶다.  추위 속에서도 힘겹게 나만의 산장을 만들고 눈내리는 산장안에서 스타더스트 차 한잔이면, 그날의 전투와 추위도 녹일 수 있을것 같다."
2139460,0,"게임이 d드라이브에 설치되있는데 이 새기 왜 자꾸 c드라이브로 업뎃을 쳐 해서 용량 개판내놓냐고 시발아"
2139460,1,"먼저 이 게임을 하기 전엔 와우를 했었는데 유저 피드백이 10년에 걸쳐 이루어지는 게임을 하다가 피드백 빠른 게임을 하니 속시원한 마음이 들었습니다.  루트슈터 장르를 처음 해봐서 적응하는데 시간이 좀 들긴 했지만 익숙해지면 정말 재미있게 할 수 있습니다.  다만 게임에 버그가 진짜 많아요. 졸라 많아.  근데 그 버그도 빨리 고쳐주긴 하는데 버그 하나가 고쳐지면 이전에 되던게 안되고 그렇습니다.  그래도 전체적인 인상은 나쁘지 않아요. 3D멀미가 심해서 fps 관련 게임은 전혀 못하는 편인데도 멀미 없이 플레이중입니다."
2139460,1,"스토리 몰입도도 좋고, 기존 RPG게임들의 단순함을 생존게임의 요소와 시나리오 시스템의 적용을 통해서 많이 발전시켰고 시나리오에 따른 난이도의 선택으로 지루하지않게 즐길 수 있어서 너무 좋습니다 ."
2139460,1,처음에는 어려울줄 알았는데 해보니 엄천 쉽노 재미있어요
2139460,0,"1900시간 넘게 이겜 했는데  새로 시작하는분들은 절대 이게임 하지마세요 게임이 재밌고 이런걸 다 떠나서  제대로 된 고객센터 하나없고 문의는 매크로에 영문뿐이며 전화번호 자체가 없고 이메일 안내나 기타 고객센터 문의조차 쉽지않게 해놨음 아예 귀를 닫고 하는 운영이고 특히나 한국쪽 고객센터는 없는걸로 보이며 이용약관이라든지 여러가지 정보들을 열람 할수도 없습니다  홈페이지 가도 게시판 하나 없으며 일방적인 공지들 뿐입니다 거의 1년가까이 게임하다가 그냥 얘네들이 너 규정위반이야 겜하지마~ 그러면 겜 못하는거에요 제가 멀 위반했는지 알려주지도 않아요 이메일도 안와요 영어로 ""규정위반"" 이게 다임 패치 할때마다 잔버그들 계속 생기고 게임 컨텐츠도 부족해서  현재 하는 달의징조 컨텐츠도 원래 5월8일까지였는데 22일로 자기들 멋대로 늘림 공지? 당연히 안하고 이벤트 페이지에서 은근슬쩍 날짜 바꿈 한글화는 수시로 바껴서 통일된 용어가 없고 외국서버랑 한국서버랑 명칭이 다 제각각이며 아침에 보던 아이템 이름이 저녁에 바껴있는 경우가 허다함 본사가 중국이라서 환불같은건 꿈도 못꾸고요  스킨은 재탕하기 시작했고 모바일 출시랍시고 많이 퍼주는데 그거 예전 유저들한테는 희소성있는 템들이였는데 다 퍼줘서 상대적 박탈감 느끼게 만듬 호기심에 이겜을 시작하려는분들 제발 하지말아주세요 분명 후회하실겁니다"
2139460,1,기본 여캐들이 너무 예쁘고 귀엽고 사랑스럽고 아름답고 고우시고 아리따우시고 pretty하고 cute하고 섹시하기까지 하고 내 이상형들이 많고 눈부시고 눈호강 되고 즐겁고 즐겁습니다.
2139460,1,"무료게임인데도 불구하고 퀄리티가 매우 높습니다. 스토리와 그래픽이 무엇보다 탄탄하고 현재 이벤트 진행중이어서, 받는게 많으니 플레이를 고민중이라면 지금 꼭 해보라고 추천 드리고 싶습니다. 저도 너무 만족해서 주변인들에게 얘기 중입니다 :) 매우매우 추천하는 게임 입니당"
2139460,1,재미도 있고 신박하고 케릭들고 이쁜데 RPG적 요소에 재미를 못느낀다면 오래하기는 힘들 수도 있을 거 같스빈ㄷ.
2139460,0,이거를 하고 계정이 털릴뻔했어요 ㅠㅠㅠ 진짜 하지마셈 바로 계정털림
2139460,1,초보자 섭에서 야무지게 즐겼는데.. 서버 이동하면서 설계도만 남고 다 날아가버렸어용..  짜게 식더라구용.. 내 집... 내 차... 내 연료... 그래도 재밌긴해용..
2139460,1,살짝 무서워서 하기 겁나긴한데 자자란 갑툭튀조심만 하면 진짜 무료게임기준으론 1등인듯 그냥 아크서바이벌이랑 펠월드 합친느낌임
2139460,0,"업뎃 받고 난 후에 자주 튕기는 현상과 버벅임 때문에 게임의 진행이 상당히 불편함 ... 공포 타이틀을 달고 있는게임인데 이 게임이 공포 게임인지 게임을 하면서 꾸역꾸역 하려는 내가 공포인지  상당히 햇갈리기 시작할 때 쯤에 삭제하고 안하게 됨"
2139460,0,직전에 라오어2 해서그런가 그래픽도 너무 구리고 스토리도 진짜 집중안되게 재미없음
2139460,1,여러게임의 장점을 잘 모아둔 게임 질리지 않으면 플레이어가 조금만 관심이 있으면 할수있는 일이 엄청 많아지고 보기는재미 협동 하는재미 등등 할수있는것만 많으면 힘들고 질릴텐데 재미도 같이 느낄수있어 추천하는게임
2139460,1,"유비식 오픈월드를 좋아한다면 할 게 많고 스토리 밀면서 재미있게 해볼만한 게임  6주단위 하드리셋이라 유비식 오픈월드를 좋아해도 2회차 3회차 이렇게는 하기가 힘듦  유비식 오픈월드를 싫어한다면 그냥 이것저것 짬뽕된 흔하디 흔한 양산형 게임중에 하나일뿐  그런사람들에게도 그나마 장점이라면 무료라서 선구매하고 피볼일 없다는것"
2139460,1,"베타때 너무 심한 멀미로 튜토리얼도 클리어 못하고 끈 기억때문에 늦게 시작했습니다만  친구따라 시작해서 혼자 마스터 뺑뺑이 돌 정도까진 온 느낌 입니다.  하우징 시스템이 생각보다 재미있고 생존과 관련된 수치들은 너무 어럽지 않게 유지 가능합니다.  요즘은 동물 잡아다 기르는재미로 하고있네요.  제 주관적인 평점은 매기자면 10점 만점에 8점 정도에 위치 할 것 같습니다."
2139460,1,"시간이 많이 갈려서 그렇지 재미 있습니다. 같이 하고서  장사를 해도 되고 사냥을 해도 되고 조금 반복 노가다가 심한게 있지만 괜찮아요"
2139460,1,모바일 조정이 힘들지만 그래도 모바일로 병행 가능하다는 점 크게 산다
2139460,1,sjan whgek tlwmswlskrh to tlwms dhfEoakek chrlghk  sjan whgdkdy dkwn rmsid Ekqhd!!
2139460,1,ㅈ H  me  ga  있 ㄷ    ㅏ  korean  4 람 만 읽 을 수 있 ㅈL   나 ~ hahahah
2139460,1,"너무너무재밌게했는데, 시즌제로 준비하면서 많이 버벅이신듯.."
2139460,0,무난한 짬뽕탕의 느낌  여러가지 컨텐츠를 무료게임치고 잘 만들어서  버그나 번역 이런걸 제외하고 할만하지만  이렇다할 재미가 없음. 생각없이 하기엔 괜찮을거 같음
2139460,1,"처음 게임 키면 몇시간동안 진짜 막막하고 불친절하게 느껴지는데 뭘 해도 게임이 진행되는 걸 알게 되기 시작하면서 이것저것 막 해보게 됩니다.  오픈월드 좋아하던 분들은 멀티, 경영, 서바이벌 부담 안느끼고 무난한 오픈월드로 즐기셔도 좋습니다. 맵이 꽉꽉 차있어서 어딜 가도 지루하지 않고 스토리도 대부분 더빙도 없고 번역은 개떡같지만 무난하게 이해하고 즐기기 좋아요. 무엇보다 오컬트스러운 음침한 분위기는 정말 잘 살렸습니다.  마무리가 살짝 아쉽지만 전체적으로 무료 게임 치고 아주 즐길 게 많아서 좋아요."
2139460,0,"클라이언트가 비정상 게임시작 무한 로딩  게임 삭제후 다시 깔아도 증상은 또 반복 그래서 게임을 지우기로함"
2139460,1,"대체적으로 좋음. 애프터라이프 옛날에 재밌게 했는데 확실하게 상위호환 만들어줘서 좋네. 배틀패스 올리기도 어렵지 않고. 성장도 경우에 따라서 단숨에 할 수 있음. 무기들도 개성적이고. 방어구도 조합 맞추면 충분히 잘 되고.  단점으로는 협동 플레이 강요가 좀 그럼...;; 가면 갈 수록 협동 안하고는 겜 진행이 어려워지고. 거의 강제됨. 그리고 게임 보스들도 가면 갈 수록 혼자서 처리 못함. 무조건 거미? 부터 협동이 요구되다가, 늑대 편까지는 할만 한데 연극인지 뭔 망각의 어쩌구는 그냥 욕 박게 됨. 얘는 무조건 공략 읽어야하고. 누가 버스 안태워주면 좀 어려움. 버스 태워주는 분들도 열심히 돌리고. 그리고 60렙 특수 던전이 있는데 솔플 할려면 진짜 캐를 ㅈㄴ게 키워야함. 안그러면 여기도 무조건 협동.   그리고 만렙 찍으면 거기서는 다른 방식으로 성장하는데 이때부터는 모듈작 잘 해야함. 이전과는 달리 레벨에 맞는 상대와 싸워도 개단단함을 느낌.  팁 주자면, 절대로 터치 오브 스카이먼저 하셈. 나머지 PVP나 다른PVE는 날씨 시스템 때문에 자꾸 버프작해야하고. 버그인지 뭔지 모르겠는데 갑자기 투명용암에 타 뒤짐.  터치 오브 스카이에서 무기들 천천히 수집했다가 특히 총기 액세서리 노란것들 잔뜩 모은 다음에 남부로 넘어가셈.  배틀패스 빨리 깨고싶으면, 새로운캐로 터치 오브 스카이가서 메인캐만 쭉 밀고, 경치 부족하면 의뢰하셈. 난이도도 낮고, 경험치 막 퍼주니깐."
2139460,0,중간중간 번역이 안되어 있는 부분도 많고 같은 말인데 용어가 다른 부분도 많습니다. 그리고 초반에 그냥 용어가 이상하게 나와서 진행이 안될수도 있습니다. 기존 고인물들의 텃세가 심하여 자릿세를 받는등 안좋은 부분이 매우 많습니다. 사람이 없는 서버에서 조용히 하는건 괜찮으나 그마저도 시간이 좀 지나면 사람이 늘어나서 위의 문제들이 생깁니다. 게임 오픈이 오래되어 뉴비가 진입하기 힘든 구조이고 친구들과 같이 하실게 아니라면 파밍귀신정도나 재밌겠네요. 하지만 월드채팅에 모르는거 물어보면 간간히 답변을 듣긴 합니다.
2139460,0,"너무 똥겜이다 똥겜특 똥겜이라 재밌기도 하지만 너무 똥이라 똥내난다. 똥이라는 표현밖에는 달리 할말이 떠오르지 않는다 똥믈리에라면 추천할만하다. 개발자들이 뭘 하는건지 대체 알수없는 버그와 오작동 답답함이 지배하는 세상이다. 모든 차량의 조작감은 지면과의 부조화로 똥스러움을 몸소 체험하게 해준다. 이제는 로그인 버그까지 생겨서 결제 계정이 접속조차 되지않는다. 이 게임은 대체 어디까지가 똥덩어리일지 감도 안잡힌다. 오전부터 재접속 한번 눌렀다고 접속조차 되지않는 이 버그인지 모를 현상은 한국서버만 해당된다. 다른국가 서버로는 캐릭터 생성부터 접속까지 가능하다. 부계정포함 1500시간을 넘겼지만 이 똥내를 견디는게 점점 힘들어진다."
2139460,1,일단 이게임이 무료라는것부터가 근접할수 없는 갓겜이란 증거임 일단 무조건 해봐야할 게임 top3 안에 듦
2139460,1,계정 로그인 중 다시 시도해주세요 계정 로그인 중 다시 시도해주세요 계정 로그인 중 다시 시도해주세요 계정 로그인 중 다시 시도해주세요 계정 로그인 중 다시 시도해주세요 계정 로그인 중 다시 시도해주세요 계정 로그인 중 다시 시도해주세요 계정 로그인 중 다시 시도해주세요 계정 로그인 중 다시 시도해주세요 계정 로그인 중 다시 시도해주세요 계정 로그인 중 다시 시도해주세요 계정 로그인 중 다시 시도해주세요 계정 로그인 중 다시 시도해주세요 계정 로그인 중 다시 시도해주세요
2139460,1,친구들이랑 같이 하면 더 재밌어요 !!! 꼭 추천합니다
2139460,1,그래픽 상당히 좋고 친구랑 플레이 할 때가 진짜 재밌습니다.
2139460,1,"게임에 할 컨텐츠가 여러가지 많지만 설명이 부족하고 컨텐츠마다 깊이가 부족했다. 파고들기엔 부족하지만 가볍게 즐기기엔 좋은 것 같다.  여러 가벼운 버그들과, 싸구려느낌나는 물리엔진을 경험할 수 있지만 무료로 즐길 수 있는 데다 p2w없이 스킨만 판매하면서 이정도면 진짜 굉장히 잘 만든 게임이다  솔직히 무료게임인데 이만한게임 없음 요즘 돈 받고 팔면서 이 정도 퀄리티도 못 내는 게임 천지라서 만족하며 할 것 같음."
2139460,1,재밌네요... 집을 열심히 짓다가 갑자기 몹이 떼로 나타나서 놀라서 끔 ㅋ ㅋ ㅋ ㅋ ㅠ
2139460,1,"■ 소개: 넷이즈의 무료 생존-오픈월드 RPG 게임  ■ 장점: • 나름 볼만한 스토리 • 창의적인 몬스터 & 보스 디자인 • 빌드의 다양성 • 여러 잡다한 컨텐츠 • 솔로 플래이 가능 • 협동 & 친목 장려  ■ 단점: • 생각보다 높은 진입장벽 • 2회차 부터 빠지는 단물 • 빌드와 메타의 고착화 • 반복적인 컨텐츠 • 과도한 친목 • 시즌 초기화  ■ 총평: 단 회차 플래이어도 나름 재밌게 할수있고, 취향에 맞는 다 회차 플래이어도 즐길수 있음. 무엇보다 같이할 지인이 있다면 더더욱 재밌게 게임을 즐길수 있는 무난하게 좋은 게임.  ■ 부가 설명: 무료 생존-오픈월드 RPG 게임으로써는 기대하는 모든걸 제공함.  무료게임 치고 매우 디테일한 하우징 시스템덕분에 각종 공장 혹은 농장등 원하는 대로 영지를 운영할수 있음.  빌드도 다양하여 온라인 공략을 찾아보고 원하는 빌드를 따라하면 되고 과거와 달리 스타크롬 (빌드를 위해 쓰이는 재화) 수급이 편해져 회차를 거듭할수록 빌드를 다양하게 키워볼수있음  하지만 생각보다 할게 많고 게임 자체도 스토리와 기본조작을 제외하면 알려주는 정보가 적어 아무것도 모르는 뉴비에겐 매우 불친절함.  이게임에 흥미를 가진 뉴비라면 주변에 이게임을 최소 1회차는 해본 지인이 있다면 조언을 구하며 하는걸 추천, 하지만 없다해도 세계챗을 통해 질문하면 고인물들이 잘알려줌."
2139460,0,건축시 실수로 토대를 제거할 경우 토대나 바닥에 상자를 배치해둔 구역이라면 상자 안의 내용물은 다 날라 갑니다. 그래서 비추 합니다.
2139460,1,"툼레이더식 길찾기 + 유비소프트식 오픈형RPG + 팰월드의 거점 및 팰 들 활용을 무료로 할수있으면서 인벤토리도 넓은편입니다. 툼레이더, 어크, 팰월드 좋아하면 맛볼만해요"
2139460,0,Checking Patch File Difference 0%에서 멈춤 patch 파일 삭제도 해보고 레딧도 가보고 관리자 권한 실행도 해보고 다했는데 씨발 안됨
2139460,1,어렵기도 하지만 무난하고 현질 유도가 없는거 같아서 좋은거같음
2139460,1,기대하고 있었지만 개인정보 가지고 말이 많아서 안하고 있었는데 재밌음 최적화가 개똥이라 그렇지..
2139460,1,커스텀도 마음대로 잘 되고 아주 재밌게 플레이 했습ㄴ디ㅏ
2139460,1,"AAA 오픈월드 탐험 게임을 무료로 즐길 수 있음 이것보다 좋은 스팀 오픈월드 탐험 게임? 찾기 어려움"
2139460,1,처음에 프롤로그 해보고 이거 똥망겜이다 그랬는데 확신이 깨지고 매일 새벽까지 원스휴먼을 하는 나를 봄...
2139460,1,"오 꽤나 재밌어요 크래프팅,생존,서바이벌 종류 좋아하시는 분들이 질려하지 않고 오래 할 수 있는 컨텐츠들이 많이 있어요 업데이트만 주기적으로 해준다면 정말 오래갈 것 같은 게임입니다 사골육수랑 짬뽕을 오묘하게 섞어서 맛있게 만든 새로운 레시피 같은 게임입니다"
2139460,0,이정도로 ui가 난잡할수 있는것도 재능이라면 재능.  번역은 딱 기계번역수준. 스토리 진행 10분만 해도 대사에서 어색한게 느껴짐.  생존 게임이라면서 왜 내체력이 떨어지는지. 갑자기 나타난 저 몬스터는 뭔지 설명이 일체없음.  회복할 방법에 대한 설명도 일체없음.  그러면서 뭐 퍼주는거 생색은 엄청냄.   플레이 소감을 한마디로 정리하면   참 식고문같은 게임이다 임.   강제로 입벌리고 음식을 강제로 쑤셔넣으면서 맛있는거니까 빨리 먹고  맛있다고 말하라고 강요하는게 느껴짐.
2139460,1,유비가 욕먹는데는 이유가 있다 비슷한 게임성과 재미인데 이건 무료잖아.
2139460,1,"무료게임 중 재밌는 편. 즐길거리가 많음. 다만 잔잔바리 버그가 엄청 많음. 기믹인지 버그인지 구분이 안됨. ""잘 짜여진 버그는 기믹과 구별할 수 없다"" 인듯."
2139460,1,재미있으며 한번 시작하면 시간이 가는 줄을 모릅니다. 다만 처음에는 뭘 어떻게 해야 하는지 잘 모르겠으니 그것만 어떻게 넘어가면 재밌게 할 수 있습니다.
2139460,0,"총 질못하면 추천 안함.  내가 총질 못해서 칼질로만 1200시간 찍으면서 했는데 결국 총으로만 벽을 넘어갈 수 있어서 접음.   이것도 크게 다르지 않다. fps인 한, 총 못 쓰면 게임을 즐길 수 없다는 건 아주 당연함.   물론 내가 좀 특이하게 엄청 못하는 편이긴 한데,   기본적으로 Fps 못하면 안하는 게 낫고, 개인적으로는 재미 붙여 보겠다고 노력하는 것도 별로 추천은 안함.  내 경우에는 1200시간 부었지만, 한켠에 후회는 남더라. 그게 뭐라고 붙잡겠다고 1200시간을 들였는지 원.  이것도 대충 건물만 짓다가 접을 예정.  아, 건물 짓는 거 자유시점 있어서 괜찮고 디펜스도 총질만 아니었으면 매우 좋았을 뻔.   다시 말하지만 총질 못하면 안 하는 게 낫다."
2139460,1,러스트  + 디비전 + 이쁜 캐릭 커마 + 꾸준한 업데이트 + 유비식 오픈월드 + 폐지줍기 + 건축 이만한 짬봉 꿀잼은 없습니다
2139460,1,"루트슈터로 보면 디비전보다는 확실히 라이트하게 만들었다는 느낌이 강하고 오픈월드로 보면 유비식을 약간 변형시킨것 같습니다.  슈팅은 보정이 자연스럽게 잘들어가있어서 FPS같은 게임을 안좋아하시는 분들도 충분히 좋습니다.  SF,호러로 보면 호러는 잘모르겠지만 SCP세계관 같은 장르를 좋아해서 그런지 몬스터 디자인과 설정등이 매우 매력적이였습니다만   모션은 아쉬운부분이 있고 크래프팅은 개인적으로 불호지만 다른 요소가 매력적으로 다가와서 크게 감점요소는 아니였습니다.   개인적으로 보건데 그래픽풍은 aa급이상을 지향하는 것같은데 실시간 렌더링이 지연되는 현상이 빈번했고  NPC더빙이 없는 퀘스트가 종종있어서 떨떠름힌 부분이 있습니다.  또한 재화의 종류가 너~무 많은데 어디에 어떻게 사용하는지에 대한 직관적인 가이드가 부족했습니다.    ps. 게임비중의 대부분이 콘솔인 유저의 지극히 주관적인 평가입니다."
2139460,1,아주 재밋게 하고잇으며 조금아쉬운부분은 저희가 게임종료해도 계속 진행된다는게 좀 아쉽습니다
2139460,1,배그랑 비슷한거같은데 배그 보다 재미있다 생존 겜 같아서 재미있다
2139460,0,무슨 한번 업데이트에 85.5GB 용량이 필요하다는거야!! 게임 두개를 지우고해도 업데이트가 안된다!!
2139460,1,생존형 멀티 건설 시뮬레이션 수작임... 무료이며.. 캐릭터 생성도 마음에 듬..
2139460,0,코스툼 선물 보냈는데 보낸 계정에 코스튬이 삭제되었습니다 문의조차 허접한 매크로 답변이라 과금시 생기는 오류에 대해선 회사측에서 대응 안합니다
2139460,1,"재밋음 몬스터가 귀여워지는 스킨같은거 팔았음 좋겠음 그럼 더 열심히 할것같음 좀 무서움"
2139460,1,스팀덱으로 하고 싶은데 설치까지 완료하고 렌더링 끝나면 화면이 뜨다가 검은색 바탕만 주구장창 나와서 뭘 할 수가 없음... 스팀덱 최적화도 좀 해주라 제발....
2139460,1,무료게임치고는 퀄리티가 상당합니다. 대신 어느정도 컴퓨터 사양이 있어야 렉이 덜 걸려요. 시즌제 운영이라 6주마다 초기화되지만 사실상 4주라 보는게 맞고 3주면 웬만한 컨텐츠는 다 완료할 수 있습니다. 근데 지금 기준으로는 맵통합이나 신맵이 출시가 안되서 유저가 많이 빠져있어요. 많이 질린다는게 단점이지만 생각날 때마다 들어옵니다. 솔로로도 충분히 즐길 수 있지만 스쿼드로 진행할 때 훨씬 수월함을 느끼실 수 있을거에요.
2139460,1,일단 흥미롭고 재밌다. 시즌제라서 계속 반복되는 패턴 똑같은 맵이 지겹다는게 단점이랄까? 다만 지속적인 업데이트 유저친화적인 겜이라서 망설이고 있다면 해보는걸 추천한다 또한 지겨우면 몇달이든 쉬다와서 해도 아무런 문제도 없다 과금또한 해도그만 안해도 그만이다
2139460,1,"무료게임인데 퀄리티가 생각보다 좋음 게임을 하다보면 군데군데 어디선가 다른 게임에서 본 디자인, 시스템이 난무하는데 생각보다 잘 비볐고 게임 자체 기본기에도 충실하다 총기 장전 모션, 맵 디자인 등등 복붙이 아예 없는 건 아니지만 신경 쓴 흔적이 많이 보임 무료임에도 게임을 끝까지 즐기는데 과금이 필요없고 몇몇 보스를 제외하면 전투도 나쁘지 않은 편이다"
2139460,1,"평가 잘 안하는데 이게임은 할만하다. pat to win 개념 없이 얼마든지 훌륭한 게임을 만들수 있다는걸 보여준다 성장, 탐험, 수집 모든 면에서 나를 만족시켜 주는 게임"
2139460,1,계정 로그인중  다시 시도해주세요 라는 문구가 뜨면서 게임이 안들어가지는데  해결방법 같은게 있으면 공유좀 해주세요 관리자님
2139460,1,백수일때 신규서버에서 처음 시작해서 서버끝날쯤에 접었는데 320시간넘게했었네.....
2139460,0,게임자체는 괜찮은데 멀티플레이 강제인게 별로예요 싱글모드도 있으면 좋겠어요
2139460,1,"Once Human  ***모든 평가는 1회차 완료 / 캠페인이 없을시 충분한 시간을 플레이 후 기준으로 이루어짐***  1. 가격 □ 그냥 바로 사도 됨 □ 10~20% 세일하면 살만함 □ 25~50% 세일하면 살만함 □ 50~75% 세일하면 살만함 □ 75~90% 세일하면 살만함 ■ 무료 □ 내가 오히려 돈을 받아야 하는 수준  2. 그래픽 □ 현실보다 좋음 ■ 훌륭함 □ 괜찮음 □ 끔찍함 □ 내가 그림판으로 그려도 이거보다 고퀄  3. 스토리 □ 결정적인 장면에서 소름이 돋고 감탄하면서 이마를 탁 치게됨 □ 탄탄함 □ 무난함 ■ 부실함 - (한글 번역은 고맙지만 상태가..) □ 스토리가 있긴 하냐 □ 전작을 안했으면 이해하기 힘듦  4. 난이도 □ 사람이 할 짓이 아님 □ 어려워서 화가 남 ■ 상당히 어려움 □ 누구나 가볍게 즐김 □ 매우 쉬움 □ 우리집 고양이도 플레이  5. 사양 □ 비주얼 및 적혀진 요구사양에 비해 높은 사양을 요구함 □ 모든것을 거의 최고사양으로 갖춘 차세대 컴퓨터 요구 ■ 비용이 꽤나 들어간 고사양 컴퓨터 요구 □ 가성비로 어느정도 갖춰진 컴퓨터 요구 □ 낮은사양의 가벼운 컴퓨터도 가능 □ 그냥 컴퓨터가 켜지기만해도 가능할 것 같음  6. 플레이타임 ■ 100시간 이상 □ 50시간 이상 □ 30시간 이상 □ 10시간 이상 □ 5~10시간 내외 □ 1시간 이하  7. 사운드 □ 그자리에서 지림 ■ 훌륭함 □ 괜찮음 □ 듣기 불편함 □ 귀를 잘라내고 싶음  8. 멀티플레이 (평가일 기준) □ 세월이 지나도 끄떡없음 □ 아주 활발함 ■ 걱정할 것 까진 아님 □ 현재는 활발하나 추후 걱정됨  □ 어떻게 어떻게 할 수는 있음 □ 혼자한다고 봐야함 □ 멀티플레이가 존재하지 않음  9. 버그 □ 재수없으면 겪는 정도 ■ 이정도면 웃어 넘길 수 있음 □ 눈에띄나 플레이에 큰 방해는 없음 □ 플레이가 조금 불편해짐 □ 진행을 할 수가 없음  10. 개인적인 게임플레이 느낌 □ 게임이 끝나가는게 아쉬울 정도 ■ 처음부터 끝까지 즐거운 플레이 - (시즌제 게임의 취향차이) □ 그냥저냥 지루했다가 재밌다가 하는 플레이 ■ 반복적이고 단조로운 지루한 플레이 - (시즌제 게임의 취향차이) □ 돈아까워서 꾸역꾸역 함 □ 돈이 아까운데도 하기가 싫음  11.핵심 과금 요소 ■ 월정액 □ VIP □ 캐릭터나 장비를 얻기위한 재화, 패키지 등 ■ 시즌패스, 배틀패스, 등급제 패스 류 □ 소모품류, 편의성을 위한 재화, 패키지 등 ■ 캐릭터를 꾸미거나 의류, 악세사리 등을 위한 요소 □ 단숨에 레벨을 건너뛰거나, 스토리를 스킵하는 등 빠른 게임플레이를 위한 요소 □ 스토리나 특정 서브퀘스트 등을 DLC로 판매  12.게임을 완료 / 어느정도 장시간 플레이 하고도 계속 플레이 할 것인가? □ 이미 내 삶의 일부가 되어버림 □ 어쩌다 한 번 플레이 하더라도 하긴 할 것 같음 ■ 내가 세운 목표(도전과제, 멀티엔딩, 캐릭터의 성장 등)를 완료 할 때 까진 할 것 같음 □ 생각 좀 해봐야 함 □ 안해"
2139460,1,생존 하다가 광물캐다가 돌 굽다가 어느새 깡패가 되는 완벽한 게임
2139460,1,한번 하면 재밌는데 시즌한번 끝내고나면 갑자기 식는게 좀 있음 4~8명이서 오래 할만한거 찾으면 추천
2139460,1,너무너무 재미있고 장점이많은 게임 혼자하는 플레이어를 위해 보관함 갯수좀 늘려주세요ㅎ
2139460,1,⣿⣿⣿⣿⣿⠟⠋⠄⠄⠄⠄⠄⠄⠄⢁⠈⢻⢿⣿⣿⣿⣿⣿⣿⣿ ⣿⣿⣿⣿⣿⠃⠄⠄⠄⠄⠄⠄⠄⠄⠄⠄⠄⠈⡀⠭⢿⣿⣿⣿⣿ ⣿⣿⣿⣿⡟⠄⢀⣾⣿⣿⣿⣷⣶⣿⣷⣶⣶⡆⠄⠄⠄⣿⣿⣿⣿ ⣿⣿⣿⣿⡇⢀⣼⣿⣿⣿⣿⣿⣿⣿⣿⣿⣿⣧⠄⠄⢸⣿⣿⣿⣿ ⣿⣿⣿⣿⣇⣼⣿⣿⠿⠶⠙⣿⡟⠡⣴⣿⣽⣿⣧⠄⢸⣿⣿⣿⣿ ⣿⣿⣿⣿⣿⣾⣿⣿⣟⣭⣾⣿⣷⣶⣶⣴⣶⣿⣿⢄⣿⣿⣿⣿⣿ ⣿⣿⣿⣿⣿⣿⣿⣿⡟⣩⣿⣿⣿⡏⢻⣿⣿⣿⣿⣿⣿⣿⣿⣿⣿ ⣿⣿⣿⣿⣿⣿⣹⡋⠘⠷⣦⣀⣠⡶⠁⠈⠁⠄⣿⣿⣿⣿⣿⣿⣿ ⣿⣿⣿⣿⣿⣿⣍⠃⣴⣶⡔⠒⠄⣠⢀⠄⠄⠄⡨⣿⣿⣿⣿⣿⣿ ⣿⣿⣿⣿⣿⣿⣿⣦⡘⠿⣷⣿⠿⠟⠃⠄⠄⣠⡇⠈⠻⣿⣿⣿⣿ ⣿⣿⣿⣿⡿⠟⠋⢁⣷⣠⠄⠄⠄⠄⣀⣠⣾⡟⠄⠄⠄⠄⠉⠙⠻ ⡿⠟⠋⠁⠄⠄⠄⢸⣿⣿⡯⢓⣴⣾⣿⣿⡟⠄⠄⠄⠄⠄⠄⠄⠄ ⠄⠄⠄⠄⠄⠄⠄⣿⡟⣷⠄⠹⣿⣿⣿⡿⠁⠄⠄⠄⠄⠄⠄⠄⠄  해킹방지용 음식에 비유하자면 중국산 비빔밥임 ㅇㅇ  근데 존나 맛있게 비벼진 비빔밥임  왜 이거 맛있는지 모르겠는데 암튼 맛있음 ㅇㅇ  중국겜이라고 해서 안일하게 생각하고 시작했는데 벌써 패스까지 사지르고 겜하는중임  어지간한 게임보다 재밌는데 무료라니 놀라울따름 ㅋㅋㅋㅋ
2139460,1,컨텐츠도 많고 현질 필요성도 딱히 없어서 좋아요 발헤임 같은 오픈월드 생존게임 좋아하시는 분들은 강추합니다
2139460,1,게임사 계정이랑 스팀 계정이랑 연동이 안됨 스팀으로 시작했다가 게임사 계정만들어서 연동할라고했드만 스팀기록 다 날라갈뻔함 이럴꺼면 스팀에서 게임시작자체를 게임사계정으로 시작하게 하던가 계정연동 불편한거 말고는 할만함
2139460,0,중국+모바일스러운 느낌이 아주 많아서 뭐 적응하기도 너저분하고 해서 그냥 드랍
2139460,0,그냥 어망구리란 다 뒈져버린 게임이네요 ㅋㅋ 제작자 어망구리 후둘겨 패고싶노 비추요
2139460,1,"재밌음.  시즌 초기화가 재미의 반감이라고들 하지만 나는 이것 조차 좋은 장치라고 생각함."
2139460,1,"자유도가 높고 게임을 플레이 하다보면 이렇게까지 디테일한가 싶을때도 있고 요즘 나오는 많은게임들과 비슷한 부분도 있지만 그래도 그나마 ! 원스 휴먼이 좀더 괜찮은듯 하다"
2139460,1,우선 모든게 재미있고 신선하고 모든요소가 재미가 있어요 확실히 보환해야되는게 채팅성입니다. 타 게임의 채팅 시스템과 너무 격이 달라요. 버그도 심각하며 랙도 어마어마합니다. 현제 i5-12세대 4080TI  쓰고있는데도 글픽 깨지고 설정을 어떻게 건드려야 안정화가 되는지는 모르겠습니다. 단점이 이것저것 크지만. 그만큼 장점또한 너무너무 방대해서 추천은 드립니다. 다만 보환 해주시길...
2139460,1,"죄송합니다  한번만 봐주시면 안될까요? 지금까지 원스휴먼을 한시간이 아깝네요 다음부터는  불법적인일을 절대하지 않겠습니다 죄송합니다"
2139460,1,와 진짜 갸 재밌다....ㅣ이게임이 무료라는게 말이 안됨...b
2139460,1,"중국에서 만들어졌다고 생각하기에는 생각보다 퀄리티가 높습니다 오히려 몇몇 시스템은 국산 게임사보다 더 만듦새가 좋다고 느껴집니다 다만 최적화가 상당히 좋지 않으니 몇년 전 국민 사양인 i5-9400F + GTX 1060 이런 시스템으로는 최하옵으로 60 프레임 방어도 힘들 수 있는 점은 정말 아쉽네요"
2139460,1,첫이게임했을당시 아주 가볍게 무슨게임일까라는 마음에 시작했어요  처음엔 이거 나랑안맞는거같은데 라고 생각하다가 ....... 점차 빠져들기시작했어요 지금은..... 고인물까지는아니더라도.. 너무 재밌게플레이하고있습니다  잔버그는 정말많아요
2139460,1,"무료 게임인데 잘만들었다? 완전 혜자게임이죠. 딱히 과금안해도 즐기는데 문제는 없는것 같습니다. 건설하는것도 재밌고, 전투도 재밌었습니다. 오토바이에서 나오는 노래도 좋았어요.  게임의 깊이가 없다고 아쉬워 하시는분들이 많으신데 그냥 기대감없이 가볍게 즐긴다는 마인드라면 추천 드립니다. 요새 무료게임중에 이만한 게임도 드물잖아요,  [url=https://store.steampowered.com/curator/45555420-%25EB%258D%2594%25ED%258E%2598%25EC%259D%25B4%25ED%258D%25BC%25EC%2599%2580-%25EA%25B2%258C%25EC%259E%2584%25ED%2595%2598%25EA%25B8%25B0/]Steam Curator ThePaper <--큐레이터 주소[/url]"
2139460,0,안녕하세요 저는 이게임을 40시간을 했습니다 어느날 들어가보니 캐릭터는 사라져있고 레벨이 다시처음부터로 돌아갔서요 원스휴먼 비추천합니다
2139460,1,진짜 재밌음. 진짜 재밌는데 서버가 6주에 한번씩 초기화 된다는걸 알아둬야됨. 뭔가 scp 시리즈 좋아하면 재밌게 할만함. 건축을 내 맘대로 할 수 있는데 정작 설치는 내 마음대로 안됨. 유리 쓰려면 5만원 내야됨. 아니면 털릴 수도 있지만 설계도 있는 외부인 불러야됨. 근데 이거 중국게임임. 근데 중국게임 아닌거같음. 재밌음. 솔직히 한번쯤 해봐도 된다고 생각함.
2139460,1,"중국 무료게임인 것을 감안해라. 발적화, 서버문제, 온갖 버그들 아포칼립스 주제에 딱 맞는 게임이다."
2139460,1,서버가 일정기간에 한번씩 계속 초기화되는게 솔직히 엿같고 ㅅ발같은데 그외적으로는 참 잘 만든게임임
2139460,1,"갓겜 재밌따........................................... 중국 게임에 대한 편견이 좀 사라지게 됨 긍정적 의미로"
2139460,1,"생존, fps를 좋아하고 컴터 성능이 좋다면 한 번쯤 찍먹해도 될만한 게임임 다만 게임 성향이 아예 상극이거나, 위 장르들에 대해 생소한 편이라면 진입장벽이 정말 높다고 생각함 그런 성향이라면 솔플은 냉정하게 많이 힘드니 웬만하면 지인들과 같이 하는 것을 추천함  추가로 게임하면서 볼 수 있는 갖가지 버그를 이 게임에서 거의 다 봤음 덕분에 웬만한 버그에도 ""뭐 원스에 비하면 별거 아니네"" 식으로 덤덤히 넘어가게 되는 병에 걸림(?)  플탐 660시간이 넘는 기간 동안 정말 재밌었던 기억도, 더러웠던 기억도, 비추천 때리고 싶을 만큼 게임 사항에 대해서 따질 것도 참 많은데 그 시간 동안 만나게 된 좋은 사람들 생각하면 다 좋게 감수할 수 있을 거 같음 게임은 무료지만 그동안 값어치 있는 시간들을 보냈으니 게임에 대한 감사의 의미로 추천하겠음  그동안 신세 많이 졌고 덕분에 재밌게 게임 했습니다. 정말 감사했고 즐거웠습니다."
2139460,0,제작자 십새키 건축에 대해서 하나도 아는게 없어보이는게 ㅈㄴ 티남 ㅅㅂ  어떻게 건축자재가 지 멋대로 돌아가고 어떤건 경계선이 안 맞고 ㅈㄹ나냐  그리고 최적화 좀 똑바로 해라 어떻게 게임 하는 내내 렉이 존나 쳐 걸리냐고 암만 중국겜이고 대충 만들었다지만 이건 아니지
2139460,1,왜 무료인지 모르겠을 정도의 퀄리티. BM이 가챠긴 한데 only스킨이라 아예 안 사도 됨
2139460,0,"게임성은 좋은데 진짜 건축 시스템 넣은 이유를 모를 정도로 문제가 많습니다. 1. 대칭 설치 불가 - 계단 방향 맞춰서 대칭하여 건설하고 싶은데 무조건 같은 방향임. 2. 아치형 건축 문제 - 아치형으로 건설 하려면 순서를 지켜가면서 해야함. 추가 단점은 3번이 가장 큼. 3. 아치형 건축의 지붕 문제 - 아치형은 뭔가 멋있게 건설하려 해도 마감 처리가 제대로 안되서 결국 사각 혹은 삼각형 지붕으로 마무리 하게 만듬. 4. 기둥의 의미가 없음 - 기둥을 설치하고 천장을 설치해야 지지대(?) 효과를 받음. 이럴 거면 기둥이 왜 있나요?"
2139460,1,"이건 집도 짓고 좀비도 잡고 동물도 키우고 재배도 해야하는 너무나 재밌는 게임"
2139460,1,생존게임중 무료게임이고 완성도가 되게 높음  but 타격감 아쉽고 반복컨텐츠 아쉽다  시즌제로 초기화 되는건 취향 차이이나 여러시즌을 하고 안한 사람의 차이가 좀 있음
2139460,1,샌존게임을 많이해봤지만 정말 혁신적이고 재밌어요 !!   fps와 생존의 공존도 신기한데 자유도 엄청 나고 뭐니뭐니해도 건축이 자유로워서 정말 좋아요
2139460,1,"한두달 가볍게 즐기거나 몇개월 빡세게 자유로히 선택해서 할 수 있는 게임  여유롭게 즐기면 한없이 여유로운데 노리는게 많으면 시간 갈아넣어도 항상 부족함"
2139460,1,"오리진 전투도 열심히 준비한 레이드 같고, 세세한 묘사나 소소한 컨텐츠도 재밌어요 그리고 매번 이쁜 아이템 출시하는것도 지갑이 열리게 만들정도로 퀄리티가 좋고 디자이너들이 갈려나갈 정도로 주기가 빠른편이에요. 무료인데도 열심히 서비스 하는게 제작사의 진심이 느껴지는 좋은게임이라고 생각합니다!"
2139460,1,재밌긴한데 스토리나 연출 퀄리티가 들락 날락함 또 넷이즈식 돈빨고 런좀 그만하고  퀄리티 신경좀 써줬으면 좋겠음 그리고 이상현상 오컬트 컨셉겜인데  점점 이상하게 중국식 모바일겜 그런느낌으로 변하는듯 컨텐츠나 장비 업데이트도 느린거같고 서버가 안좋은것도 아닌거같은데 뭔가 부자연스러운 온라인 플레이나 버그가 많음
2139460,1,오픈월드 + FPS + RPG + 기타 등... = 재밌다
2139460,1,단순 반복적인 던전 디자인과 파밍 플레이가 조금 아쉽지만 무료 게임이라고 생각되지 않을 정도로 충분한 플탐 제공
2139460,1,무료게임이라는게 믿기지 않을 정도로 너무 재밌네요!!!
2139460,0,아 낙사진짜ㅏㅏㅏㅏㅏㅏㅏㅏㅏㅏㅏㅏㅏㅏㅏㅏㅏㅏㅏㅏㅏㅏㅏㅏㅏㅏㅏㅏ
2139460,1,"부실한 스토리, 타격감 등등 수많은 하자가 있으나 무료게임 치고는 잘만든 편이다."
2139460,0,"시즌이동시 수용시설 감염물 다 사라졌다고 몇번이나 말했는데 복구안해줌, 쓰레기 같은게임 접습니다"
2139460,1,"배그와 생존일 잘 어우러진 짬뽕버전 다만 초보자가 하기엔 배우지않으면 힘들 수 있음"
2139460,1,다 좋은데 식물 생장등 색깔 때문에 친구들이 마약밭이라고 오해해요;;
2139460,1,원래 게임을 잘안하는데 이게임 처음 시작하고나서 너무 재밌어서 계속하게되네요 게임 초보자한테는 너무나 재밌는게임인거같아요 게임도 나름 쉽고 여튼 재밌어용!!
2139460,1,"솔직하게 말하면 추천하면서도 추천하지 않는 게임에 가까움. 배경이나 설정 스토리등은 취향이나, 지연렉, 최적화등 게임이 좀 심히 불안정함. 오픈월드의 완성도도 떨어지는 편. 다만 생각보다 게임 패치를 열심히 있는 점이 가산점 지속적으로 달라지는 모습 때문에 아직까지 게임을 그만두지 못하고 있는거 같음. 근대 가챠 과금은 좀 그래"
2139460,0,아키에이지 많큼은 아니지만 그점을 감안해도 인격 파탄자 ㅅㄲ ㅈㄴ 많음 사람보이면 일단 쏘고보는ㅅㄲ많으니 사람한테 치이는거싫은 분은 다른겜 하시는게좋음
2139460,1,인생게임. 중국산이지만. 정말 재밌다 내가 원하는게 다 있음.
2139460,1,"전반적으로 게임은 재미있는데, 캐릭터 스킨중 특정 모자들 전용으로 해어스타일들이 바뀌는데 그때 염색한 머리까락 색이 보존되도록 패치해주세요."
2139460,1,모바일만 빨리 나오면 좋겠다고 생각이 드는 게임 단 최적화와 PC연동 잘 되게나와야 한다는것
2139460,0,"처음 지내는 첫 시즌 딱 재미있음. 눈맵 나오는거? 새로웠지. 근데 신경써야될게 너무 많음. 초반에 비해 후반엔 할게없음.  같은 스토리, 같은 파밍 무한 반복. 초반에 그 쫄깃했던 그 무서움 다 어디가고 몹은 재탕삼탐 스토리는 산으로가 뭐하는 겜인지 모르겠어서 그냥 접음"
2139460,1,온라인에 건설시스탬과 scp같은 미확인 생물채에 대한 표현 타격감 오픈월드 미션 너무 괜찮음 약간 유비식 미션이긴 하지만 온라인게임에 이정도 퀄리티? 보기힘든듯 무료인점이 더크게 다가오고 40랩 달성했는데 40랩 될 때 까지 현질의 유혹같은건 없었음 그냥 치장 같은 권장 유료 아이템들만있음  참고로 건설하면 그자리에 고정이 아니고 10분마다 통채로 딸깍 이사 가능   그래픽 좋고 잘버무린 짬뽕 좋아하시는 분들 추천
2139460,1,고사양 게임이라 좀 부담 스럽지만 그 외엔 매우 만족스럽게 플레이 하고 있습니다.
2139460,0,qudtls 게임 전날 해보고 다시 해보려 켰는데 멈춰서 프로세스 종료도 안됨 바로 삭제함
2139460,1,"무료 게임인데 진짜 재미있어요. 스킨 같은 컨텐츠만 유료인듯.... 자유도 높고 난이도도 어렵지 않고 짱임"
2139460,0,시즌 한번 나갔다고 30일 제한 때려버리네 ㅋㅋㅋ 미친싯팔게임
2139460,1,ㅎㅎㅎㅎㅎㅎㅎㅎㅎㅎㅎㅎㅎㅎㅎㅎㅎㅎㅎㅎㅎㅎㅎㅎㅎㅎㅎㅎㅎㅎㅎㅎㅎㅎㅎㅎㅎㅎㅎㅎㅎㅎㅎㅎㅎㅎㅎㅎㅎㅎㅎㅎㅎㅎㅎㅎㅎㅎㅎㅎㅎㅎㅎㅎㅎㅎㅎㅎㅎㅎㅎㅎ
2139460,1,"증말재밋어요 건강버려가며 하는 진정한 불량식품같은 겜!"
2139460,1,"This game contain FPS, Horror, MMORPG, Tycoon genre So exciting, fun"
2139460,1,"생존게임 끝판왕?? ㅎㅎ 이것저것 생존게임 많이 해봤지만... 이정도 퀄리티에 매력적인 게임은 첨인듯 하네요... 생각보다 유지관리가 좋은거 같아요...!!"
2139460,1,"24년 8월달쯤에 하루에 6,7시간씩 하고 일주일도 안간 게임임  게임성 자체는 나쁘지 않았던거 같음 나름 그때는 재밌게 했음  스토리는 집중을 안했어서 모르겠음 어떤지  무료 게임 치곤 괜찮은거 같음 한 번 친구들 모아서 같이 해보는 것도 나쁘진 않을거 같음 시간 개 잘녹음"
2139460,1,렉걸리는거만 없으면 이겜만 하루종일 할 자신 있어요 ㅋㅋㅋㅋㅋ
2139460,1,"장점이라면 완벽한 실사정도의 그래픽과 완벽에 가까운 최적화 건축부분등이 최고점수를 드리고 싶네요 단점이라면 건축을 좀더 다양하게 구사할수있도록 해주면 더좋을것 같으며 시즌제는 정말이지 별로입니다. 열리지 않은 맵들도 많은거 같은데 한시즌 하고 넘어가서 또 똑같은스토리  게임을 계속할 이유가 없다고 봐요 그나마 집을 이쁘게 지어볼려고 몃섭을 키워보는정도 집도 이쁘게 지으면 뭐합니까 시즌 긑나면 아무쓸모 없어지는페물이 되니  그냥 전체맵을 열어두시고 컨텐츠 난이도를 조금 올리시고 시즌없이 계속 즐길수있는 그런식으로 갔으면 하는 바램입니다."
2139460,1,개꿀잼....퍼디하다가 왔는데 이겜 집도 짓고 파밍도 하고 라이트 하기도한게 참 재미있네요!!
2139460,1,This game is very immersive. It's really fun and exciting and makes me happy...  I highly recommend you give this game a try without hesitation.
2139460,1,"FPS라는 게임의 장르와 RPG의 장점을 모두 담아있어 재미나게 합니다. 시즌으로 구성되어 있어 새로 시작하는 기분으로 하니까 좋아요"
2139460,1,원-쓰>휴@먼$%런은 최고의 게임. 그것은 중국의 퀄리티가 아닙니다. 저는 매우 극성 게이머. 이런 게임은 없었다. 베이징 천안문.
2139460,1,첨에 진입 장벽이 좀 높고 서버가 쓸대없이 많아서 좀 햇갈리긴 한데 게임 자체는 존잼임
2139460,1,"🌿 ""Once Human"" – 이 미친 세상에서 버틸 수 있을까?"" 🌿 야, 이 게임 처음 시작하면 그냥 흔한 생존 게임 같지? 근데 막상 해보면 분위기 장난 아니다. 세상은 이미 망했고, 이상한 괴물들이 돌아다니는데… 솔직히 첫날 밤 버티는 것도 쉽지 않더라.  🔥 혼자는 절대 못 살아남는다. 자원 모으고 집 짓는 건 기본인데, 진짜 중요한 건 같이할 사람이 있느냐 없느냐야. 혼자 하면 존버하다가 끝나지만, 팀을 짜면 확실히 생존 확률이 올라간다. 괴물들이랑 한바탕 붙을 때 뒤에서 지원해줄 사람이 있으면 그게 또 꿀잼이지.  ⚔ 전투 긴장감 미쳤다. 그냥 쏘면 끝나는 게임이 아니야. 크리처들 움직임도 다양하고 보스전은 특히 개쫄린다. 무턱대고 덤비면 순삭당하니까 머리 써야 해. 그리고 장비 업그레이드하면 전투 스타일도 확 바뀌어서 질릴 틈이 없다.  🎭 혼자 하면 금방 질릴 수도 있음. 근데 우리가 있다. 솔직히 혼자 하면 좀 심심할 수도 있는데, 같이 하면 개꿀잼이다. 우리 커뮤니티에서 같이 할 사람들 찾을 수 있으니까 같이 생존할 멤버 구하자! 링크 올려놓을게. 😆  🔗 https://discord.gg/3Fv2BHpaA6 – 여기와서 ""뽕실파카""에게 말걸어줘! 기다리고있을께!"
2139460,1,"하우징, 수집, 전투, 업그레이드, 생존, 퀘스트, 타격감,  평화로움, 새로움 어느 뭐 하나 빠지는 것 없이 완벽한 게임~!! 모든게임이 질려 껨불감증에 걸려있었는데 이 껨 알게되어 영광입니당^^ 한번 접속하면 끊임없이 플레이 하게 돼요!! 중독성 쩔음!!!  진짜 시간 순삭 하루가 곰방 날아가버려요 ㅎㅎ"
2139460,1,파밍요소 건축요소 등등 무료게임에서는 상당한 수준으로 제공되는 오픈월드생존게임. 중반까지는 상당히 몰입감이 있지만 후반에는 고갈된 콘텐츠로 아쉽다. 초보자의 터치 오브 스카이밖에 못해봤기 때문에 시간이 좀 더 지나 많은 콘텐츠가 생기면 꼭 다시해볼생각이다.
2139460,1,시간을 갈아넣기에는 내 인생의 시간은 길었고 이 게임은 충분하였다.
2139460,1,재밌긴한데.. 같은거 계속반복이라 좀 루즈하고 질림 그리고 특히 ㅈ목질이 너무심해서 뉴비들은 조금 힘들거임
2139460,1,"지속적인 퀘스트 & 게임 몰입도 & 날씨에 따른 장르변경 최고입니다! 생존형 배그라고 보셔도 될듯요!"
2139460,0,⣿⣿⣿⣿⣿⡿⡿⣟⣿⣻⣟⢿⣻⣽⢿⡽⣮⢯⣟⡯⣟⢯⢫⠫⢍⢣⢙⢜⠸⡘⢜⠸⡘⢌⠪⡘⢌⠪⡨⡊⡢⡡⡑⠅⠅⠅⠅⢌⢂ ⣿⢿⡽⣾⢷⢟⡯⡷⡱⡕⡎⡇⣇⠧⡳⡹⡨⡣⡢⡣⡪⡢⡑⢕⠱⡨⠢⡑⢕⢌⠢⡑⢌⠢⡱⡨⢢⢑⠔⢜⠰⡐⢌⠪⡘⠌⢌⢂⠢ ⣿⣽⣯⢯⢯⡫⡫⡪⡪⡢⡣⡣⡣⡣⡣⡱⠑⢕⢌⢌⢒⢌⠪⡂⡣⢪⢑⢕⠱⡐⢅⢣⢑⠕⡌⡮⣪⡆⡣⡑⢕⢌⢢⢑⠌⡌⡂⡢⠡ ⡽⣺⢪⢍⢇⢇⢇⢇⢣⢣⢱⢑⢕⢕⢜⢌⢇⠣⡣⡑⢕⢌⢪⠸⡨⡢⢣⢢⠱⡘⢌⠢⡑⢕⢌⢎⢝⢣⢣⢣⡑⢝⢮⠢⡑⡐⢌⠌⠌ ⡣⡣⢣⠣⡣⢣⠣⡱⡑⡅⢇⢕⠱⡑⢕⢌⢆⢣⠣⡪⡢⡱⡑⢕⠕⠜⡌⡆⣇⣧⢇⣣⡱⡱⣨⢲⢨⢝⣽⡷⡕⢵⢕⡷⡸⣬⠢⡑⡑ ⠨⡪⠢⡣⡑⢕⢅⠣⡑⡌⢆⢎⢪⠪⡪⡢⡣⡣⡣⡣⠪⡪⡘⡔⢕⠕⡕⡕⠵⣟⡗⡗⡝⢮⣺⠽⡝⡗⣞⡖⢞⠘⠕⣪⣿⣿⢱⠸⡸ ⡑⢌⠪⢢⢡⠱⡰⢱⢘⢜⢌⢎⢪⢪⠪⡪⣊⢪⢢⠪⣧⣟⡎⣮⡮⣮⢎⢮⡱⣑⣿⣽⡾⣵⡪⣯⣞⢿⢾⣷⣷⣟⣷⣾⣿⡾⣰⢑⠔ ⢊⢢⢑⢕⢔⢕⢕⢕⢕⢕⢕⢱⢅⡇⡣⡕⡜⣼⢸⢸⢴⣪⡫⣪⡪⡣⡯⣗⢾⢦⢵⣏⣟⡮⠿⡽⣼⣾⣿⢾⠿⠿⡿⣟⢷⢻⠩⡂⡣ ⠕⡌⢆⢣⠪⠢⡣⡑⡕⢮⡺⣺⡿⣜⢼⢸⢽⣻⢕⣕⠵⡭⣿⡷⣯⢮⣺⡺⣯⡺⣎⣗⣧⣷⣭⣾⣿⡿⣿⠨⣊⠪⡢⢢⠑⢔⢑⢌⠢ ⠱⡘⢌⠢⡣⡣⡣⡣⡣⡣⡹⡹⣮⣖⡕⡕⡵⡫⣟⢮⣟⢾⢾⣞⢮⢞⣞⣚⣾⣿⣿⣿⣿⣿⣿⣾⣿⢿⢷⢳⠢⡣⡊⢆⠥⠱⠰⠡⡑ ⡑⢌⢆⢣⠪⡢⡱⡸⣸⢜⣜⢜⡻⡿⣝⢝⡾⡻⡽⣗⣵⣳⣿⣺⣼⣵⣳⣽⣿⣿⣻⣞⠱⡑⢍⢝⢘⢍⢊⠢⡑⠌⢌⢢⠡⡣⡑⢅⠕ ⡊⢆⠕⡕⠕⢕⣕⣭⢪⢫⢞⣝⢯⡗⡗⡝⢎⣿⣿⣿⣿⣿⣿⢿⣿⣿⣿⣟⣿⣟⠯⢳⢫⢪⠢⡃⠆⢆⠢⡑⢌⢘⠔⡅⢕⠔⢌⠢⡑ ⠨⠢⡑⢌⠪⡚⡈⢾⣿⣿⣿⣷⣿⣾⣿⣻⣷⣿⣿⣟⣿⣯⣟⢜⢔⠢⠣⡩⡊⡢⡀⣂⠢⡡⢑⢌⢊⠢⡑⢌⠢⡑⡑⢌⠢⡡⡑⡕⡜ ⠡⡑⠌⠌⠬⡨⣿⢛⢛⢛⠟⢟⠿⠿⠿⡿⡿⡯⡿⡟⠯⢫⠩⡑⢅⠣⠑⠐⢔⠌⢽⢐⢑⢌⠢⡊⡢⡑⢌⠢⡑⡌⡪⡢⡣⡣⡣⡣⡳ ⡁⢔⢐⢅⠣⡩⢿⢐⢑⠠⡑⢄⠕⢅⢕⢐⠐⡁⠢⠨⡈⡢⡑⢌⠢⠑⣔⡌⡂⢄⢐⣔⠰⡀⠄⡜⡰⡨⡢⡑⠕⡅⡣⡱⡱⡑⢕
2139460,1,This free game is really fun! It's been a while since I found a game this enjoyable. It's even better when played with friends! I hope they release more beautiful outfits for the characters. But there are too many bugs :( please fix them quickly!!!!!!!!!!!!!!!!!!!!!!!!!!!!!!!!!!!!!
2139460,1,무료게임인데 컨텐츠가 어마어마합니다 ! 집도 꾸밀수있고 이사가는것도 쉬워서 더 좋은 터 찾기 합니다 ! 재미있어요 !
2139460,1,걍 솔직히 요즘 할거 애매하게 없는데 이거는 컨텐츠 다 짬뽕 되있어서 할만함
2139460,1,이거무슨 오픈베타 게임이냐? 무슨놈의 버그가 수백가지여 고쳐주지도않고 있던버그 없애면 또생기고  아주 미치겠다 버그투성이게임 욕밖에 안나옴  ====================================================================  평가 수정 합니다. 위에 안좋게 썼지만 그래도 게임은 너무 재미있어서 게임시간 보면 1700시간 넘게 한 게임이고 지금도 하고 있는 게임입니다. 버그때문에 좀 짜증나지만 그래도 개발자들이 노력하는 모습을 보이고 있어 추천으로 다시 바꿉니다.
2139460,0,싱글 플레이 보고 오랜 시간 들여서 다운로드하고 설치를 해서 들어가 봤지만 많은 시간 투자한 거 치고는 썩 재미가 없네요
2139460,1,무료로 100시간 잘 놀다 갑니다~ 100시간 정도 하면 더 이상 스펙 업 말고는 할게 없는데 스펙업은 노가다라 취향안맞아서 안함 ㅎㅎ
2139460,1,"꿀잼 총쏘기,디펜스,건물짓기꾸미기,자원채취,동물키우기등 컨텐츠가 많아서 누구 취향이든 한두개는 맞을듯해요"
2139460,1,"이것, 저것 할것이 많은게임.. 생존과 rpg를 같이 즐길수 있음. 집짓기도 재미있지요"
2139460,1,진짜 재밌어요. 너무 즐겁고 재밌는데 서버가 6주마다 초기화된단 사실을 조금 더 일찍 알았으면 좋았을 것 같네요. ㅜㅡㅜ 이전이 가능하다곤 하는데 게임을 자주 하지 못하는 사람으로써 태초마을로 돌아간다는게 너무나 아쉬웠습니다. 너무 재밌었기에 더 아쉬웠던거 같아요. 짧았지만 재밌게 하다가 갑니다.  1. 서버가 6주마다 초기화된다. 2. 던전 모드가 서버의 주차별로 열린다. 3. 기존서버가 종료되면 일부 장비를 챙기고 서버 이전 가능. 4. 태초행 느낌은 어쩔 수가 없는 것 같음 5. 현질 시스템은 스킨에만 해당돼서 무과금도 여유롭게 오픈월드를 즐길 수 있음. 6. 겜 자체는 의심할 여지없이 재밌음. 7. 초기화 안되는 사설 서버가 나왔으면 좋겠음.
2139460,0,"Why won't the devs compensate gamers for the loss of their Asterism crates due to a bug they created? You guys just write a line on discord saying “don't worry” and bury it with another update news? What a F@U@C@King mess.  为什么开发者不能补偿我因为他们自己的 bug 而损失的 “Asterism ”箱子？ 我能不能在 discord 上写一行字 “别担心”，然后把它和其他更新埋在一起？真是一团糟。  왜 개발자 지들이 버그 쳐만들어서 피해본 스타크롬 원석 보물 상자 손실에 대한 보상을 안 해주는 건가요? 디코에 ""걱정마라"" 한줄 찍 쓰고 다른 업데이트 소식으로 도배해서 묻어놓으면 끝인가요? 진짜 개ㅈ망겜이네요."
2139460,0,쓸데없이 이득챙긴다고 스킨만내주지말고 새로운 스토리를 스킨처럼 만들어주면 좋을거같음
2139460,1,"fallout 76에서 건축이나 필드를 많이 따온 것 같고, 그 외에도 꽤 독특한 시스템들이 있는데 아직은 다소 언밸런스한 느낌? 그래도 온라인 게임 중에서 이만한 게임은 못 봤어요.  스케일이든 마감이든 운영이든 다 상당히 높은 점수를 주고 싶어요. +특히 유저랑 엄청 열심히 소통하는게 가장 마음에 들어요!"
2139460,1,집 짓기 캐릭터 꾸미기 좋아하면 추천해요 유저들이 친절해서 게임이 불친절해도 합니다
2139460,0,쓰레기 중의 개쓰레기 게임 무기간의 밸런스 차이도 개 심하고 서버렉은 하루종일 걸리고 스토리도 진부하고 컨텐츠도 구글 검색으로 알아내야됨 지금까지 가장 불친절한 게임이 타르코프였는데 이 게임을 접하면서 불친절한 게임 1위가 이 게임으로 바뀜 최근에는 모바일 낸다고 pc는 아예 신경조차 안쓰는것 같은 운영도 포함됨
2139460,0,재밌긴한데 6주마다 다시 키워야한다는 점에서 너무 짜증나고 중간중간에 네트워크 끊어짐과 맵 리딩이 늦어 맵이 뚤리는 현상같은 자잘자잘한 버그들 까지해서 너무 힘듭니다.
2139460,1,몰입도가 장난아니네요. 미션 클리어 하는 맛도 쏠쏠하고..하다보니 3시간 훌쩍
2139460,1,"자유도 높고 그래픽도좋고 특히 어디한곳에 강요하지않는 느낌이좋음 숙제느낌도 적어서 더 좋고   뭔가 모으고 경쟁보다 협력에 의미를 두게되고 편안하게 할수도 빡쎈느낌으로 할수도있고 참 잘만들엇음"
2139460,1,인생게임.. 본캐 400시간 넘게했음. 현질 100만원 넘게하고..
2139460,1,"전투,파밍은 베그 기반에 생존게임까지 접목시킨 무과금도 가능한 우수한 게임"
2139460,1,"생존 크래프팅 좋아한다면 강추  원래 시즌제 이런 게임 금방 흥미잃고 잘 안하려는 유저인데  시즌제인데도 불구하고 계속하게 됌  그리고 시즌이라고 완전 매땅에서부터 시작하는게 아니라는 점에서 상당히 좋았음"
2139460,0,워스휴먼이시작을기달려는데1시간이안됌지워다가이번엔다운로드가안됌
2139460,1,돈에 의한 돈을위한 그런 국산 망겜들 하다가 이거 하니까... 지금까지 인생낭비한게 아깝습니덩
2139460,0,"총소리도 못듣고 옆에 아군이 죽어도 반응하지 않는 처참한 수준의 AI, 구글번역기 수준의 보이스와 번역품질 등 게임내 존재하는 대부분의 컨텐츠 품질 상태가 하나같이 모두 개판이라 몰입이 하나도 안됩니다.(그나마 재밌었던건 건설 컨텐츠) 아무리 무료게임이라고 하더라도 이런 게임상태는 너무하지 않은가 싶습니다."
2139460,1,중국이 잘하네 이제 겜 잘만드네 중국ㅋㅋ 시간 녹는다 녹아
2139460,1,플님이 광고해서 아무생각 없이 해봤는데 인생 첫 오픈월드 게임 임에도 말도 안되게 재밌게 했습니다.. 직접 해보세요 진짜 겁나 재밌어요..
2139460,1,"플레이시간은 짧지만, 재미는 확실하네요! 생존이라는 범위에서 별걸 다해야하고...제일큰건 내집마련의 꿈을 이룰수있었습니다..."
2139460,0,"현재 달의징조라는 시나리오를 진행하고있는데 밤이 되면 멘탈수치가 바닥나면서  한대맞으면 죽는피로 바뀌는데 채집판정이 있으면 어디서든 적들이 나타나고 주요필드에도  달의징조 몹이 생기고 적을 처치하면 속삭임이라는 것을 모아서 주요필드 곳곳에있는 상자를 열어서 보상을얻는방식인데 문제는 속삭임 아이템이 시간이 지나면 없어진다는 것과 한대 맞으면 바로죽는다는것이다. 물론 밤에 적을처치하면 멘탈수치가 회복되어서 피가 회복되긴하지만 길게 유지가 되지않고 몹들의 인식판정 또한 말도안되게 늘어나고 어디서날라오는지모를 딱 한대를 쳐맞고 쓰러져야하기때문에 상당히 불쾌한 컨텐츠가 된다 속삭임아이템또한 시간안에 사용하지못하면 없어지기때문에 유저들은 이 개노잼 컨텐츠를 효율적으로 즐기기위해 영지에 포탑을 설치해서 물만계속뜨고 포탑이 사냥하게 놔두고 속삭임을 어느정도 드랍하면 관두고 주요필드에 상자만 돌아다니면서 빠르게 먹고 마는 방식으로 하고있다 보상은 나쁘지않은데 너무 불쾌하고 재미없다 상반기에 이 불쾌하고 노잼인 달의징조 컨텐츠가 계속될 예정이니 복귀할생각있으면 하지않는걸추천함 하반기에 새 시나리오 나올때 그때 복귀하는것을 추천함"
2139460,1,1일차때 10시간 꼴아박은 게임 재밌음! (토토루는 착한 친구예요~)
2139460,1,"개인적으로 크래프팅류의 게임은 성향에 맞지않아서 인기많은 크래프팅 게임 여러가지 해봤지만 재미가없었음  원스휴먼은 무료길래 재미없어도 본전이지뭐 라는생각으로 시작했는데 이렇게 재밌게 플레이할줄몰랐음  시즌제 라는게 개인적으로 조금 아쉬운 부분이지만 무료게임 이라는걸 감안하고 타 게임의 장점을 이것저것 뽑아다 만들어놔서 그런지 나같은사람도 맘에드는 요소 하나쯤은 찾을수있을거라 생각함  개인적으로는 몬헌 다음으로 빠진 게임인거같음"
2139460,1,"진짜 갓겜 fps,공포,생존 등등 진짜 좋은건 다있음 심지어 무료"
2139460,0,젠장아이템도 사고 스킨도 사고 2달 열심히하다가 이번에 먼 스즌종료해서 머? 이동?  하는데 시팔 그동안 아이템 다없어지 계승인가 지랄인가 모두 리셋이고 첨부터 다다시 하라네   씨발끄 안해 씨발 머 이딴게 다있어 씨발!!!!!!!!!!!!!!!!!!!!
2139460,1,"무료치고는 퀄리티도 괜찮고 재미있어요 근데 게임을 잘 모르거나 초보가하기에는 잘 모르는것도있고 조금어렵더라구요 그리고 혼자하기에는 좀 힘들고 친구랑 같이하는걸 추천"
2139460,0,간단하게 말하자면 첫플레이 첫시즌때는 시간 가는줄 모르고 하는데 나중에가면 개 지루함.........할게없다고 해야하나...
2139460,0,조작감이 쫌 불편하고 서버종료했다고 캐릭터를 다시만들고 튜토리얼을 다시하는건 쫌.. 그래픽은 지림
2139460,1,무료 갓겜  컨테츠도 많고   무기도 다양하고 빌딩도 좋고  재밌음  하지만 결국 컨텐츠 한계 때문에 접을 수 밖에 없음  강해져도 결국 다시 도르마무고   딱히 강해질 이유도 없는 게임  그냥 대충 해도 다 깨고 다 얻을 수 있는 겜  이게 단점일 수도 있고 장점일 수 있는데 나한텐 단점으로 다가옴  캐릭이나 스킨도 이쁨   여러 버그와 단점도 있지만   무료 겜이라는게 너무 큰 장점임  무료겜인데 이정도 퀼리티에 이정도 컨텐츠 양에  이정도 재미면 그냥 안하는게 손해임  해보고 판단해도 좋을듯
2139460,1,"정신 없이 했는데 왜 1000시간 넘었지?  언제 이만큼 했지?"
2139460,0,6주마다 리셋되는 다람쥐 쳇바퀴 도는 느낌 최적화 너무 안되서 버퍼링 로딩 너무 김..
2139460,1,"매우 재미있습니다. 앨런웨이크, 컨트롤 게임들 좋아하거나 scp 재단 세계관에 관심있는 자라면 무조건 플레이 해야 합니다."
2139460,0,게임은 재밌게 하는데 일단 6주마다 시나리오가 끝이라서 6주후 다시 처음부터 시작하는게 불편한데다 그놈의 네트워크 오류 땜에 계속 끊기고 덕분에 죽은적도 몇번있는게 네트워크 오류가 제일 문제인듯 싶습니다. 인터넷이 이상하면 다른 게임도 그래야 하는데 이게임만 네트워크 오류 엄청떠서 자꾸 끊기고 버퍼링 걸리고 컴퓨터 사양도 문제없는데
2139460,1,영지설계도 설치가 안돼!!!!!!!!!!!!!!!!!!!!!!!!!!!!!!!!!!!!
2139460,1,"무료 겜이 이정도면 정말 좋군 다만 초반에 너무 이해가 안됨 내가 시즌 초기화 게임을 처음해보는디 그걸 감안해도 게임이 (좀)어려움"
2139460,1,그냥 재밌음. 일단 플레이하며 생각하자. 생각이 끝난 너는 신기하게도 일주일이란 시간이 삭제가 되어 있을거야. 그럼 다른 새로운 일들이 너를 기다리고 있을거야.
2139460,0,"사람들이 바라던 오픈월드의 많은 요소들을 넣어놔서 첫 시즌 플레이 시 정말 시간 가는 줄 모르고 재밌게 즐겼지만 딱 거기까지.. 한 시즌이 끝나면 또 0부터 똑같은 형식으로 시즌 노가다를 반복해야하다보니 어차피 사라질 자원 내가 이거 왜 모으고 있지 나 이거 왜 또 잡고 있지 하는 노가다와 파밍에 들이는 시간에 대해 의문성을 품게 됨.  아예 RPG처럼 유지되는 형식으로 똑같은 시즌을 반복하고 반복하고의 구조를 개편할지, 지금처럼 시즌제로 한다면 시즌이 훨씬 다양해진다던지를 개선할 필요가 느껴짐..  게임 초기 정말 심해서 플레잉 자체가 불가능했던 서버렉은 유저가 빠져서인지 서버를 증가 및 안정화해서인지 아직까지 없다고 할 수는 없지만 초기에 비해 많이 나아짐.  여태까지 정말 처참했던 스킨퀄에 비해 최근 정신차린 스킨들이 나오고 있음. 게임 자체는 무료이나 가챠 비용이 다른 동일류 게임에 비해 매우 비싼 편 (차량 스킨의 경우 천장값이 100만원대 이상)  건축 및 영지 꾸미기가 주 컨텐츠 중 하나라 할 만큼 잘 구현되어 있지만, 아직 내부를 꾸밀 가구는 부족한 편. 내부를 꾸미는 가구의 획득이 플레이하며 파밍하는 노가다(심지어 확률이라 원하는 가구를 얻으려면 운 요소가 필요), 혹은 현금/가챠 구매이므로 가격이 상당 발생. 지나간 배틀패스 가구나 가챠 가구는 얻을 수 없다는 제약으로 가뜩이나 종류도 많지 않은 가구가 한번 놓치면 더더욱 얻을 수 없음.  과금요소야 무료게임이니 그렇다 쳐도 똑같은 형식의 시나리오가 계속 초기화되고 반복되는 시즌제는 게임 자체를 안들어가게 만들어서 빠른 개선이 되었으면 함.."
2139460,0,처음엔 집짓는 재미로 했는데 집 다지으니까 할게 없음 타격감도 그닥 좋진않아서 적들 잡는 맛도 없음 그리고 핑크색 물? 얻으려면 뭐 오염지역에 집지어야된다는데 물 채집 가능한 오염지역은 죄다 사람들이 먹고있어서 재료 수급 자체를 못 함
2139460,0,"여러 게임 요소들을 막 섞어놓은 듯한 게임이고 중국 개발사라 바라진 않지만 플레이 도중 핑이 급격하게 높아지는거랑 렉좀 그만 걸리면 좋겠어요"
2139460,1,"무료게임치고 잘만들었지만 가챠가 있는겜중에 재화가 가장 비쌈 재화 최고가가 보통 10만원쯤인데 여긴 14만원임 그리고 가챠답게 정말 잘안나올때가 많고 돈에 비해 스킨 퀄리티가 좋아보이지만 디테일이 많이 부족함  버그가 엄청 많음 버그 하나 고치면 10개가 나옴 서버가 렉이심함 초반때가 제일 심했지만 지금도 그닥 다를거없음 그리고 시즌제 게임임 새로운 시나리오 나오지않는이상 같은거 반복 그리고 스킨을 너무 못냄 비싼 스킨보다 바로구매가능한 스킨이 더 이쁨 이렇게 하면 분명 잘 팔리겠다 싶은것들 정말 많고 이것좀 고쳐줬으면 좋겠는 버그도 정말 많음 하루에 버그 안걸린적 단한번도 없고 게임성은 생각보다 잘만들어서 재미는 있다 그래서 오래 하고있고  하지만 반대로 게임성은 괜찮지만 게임은 정말 못만든거다 각종버그 스킨으로 돈번다고 해서 금액만 높고 퀄리티는 낮고 차라리 이럴거면 무료가 아니라 유료로 하고 퀄리티를 높였다면 더 좋았을테지만 온라인겜 특성상 유료는 사람모이기가 힘듬 초반에 사람 정말 많았고 점점 떨어질 사람들 떨어져가는 추세  그럼에도 무료 게임이니 다 참고 재밌게 게임을 하고는 있다  그래서 추천은 한다 한번쯤은 해볼 생존게임으로서  진심 버그고치고 물리엔진좀 바꿔라 스킨은 그돈주고 스킨샀는데 퀄리티가 그딴식이면 욕할수밖에없다 그리고 무슨 네온병 걸렸나 중국풍 스킨이랑 네온스킨 그만좀 냈으면  내가 디자인해도 그거보단 스킨 잘만들겠다싶다"
2139460,1,재밌는 게임 다 섞어놓은 느낌임 재밌다 라는 말외엔 할게 없음
2139460,0,"얼마 안하긴 했는데 단점만 평가하자면,  반복되는 지루한 시즌제 서버 +  새로운 컨텐츠 없이 비슷비슷함 +   남자 캐릭터 스킨은 개못생김 + 시즌 초기화되면 다시 처음부터 해야됨  그래도 무료겜 치고는 매우 재밌게 즐겼음"
2139460,1,가볍게 하기에는 아주 좋은 게임. 시작할때 1달 단위로 플레이 계획을 세우는 게 좋고 하루에 플레이타임이 5시간이 넘는 다면 다른 게임이 적절 할 수 있다고 생각합니다. 시즌제 게임이라 복귀하기도 좋은 게임인 것 같아요. pve의 경우에는 혼자 플레이해도 크게 지장이 없는 게임입니다.
2139460,0,"JOT같은 중국게임. 최근 25년2월18일 공정한플레이관련 공지띄우며 밴리스트 보여주는데 수많은 아시아 유럽 국가들 가운데 한국과 동남아쪽에서 가장 많은 밴이 처리되었고 (동남아라하면 대만도 포함됨) 그중 중국인은 정말 ""단 한명도"" 없었다. 중국인을 포함시키지 않은것인지 아니면 제외한것인지는 그들만 알겠지. 그러나 수 많은 다른 게임 리뷰들보면 PVP 게임에선 중국서버 따로 만들라고 아우성치는 형태의 리뷰투성인데 과연 공지발표내용이 투명한건지 봐야할 문제. 개인적으론 스팀은 이 기회 중국접속을 아예 막았으면한다. 젭라.."
2139460,0,폴76 찍먹하고서 와서 그런지 폴76냄새 강하게 풍기고 디비전 느낌났지만 솔직히 서양식 그지같은 캐릭터 모델링보고 있다가 이거 보면 눈 정화되는거 같음  번역은 다듬어야될거같음 글씨체도 뭔가 게임하고 안맞고 애들이 반말하다가 다나까쓰다가 요 쓰는거 좀 몰입을 해친다고 생각함  몰입을 해치고나면 다른게 점점 신경쓰이는데 잡몹을 총으로 잡으려하면 총알 손실이 너무 심해서 결국 근접무기로 다 해결하려하니까 재미가 없어지고 생각안하고 총알을 막 쓰기엔 막상 네임드 만나면 총알이 없음 최소한 잡몹을 총으로 잡으면 탄의 리턴이 좀 있었으면함 탄없다고 집 돌아가는거는 진짜 팍 식어서 게임 끄게만드는거같음  처음엔 다 좋았는데 몰입이 깨지고나서 불편한 부분이 너무 많았던거같음
2139460,1,안녕하세요 저는 당뇨 합병증이자 자폐 장애를 가지고있는 한 아이의 부모입니다 아이가 게임을 얼마나 열심히 하는지.. 참 행복하네요 아이가 집중하는 모습을 볼수있어서 좋았습니다 아이가 한번 게임아이템을 저한테 사달라하더라고요? 근데 그까짓거 뭐 얼마하나? 이랬는데 너무 비싼거에요 그래서 마음만 아팠던... 저희 아이 살길도 많이 안 남았는데 게임머니 지원좀 가능하신가요? 재가 형편도 어렵고 몇만원짜리를 사주기에는 병원비로도 벅차서.. 아이가 행복하게 게임을 헀으면 좋겠습니다. 부탁드립니다
2139460,1,130시간 플레이 유저로서 설명하겠음 ㅡㅡㅡㅡㅡㅡㅡㅡㅡㅡㅡㅡㅡㅡㅡㅡㅡㅡㅡㅡㅡㅡㅡㅡㅡ 처음엔 건축도 재밌고 좀비 떄려잡는게 재밌음  1.이게임은 시즌제라 시즌이바뀌면 내 건축물이 다시 날라감 (여기서 난 현타오고 접음)  2.후반엔 파밍루트 뻉뻉이와 무한노가다임 근데 이걸 다 무시하는게 초기화라는 시스템임   몆가지를 다음시즌으로 가져갈수있지만 내가 열심히 모은 아이템이 초기화된다는거부터 난 엄청난 허탈감을 느낌
2139460,1,걍 집짓고 장사하는 게임임 하우징 좋아하면 추천  단점은 코스튬 디자인이 너무 구림
2139460,1,"게임 자체는 나쁘지는 않음, 하지만 점점 후반으로 갈수록 할게 없다고 느껴져서 지루함이 큼, 다른 이벤트 들이나 추가적으로 즐길만한것이 필요하다고 느낌, 하지만 초반 부분에는 진심으로 재밌음, 메인 게임이 아니라 서브 게임으로 하기에 낫 밷이라고 생각 함"
2139460,1,"게임을 앙직 260시간밖에 안했지만 적어봅니다  -장점- 1. 현질유도가 굉장이 적어요. 아바타 가챠뺴고는 다 인게임재화로 해결합니다!!! 2. pvp서버 가는게 아닐경우 경쟁에 스트레스를 안받아도 됩니다 3. 원휴 특성상 6주후 초기화 되지만 이후 새시즌 할때 퀘스트 간소화로 했던거 또하는 지루함이 없습니다  -단점- 1. 게임이 6주마다 초기화되는거다보니 컨텐츠가 한정되어 후반가면 노가다요소가 강해집니다 2. 어...음.... 더 생각나는게 없다!!!!!"
2139460,0,솔직하게 처음 할떄는 재미있는데 계속하면 할 수록 게임에서 할게 없음 몬스터도 똑같고 보스도 무한 반복이라서 중반가면 진짜 재미가 없음
2139460,1,"넷이즈의 좀비아포칼립스사랑은 계속된다 라이프에프터,언던을 잇는 최종 진화작. 시즌제도입으로 지루할 틈이 없음. 아포칼립스배경을 잘 살려서 스토리에 몰입감도 있고 앞서 말한 시즌제라는 특성상 늘 같은환경이 아닌 여러 상황을 플레이 가능하게 잘 설계해둠. 물론 전체적인 세계관은 독자적이라는 말은 못하겠음. 여기저기서 베껴온듯한 게임방식+스토리라인 그리고 게임 내 좀비몬스터의 디자인이 여러 세계관및 타사 게임들을 섞어찌개 끓여둔 느낌은 지울 수 없음. 캐릭터는 내가 만들어내는 커마시스템이라 눈이 화려해서 좋고, 이전작들과는 다르게 하우징역시 개인영지가 국한되는 틀에 갇힌 느낌이 아닌 지형지물을 이용할 수 있는 독특한 감성의 자유로운 건축이 가능 그 외 탈것과 텔레포트 시스템의 적절한 조합으로 오픈월드 게임에서 갖는 자유도가 매우 높은것같음 또한 이전작들 대비 유저피드백이 진심 빠르게 바뀜. 이 부분은 정말 좋은것같음. 한 게임사가 한 장르에 미치면 어떤 시너지 효과를 내는지 확실하게 보여주는듯.   단점을 말해보자면, 어떤 rpg건 오랜플레이에서 오는 캐릭터 육성에 관여하게 되는 관련부품 파밍은 역시 지루할 수 있는점? 감염물 좀 파밍잘되게 고쳐달라구.."
2139460,1,아이템파밍 재미와 과 FPS 게임과 유사한 액션을 동시에 경험가능!
2139460,1,"그냥저냥  다른 동류 개임들을  다 짬뽕한듯하지만 나름... 잼나요.. 시즌이라는 개념이있어서...조금 그렇긴한.... 사실.... 시나리오가  부족할경우..한번에  날아갈수도 있는 위험성은 있음.. 즐길만합ㅁ.~"
2139460,0,"아니 이건 업뎃하는데 내 컴퓨터를 작살. (윈도우 11, 거의 최대 성능)"
2139460,0,이게 왜 평가가 좋은 편이지? 그냥 중국산 양산형 똥겜 수준임   스토리도 뭐라는건지도 모르겠고 조작도 구리고
2139460,1,게임 자체는 뭐... 재밌긴 함.  디비전처럼 세팅에 따라 방어구 맞추는 파밍느낌도 잘 나고. 집 꾸미는 방식도 생각보다 다양해서 보는 맛이 있음. 집스킨 있으면 더 이쁘고.  가챠를 제외한 거의 모든 스킨이 생각보다 크게 비싸지않음.  러스트처럼 다 털어먹으면서 인성질하는 게임을 생각했다면 비추천하지만 디비전처럼 파밍하고 캐릭터 파워올리면서 던전 도는거 좋아하는 사람에겐 추천함 그리고 집 꾸미는거 좋아하는 사람도 추천함.  단점이라면 채팅창이 정말 그들만의 리그라서 뭘 물어보더라도 아무런 정보공유가 안되서 직접 정보를 찾아봐야한다는 정도?
2139460,1,"여러 크래프팅 생존게임을 하면서도 아쉬웠던 가려운 부분이 이게임에선 다 구현되어있어서 너무 좋았다. 메메틱 마스터리로 각 캐릭터마다 고유성을 챙겨주었고(나를 포함한 소수의 인원만이 즐길수 있는 고유의 능력), 적은 인원으로만 즐기기엔 아쉬웠던 생존 게임을 모르는 여러 사람들과 마찰 없이 즐기는 PvE서버, 강해진 내 캐릭터로 단체로 보스 잡는 즐거움, 그리고 멋있고 예쁘게 꾸민 영지들 구경하는거까지 너무 마음에 드는 게임  현 초보자 서버라서 빌런이 적은 탓에 수월하고 즐거운 기억만 남아 있겠지만 앞으로 다른 시나리오와 트랜스 룰렛 이벤트가 기대되는 게임 인프라를 구축하기 전인 저레벨 구간이 폐사구간인거같음. 이 구간만 넘어가고 본인이 취향에 맞는 장르라면 오래 붙잡을 게임이다"
2139460,1,"요즘 엄청 핫한 게임 집 꾸미는 재미가 아주 좋은 게임!!!"
2139460,1,게임은 잼있습니다 스킨들도 오지게 구매했었고요 but 친구집에 설치해둔 소장품(블루웨일)이 회수않되고 없어져서 문의했는데도 복구도 잘않되고 너무 화가나네요 거의 모든 뽑기 다해서 소장품모아둔건데 어휴..
2139460,1,"2025.02.11.   플탐 900 시간이 넘어갔다.   PVE 컨텐츠로만 시즌 6번째 하고 있지만 아직도 다시 새 시즌을 시작하고 차원앵커를 열고 있으면 비밀보물상자의 위치의 기억을 리셋이라도 한듯이 가끔 인터넷을 다시 찾고 있는 자신을 볼 수 있다.  첫 시즌부터 시즌 6번째 까지 플레임 무기들만을 고집하고 방어구도 수호자 4셋 유지하고 있지만 아직도 모듈은 완전히 만족할 정도로 파밍이 되어있지 않다. 모듈 좋은거 떠도 강화에서 개같이 말아먹기 때문이다. ㅠㅠ ( 6번째 시즌 하고 있는 지금은 플레임에 질려질땐 서지석궁이나 서리M4를 들고 놀기도 한다.)  감염물? 예전부터 나는 감염물 5등급 짜리를 몇번 얻어본 적이 없다. 요번에 추가된 징조 이벤트가 있는 서버에 있어 징조상자를 여는 징조런을 돌지만 4의 저주가 내려진듯이 감염물나오는게 죄다 4등급 뿐이다.  물론 다른 사람들도 그러는거 같은듯 징조상자 주위에는 4등급의 감염물들이 버려져 있는 불쌍한 모습들을 볼 수 있다.  내가 주워 이터널상점에 팔고 싶다 ㅠ  6시즌 동안 무슨 재미로 하고 있냐면..  하우징. 한달에 한번 새 서버로 가면 매 시즌마다 그냥 떠오르는 대로 집을 짓는다.  이시간이 재밌다. 하우징 스킨 사기. 다른 의상류 스킨은 별로 끌리지 않는 편이지만 유독 하우징 스킨들이 나오면 엄청 사고 싶어지고 사게된다. 그리고 서버 돌아다니다보면 다른사람들이 멋들어지게 지은 집들도 구경하는 재미도 있다.  구경하면서 저렇게도 지을수있구나 감탄도 하면서 구경하는게 재밌다.  그리고 터치는 오리진. 설산은 엔드브링어 잡기. 유독 모노리스나 사일로 같은 던전 도는거 2번 3번 하면 바로 질려버려서 때려치는지라 뺑뺑이 팟은 잘 못 들어간다. (이래서 모듈파밍을 못 했다ㅠ) 그대신에 오리진은 계속 하게 된다.  오리진이나 엔브는 넓은 곳에서 하는 컨텐츠라서 계속하는거 같다. 제어기를 오리진 상자 까는데 거의 쓰는 편이랄까.. 오리진 상자 깐다고 좋은 공명 옵션이 붙어 있는 모듈은 나온적이 없는거 같다. 나왔어도 죄다 강화에서 시원하게 말아먹었으니 저장해둔 공명옵션 있는 모듈이 남아있질 않다.    서버는.. 사람들이 모이는거니만큼 어디나 빌런이 존재했고 심심할때마다 그들의 채팅창 싸움을 매번 팝콘 들고 먹으며 구경하며 심심함을 달랬을때가 많다. 나는.. 팝콘 사왔으니 더 싸우라고 채팅을 치기도 한다. 대부분의 사람들은 착한편이라 누가 뭘 세계채팅에 물어보든 다들 친절히 대답해준다.  뉴비이든 복귀이든 모르는게 있다면 세계채팅에 물어봐도 괜찮다.  한달마다 같은짓을 계속해야하니 지루한 게임이긴해도 그안에서 재미를 찾고 즐기니 오래 하고 있게된다. 혹시나 이 평가를 보게된다면 당신도 이 게임에서 재미를 찾길 바란다.  중국겜이라도 맛있는 짬뽕게임이니까 당신에게 맞는 재미를 찾을 수 있을것이라 생각한다."
2139460,1,초자연 괴물 좋아하면 강추 초반에 심하게 질리는것만 버티면 꿀쨈
2139460,0,"생존 서바이벌 크레프팅 게임으로써 훌륭함. 수집, 집짓기, 생존, 캐릭터 꾸미기 모두 완벽함.  몇가지 치명적인 단점이 있음. 1. 강제로 떠먹여주는 공포 요소   어두운 공간에서 좀비 잡는 것만으로도 심리적으로 힘듬에도 불구하고, 공포 음악 + 백룸 + 무적 몬스터의 추격 + 우는 천사등의 순도 100% 공포 요소를 게임 메인 컨텐츠로 때려넣었다. 피할 수도 없고 강제로 플레이해야한다. 난 백룸 하기 싫다고 개새들아 2. 번역    10살짜리 조선족 데려다가 번역 시키면 이렇게 되지 않을까 싶을 정도로 엉망이다. 고유 명칭이 통일화되어 있지 않고 가끔 ""ㅎㅎ"" 라던가 알 수 없는 외계어가 대사로 적혀있는 경우가 대다수이다. 3. 멀티플레이    멀티플레이를 표방한 게임치고는 필드에 나 말고 아무도 없는 듯 하다. 서버간 유저들은 완전히 단절되어있기 때문에 한적한 서버에서 플레이하고 있다면 파티플레이나 협동 플레이는 물건너간 셈이다. 초심자들은 초반 던전도 하기 힘든데 도움 받기 매우 힘들다. 모든 컨텐츠를 혼자 힘으로 돌파해나가야함.  ----  처음에 추천 줬는데,  메인 퀘스트에다가 공포 강제 체험 집어넣는거 개빡쳐서 비추천으로 바꿈. 대가리에 좆박은 거 같은 게임."
2139460,1,게임을 잘만들긴했어 단지 나는 라이트던 헤비던 시즌초기화를 안좋아할 뿐이야
2139460,1,백룸이랑 안아줘요(뒤잡)맨만 없으면 아주 맛있는 갓겜.
2139460,1,"""원스휴먼""에 대한 첫 인상은 사실 꽤 부정적이었어요. 처음 게임이 출시됐을 때, 많은 유저들이 이 게임을 중국산 쓰레기 게임이라 비난하며, 랙이 심하고 지루하고 반복적인 점이 문제라고 했죠. 그래서 저는 그냥 지나쳐 버렸습니다. 한 번도 해보지 않았던 게임을 우연히 다시 깔게 된 건, 어느 날 그냥 뭐라도 해보자 싶어서였어요.  그리고 그게 또 매력인 것 같아요. 처음엔 정말 친절하지도, 설명이 자세히 나와 있지도 않아서 어디서부터 시작해야 할지 막막했어요. 하지만 어느 순간, 게임이 그 무심함 속에서 저를 조금씩 끌어들였습니다. ""이렇게 해야 하는구나""를 하나하나 알아가면서, 제가 뭘 해야 하는지, 어떻게 발전해 나갈 수 있는지를 스스로 깨닫게 되는 그 과정에서 묘한 재미를 느꼈습니다.  그 과정에서 무엇보다 매력적인 건, 바로 그 작은 성취감들이었어요. 하나씩 집고 짓고, 광석을 캐고, 아이템을 모으며 성장하는 느낌. 반복적인 일이 지루해지기도 했지만, 오히려 그런 반복 속에서 작은 변화를 느끼는 것이 그 자체로 뿌듯함을 주었습니다. 시간이 지나면서, 어느덧 밤이 찾아오고, 새로운 목표를 향해 조금씩 나아가게 되는 거죠.  물론 게임이 시작할 때 친절하게 안내해주지 않아서 당황스러운 부분도 있지만, 그것이 바로 ""원스휴먼""을 특별하게 만든다고 생각합니다. 모든 걸 스스로 배우며, 그 배움이 나만의 경험이 되어가는 과정을 즐길 수 있기 때문이죠.  결국, 이 게임은 ""한 번 해보면 빠져든다""는 말이 딱 맞는 게임입니다. 처음에는 불편하고 어렵지만, 그 불편함 속에서 느껴지는 만족감이 매력적인 게임. ""원스휴먼""은 단순히 게임을 넘어, 스스로 성장하는 기쁨을 주는 경험이었습니다."
2139460,1,개꿈잼 서버마다 늘 놀라운 재밌는 사람들 밖에 없음 새로운 사람들의 종류를 보길 원한다면 이 게임이 당신에게 적합합니다.
2139460,1,"시간 너무 순삭 특유의 분위기도 좋고,이게 무료??! 몬스터잡은 파크라이 하는 느낌.ㅋ"
2139460,1,오픈 월드 게임과 오픈 퀘스트가 괜찬게 흘러가서 좋아요
2139460,1,"오랜만에 질리지않고 길게하는 게임을 발견 계속하다보면 컨텐츠는 동일하지만, 파밍 및 제작의 재미를 느낄 수 있음 유튜브를 보면 공략 과  고인물들의 플레이를 볼 수 있으나, 안보고도 즐기면서 할 수 있음"
2139460,0,"1,번역만 제발 고쳐줘... 시벌 이걸 어캐 알아보라고.... 2.뭔 시벌 채팅 치면 튕기냐 3.보통 일반적 겜이면 필터링하면 ***라고 뜨고 말잔아? 이 겜은 그냥 안보내짐 ㅋㅋ 뭐때문에 필터링 걸렸는지도 안알려줌ㅋㅋㅋㅋㅋㅋㅋㅋㅋㅋㅋㅋㅋㅋㅋㅋ미친겜"
2139460,1,벌써 135시간이나 했다니? 꽤 재밌다  수집 생존 크래프팅 건축 레이드 뭐 이거저거 잡다하게 많이 들어 있는데도 피로감 느끼지 않을정도로 적당히 즐길수 있었다 인게임구매도 스킨과 약간의 편의제공만 있다.
2139460,1,설계도랑 다양한 능력 그리고 집을 건설 할 수 있는게 이 게임의 재미요소에서 큰 역활을 하는 게임이라고 생각합니다 이른 종류를 좋아하시는 분들 추천합니다.
2139460,0,이 게임 뭔데 켜서 플레이만 하면 컴퓨터에 프리징을 일으키냐 하지마라 병@신 겜이다.  겜만 프레임 드랍 됬으면 그려려니 했겠지만 씨@발 컴퓨터 자체에 프리징을 거는 미@친 짱깨 병@신 겜이다.
2139460,1,아직도 저는 뉴비임미다. 아직도 모듈을 구해야함미다. 아직도 비밀 보물 상자 위치는 인터넷을 찾아야함미다. 아직도 5 감염물을 찾아나섬미다. 제 300시간은 어디간검미까?
2139460,1,무과금으로 즐겁게 레벨업 경쟁없이 즐길만한 재미있는게임
2139460,1,"여러가지 짬뽕인데 생각보단 맛있음 근데 먹어본맛이 한두가지가 아닌 느낌임"
2139460,1,컨텐츠 많고 그래픽도 다른게임에 비해 딸리지도 않고 너무 재미있습니다 어떻게 이게 무료인지 의문입니다 ㅎㅎ
2139460,1,"다른건 모르겠고 중국인 없고 사람들도 다 착함 내가 베타포함 400시간 하면서 싸운사람 하나없고 한번하면 계속하게 된다. 하지만 1한달에 한번씩 다른 신 서버로 옮겨야 됨. 초반은 메인스토리하고 중반은 대충파밍정도 후반은 집짓기,꾸미기  정도 근데 단점은 렉이 좀있고 로딩시간이 좀 오래걸림 근데 전 패치로 렉이 나아졌다 들어올거면 지금 들어와라!! 뉴비는 고수들이 많이 챙겨주고,이벤트도 넉넉히 챙겨준다."
2139460,1,정말 재미있네요 ^__^   오픈월드 세계로 오세요!!
2139460,1,"한국이 이런 게임을 만들었어야 했다 병맛과 짜치는게 있지만 그걸 넘어서는 재미가 있다"
2139460,1,"정치적 올바름으로 꾸민 여캐를 거부하며 폐지를 주으며 총질을 하는 게임을 원한다면 지금 당장 다운 받아라.  인슈라오디드, 나이팅게일  같은 pc범벅에 질렸다면 당장 다운해라."
2139460,1,오랜만에 몰입해서 할만한 게임 찾음 처음엔 할게 많은데 스토리 다 밀고 장비 어느정도 맞추면 할게 많이 줄어들음. 그래도 하우징좋아하고 하면 시간가는줄모르고 함 폐지줍는겜인데 폐지줍는게 나름 재미있음
2139460,1,"염가판 폴아웃76 그게 주는 단점도 분명한데, 또 나름의 장점도 있음."
2139460,0,플레이데이터 중간에 날라가서 복구안되서 접속안되는거 패치좀해
2139460,1,오공과 함께 중국게임의 편견을 한방에 날려준 게임 .... 초반에 좀 불편하다던가 불친절한점도 있고 가끔 번역도 잘못되어 있어서 까고 싶지만 너무 재미있다...   .. 요즘 트리플A게임이라는 거짓 가면을쓴 허접한 게임들보다 몇배는 더 만족하면서 플레이중이다.
2139460,1,이거 엄청 재밌는데 왜 접었는지 기억이 안나네. 조만간 다시 깔아서 해봐야지.  아참 이겜 컨텐츠가 중구 난방인데 그거좀 어떻게 깔끔하게 정리만 좀 하면 좋을 듯.
2139460,1,"일단 이게임이 미친이유가 intel graphics 520 i5 6200u 8G RAM 으로 디맥, 카스, 시티즈, 아세토 등 을 깔아놓은 상황에서도 가능함"
2139460,1,디비전 2 에서 부족함......썬즈오브 포레스트에서 지루함....그모든걸 이게임에서 채우다. 인생게임
2139460,1,"시간 가는 줄도 모르고 계속 나무 캐고, 광물 캐고, 제작하고, 제련하고, 감염체들 죽이고, 서브 미션하고, 본 미션하고, 그 사이에 운전하고 반복인데 재밌어서 한다."
2139460,1,이겜을 왜 모르고있었을까 .. 한번해봤다가 80시간이 사라졌어
2139460,0,이거 추천한 남자친구랑 싸움 버그 오져서 재시작만 계속하다가 화딱질나서 이거 어디게임이야? 중국이야? 했는데 역시나 중국게임ㅋ 무료라서 걍 10분 즐기다 바로 삭제 개인정보 털린다니...하 진짜 왜 리뷰도 안보고 깔았지
2139460,1,"애인이랑 같이하기 재밌음! 컨텐츠 많고 ,, 집짓기 개꿀!"
2139460,1,와.... 말도안나오네요... 하다보면 왠만해선 밤샘니다 그정도로 재밌으니 꼭해보시길 꼭!!
2139460,1,"무료게임 치고는 상당히 재미있음. 훌륭함. 생존, 건설, 사냥, fps 등등 여러가지 요소들이 진짜 개꿀 ㅋ"
2139460,1,"재미가 있습니다. 다만, 영지 건축제한 제거해주세용~ 그리고 맵 크기를 더 키우고 컨텐츠 좀 늘려주셨으면 합니다.."
2139460,1,무료겜이라 좀 조잡한 부분도 보이는데 초반만 견디면 맛잇는 비빔밥 ㅇㅈ
2139460,1,어설픈 생존형 게임들보다 주기적으로 업데이트되는 이게임이 좋습니다.
2139460,1,컴퓨터가 안좋아서 그래픽 낮은상태에 게임을 하는데 그래도.... 재미있네요 컴퓨터 를 다시 맞춰서 하구 싶으네요
2139460,1,제가 좋아하는 총기 슈팅과 좀비 같은 몬스터 파밍으로 하는 생존 생활 모든 컨텐츠가 있는것 같아서 너무 좋아요.
2139460,0,아.. 게임 개노잼 할거 존나 없네  컨텐츠가  부족하네  뭐 망겜이 다 그렇죠 뭐
2139460,1,"이건 뭐... 총들고 움직거리는 모든 게임 다 섞어 놨네  그런데 재밌어."
2139460,1,진짜 무료게임이라고 볼수없는 그래픽과 설정 그리고 서버리셋으로 인한 자리부족 문제를 해결 이거 왜 무료게임임?
2139460,0,존나 불친절 씹노잼 최적화 똥망 그냥 쳐다도 보지 마셈
2139460,0,"저퀄리티 러스트 + 다잉라이트 + 데스티니 + 젤다야숨 + 마인크래프트 + 배그 + 원신 + 포트나이트  최적화도 병신이고 조작감은 최악 인터페이스 복잡해서 그지같고 게임성도 별로임  하나하나 다 따져보면  1. 한번에 여러 개 추적되는 퀘스트: 뭘 하라는건지 왼쪽 위 추적 퀘스트 볼 때마다 헷갈려서 L 누르게됨  2. 양산형다운 UI: UI 배치를 진짜 뒤지게 못함. 텍스트가 겹칠 때도 있고 수분 등 보려면 진짜 작게 아래에 표시돼서 눈이 힘듦. 그리고 기능들이 되게 많아 보이는데 정렬, 정리가 제대로 안돼있어서 내가 원하는 기능을 찾는게 너무 힘듦  3. 모바일 게임보다 못한 AI: 특히 퀘스트 초반에 무슨 여자 캐릭터가 나 쫓아오면서 어딜 같이 가는데 그 NPC가 계속 버벅거리고 길막하고 해서 진행을 못하겠음. 좀비 AI도 모션도 그냥 모바일 게임보다 못하면 못하지 더 낫지는 않음  4. 최적화와 게임 사운드: 프레임 잘 나오는데 계속 비디오 메모리가 부족하다면서 화면에 팝업 알림을 자꾸 띄움. N 누르고 하다 보면 또 뜸. 뒤질래? 그리고 왜자꾸 삑 삑 소리가 나는건지 진짜 모르겠어서 귀 아파 죽을뻔함  5. 조작감: 아니 조작감이 문제인지 물리엔진이 문제인지 모르겠는데 오토바이를 타면 그냥 로블록스에서 오토바이같은거 타는 기분임. 내가 자동차를 타고 있는 건지 그냥 자동차처럼 디자인된 박스와 함께 움직이는건지 전혀 모르겠음. 그리고 평소 움직임 모션도 그냥 너무 답답함  6. 번역: 진짜 내 맘대로 번역임. 어디서는 ABA인데 다른데서 설명할 땐 ABC가 되버림. 심지어 겜 처음 킬때 약관 동의하는 것도 중국어가 있더라? 번역팀이란게 존재할까?  7. NPC 대화: NPC 대화하는데 NPC한테서 생명이란게 느껴지지 않음. 그냥 스프라이트 하나가 서있고 텍스트가 출력되는 기분임. 그리고 모바일겜 식 대화(선택지 눌러서 대화)도 꼴받는데 대화 스킵(spacebar) 라면서 대화 통째로 스킵 안되는게 열받음    그냥 하지마"
2139460,1,확실히 재밌긴한데 한시즌 끝나면 새로 시작한다는게 좋으면서도 난 개인적으로 아쉽다. 열심히 키우고 파밍해서 만든 장비들이 대부분사라지고 내 집도 사라진다는게.. 하지만 신규유저 유입하려면 이게 맞긴하지만.. 갠적으론 그거뺴고 120시간동안 시간순삭당하긴함
2139460,1,뭔가 정신없이 할 정도로 재밌음...  베타때 해보곤 실망해서 안했는데 요새 뜨길래 해봤더니 왜 재밌지..  캐릭터도 이쁘고   다만 게임 요소가 뭐가  많아도 너무 많아서 이거 이렇게하는게 맞나?  싶을정도로 정보량이 적음 새로운게 나올 때마다 창이뜨면서 뭐라고 설명을 해주는데 실질적으로 뭔지 잘모르겠음 ㅋㅋ;;  그냥 뇌빼고 할거하면서 느긋하게 PVE 섭에서 해야될듯   개인서버만 됬다면 천천히 알아가면서 하면되는데 강제적으로 온라인 형식이니 (개인서버 올해 추가해준다고 들었음)
2139460,0,예전에 받아만 두고 안하다가 진짜 할거없어서 한번 해봤는데 생각외로 몰입해서 하게 되는 요소가 있음 기본적으로 크래프팅 시스템 들어간거 굉장히 안좋아하는데 그나마 팻월드로 맛을 본터라 나름 인내심을 키우고 집을 짓곤 있지만 심미적은 요소는 거의 없고 그냥 일단 업그레이드에 중점을 두고 재료 수급에만 집중하는데 좀 하다보면 늘 핵심 재료들이 모자름 그리고 재료를 업그레이드하고 장비 제작 총알 제작하는데도 재료외에도 에테르 더스트?? 암튼 이런건 재료들이랑 무슨 포인트같은것도 필요하다보니 점점 짜증이 밀려오고 있는중 티어4만 되도 재료 수급이 만만치 않아서 미션 돌고 뭐하고 암튼 재료 모으는게 핵심 내용임 그리고 다들 고인물들만 있는지 저렙 (노말) 보스 몹들 파티는 구해지지도 않음 여태 혼자하는데 조금 넘어가니 혼자하기에는 점점 벅차서 2차로 또 짜증남
2139460,1,"버그가 좀 많기는한데 전반적으로 재미있어요 다만, 총이나 총에 들어가는 모듈이나 초보자가 하기엔 쉽지는 않은거같습니다. 커뮤니티 들어가서 열심히 찾아보는 사람이 아니라면 장비 맞추기 좀 어려울거같아요. 사람들과 함께 하기에 좋고 달마다 스테이지가 변경되어서 나름? 재미있어요. 근데 가면 갈수록 비슷해지는 부분이 있어서 금방 질리기도 합니다."
2139460,1,워프레임 같은 느낌으로 하고있음  그런데 최적화는 좀 많이 구린듯  CPU: 13600K GPU: 4070S RAM: 64GB QHD에서  최상에서 FG키고 전투시 80~100 프레임 정도 나옴
2139460,1,무료인데 퀄리티도 매우 좋고 다양한 즐길거리와 재미가 있어 좋아요.
2139460,0,"처음에는 할게 너무많아서 재밌고 코디도 예쁘고 재밌음 다만 장기간 투자를 하면서 뿌듯함을 느끼고  성취감을 느끼지만 결국 리셋되는 시즌게임이라는거 ,.. 생존게임+시즌초기화 ?  과함"
2139460,1,"게임 해보기 전에는 어떤게임인지 모르기도 했고 잼있을까 의심하면서 했는데 어느새 푹빠져서 플레이 한거 같네요,  사전정보 없이 게임을 시작해서 처음에는 너무 불친절 하다 느꼈는데  조금씩 적응하다 보면 푹 빠져들게 돼요 건설하는 재미도 어느정도 있구요 그렇지만 뒷심이 조금 부족한 느낌이라 지루해 지는 순간이 옵니다. 그렇게 시즌 끝나고 나면 약간 허탈해져서 쉬는 타임이 오는것 같긴해요 그래도 한순간 빠져들어서 잼있게 즐기기엔 좋은것 같고.. 좀더 업데이트가 많이되고 정식출시되면 다시 해볼 예정입니다."
2139460,1,"넷이즈에 부분무료. 솔직히 우려를 떠안고 시작했는데 생각보다 되게 잘 만들어진 게임이라 놀람.  굳이 비판하자면 무언가 데스스트랜딩 혹은 레메디 스튜디오의 컨트롤 분위기 따라한거 같기도하고,   흔한 유비식 오픈월드라는 비판도 가능하긴 하나 이 외에는 모조리 장점으로 취급해도 될정도로   굉장히 훌륭한 게임이다.  심지어 이게 무료에 시즌제라 질릴 일도 적으니 이보다 자애로운 게임이 있을까?  탄탄한 세계관 구축(코덱스 수집하는일이 귀찮긴 하다만), 쓸데없이 오밀조밀 잘 숨겨놓은  시크릿 요소들(단순 얻고 치우는게 목적인 사람입장에선 빡칠 수도 있겠지만 난 제작진의 성의가 느껴진다)  광활한 오픈월드, 그 오픈월드를 젤다 야숨/왕눈처럼 활강도 가능하며 내가 손수 만든 탑승물로  돌아다니기도 가능함. 중국 게임 선입견 잠시 미뤄두시고 꼭 찍먹이라도 해보시길 추천  저도 부정적인 시선으로 찍먹했다가 푹 빠져버림"
2139460,0,너무 퀘스트 위주의 게임입니다. 그래픽은 좋으나 스토리에 집중도 안되고 너무 난해합니다
2139460,0,재밌다가 싶다가도 중국겜 특유의 허접함이 있다 생각보다 게임이 그 나라 겜 답게 합리적이진 않으니 생각없이 겜하거나 고통받고 싶다면 추천
2139460,1,중국게임이긴 하지만 잘만들긴 함 근데 가끔 세계병합이나 계정 없어져버리는건 좀 에바임 그래도 재밋음
2139460,1,내스타일 아닌게임 같아서 안하고 있다가 유튜브 보고 시작 했는데 눈깜짝할 사이에 몇시간 지나있네요 저는 재밌고 좋았어요
2139460,1,진짜 재밌음 첨에 무료인데 재밌으려나 했는데 진짜 시간 가는 줄 모르고 플레이함 근데 메인 임무들이 다 거기서 거기인 느낌 콘텐츠가 조금 부족하게 느껴짐 나중에 할거 많아지면 더 재밌어질 듯
2139460,0,"초보자들에게 친절하지 않는 게임.  듀토리얼도 걷는 법만 알려주고 뛰는 법, 나는 법은 안알려주는 그러한 게임임 초보자 서버를 들어가면 뭐함. 거기에는 이미 중수나 고수들만 즐비함.  초보자들이 정보를 찾아볼려도 인터넷에는 정보도 별로 없고 정보를 얻는 방법은 그냥 사람들에게 묻는 방법 밖에 없음.   다른 사람들과 파티로 할 경우에 초보자 서버에서 초보자는 잘몰라 해메는 데 그것 가지고 뭐라하는 사람도 많고 진짜 초보자 서버가 아닌 것 같음.   초반까지는 괜찮으나 중간 혹은 위로 갈수록 난이도가 갑자기 올라가는 무자비한 게임임.   친절한 설명, 친절한 듀토리얼, 친절한 게임을 하기 위한 사람이라면 추천 하지 않음."
2139460,1,"할 게 굉장히 많아서 좋은데, 적응하기까지는 꽤 오래걸릴거 같음 이것저것 많이 해보고 많이 만저보면서 하나씩 알아가는 재미가 있네요."
2139460,1,오오옷..! 초반 플레이만 해봤는데 할만하네용 제발 꾸준하게 할수있길
2139460,1,재 미 있 고  커 마 도  마 음 대 로  할  수  있 어 서  좋 음   .
2139460,0,게임 깔고 다음날 아침 바로 구글 로그인시도 보안알림뜸.  다행이 2차인증에서 차단됨. 하지만 비번은 뚤림. 하.. 개인정보 이슈 때문에 망설이다 혹시나 하고 깔았더니 바로 비번 뚤리네. 이거 하실 분들은 감안하고 하시길.
2139460,1,https://www.youtube.com/watch?v=K-opF8hFCiY&pp=ygUJ7Luk7Yq87L2c ────────────⚪────────────────────────────── 　　　　　⠀▐▐ ⠀►▏ ⠀⠀──○─ 🔊 ⠀1:02 / 4:01  　　　　　　ᴄʟɪᴄᴋ ᴛʜᴇ ʙᴏx ʙᴏᴛᴛᴏɴ ᴛᴏ ᴘʟᴀʏ ᴛʜᴇ sᴏɴɢ 　　　　　　　　박스버튼 누르면 노래 재생
2139460,0,작년 8월15일쯤 때려쳤다가 다시생각해도 열받아서 리뷰남김 장소는 당시 리치수용소 정상적인 파밍상태도 아니고 2티어빳따하나 들고 근접으로 머리통 뚜따하면서 이악물고 잡아가면서 최종 보상룸에서 키카드 썼는데 안열려서 뭐지 하면서 기다리다 죽고 다시와서 잡았는데 또 안열리고 다시 몹잡아도 안열려서 다시 로딩해야하나 싶어 로딩 다시하니까 몹젠돼서 또잡고 겜을 껐다켜야하나 싶어서 다시 껐다키고 잡고 다시 열었는데 알고보니 키카드로 열리는 문이 이중으로 깔려있었고 하나는 키카드를 사용하면 열리지만 나머지 하나는 닫힌상태 그대로였던것 당연히 키카드를 다시 소모해서 열어도 기존에 열려있는 문만 시간 연장될뿐 바뀌는건 없었음  이게 뭘 의미하냐면 얘들이 패치하다가 뭔가 잘못건드려서 이상한곳에 오브젝트가 깔려버렸고 그상태 그대로 서버를 열어버려서 이 상황이 나왔던것 그 한번의 불쾌한 경험을 위해 누군가는 3~4시간을 낭비했다 왜? 내가 게임을 잘하는것도 아니고 템파밍수준에 비해 높은수준의 던전이었기에 당연히 잡다가 죽고 다시 달려오는상황이 몇번이고 있었기 때문이다  이딴식으로 개발하고 운영하는데 내가 이 게임을 할 이유가 있나? 없다고 생각함 네글자로 똥.덩.어.리
2139460,1,"초보자들에게 아직 불친절하지만 하다보면 시간이 순삭되는 묘미가있는 꽤나 훌륭한 게임이다. 새로시작하는 초보자서버에는 고인물들이 친절하게 뉴비들을 일깨우며 동시에 고인물들은 수없이 많은 똑같은질문에 똑같이 답해주는 고난이 있는게임이기도 하다. 하지만 그러함에도 이게임은 한번 해보는것을 추천하는바이다. 그이유는 해보면 알것이다."
2139460,1,goodgoodgoodgoodgood very nice
2139460,1,이것저것 넣어서 맛있게 끓인 부대찌개인 척 하고싶은 마라탕
2139460,1,재밌당...약간 러스트 같으면서도 건축도 하고 좀비도 잡고 딱 내취향..?! xD
2139460,1,"걍 무료니까 개추 드리겠습니다,  진지빨고 평가했으면 병신같은 크래들 설정, 마네킹 NPC, 영어듣기 보이스 액팅, 존나 싼티나는 스킨 같은 걸 깠을텐데 그냥  무료니까 그러려니함"
2139460,1,"서버 개적화 뺴면   갓겜 무료치고 이정도게임 없다고 봄"
2139460,1,할거 많고 재밌긴함 현질도 많이했음. 근데 이거 깔고 한창 할 때부터 컴퓨터 덜덜거림 4070인뎅..
2139460,0,"오픈후 게임플레이 5시간후 다음날 접속할려고 게임을 켜니 서버목록 자체가 사라짐 이후 게임재실행, 무결성, 공식서버에서의 가이드, VPN으로 IP변경, 게임재설치 등 수많은 수단을 사용하였으나 지금까지도 서버가 보이지않음 공식 디코, 공식사이트에 문의해도 아예 다른내용의 답변이오며 계속해서 플레이자체가 불가능한 상황"
2139460,1,게임이 불친철함 근데 그거 넘으면 개 재미있음!!!!!!
2139460,1,서버렉 하나만 고쳐도 진짜 재미있을듯  할거 다해두면 다음주까지 기다리다 지침 간격을 줄여주면 좋을거같음  디쥬히얼뎃디쥬히얼뎃디쥬히얼뎃디쥬히얼뎃디쥬히얼뎃디쥬히얼뎃디쥬히얼뎃디쥬히얼뎃디쥬히얼뎃디쥬히얼뎃디쥬히얼뎃디쥬히얼뎃디쥬히얼뎃디쥬히얼뎃디쥬히얼뎃디쥬히얼뎃디쥬히얼뎃디쥬히얼뎃
2139460,1,깊게 고민안하고 무료라는 장점 하나로도 충분히 즐겨볼만한 재밌는 게임
2139460,0,시발 집 열심히 지었는데 소 ㅅㄲ가 다 부심 소 ㅇㅁ 뒤졌냐 시ㅂ
2139460,0,중국 게임 특) 가독성 떨어지고 게임의 목적을 모르겠음
2139460,1,"맛있게 끓인 짬뽕이다. 근데 공짜로 준다. 1.맵:베그+데이즈곤, 2.크래프트:팰월드, 3.펫:데스스트랜딩, 4.보스:엘든링"
2139460,0,ㅈ같아서 하기가 싫어집니다. 처음 커스터마이징할때 생소해서 실수 한번이라도 한 상태에서 고대로 게임 들어가 버리면 당장 수정할 방법이 없어서 하다가 말았습니다
2139460,0,"다른게임은 모르겠는데, 시즌 초기화 했다고 이렇게 할맛 뚝 떨어지는 게임은 ... [더보기]"
2139460,1,"그래픽 좋음 게임성 뛰어남 진짜 재밌음. 근데 무료임! 자유도가 높음(할 수 있는 게 많아서 뭐해야 되는지 모르겠음)"
2139460,1,"처음 시작하면 할 게 너무 많고, 오래 하면 할 게 너무 없는 게임!"
2139460,1,녹슬고 상한 부품들을 주워다가 비행기를 만들었는데 의외로 잘 날라가는 느낌  이것저것 만듦새에서 조잡함이 느껴지지만 이상하게 게임 자체는 너무 맛있음  좋지 않은 최적화와 서버렉과 아쉬운 그래픽이 자꾸 눈에 밟히지만 끊기 어렵다
2139460,1,"재미있습니다 다만 후반부가면 조금 어려워지는편입니다. It's fun, but it gets a little difficult towards the end."
2139460,1,"흡입력 있는 게임  다만 처음 시작할 때 다른 사람들의 영지가 많아서 그건 좀 불편햇음 뉴비들 시작할 때는 서로 안 겹치게 하면 베스트 일듯"
2139460,1,"디아블로4 보다는 10배 이상의 재미는 있는듯. 다만, 아직도 앤드 콘텐츠가 부족한 느낌은 있다. 게임이 지속적으로 업데이트 되고 하루가 다르게 변해가는걸 보면 앞으로 개선될 것으로 보인다.  어차피 무료 아닌가? 한번 해보는거 추천한다."
2139460,0,몇십년동안 해킹 한번 안당하던 계정이 집에서 한번 깔고 했다고 이상한 프로그램 강제로 설치하게 해서 지웠더니 다음날 해킹당해 친구 목록은 다 날아가고 이상한 QR코드로 이미지 변경되어있고... ㅆ발 짱깨 새끼들 진짜 ㅈ같네
2139460,1,마음맞는 친구들과 함께하면 재미있네요 혼자면 너무 적막할꺼 같아요 ㅎㅎ
2139460,0,개 쓰레기게임임 이거 하지마셈 ㄹㅇ 패치내용 메타 서버 뭐 하나 쳐바뀌는게없노
2139460,0,어차피 결국에는 질리는게 게임이지만 예상보다 일찍 질리는 게임 그래픽등 다른 부분은 뛰어나지만 각종 버그들이 아직까지 판을 치는 게임
2139460,1,너무 재밌어요............... 게임을 다시는 이렇게 안 하면서 살 줄 알았는데... 잠을 못 자겠어요......
2139460,1,"취향을 확실히 타는 게임이지만 내게는 인생게임... 생존, 루팅, 파밍, 토벌 재밌단"
2139460,1,몬가가 몬가 재밌다... 왜 재밌지? 접근성이 좋다. 유도리가 좋다 해야되나.. 쓰잘데기 없는 노가다를 덜 하게 만든듯.
2139460,0,트위치 드롭스 연동 서버가 메롱한 관계로 드롭스 보상 수령 불가...
2139460,1,혼자 즐기기에도 좋고 파밍도 재밌고 건축도 재밌습니다ㅎㅎ
2139460,1,7데이즈투다이이와 원스휴먼이 재밌고 좋은점만 서로 섞이면 좋겠다
2139460,1,"집짓기 게임+생존+좀비+총싸움+PVP 모든게 가능함. 그리고 무료."
2139460,1,시작부터 할 일이 많아서 힘들지만 반대로 할 일이 많아서 지루하진 않음
2139460,1,"낫배드 템 위에 커서 올리면 영지 내에 갖고 있는 개수 알려주는 기능 있었으면 더 좋았을듯"
2139460,0,얼마나 할 게임이 없으면 이딴 똥겜을 무료라고 갓겜 취급을 하냐? 모션도 좆구리고 게임성도 다른 게임들 다 짬뽕시켜가지고 어지럽기만 한데 걍 PC판 라이프애프터잖아 ㅋㅋ
2139460,1,너무 재밌어용.. 무료겜인데도 불구하고 퀄리티가 너무 좋아요ㅋㅋ
2139460,1,"현질 했는데도 손이 잘 가지 않아서 접게 만드는 게임  근데 한번씩은 생각남"
2139460,1,무료게임이 아니라고 안믿을정도로 퀄 좋고 무엇보다 재밌음
2139460,1,가끔 랙이 걸리거나 최적화가 그지같지만 100개의 버그중 99개는 재접속으로 해결 가능한 게임 친구들이랑 하기 딱 좋은 게임 스킨 개같이 내고 짜장 냄새가 날때도 있지만 튼실한 빵디와 빵빵한 가슴으로 용서되는 게임 무료 겜이잖아 한잔해~
2139460,1,"매번 패치마다 새로운 버그가 탄생하고 스토리는 없는 수준인 데다가 스킨은 개떡같고 밸런스는 씹망인데 유저들의 트롤링을 막을 수단은 전무하고 제재도 똑바로 하지 않지만 여러 요소들을 버무려놓은 게 재밌어서 접질 못함"
2139460,1,900시간동안 즐기는중 인데 이벤트나 드롭스로 장비스킨 차량스킨도 주고 과금한다고해서 게임밸런스에 영향없음 과금은 개인의자유~ 하우징요소도 너무 좋고 다 마음에 듬 문제는 시즌제라 한달쯤 하면 초기화되서 다른서버로 넘어가야 하는데 싱글게임처럼 되어버림;; 어제 같이하던 겜친구가 드래곤볼마냥 다른서버로 넘어가있는경우가 많음...... 클랜을 전서버통합으로 운영한다던지 뭔가  서로 소통하면서 끈끈하게 게임 즐길수있게 해줘야 할듯 친목질이 좋은건 아닌데 이 게임은 좀 필요해보임 세계챗 일부;;정병들이랑 안엮이고 원스휴먼에 진심인 사람끼리 소통할수있게; 클랜을 서버상관없이 유지할수있게 해줘야함;; 초기화때 같이 클랜도 초기화되는게 너무 얼탱이없음 클랜하우스라던지 그런거좀 넣어줬으면... 이터널랜드처럼 클랜전용월드 해주면 좋을듯함. 컨텐츠가 부족하긴한데 7월에 출시한 게임치고 게임 잘나왔고 무료라 진입장벽도 낮고 다 좋아요. 더더 빠르게 컨텐츠 출시되길 바랍니다 ㅠㅠ.. pvp 설원 따로 분리하지말고  기존맵에 +pvp구역 +설원 걍 다 넣는게 나을듯.. 따로따로 하는게 더 별론거같음.. 서버렉때문인건지;
2139460,1,초보분들은 초반에 절대 하우징에 손대지 마십시오... 마약수준의 중독성입니다
2139460,0,개 망겜 키워 놓으니까 시즌 바뀌면서 다 날아가노 ㅋㅋ
2139460,1,재밌다.   허겁지겁 게임하다보면 어느순간 게임이 물린다.  결국 리셋할때 많이들 나가 떨어진다.
2139460,1,GooooooooooooooooooooD!!!!!!!!!!!!!
2139460,1,"추천의 이유 1. 오픈월드, 감염물(펫), 탈것, 총(현실 총기), 샌드박스, 좀비, 레이드, 팀플레이... 걍 다 때려박음 우리가 솔직히 뷔페를 가는 이유는 '퀄리티가 개쩐다!' 라는 기분보다는 '여러가지 맛 동시에 즐길 수 있다!'라는 점을 들 것이고, 그에 상응하는 돈도 내는 것이다. 게임도 같다. 펠월드에서 증명했듯이 섞어만든 게임은 충분히 재밋을 수 있다.(그 색체를 담는게 중요할 것이다.) 이미 우리는 게임역사들을 통해 어떤 양식과 어떤 방식이 재밋는 게임인지를 알고 있으니 당연히 이를 조화롭게 만드는 것은 어떻게 보면 '궁극의 게임'을 만드는 중요한 요소가 될 것이다.(기술적인 제한점을 차치한다면)  2. 불편한 샌드박스 요소를 최소화하고 전투를 최적화 솔직히 샌드박스류 게임을 하게되면 불만은 샌드박스도, 전투도 애매해지는 구간이 있다는 것이다. 특히 크래프팅이 있다면 더더욱. 크래프팅과 전투의 보상을 어떻게 적절하게 섞느냐는 문제는 항상 존재한다. 하지만 이 게임에서는 현명하게 이를 해결한 셈이다. 설계도라는 개념과 모듈이라는 전투에서만 파밍 가능한 요소, 그리고 크래프팅이라는 샌드박스의 연장선까지 제시해주었다. 이런 방식은 머리 속에서만 생각했었는데 그것을 현실에서 보니 반가울 지경.  3. 비주얼 펠월드와 마찬가지로 그 색체가 명확하다. 솔직히 퍼스트 디센던트와 동시에 나왔지만 퍼디의 경우 강한 '데스티니 가디언즈', '디비전', '워프레임'의 향기를 끈임없이 느끼었다. 게임 플레이가 비슷해서? 그런 이유라면 도타와 롤이 양립할 수 있겠는가? 바로 비주얼적 요소이다. 디비전은 차치하고 우선 데가와 워프레임의 향기는 도통 지울 수가 없었다. 그에 반해 원스휴먼은 확실히 비주얼적으로 구분이 확실히 된다는 느낌을 받았다. SCP적 요소가 가미되었지만 이런 류의 게임으로 만들어진적이 없으니 확실히 비주얼적으로 떠오르는 것이 없었다.(향기가 안났다는 말) 이게 큰 장점인가? 싶지만 우리는 게임으로 '새로운 것'을 경험하고자 하는 의지가 강하다. 당연히 늘 해왔던 게임 맛이 나면 '에이, 뭐야 그거 잖아?'라면서 쉽게 이탈하게 된다. 아마 퍼디가 그럴것이다. 그런데 원스휴먼은 그 점에서는 꽤나 좋았다.   장점 끝났다 팹시다. 1. 컨텐츠 부족 주마다 단계별로 열리는 방식은 신박한 방식임은 맞지만 생각보다 금방 성장하는 게임 특성상 금방 컨텐츠가 박살난다. 앞선 2번의 크래프팅과 전투의 양립을 지킨 방식이 오히려 독이 되어 크래프팅으로 커퍼치거나 전투로 커버처버려서 서로 커버를 치면서 상승하다보면 결국 금방 컨텐츠를 소모해버리는 문제를 발생시킨다. 그리고 게임에서 컨텐츠 부족은 그야말로 '독'이다.  2. 미완성 샌드박스 아마 건물 몇번 만들어본사람은 이해할 것이다. 진짜 존나 원하는데로 안만들어진다. 이리 붙이고 저리 붙이고 해야하는데 각도도 안나오고 지 멋대로 움직인다. 솔직히 멋지게 만들고 싶다가도 마음대로 조작이 안되어서 다 때려치고 싶어진다.  3. 미완성 컨텐츠들 컨텐츠가 적은것도 적은건데 위 크래프팅과 마찬가지로 미완성된 모습의 컨텐츠들이 사방에 퍼져있다. 뭔가 깊게 들어갈 요소가 없다는 것이다. 전투, 요리, 낚시, 채광, 벌목, 건물, 이벤트 등등 깊이감이 전혀 안느껴진다. 결국 그 안에 반복적 요소만 있을 뿐이다. 그리고 불편함을 없애려고 하다보니 이 모든 것이 더더욱 깊이감이 없어보이게 만든다. 그렇다고 불편하게 만들면 그게 깊이감보다는 불편함만 늘릴테니 이에 대해서 좀 더 깊이감을 늘릴, 다회차를 하도록 만들 필요가 있다.  4. 다회차를 추구하지만 다회차를 할 의지는 안생긴다. 123을 전부 합쳐서 결국 다회차를 유도를 할려는 건지 말려는건지 모르겠다는 말을 하고 싶다. 결국 다회차는 설계도 파밍만 남는 것 같은데 이러면 다 만들고 뭘 해야할지 모르겠다. 그냥 강해지는 것이 목표인가? 강해져서 무언가를 하고 싶어지는데 그럼 결국 PVP나 조지라는 것인가? PVP가 재밋는 게임이라면 차라리 배그를 하지 이 게임을 할 이유는 더더욱 없다. 원스휴먼의 색상을 지키고 싶다면 그 색상을 강하게 만들어야 한다. 다회차를 늘릴 것은 앞서 말한 깊이 없는 태그들의 마스터리 레벨을 만들거나, 매번 시즌마다 갈이되는 세상에서 남들보다 앞설 수 있는 소소한 수치 업, 조금씩 강해질 수 있는 잠재력을 부여하는 등 방법은 많다.  5. 중국겜이라 그런지 번역... 번역 시발...."
2139460,1,"뇌빼고 현질까지 해가면서 프리패스도 지르고 했는데, 지른게 좀 후회된다. 이렇게 빨리 질릴줄알았으면 안했는데. 너무 빠르게 스피드런 처럼 달리면서 엔드까지 뛰어서 이제 도파민이 안나온다. 세팅도 어차피 메인 다밀고 자기 맞는거로 끼던, 시즌에 맞는 무기에 극대화세팅을 끼던 하면됨. 어차피 메인에서 뉴비 절단 40~60%는 빠져나간다고 보면됨."
2139460,1,개 재밌는데 좀 정신 없긴 함.. 오픈월드 특징이라 소소한듯
2139460,0,너무어려움 ㅠ 가이드가 있었으면 좋겠는데 그런게 없어 ㅠ
2139460,1,약300시간 플레이한 유저 입니다 저는 워낙 노가다게임이나 MMORPG 게임들을 즐겨하는 사람이라 그런지 정말 재미있게 플레이 하고 있습니다 다만 처음 시작하는 유저라면 어려울 수 도 있는 부분이 있다고 생각해서 유튜브나 다른 사이트에 공략? 글 같은 것 들을 한번씩 보고 하는것도 좋다고 생각합니다 정말 강추 합니드앙
2139460,1,가끔씩 초기화가 돼기는 하는데 그거 초기화 안할수 있어서 좋고 계속 이벤트하니까 감염체도 쉽게 얻을 수 있어서 좋습니다
2139460,0,오류 많고 버그많고 컨텐츠 없고 별로 추천하고싶지않아요
2139460,1,생각보다 꽤 꿀잼이네요 팰월드 디스토피아 버젼가틈 ㅋㅋ
2139460,0,"평화롭게 집 짓고 던전 돌고 농사 짓고 하는거 좋아하면 추천한다. PvP는 선택적 PvP 라서 서로간의 동의하에 싸우는 평화로운 방식이라 유저들간의 싸움을 좋아하는 사람에게는 비추천이다.  이미 번역, 최적화, 서버렉 등 여러 문제가 있지만 조작감이 가장 구렸다. 적응하면 쉽다지만.. 적응할 때 까지 버틸 수가 없었다."
2139460,0,겜생을 비상계엄보다 짧게 살아봤어도 이미 다 해본 것들 잘 섞은게 아니라 걍 얹어놓음
2139460,1,찍먹으로 두시즌 해본결과 재미짐 하드모드를 추천함 어려워야 잼씀 ㅇ
2139460,1,"아무것도 없는 곳에서 깨어나 부족한 식량과 괴물로 가득한 자연의 잔혹함에 대비해야 합니다. 스타더스트의 영향력은 생물에 국한되지 않고 토양과 물까지 변화시켰습니다. 오염된 음식을 먹고 더러운 물을 마시면 이성치가 감소하는데, 이에 따라 최대 HP가 줄어듭니다. 먹느냐 마느냐... 그것이 문제입니다"
2139460,1,꽤 할만은 하지만 처음 하는 사람은 게임에 적응하는데 4-5일은 걸릴 듯. 여러 게임에서 카피한 다양한? 시스템이 많아서 적응에 시간이 좀 걸리나 무료 게임  치고는 매우 훌륭한 그래픽과 시스템을 보여주는 게임.
2139460,1,"9.1/10 오픈월드 생존게임을 좋아하는 나에겐 취향 저격인 게임. 맵 이곳저곳을 탐험하고 포탈을 찍고 숨겨진 보물을 찾는 등 유비식 오픈월드의 느낌이 강함.  오픈월드라는 장르를 두고 보더라도 다른 게임의 장점들을 많이 가져와서 유저의 편의성을 많이 신경 쓴 느낌 무엇보다 게임이 무료이면서도 과금유도가 없는 점도 장점이다 반면에 단점은 중국게임이라 그런지 번역이 엉망인 부분이 있고, 최적화도 좋지 않은 것 같다. 그래도 충분히 개선의 여지가 있어서 이 게임은 한마디로 ’잘 비벼진 비빔밥‘"
2139460,1,한번만 해보면 계속하다가 할 것이 없어지면 시즌 종료 티켓으로 새롭게 시작 ㅎㅎㅎㅎ
2139460,1,"할 수 있는건 많은데 게임의 깊이가 아쉽다.  건축, 생존, 생활스킬, 좀비사냥, 파밍, 협동플레이 등 컨텐츠는 많은데 하나하나가 딥하진 않다. 하긴 이렇게 여러가지 하는데 각각의 난이도가 너무 높으면 게임이 너무 어려울 수도 있으니까 그렇겠지  여러가지 섞인데다 무료게임이라 친구들과 함께 처음 시작한다면, 충분히 재미있게 즐길 수 있는 게임이라고 생각한다.  건축은 일단 설비랑 창고만 적당히 지어둔 후에 포탈찍고 마을 내에 상자를 파밍하며 퀘스트를 깼는데, 맵은 상당히 넓고 그런식의 마을+포탈이 많다.. 근데 이게 엄청 반복적으로 느껴진다.  레벨업이 독특하다. 좀비를 잡아서 할 수도 있는데 육포 만드는 등 채집 생산 진척도로도 올라간다  이 게임을 하다보니 다른게임 생각이 많이 났는데 건축은 심즈, 생활스킬은 마비노기, 루트슈터는 보더랜드, 좀비사냥은 데드아일랜드, 협?동게임은 ??? 나에게 이 게임은 다른 게임이 생각나게 만들어주는 게임불감증을 해결해준 고마운 친구다.  일단 나랑은 안 맞아..."
2139460,1,한시즌 정도만 하고 만렙정도만 찍고 그만둘줄 알았는데 다음 시즌도 해볼예정
2139460,0,"좋은 그래픽과 좋은 게임성 하지만 반복되는 렉 과 버그  그리고 컨텐츠 부족"
2139460,1,"4시즌 플레이 해본 결과. 처음 플레이할땐 몰입도가 장난이 아니었음. 은근 쫄깃한 맛도 있고, 좀비들 피해서 몰래 상자깔때 심장이 두근거리기도 했음. 첨엔 서브미션 깨러다니는 재미가 쏠쏠함. 약 100시간정도는 잠도 안자고 했던것같음.  미션도 깨야하지, 농사도 지어야하지, 파밍도 해야하지, 가구런도 돌아야하지, 제어기 털어야하고 모듈작도 해야하고 할게 너무많아서 입이 불어 터지도록 했었던..간만에 재밌게 한 게임   그러나 2번째 시즌이 되자 이제 좀 적응이 되었는데 레벨1부터 다시 시작해야해서 처음부터 다시하는 느낌이 들어서 또 새로웠지만, 3~4일지나면 곧 적응이 끝나고.. 모듈도 슬슬 끝나가고, 제어기 다 털고나면 할게없어짐. 3시즌에 설산을 선택하는바람에 정말 이게 뭔가?싶은 어이없는 나날을 보내고 다시 4시즌에 터치오브스카이로 돌아왔을땐, 같은걸 여러번 반복하고 있는것이 너무 지겹고 제어기를 털어야겠다는 의욕마저 줄어서 게임에 접속을 안하게되는 지경에 이르름..  시즌이 거듭될수록 사람들은 여기저기서 뭉쳐지며 친목이 과해지거나& 장사꾼(사기꾼)들이 판을 치거나 하는 것들또한 스트레스의 일부로 다가왔음. 시즌이 점점 거듭되면서 이런부분은 더욱 심해질것으로 예상되어 앞으로의 원스휴먼이 기대가 되지 않음  시즌제보다는 점점 맵의 크기를 넓혀가며 레벨링을 좀 더 어렵게해서 만렙이 150 > 200 이런식으로 늘리고 새로운 퀘스트를 추가하는 방식이었으면 어땠을까 싶음.   무료게임인 것 치곤 중독성이 있는것은 반박할 수 없음 그러나 컨텐츠의 한계성, 같은것들이 계속 반복됨, 모듈작이 끝나고 무기6성 찍고나면 새로운 캐릭터를 처음부터 키우는거말곤 목표의식이 사라져버리기에 곧 지루해지는 시기가 찾아오면 다음 새 시나리오가 뜰때까진 잠시 게임을 접는게 가장 좋은 방법인듯함"
2139460,0,"I reported Cheater in the game, but Cheater didn't think about catching him and took 30 days to chat I just told you not to use Cheater?  핵쟁이에게 핵쓰지말라고했을뿐인데? 채팅30일걸리고 신고해도 안잡고 일주일째 놀고있네? 똑같은 패턴으로 There was someone who used Cheater and Auto program, so I reported it I just told you not to use it, but the chat limit takes 30 days? The game company is just defending that it's the same Chinese after all, and the game company is absolutely sitting on the sidelines because it's the same Chinese, whether it's using eater, trafficking, or ruining the game?"
2139460,1,"인생갓겜...  생존 + RPG + FPS   총겜은 하고싶은데, 사람들이랑 할려니 실력도안되고, 죽어서 기다리는시간이 너무 지루하고 하시는분들에게 추천! 기다리던분들에겐 최고의 게임일지도!"
2139460,0,서버 초기화 되기전까지만 재밌는게임 했던거 또하고또하고또하고또하고  꾸준히 파밍하는거면 모르겟는데 1부터 다시하는걸 계속 반복해야함
2139460,0,하다가 잠시 접었는데 그 기간이 1개월도 되지 않았음. 근데 내 집이 사라졌는데 내가 만들었던 집 모양 그대로 다시 내가 원하는곳에 놓는 거였음. 하지만 난 집을 절벽에 지어서 그때 그 모양으로 지을수 없어서 화났음
2139460,0,애미가 유곽출신인 짱개들이 만든게임 돈과 시간을 환불받을 수 있다면 영혼이라도 팔겠어
2139460,1,무료라서 친구랑 하기 부담스럽진 않은데 용량이 좀 큼 친구가 컴을 형제랑 써서 용량이 적은편이라 같이 못함 ㅋㅋ
2139460,1,"생존, 코옵슈터, 루트슈터를 좋아하고, 할 게임이 없어서 절박한 상태인 사람이라면 이 글을 읽지 말고 당장 다운로드. 어차피 무료임.  -----------------------------------------------------------------------------------------------------------------------------------  시즌제 게임이다. 딱 1시즌까지는 재미있다. 그 이후로는 사실상 매몰된 시간 때문에 유저가 기대컨을 해가며 억지로 게임을 붙잡고 있는 것에 가깝다. 게임의 포텐셜은 크게 세개로 나눌 수 있다.   1. 생존   돈스타브, 러스트 등 유명한 생존 게임에서 차용한 장르적 요소는 다 가지고 있다. 더위, 추위, 배고픔, 목마름, 정신력, 재료의 조합, 스킬트리, 거주지를 위협하는 불가항력의 존재, 농사, 수렵, 낚시, 하우징 등등... 그러나 다른 게임을 미친 듯이 카피했음에도 불구하고 그 깊이는 이루 말할 수 없이 얕다. 이는 구조적인 문제에서 기인한다. 게임 자체가 루트슈터/코옵슈터 타겟층도 동시에 공략하려고 들다보니 생존의 난이도를 쉽사리 높일 수가 없는 것. 결국 생존 부문은 수려한 그래픽과 장르적 요소들을 결합해 해당 장르 매니아들이 게임을 플레이하도록 베이팅하는 역할 정도 밖에 수행하지 못 한다.  2. 루트슈터   루트슈터의 공식은 ""루팅""해서 플레이어가 ""빌드""를 짜고 ""강해지는 것""이라고 볼 수 있다. 이 게임에서 ""루팅""의 대상이 되는 것은 무기 및 방어구에 한 개씩 장착 가능한 모듈, 그리고 무기에 색깔을 부여하고 성능을 강화하는 튜닝 설계도, 그리고 장비의 성급을 강화할 수 있는 장비 설계도 조각이다.  문제는 이 모든 수집 요소들이 단순히 확률이라는 장벽에만 가로막힌 것이 아니라 시간이라는 장벽에 추가적으로 막혀 있다. 제어기와 스타크롬이라는 자원을 통해 상기 수집요소들을 파밍할 수 있는데, 한 시즌에 얻을 수 있는 제어기와 스타크롬이 한정되어 있는 것. 물론 한정된 자원을 쓴다고 해서 원하는 수집 대상을 무조건 얻을 수 있는 것도 아니고.   이러한 구조는 원하는 빌드를 원하는 수준의 강함까지 끌어올리는 과정을 지난하게 만들고, 유저는 그 과정 속에서 빌드 스왑의 재미와 특정 빌드에 커밋하는 효율성 중에 하나를 택일하도록 강제받는다. 게다가 파밍 과정이 굉장히 지난함에도 불구하고 발번역, 용어 미통일, 직관성이 떨어지는 빌드 디자인 등의 문제로 인해 유저들은 아주 큰 리스크를 감내하고 빌드를 실험해야 하며, 모바일과의 크로스 플랫폼 욕심, 그리고 떨어지는 서버 안정성 문제 및 최적화 문제로 인해 지나치게 쉽게 디자인된 pve 난이도는 새로운 빌드에 대한 유저의 욕구를 하락시켜 유저의 99.99%가 소수의 OP 빌드만 추구하는 결과를 낳았다.   3. 소셜 라이프   유저들이 월드를 공유하면서 각자의 거주지를 짓고 방문할 수 있으며, 다른 유저와 생존 필수품 및 사치품 등을 거래할 수 있다. 또한 pve 컨텐츠도 함께 즐길 수 있다. 따라서 풍부하고 깊은 인게임 소셜라이프가 존재할 것 같지만...  거주지 건설 중에는 인게임 채팅을 볼 수가 없어서 디스코드 등을 활용하지 않는 이상 소통이 차단된다. 타 유저와의 거래는 필요하지만 불편하며 게임을 깊게 이해하고 부캐까지 판 상황에서는 그 필요성이 매우 축소된다. 협동이 가능한 컨텐츠는 극소수 컨텐츠를 제외하면 놀랍게도 혼자 플레이하는게 더 효율이 ""좋다."" 세대 차이, 성격 차이, 지능 차이, 가치관 차이 등을 극복하고 어렵게 찾은 소수의 친구들과 같이 즐길 컨텐츠가 ""없다."" 당신이 애초에 게임에서 소셜 라이프를 기대하지 않는 극단적인 솔로 성향의 유저라면 이는 희소식일지 모르나, 당신이 다른 사람과 부대끼면서 MMO적인 요소를 즐기고 싶은 유저라면 매우 실망스러운 엔드컨텐츠를 마주하게 될 것이다.   4. 결론   결국 요약하면 이 게임의 문제는 양다리로 인한 커밋의 부재다. 솔로 경험과 MMO 경험 간의 어설픈 양다리. 모바일 플랫폼과 PC 플랫폼 사이의 어설픈 양다리. 하드코어 생존과 하드코어 루트슈터 및 코옵슈터 간의 양다리. 포텐셜은 충만하나 포텐셜만 충만하다. 이미 수백시간을 박은 유저로서는 개발사가 어느 한 쪽으로의 방향성을 강화하여 컨텐츠 부재를 해소하길 바라며, 오늘도 매몰된 시간을 붙잡고 기대컨을 할 뿐이다."
2139460,1,즐길만한 컨텐츠가 많아요. 다만 버그가 좀 많다는 게 단점
2139460,1,"서버럭이 너무나 심해서 문제였지만 지금은 많이 개선되어 서버렉이 없는 수준입니다. 무료게임이 아니라 3만원쯤 팔았어도 구매할것같습니다.  전 무척 재밌게 하고있네요 추천합니다."
2139460,0,달의 징조같은 새로운 시도를 하려는 태도는 좋은데 새해라고 내놓은 이벤트맵에서 파쿠르이벤트 하는데 지들이 체크포인트 없애놓고 못찍어서 클리어를 못한다던지 지도에 보물상자 표시로 갔는데 보물상자가 없다던지 스타크롬 얻으려고 영지정화로 몹들 다잡았더니 넣은 재료만 사라지고 보상이 날아가 있고 문의해도 답장이 안옴 저 파쿠르는 이벤트기간 1달동안 난 체크포인트가 안떠서 못깼음
2139460,0,재미는 있는데 개인정보를 너무 요구하네 짱깨새끼들이..
2139460,1,무료 게임 치고 진짜 재밌음. 개인적으로 3만원에 팔아도 사서 할 듯
2139460,0,"게임 문제인지 핵을 허용하는지 2중 3중 다중 벽 악용이 판치는 좆망게 다들 하지마셈 pvp 썹 만들고 이지랄 ㅋㅋㅋㅋㅋㅋㅋㅋㅋㅋㅋㅋㅋㅋㅋㅋㅋㅋㅋㅋㅋㅋㅋㅋㅋㅋㅋㅋㅋㅋㅋㅋㅋㅋㅋ 그냥 핵을 대놓고 써도 아몰랑 입니다  It's a stupid game that's full of nukes. It also uses nukes to build a house with double or triple walls. It also allows the game company to pretend it doesn't know"
2139460,1,"생존게임 중 도파민 고점이 높은편은 아니지만 꾸준한 도파민 보장되는 웰메이드생존게임 도파민고점 : 프좀>돈스타브=산소미포함>아크서바>러스트=원스휴먼>스타듀 꾸준도파민 : 원스휴먼=프좀>돈스타브=아크서바=러스트>산소미포함>스타듀"
2139460,1,"재밌고 잘만든 루터슈터 게임인데,  할꼐 너무너무 많고 취향도 쎼게 갈릴게임, 그래도 재밌게 했음"
2139460,1,재밌는데 바쁘다 바빠 현대사회인에게는 너무 숨찬 게임이다 거의 한달에 한번 리셋이 되는데 일이 개바쁘고 주말 출근 몇번 당하면 즐기기도 전에 엥? 우리 샷따 내리는디유? 당해버린다... 즐길시간이 많은 분들은 재밌게 할 것 같다.ㅠ
2139460,1,너무 재미있어요 유료로 돌아가기 전에 꼭 다운받고 게임하세요 ㅎㅎ
2139460,0,접속이 안된다. 플레이를 할 수 가 없어 평가를 못하겠다... 그냥 지움... ㅂㅂ
2139460,0,"이제 한 곳 빼고 맵 다열었는데 짜치기 시작함. 전투는 이제 좀 그나마 죽을 수 있는 난이도까지 왔는데  그냥 총쏘는 거야 똑같고, 스토리 그냥 뭐 딱 봐도 배신할 여자애가 배신합니다~ 하는거야 없는거나 마찬가지니  근데 이게... 결국 딱 봐도 던젼돌고 레이드 해야 되는게 보이는데... 사람을 너무 요구함 강제로 어울려라~~ 하는 시점 부터 아 이거 온라인이었지 하고 접을 수 밖에 없었음. 진드감치 하고 싶은데 다른 사람 모아야 되고   이제 슬슬 폐지 주우라고 해서 접습니다.   스토리 보겠다는 사람 -> 비추 스토리 없는거나 마찬가지임  사람과 어울려서 던젼도는거 하고 싶은 사람 -> 난이도는 없는데 뭐 돌아가긴 하는 거 같음   정갈한 UI 좋아하는 사람 -> 절대 하지 마셈 존나 두서없고 그냥 막섞어 놓은데다가 도대체 뭘 우선적으로 해야 되는지 알 수가 없음  그나마 하우징이 좀 재밌는데 정유시설부터 짜치니까 더 갈 이유가 없네용 하차합니다. 재밌게 하세요.  배틀패스 안질러서 다행이다"
2139460,1,생존 + 크래프팅 + 건설 + 오픈 월드 어드벤처 게임.
2139460,1,"초반 신작 뽕에 취해있다 대깨하고 정신차렸더니 좀비 펠월드 그 이상 그 이하도 아님   친구 많으면 한번쯤 시간버리기용으로 괜찮음"
2139460,1,"재밌습니다 하지만 경제이 없다시피 적고 pvp가 좀 더 pvp스럽게 바뀌었으면 좋겠습니다 클랜끼리 전쟁을 한다던가  pvp면 좀 더 경제력있고 난이도가 높아 싸움에 요소들이 많았으면 좋겠습니다"
2139460,1,파밍하고 몬스터 잡으면서 던전 돌고 그걸로 무기 만들고 건축하면서 퀘스트 깨면서 보스잡고
2139460,0,하우징 시스템은 완벽하고 컨셉도 좋은데 전투 액션이 진짜 너무 재미없음
2139460,1,최적화도 잘된편이고  사운드도 좋고 조작감이나 인터페이스는 어디선가 본듯하지만 그래서 더 편하게 느껴지는듯 필요없지만 뭐라도 결제해야겠다 싶을정도
2139460,1,취향에 맞으면 굉장히 재밌게 할 수 있는 게임이에요 크래프팅 가능한 게임중에서 압도적인 편의성을 자랑하지 않나 싶네요
2139460,1,아직 성장중인 게임이라생각하지만 몇년간 해본게임중 가장 갓겜
2139460,1,재밌음 시즌제인데 마냥 완전 초기화는 아니여서 그것도 맘에들고 시나리오 따라서 컨셉도 달라서 좋은것같음
2139460,1,"아포칼립스 게임 장르로 생존 무기 업글 장르 컨셉 완성도가 높음 아직 버그가 많아서 게임 플레이가 불편하고 게임런처 오류등 치명적인 오류도 존재 잘 수정하고 새로운 컨텐츠가 추가 되면 MMORPG 스타일의  게임이 될 것 같음 디아블로식 난이도 단계별 파밍 노가다가 강하지만 재미있음"
2139460,1,같은 컨텐츠 반복이라 금방 질리게댐  처음 시작하고 서버 유지 기간동안은 재미있음
2139460,0,접속이 안되 똥겜이 사람도 얼마 없으면서 가입자수가 많아서  서버 접속할수없다네 ㅈㄹ하네진짜
2139460,1,확실히 잘 만든 게임임 이건 인정(서버렉만 좀 어떻게 고쳐줘 좀..)
2139460,1,할게 너무 많음. 이게 장점이자 단점인데 장비 좋은거로 맞춰놓으면 포인트로 다음 시즌에서도 사용 가능. 단 5티어는 포인트가 많이 들어가서 1개 밖에 못 들고감;
2139460,0,"좆목 심함  트롤 안잡음 혐사꾼 존나많음 컨텐츠 던전 뻉이 반복"
2139460,1,"플탐이 짧고 엔드 컨텐츠가 적은게 단점이지만 나같이 광적으로 퀘스트 미는 미친놈한테는 매우 만족스러운 듯 오픈 월드 좋아하면 일단 추천"
2139460,0,이겜 깔고 겜하다가 이상한 바이러스 걸리고 스팀해킹당하고 -짱-당했음 다시는 안함
2139460,1,나비를 보관함에 넣었는데 꺼내래 꺼내래서 꺼냈는데 넣으래 누나야 선생이야 급으로 ㅁㄸ겟음 어떻게 튜토에서부터 오류가 날 수가 있지 중국산겜 개붐따pp
2139460,1,최적화 구리고 버그 많고 엔드 컨텐츠도 너무 빨리 봤던겜인데 지금 보니 패치가 꽤 나옴.. 하지만 전의 컨텐츠 깊이가 너무 없었던 기억 때문에 다시 진입하기 뭔가 좀... 시즌제인것도 다시 진입하기 애매하게 느껴짐.
2139460,1,"게임 잘 만들었네요 1.6시간 했는데, 상황 파악이 되네요. 노가다 해야 할 것들이 태산 같이 느껴집니다. v라이징에 100배 정도? 이런 게임 좋아하고 오래할 게임 찾는 분은 재밌을 듯함. 재미는 있는데 시작하지 않으려고요 ㅎ"
2139460,1,"왠만한 생존게임 다 해봤다면 이것저것 다 섞은 짬뽕맛이지만, 무료인데다 정보도 많이 풀려서 조금만 찾아봐도 처음하는 사람도 접하기 어렵지 않음 친구들이랑도 같이하기에 괜찮은 게임임 사냥, 파밍, 하우징, 농사, 요리 등 본인이 하고 싶은거 하면 됨"
2139460,1,"편의성이나 최적화 같은 부분에서 매우 불편하나, 무료 게임 치고 콘텐츠가 괜찮음."
2139460,1,무료게임... 이니깐 하는거지 솔직히 중국산 에임 가면갈수록 짜증나요... 초반부는 뭣도모르고 재미있었는데 후반부가면 갈수록 불편한것만 자꾸 보이기 시작해서 컨텐츠 다보고나면 의욕이... 그래도... 무료인거 인지하고 한다면 할만합니다.
2139460,1,초반에 커스터마이징 가져오기 자체가 안되요 ㅠㅠ 게임 시작할려다가 버그때매 하지도 못하고 지웠네요 ㅠㅠ
2139460,1,"넥슨,넷마블,엔씨 등은 중국게임만드는것좀 보고배우자.. 맨날 확률뽑기만 혈안되있으니 무료중국겜만도 못하지지"
2139460,1,중국게임이라는 편견을 버리고 지금 나온 게임들중에 유저 피드백도 빠르고 맛있게 짬뽕으로 잘 만든 게임이다 친구들과 함께하면 더 잼있지만 혼자 해도 잼있게 할수있다
2139460,1,"생각보다 할만하고 잘만든게임입니다..한백시간정도  ,,,,,,,"
2139460,1,"재밌고 잘만들긴했는데, 공짜겜이라 그런지 후반부 어거지 메메틱 들어가면서 루즈해지는거 같아서, 메메틱 하면서 환생할빠에 다른겜 하는게 더 좋고 재밌는 경험 쌓을거 같아서 적당히 스토리 보고 뺌.  물론 게임은 공짜가 아쉬울정도로 잘만들었고 재밌게 할수있었음."
2139460,1,해보시면 일단 상상력 풍푸하게 잘되어있고 친절한 편이에여 스토리가 여러개있다고 생각하면 편한데 그걸 다른 사람들과 그세계에서 같이 하는거임 엘든링인데 아폴칼립스? 좋습니다.
2139460,1,무료라길래 반신반의 하는 마음으로 다운 받았는데.. 와 이걸 무료로 하고 있다는게 정말 감사할 정도네요.. 정말 재미있게 하고있습니당
2139460,1,"무료인데 이정도 퀄리티를?  400시간 넘게 플레이 했는데 아직도 할게 있다 치어스"
2139460,1,"무료라고하기엔 너무 퀄리티가좋습니다. 스토리도 재미있고 집꾸미는재미가 쏠쏠합니다.  무료라면 더더욱추천 ~!!"
2139460,0,시발 장애련들 부계정 4개 처만들어서 알박기 하는 새끼들 다 죽여버리고 싶네 부계정 4개 가지고 알박기 하더만 집끼리 다 이어놓고 집안에는 영지코어 하나 박아두네 어매뒤진년
2139460,1,한 달에 한번 초기화는 진짜 개 빡세고 랜덤가챠 개 매워서 짜증나는데 묘하게 중독됨
2139460,1,은근 은근 끌림 ㅋㅋㅋㅋㅋㅋㅋㅋㅋㅋ하다보면 지루할때 껏다가 다른게임 하다보면 또 생각나서 다시킴 ㅋㅋㅋㅋㅋ 개웃긴 게임임 ㅋㅋㅋㅋ
2139460,1,게임 자체는 일반적인 무료 게임에 비해 괜찮은 편입니다.
2139460,0,일단 빨갱이 중국게임답게 개인정보 개나주고 넷이즈고 나발이고 계정삭제 안됨 ㅅㅂ
2139460,1,"재미는 있음 시나리오 2개 하니까 레파토리 비슷해서 그냥 안하게 됨 과금하면 강해짐X 과금 요소는 스킨뿐  근데 틀딱 좆목단이 서버 점령해서 하루종일 씨부리는 거 보고 있어야 함 ex. 아이고 XX형님 오셨네요 반갑습니다^^ , 설계도 이거 떴는데 좋은 건가요?(좋다고 해줄 때까지 10번 물어봄)"
2139460,1,잘 만들었는데 거래가 불편하고 세계 채팅창이 종종 역겨움
2139460,0,최적화가 너무 안 되어있고 서버도 자주 튕기며 pvp 콘텐츠가 너무 아쉬움..................... 그 외에는 다 좋아요 근데 진짜 렉이 너무 심해서 추천하라고 하면 좀 망설일듯
2139460,1,생각보다 같이 할 사람이 있다면 함께 오랫동안 즐길 수 있을만한 무난한 시스템
2139460,1,맛이 아주 좋은 짬뽕 중국 게임은 더이상 무시를 못할 수준으로 잘 섞어든다는걸 알 수 있다.
2139460,1,여러가치 요소가 잘 어우러진 포스트 아포칼립스 배경의 생존게임.
2139460,1,이것저것 잘 짬뽕시키고 이쁜 캐릭있으니 무료겜치곤 할만함
2139460,0,초보자가 입문 하기에는 문턱이 높은게임 생존겜 고수면 환영
2139460,1,렉만 심하지 않으면 좋겠는데 렉은 좀 심함 그리고 너무 무서워서 쫄보는 혼자 하지 마시고 꼭 동료를 구해서 하십쇼
2139460,1,새로 시작해서 즐기기에 이만한 게임이 없음 질리기 시작할 쯤 할 게 없는 거로 이만한 게임이 없음
2139460,1,"장점: 무료플레이, 캐릭터 스펙과 무관한 과금요소, 꾸준한 업데이트, 어느 정도 다양한 캐릭터 커스터마이징 보장 단점: 업데이트로 해결한 버그 1개 당 추가 생성된 버그 5개. 혹은 그에 준하는 렉"
2139460,1,무료에 이정도 퀄리티라면 즐겁고 가볍게 즐길 수 있지 않을까.. 리셋되는건 좀 아쉽.. 그럼 다시 해야해서;;
2139460,1,"무료게임이라고 생각한다면 충분히 할만한 이유가 되는 게임  오픈월드 생존제작 게임의 퀄리티가 괜찮은 편이고 BM은 꾸미기 요소에 한정되어 있어 과금욕구를 자극하는 편은 아닌 편 (특히 스킨 꼬라지가..) 다만 꾸미기 요소에 조금이라도 집착하게 된다면 가격이 생각보다 비싸다고 생각됨  버그와 서버렉, 아쉬운 번역 등이 발목을 잡지만 무료라는 압도적인 장점이 집입장벽을 낮춤"
2139460,0,어제 처음 들어가봤는데 서버가 전부 혼잡해서 접속이 안 돼 알고 보니 윗대가리가 서버비를 횡령해서 사건이 일어났대
2139460,1,이게 초반엔 진짜 재밌는데 렉이 좀 심하고 이게임 시스템인 반복해서 하는게 지루함..여러모로 아쉬운겜
2139460,1,무료게임이라고 이게?  진짜 너무 할게 많은 게임이라서 못하겠습니다.. 인생 조질까봐 이만..
2139460,1,"Once Human 6/10 무료 게임인데 나름 탄탄함"
2139460,1,처음엔 익숙한 맛이었지만 점점 별미로 바뀌어 가고 있다는 걸 느낌
2139460,1,"여기저기에서 음식을 가지고와서 한 그릇에 섞은 중화 비빔밥 비빔밥에 섞여있는 재료들을 보면 어디에서 가지고 왔는지 잘 보이는데 그래도 재미있다. 신경 쓸 것도 없고, 그냥 틈틈히 자기 페이스대로 할 수 있어서 편한 온라인 생존겜"
2139460,1,"후반에 가면 호러성이 떨어지지만 그래도 재밌다. 무과금도 재밌게 할 수 있고, 언젠가 마음에 드는 스킨 뜨면 과금할지도?"
2139460,0,모든 장르의 요소를 섞었지만 그래서 더 하나에 집중적이지 않는 느낌을 받았다  핵심재료가 빠진 비빔밥  컨텐츠 중 하나에 빠지려고 노력해도 모바일에서 나는 익숙한 조잡한 느낌이기에  더 하고싶은 흥미가 생기지 않는다
2139460,1,"중국겜 몇개 해본사람들은 느낄거임. 사람 갈아넣은 느낌으로 게임내에서 컨텐츠 매우 많고 재밌고 그래픽도 좋음. 아바타도 귀여움 근데 중국어 번역체 특유의 존댓말했다 반말했다 단어들 와리가리때문에 문장이 이해가 안감,  잠깐 고민하면 뭔말인지 이해가 되는데 게임 스크립트를 고민하면서 봐야함? 한두시간도 아니고 몇십시간을? 인게임에서는 하나하나 설명충처럼 열심히 설명을 하고있음 근데 이해가 안감 스토리마저도... 얼추 수박겉핥기식 이해는 가능 초보자 서버에서 시작했는데 첫날 뉴비들 다 게임 이해를 못해서 이게임 친구랑 어떻게 만나나요?질문 5초에 한번씩 올라옴. 월드챗 고인물들도 질문공세 대답해주다 지쳐 흑화해서 이정도면 검색해서 찾아보셈 이러고있었음 게임 재미는있어서 50시간정도 해봤는데 아직도 게임 이해못함 근데 시즌이 끝난다함ㅋㅋㅋㅋ 공략없이 혼자 하고싶은사람들에게는 비극적인 게임. 마을마다 보물상자 어딨는지 고인물들이 쪽지로 하나하나 써놓음.(ex.여기서 몇시방향으로 꺾어서 그 건물 2층 가세요. 동상 어디방향으로 돌리면 상자나옴. 갑자기 몬스터 튀어나오니 주의하세요 등등) 그거 없으면 초반에는 게임진행이 안됨....정말재밌는데....다음서버 시작하기는 망설여짐...   요약:공략 찾아보면서 제깍제깍 따라갈수있는 시간많은사람은 재밌게 즐기기 가능함"
2139460,1,중국게임이라 기대안하고 했는데 생각보다 갓겜 시간 살살 녹죠
2139460,1,"인생에서 해보지 않으면 후회할게임 BEST 1 압도적인 그래픽, 압도적인 디테일, 훌륭한 컨텐츠.. 한국게임사는 원스휴먼을 보고 배워라"
2139460,1,"무료겜이고 퀄리티도 좋아서 일단 추천!  단점 - 친구 필요함 혼자 하면 너무 고독하고 외롭고 쓸쓸하기때문 나처럼 공포겜 잘 못하는 사람은 옆에 반드시 토템(친구) 있어야됨.  - 시즌제임 이 겜은 6주였나? 10주였나.. 암튼 특정 주차끝나면 초기화됨.. 기존에 하던 맵에서 다시 첨부터 키우거나, 아님 다른 맵(설산지역?) 가서 첨부터 키우거나.. 나는 이게 이해가 안가서 공략 여러개 한참 찾아봄;;  - 질림 초반에는 재밌어서 게임하느라 밤도 새고 그랬는데 5주차 지나면서부터 진짜 할게없음ㅋㅋㅋ 접속해서 작물 심고, 농장에 밥주고 집에서 점프점프점프 하다가 끔... 진짜임 ㅋㅋㅋㅋ.....  재미는 ㅣ있는데요... 잘 모르겠습니다. 그래도 아무튼 공짜니까! 메타여러분 츄라이츄라이!!"
2139460,1,진짜 친구들이랑 같이 하기에 좋긴 한데 한달마다 초기화 되는거 어케 좀 바꿔주시면 안되나요 ㅌㅌ
2139460,1,옵치만 10년하다가 넘어와서 정말 재밌는 무료게임인데 개인정보 누출 논란만 확실하게 잡으면 한국유저들 평가가 좋을듯
2139460,1,참 여러가지 자유롭게 플레이 할 수 있다는점이 좋았습니다.
2139460,1,다 좋은데 그 컷신이랑 모션이 맨날 1100원 3300원에 세일 하는 짜바리게임같음
2139460,0,"수집과 생활 스킬에 주안점을 둔 템포 느린 배그? 또는 전투 비중이 높은 마인크래프트? 같은 느낌이라고 할 수 있다.  전투나 생산스킬 올리는 부분이 생각보다 재미는 있는데, 맵 디자인에 복붙이 심하다. 똑같은 구성, 똑같은 형태의 건물을 볼때마다 '또 이거?' 라는 생각이 든다. 내가 맵을 돌아다니면서 탐험을 하며 서브퀘스트를 수행하는 까닭은 그 과정에서 소소하게 달라지는 새로운 경험을 느끼기 위한 것인데, 건물 복붙에 심지어 상자나 아이템 위치도 똑같아서 탐험에 대한 욕구가 뚝뚝 떨어짐  그래서 나와 같은 생각으로 게임을 하는 사람이라면 별로 추천하고싶진 않다."
2139460,1,"개인정보 누출 문제로 걱정을 많이했지만 해결방법이 있어 해봤는데 정말 재밌습니다."
2139460,1,리셋이 겜 할 맛 안나게함. 느긋하게 캐쥬얼하게 하고 싶은데  이러나 저러나 어차피 리셋이라 딱히 동기부여도 안오고  다음시즌 넘기는 템도 딱히 얻고 싶은 맘도 안듦
2139460,1,"멀티 플레이가 가능해서 친구들과 같이 즐기기 좋습니다. 또한 솔로 플레이를 하기에도 전혀 문제가 없어서 좋아요."
2139460,1,"완성도가 90% 이상인 게임. 메일 하지만 지겨운 부분도 없고 재미 있습니다. 하지만 약간의 버그가 있는데 고쳐지지 않는 부분은 조금 아쉽네요."
2139460,1,십선비 같은 위선자들 많음 ㅋㅋㅋㅋ 장난질 치려면은 노말섭 가지마라 마녀사냥 오진다
2139460,1,"할게 ㅈㄴ 드럽게많음 무기 설개도강화해야되고 장비설계강화해야되고 모듈 강화하고, 파밍하고,  합성도해야되고 재료노가다도 해야되고 감염물도 잡아야 하고  보스도 잡아야 하고 그 외에도 할게 많아서 중간에 그만둠 결론은 시간이 드럽게 넘치다 못해 쏟아지는 사람이면 추천함"
2139460,1,생존형 아포칼립스 게임인데 나름 재밌네요. 팰월드랑은 전혀 다른 느낌이긴 한데.. 감염물이 생각보다 괜찮은게 많이 있는듯 하고..
2139460,0,게임은 잘만들었지만 이걸 정말 플레이 하라고 만든건가 싶을 정도의 서버렉이 모든 장점을 다 말아먹음.  실시간으로 마인크래프트수준의 그래픽으로 내려가고 로딩이 느려서 파밍 물품과 적이 투명드래곤이 되어 보이지 않으며 해외서버 150핑 300핑이 선녀로 보이는 단계까지 오게 만듬  총알이 후불제 형식 데미지 판정으로 3초 후 박히거나 씹혀서 자동연사 화기류 쓰는걸 꺼리게 만드는 놀라움을 자아냄  이게 계속 유지된다면 게임 업데이트고 이벤트고 나발이고 먼저 망하게 될정도의 서버렉임  여러모로 놀라워서 비추를 다시 줌 ㅅㅂ 하겠다면 말리진 않겠지만 본인의 컴퓨터 성능을 의심하거나 신체기관마저 렉걸리는 경험을 하게될것임  렉 답없다 진심이다 게임 자체가 진행을 할 수가없네
2139460,1,무료게임 치고는 정말 재밌는데 아직  최적화가 하나도 안되어있어서 렉이 심함
2139460,1,"말그대로 똥속의 진주 같은존재! 그 누구도 기대하지 않은 중국의 넷이즈에서 만들어낸 좋은작품! 그냥 지금처럼만 간다면 문제없겟는데... 한국의 3N사 같은 강화템이나 게임내 벨런스 붕괴 가챠템만 안만들면 탄탄대로인 게임임."
2139460,1,내가 느끼기엔 DAYZ + 포레스트 + 디비젼 + 다잉라이트 + 시크릿월드(고전게임으로 매니아만 알껄?) + 젤다의 전설 + 몬스터헌터  등등    각 요소들을 다 집어넣은 오픈월드 복합 게임  그런데 이 정도면 무료 치고 갓겜 아니뇨?
2139460,1,"어설픈 부분도 많지만 중국산 게임에대한 거부감이 약간은 줄어든게임 나름 재미있음 절대 쉬움서버 가지말고 보통 이상으로 가자 쉬움은 너무 졸림"
2139460,1,"게임도 재미있고, 스킨도 구려서 과금안해도 되는 장점이 있음"
2139460,1,"유료라도 했을 것 같음 노가다(자원채굴)등이 사람이 짜증나거나 싫증나지 않을 정도라 좋음"
2139460,1,기다림... 기다림... 기다림... 기다림... 기다림... 기다림... 반복... 기다림... 반복...
2139460,0,친구없는 찐따라서 lea 연구소 혼자 돌아보려다 메인 퀘스트도 못 밀고 그냥 접습니다 유산스카빌드에 모듈도 다 따라해봤지만 유튜버들이 뭐 중요한건 얘기 안해주니까 맨땅에 헤딩이나 다름없어요
2139460,1,"나쁘지 않고 좀비 아포칼립스물좋아하면 추천 자잘한 렉과 가끔 튕기고 난 분명 폭탄 던젔는데 딜 안들어 가고 설명도 불친절하고 번역은 파파고 돌렸고 쓰래기 같지만 괜찮음"
2139460,1,"루터 장르 좋아하면 해보는 걸 추천  최적화 잘됨  단점 : 가끔 서버가 아픔 / 위치렉..."
2139460,1,생각보다 재미있음 그리고 개인정보 취합이슈만 없었으면 더 인기 가 있었을듯 함
2139460,1,"간혹 버그나 렉이 억까를 하지만, 그럼에도 재미있어서 못접고 있는중."
2139460,1,"일반 RPG 장르에서 보기 힘든 도전적인 시스템, 어디선가 봤었던 것 같은 소재의 컨텐츠들. 첫 시즌 플레이시에는 밤을 새가며 플레이했지만, 무언가 질리는 맛."
2139460,1,"팰월드, 다잉라이트2, 배틀그라운드(?) 등 여타 게임 에서 느꺼던, 파밍과 파쿠르, 낙하모션등 짬뽕 기믹이 있지만 무료 게임치곤 나쁘진 않다고 느끼고, 현재도 게임을 즐기고 있음. 단 시작시 케릭 선택은 여자로 선택을 해야 한다는점임, 유료 아바타를 안입히고 하겠다면 굳이 여자케릭 안해도 댐. 현실 반영 요소가 있다보니 뚱보와 홀쭐이는 피해야댐."
2139460,1,1회차 - 재밌긴한데 친구랑 같이해야 좋을듯? 그리고 커마가 좋나 어려움  복귀 이후 - 똑같은거 하려니까 노잼임..
2139460,1,"게임은 재밌는데 중간중간 짜치는연출이 몰입을 박살냄. 렉이 좀 심하고, 인터페이스가 구리지만 그래도 게임은 할만함.."
2139460,0,오픈월드 게임 처돌이지만 이 게임은 뭔가... 뭔가 매력이 없음 무엇보다 길 찾는게 너무 불친절해서 빡종하고 접어버림
2139460,1,무료게임이라는 생각이 전혀 안들정도로 완성도가 높고 서버렉이나 자잘한 수정점이 있지만 의견수렴과 피드백이 빨라서 재밌네요
2139460,1,"무료게임/ 중국 게임이라 하지만, 나름 재미의 요소가 많았음 여러가지 오마카세 먹는 느낌?  굿"
2139460,1,"초반에 살짝 어렵고 (초보자섭이였지만) 시즌 지날수록 할만해지면서 점차 강해지는 나를 봄   그러다 할게 없어짐 성장과정 너무 재미있고 그 시간 뒤에는 이제 무료함이 찾아옴 그러다   끝물에 서버이동해서 하는 재미"
2139460,0,"장점 : 무료로 즐길수있음 단점 : 1. 시즌이 너무 짧음 2. 혼자 노는데 한계가 보임 3. 온도탑 설치해지시 반경 쿨타임 없음. 4. 이 모든걸 감수하기엔 렉이있음. 해결할생각은 않고 캐쉬템만 내고있음. 돈 긁어모은다음 튀려는거같음 5. 렉도안잡는 망트리타는게임 다음시즌부터 하나봐라=_=^"
2139460,1,재밌음 버그만 좀더 수정하고 편의성만 좀 좋아진다면 더좋을듯
2139460,1,스쿼드 가입해서 보상 받으세요 2자리 남음  https://act.neteasegames.com/activity/3sEEcU/3sZS27?teamId=w7nzGqdt&shareName=초원밤비&shareId=create_team-eG_q72pEL4f6jUJUEuoPv&invite=NjU4ODc5   Invite code：w7nzGqdt 초원밤비
2139460,1,시즌제라서 시즌마다 초기화되는 것이 괜찮고 이 장르가 취향만 맞으면 재밌게 즐길 수 있어요
2139460,0,중국겜. 처음 실행시 이상한 중국어로 개인정보 구집한다는 약관 동의 요구 스팀 빅픽쳐 이용시 처음에 버그나서 강제 종료 해야함. 패드 지원을 하긴 하는데 뭔가 어설픔
2139460,1,"재미는 충분함 사일로,오리진,모노리스 다 재미있지만 빌드가 너무 한정적임 다양하게 빌드를 쓸수있게끔 패치를 해주면 더욱 좋은 겜 될듯"
2139460,0,열심히 키워놨더니 다음판부터 로딩하고 게임시작누르면 문조건 팅김.... 이회용 게임인가? 콘돔도 억지로 쓰면 두번은 쓰겠다;;;
2139460,1,안했으면 후회할번 굉장히 잘비볐다. 과금구조도 정말 꾸미기 딱하나만 쓰게끔 만들어놓고 그마저도 무료로 얻는것도 제법있어서 막튀는거 좋아하는 사람 아니면 굳이 현질할 건덕지도 없긴하다. 이거전에 하던 퍼스트디센던트 보다 1000배는 나은듯 오히려 돈을더써주고 싶은데 스킨이 기간한정으로 파는게 많아서 아쉬움 이제는 중국겜들 정말 3N보다 나은거 같다. 6만원정도에 팔았어도 납득했을듯.
2139460,1,잡탕 인데 미쳤다. 인생 갈리는 소리 나길레 접었다...
2139460,1,시즌제 하고 싶은 사람만 하게 좀 해줘라; 일 끝나고 와서 한두시간씩밖에 못하는데 겨우겨우 좀 해볼만치 만들어놓으면 시즌 끝이라 다 날라가는데 무슨 소용이 있음?
2139460,1,"줜나재밌음  근데 지역탐색하다보면 똑같은루틴에 질림.. 그리고 시즌바뀌면 채광드릴은 꼭 가지고와라 ㅅㅂ 안가지고온거 개후회됨........ㅅㅂ ㅠㅠ"
2139460,0,그냥 여캐 보는맛에 좀 버틸수 있었던 게임.....애매하다
2139460,1,"생존+MMORPG+FPS를 섞은듯한 게임 무료 게임치고는 훌륭하다.  다만 중국게임이라 그런건지 서버가 이상한건지 상상이상의 별의별 버그가 다 존재한다. (그냥 뭔가좀 이상한데? 싶으면 버그,렉 임) 때때로는 게임플레이를 할수 없을정도의 심각한 버그와 렉이 걸리기도 함.  첫 입문 진입장벽은 생각보다 높진 않은것 같지만 장비나 무기 등 맞추는 면에서는 진입장벽이 높은것 같다고 느껴졌다. 특히나 무기를 업그레이드 시키는 모듈 이라는 시스템이 초심자에겐 큰 어려움인것 같음.  그리고 높은 커스텀력으로 원하는 모양의 집과 건축물도 건설할수 있는게 큰 장점이다 단 ""예쁜 집을 지으려면 현질을해야한다"" 건축물 스킨, 가구 벽지 등등..   이외 장점이 가득한 게임이지만 버그와 렉이 수많은 장점을 덮어버릴만큼 치명적이라서 늘 화가나는 게임이지만 재미있다."
2139460,0,"게임 자체는 요즘 서비스 중인 게임들과 비교했을 때 준수하지만, 유저들 질이 떨어짐 이 게임의 유저가 떠나는 이유 중 70%는 다른 유저들 때문일 거라 생각합니다. + 게임 운영이 조금 나아지려나 싶었는데 역시나 개판임 ㅋㅋㅋㅋㅋㅋㅋ 욕 빼고는 말할 수가 없어요 시즌제 게임인데 버그 걸려서 시즌이동을 할 수 없는 참신한 게임!! 버그 문의 넣어도 4-8시간 내에 답주겠다는 건 사기고 며칠후에 헛소리 답변만 줍니다 ㅋㅋㅋㅋ 문의를 읽어보긴 한건지 의문임"
2139460,1,랙좀 해결해줘라 언제까지 방치할거야 겜하면서 원스휴먼을 하는건지 오버워치에 있는 트레이서를 하는건지 앞으로가다가 뒤로 가진게 몇번째인지......... 랙만 해결하면 진짜 할만한 게임인데 스킨 뽑는거만 출시하는건지 이해를 못하겠네 ;;;;  결론 : 랙만 해결해주면 ㄹㅇ 추천할만한 게임 / 해결안되면 비추천 게임
2139460,1,"처음하면 할것도 많고 재밌음. 2주 동안은 할게 많은데 스토리 다밀면 할거 급격하게 없어지고 서버이전 버그나서 아이템 다 사라지면 멘탈 터짐.  친구랑 해도 친구가 먼저 떠남. 좋아 할 사람만 좋아할 게임은 한번 해보셈, 재밌음 하지만 얼마 안감. 지속가능하게 하는 콘텐츠가 없기에...."
2139460,1,"서버 자체가 렉이 좀 걸리기는 하지만 플레이를 아예 못할 정도는 아님. 그 외 다른 것들을 무료 겜이라고 믿기 힘들 정도로 컨텐츠도 괜찮게 많고 재미있음. 단지 이런 류의 게임을 많이 접해보지 않았다면 진행 시스템을 처음에 이해하기 어려울 수는 있다. 천천히 하다보면 소소한 재미도 있고 보스몹 퀄리티도 좋아서, 그리고 무료라서 정말 괜찮은 게임."
2139460,1,뭔데 집만 만들었는데 시간 다 어디감 뭐야 내시간 돌려줘요
2139460,1,"게임이 엉성하고  렉이 잘 걸리고 등등 문제는 무료라서 용서가 됩니다.  하지만 제가 한 2주 정도 정말 열심히 집도 짓고 보물도 찾아 다녔는데,   어느날 리셋돼서 처음부터 다시하라길래 1시간 하다가 현타가 와서 그만 접었습니다.  현질 많이 했으면 억울 할뻔 했습니다.    재미는 있는데,  6주마다 리셋이면,  햄스터도 아니고, 어떻게 계속 하죠?  추천하는 이유는 너도 당해봐라!  그리고 비추하면 평가가 어디로 갔는지 안보여요."
2139460,1,"놀라울정도로 ㅄ같은서버와 라이브 서비스게임인데도 ""무료겜이면 이정도 서버는 감수해야하는거아님?""하고 납득하는  이상한 유저들이 많이 존재하는게임 오토바이 소환안되는건 흔해빠진일이고 잡몹한테 탄을 박아도 잡몹이 쳐 뒤지질않고  니가갔던길을 7초전으로 되돌리는 놀라운서버상태와 전혀 고칠생각없는 제작사,그걸 받아들이는 유저들이 있기에 이 게임은 돌아간다  별개로 게임성 자체는 할만함  과금없이도 전설 아이템들 충분히 얻을 수 있게해놨고 당신이 서버렉따위는 버틸 수 있고 무료인 적당한 크래프팅 오픈월드게임을 원한다면 당장시작 친구랑 같이한다면 같이 서버 꼬라지에 스트레스받으면서 제작능력같은 중요한 시스템은 공유할 수 있으니 친구가 있다면 더 좋다"
2139460,1,"플레이타임 1779시간..데모때부터 했는데 게임은  무난히 괜찮은데 렉과 버그때문에 재미가 많이 반감됨.컨텐츠도 별로 없는데 풀어주는 단계가 너무느려서 지겨움.무료니깐  렉과버그는 괜찮다고 하면 적당히 100시간 이내는 재밌게 할수있음,,"
2139460,1,솔직히 우리나라 온라인 게임들보다 잘만듬.. 단점은 번역과 서버 그외에는 잘만들었습니다.
2139460,1,"지난 시즌 템들 좀 풀어주시면 안될까요? 늦게 시작한 죄를 이딴식으로 받고싶지않아요 옷 사고싶어요 제발 흑우도 흑우 나름 먹을게 필요하지 않겠어요? 일렉뮤직 카니발 , 해변의 휴일 , 파이어트랩 질주 너무 갖고싶어요 ㅠㅠㅠㅠㅠㅠㅠㅠㅠㅠㅠㅠㅠㅠㅠㅠㅠㅠㅠㅠㅠㅠㅠㅠㅠㅠㅠㅠㅠㅠㅠㅠㅠㅠㅠㅠㅠㅠㅠㅠㅠㅠㅠㅠㅠㅠㅠㅠ"
2139460,0,"영지에서 스타더스트 방어전 활성화시 주변에 안개던전 비활성화 좀 패치해주세요 제발...  방어전 3분 타이머 돌자마자 영지 집 바로옆에 안개깔리면서 던전 강제로 활성화되고, 캐릭터 던전으로 이동되면 영지 방어전 활성화를 멈추게해놓던가 3분동안 몹한테 집 좃될때까지 개쳐맞음. 안개 활성화된거에서 나가려고해도 잡몹이 깔짝거리는거에 던전퇴장 씹히면서 집 대놓고 레넌트같은 개잡몹한테 기스나는거 실시간 NTR 그자체임 제작팀 잡아다가 눈앞에서 본인 집철거하는거 팔다리 묶어놓고 보게하고 복원은 본인 재력으로 집 다시 짓게해야함.  잡몹도 개짜증나는데 35렙 3레벨 에코 방어전 열었는데 안개 쳐깔리면 던전 퇴장 후 집이 없어져있는걸 볼수있음. 영지금고에 뭔 부품이랑 재료들 꽉차가지고 뭐가 부서졌느지 얼마나 손해가 났는지 견적리스트도 없어서 존나 공허한채로 겜 끄게됌. 스타크롬을 얻을 수 있는 재화던전이면 신경좀 써서 겜을 만들어야지 활성화 이벤트가 동시진행되는거랑 필드 던전인 안개가 영지 내부에 쳐깔리게 놔뒀다는게 이해가 안됌. 제작자가 어지간한 사이코패스가 아닌이상 대놓고 유저에게 좃같음을 선사할리가 없는데 합리적으로 사이코패스라고 의심할 수 밖에 없음. 방어전 3분 타이머제한 -> 안개지역 강제활성화로 캐릭터 던전이동 -> 던전퇴장 불가 -> 집돌아오면 방어전 3분동안 잡몹과 엘리트몹이 집 개박살 내놓은거 확인 -> 개좃같은 기분으로 게임 끔 이게임 170시간 가까이하면서 이 좃같은 현상을 7번 겪음. 이번이 8번째임.  안개필드 그냥 드가자마자 퇴장하면 되지않냐고? 드가자마자 퇴장해도 안개필드 자체가 내 영지 내부에 쳐깔려서 나가면 3초뒤 바로 다시 던전드감 퇴장을 해도 다시 강제로 집어 쳐넣는 무한츠쿠요미 걸리고, 어떻게든 멀어지려고 퇴장하자마자 안개밖으로 달리면 방어전 몹들이 집 개박살내는거 구경해야함.  강해지려면 스타크롬을 얻어서 설계돌강화로 성급작을 해야하는데, 성급작을 하려고 스타크롬 얻고자 1주마다 방어전 열면 방어전때마다 병신같은 안개쳐깔려서 집 다부서지고 얻는것보다 잃고 수리하는게 더 많음.  하지만 이것에 대해서 개선되거나 일말의 공지, 뭔 패치는 존나 자주하면서 신경도 안씀. 그러면서 설문조사에 스타크롬 300따리 달아가지고 인질극하고, 평가 좃같이하면 설문조사도 진행도 더디게 해놓음. 무조건 좋은 평가해야 설문조사 빨리끝나게 해놓고...그냥 겜에 존나 화나는걸 넘어서서 존나 서운함. 겜이 싫어짐. 불쾌한 요소가 많아서 오래할 수 있는 게임이 아니란걸 계속 느끼게됌. 이래놓고 한 2시간뒤에 기분 나아지면 또 들어가서 영지복원해야함.  안개필드가 없어져야 된다는게 아님, 에링수급도 해주고 초반 인던 파밍으로 좋은 필드컨텐츠임. 하지만 영지방어전을 활성화 한 순간에 영지내부에 쳐 깔리는것좀 어케 해줘 미친놈들아 이건 아니잖아"
2139460,1,시간 날때마다 하는데 은근 재믿네요..수집 재미도 있고...ㅎㅎ 아직은 쪼렙이지만
2139460,0,갓 버그 게임 서비스 종료해라 하다보면 역시 메이드 인 차이나
2139460,1,"레벨업에 대한 스트레스와 일일 퀘스트를 해야 된다는 스트레스 없이 자신이 하고 싶은 걸 정해서 할수 있는 만큼만 해도 된는 것이 좋고 시즌제라 장비 업글에 대한 스트레스도 없는게 좋습니다. 캐릭터 커스마이징이 마음에 들고 스킨 옷이 다소 비싸지만 이쁘게 잘 나와서 마음에 듭니다."
2139460,0,"처음 할 때만 재밌지, 결국엔 안 하는 게 정신건강에 이로움"
2139460,1,마크 러스트 등 생존 크래프팅류 좋아한다면 추천  생각보다 잘 만들었다  약간 복잡하긴 하다  서버렉은 신경쓸 정돈 아니다 아직까지는  지속적으로 다듬으면 멋진게임일 될 만한 가능성이 충분히 있다  일단 무료니깐 부담없이 트라이들 해보이소 ㅋㅋ
2139460,1,평소엔 뇌빼고 하다가 스토리 밀때는 뇌 걸치고 하다가 보스할때는 뇌 끼우고 하면 재밌음
2139460,1,"스토리도 나쁘지 않은 퀄리티, 무료라기에 믿기지 않는 완성도와 그래픽 오픈월드에 맞는 커다란 맵과 그에 맞는 몹, 파밍지역 등 게임은 굉장히 잘 만들었습니다. 다만 서버가 시작한 후 시간이 지나면 강제적으로 일궈놓은 모든 게 사라지는 초기화가 있는데 이건 개인적으로 좀 불호.. 거기에 서버가 렉이 걸려 버그도 있지만 버그는 그나마 하루 내로 전부 패치합니다. 오픈월드 혹은 파밍을 위주로 겜 찾으시는 분들이 꼭 해볼만 합니다. 유저 소통도 잘 되고 모두가 서로 친절한 것도 게임에 한 몫 하는 것 같습니다."
2139460,0,게임 요소는 괜찮은거같은데 번역 퀄리티가 너무 안좋고 스토리와 엔피씨가 매력이랄게 없음 몰입도도 안좋음 스토리 겜은 아닌듯 그냥 돌아다니면서 수집하는 재미로 한다면 그건 할만함
2139460,1,어번 업데이트가 전면적으로 통합된다면 이제 게임을 편리하게 할수있겠네요ㅎㅎ 그리고 새로운 감염물이 나온다면 공략도 나왔으면 좋겠습니다  근데 이 원스는 버그가 너무많아ㅠㅠ 틈 사이에 끼이는 버그...
2139460,1,좀비 아포칼립스 팔월드 배그 러스트등 여러 비슷한 게임들이 다 섞여 짬뽕된 느낌이 너무 재밋고 좋앗음 개꿀잼겜
2139460,0,"하루 10시간 이상씩 해보았지만, 하면할수록 너무 복잡해집니다 . 전 온라인 게임을 쟁 ( PVP. 전쟁 )게임 종류만 했습니다  간단하게 아쉬운점 입니다  0. 서버렉.버그 (로제타권한카드 절대 버그안잡음)종류별로 20개 넘게있는데 전부안됨  채팅으로 유저들 난리나도 안고침. 버그 제보해도 처음 관련 글 2개 올라오고 그다음부터 질문 그냥 씹어버림. 1. 모듈관련해서 너무많은 종류와 부족한설명 입니다  2. 너무많은 서버로 인해 유저들이 나눠지면서 진짜 나홀로 서버가 되는 경우도 많습니다    (206시간을 하면서 필드에서 다른유저를 본적이 없습니다 ) 3. pvp관련해서는 너무 제한적인 pvp로 인해 pvp를 할수가 없습니다.  (나홀로 섭이라. 다른 유저를 찾을수가 없음 ㅋㅋㅋㅋㅋ) 하루 10시간 이상했음  (BJ들의 방송을봐도 거점전을 한다는데.. 아주 잠깐 8시간 방송에 10분 이상을 못하더군요.) 4. 필드전체를 PVP가 가능한곳으로 만들었으면합니다  5. PVP를 원하지 않는 유저도 있을것이기때문에 케릭터 상태를 수시로  평화/ 전쟁 으로 바꿀수있게 만들면 더 활발한 PVP와 영지전 거점전을 진행할수 있을거같습니다 .( 케릭터상태는 영지 즉 자신의 영지에서만 변경가능) 6. 평화상태일시  자신은 다른유저로부터 공격받지않음, 공격받지도 않음 . 전쟁시 서로 PVP가능  7.자신의 영지를 건설하고 방어거점을 만들어도 그건 그냥 자기만족 즉 빛좋은 개살구 입니다 .   그냥 외형보기위한 건설.. 아무도 찾아오지않음.. 쉽게말해 영지 건설 게임인거 같습니다 .. 영지도 제한되어있어서..  8. 다른 서버 PVP. 영지전 .거점전 가능한 서버에도 가봤지만.. 3게월넘게 PVP.영지전.거점전 한 회수가 10번도 안되었다고합니다.. 저도 지인이하실래 해봤는데.. 지인도 일주일 만에 지겹다고 접었습니다 .. 모든 광고가 그렇듯 과대광고를 보는거 같습니다  하면할수록 게임이 루즈해지고 더이상 할게 없어요.. 할게 많을수도있지만, 영지 건설및 무기,방어다해놓고 더이상 어떤걸 해야할지 모르겠습니다. 길다면길고 짧다면 짧은  원스휴먼 떠납니다 ."
2139460,1,여러 게임들을 맛있게 쓰깐 비빔밥 같은 게임 근데 이제 벌레(버그)를 곁들인...
2139460,1,its fuuuuuuuuuuuuuuuuuuuuuuuuuuuuuuuuuuuuuuuuuuuuuuuuuuuuuuuuuuuuuuuuuuuuuuuuuuuuuuuuuuuuuuuuuuuuuuuuuuuuuuuuuuuuuuuuuuuuuuuuuuuuuuuuuuuuuuuuuuuuuuuuuuuuuuuuuuuuuuuuuuuuuuun okay
2139460,1,출시 당시에 최적화 ㅈ같이해서 욕먹고 나중에 최적화해주는 게임은 많이 봤는데  처음에는 잘 돌아가다 콘텐츠 출시하니 발적화 되는 게임은 처음 보네요  그런데 운영진은 이거에 대한 공지도 없고 계속 스킨 찍어내기 바쁘고  렉 때문에 지금 콘텐츠도 돌아가지 않는데 새로운 콘텐츠 만드는데 정신 팔려서  악순환이 계속 이어지네요  최적화만 잘해주고 그 뒤에 콘텐츠 만들어주면 충분히 갓겜 소리 들을 만 한데  얘들은 뭔가에 쫓기기라도 하는 건가 싶을 정도임 예시를 하나 들자면 2인3각 뛰다 파트너가 넘어졌는데  개무시하고 그냥 달리는 느낌이라 할 수 있겠네요
2139460,1,뭐야.. 그냥 뭔게임인가 보려 했는데 키고 3시간.. ㄷㄷ
2139460,0,좀하다보면 컨텐츠가 집꾸미기말곤 없을정도인데 그 집꾸미는 스킨을 캐쉬로 받아먹는 뮈친겜 찍먹만하고 가시는거 추천
2139460,1,"온갖 생존게임들 스까놨는데 메인은 보스레이드, 하우징이고 각각 컨텐츠 깊이는 얕은편 시즌도 6주마다 초기화라 라이트하게 할거하고 담 시즌가라는거같은데  이부분은 좀 호불호가 갈리는거같음  그렇다고 장기서버가 추가되기에는 컨텐츠가 너무 적어서 무리일듯함  개인적으론 사일로나 보스전이 꽤 재밌고 무료겜치고 메인퀘도 나름 안질리게 잘짜놔서 재밌게했음 파밍도 시간 안갈아넣고 가볍게 해도 되고 파티시스템이나 맵이동도 편의성이 좋아서 스트레스 받을일 없는건 좋음  다만 서버 상태가 거지라 잘 하다가 강종해야하는 경우가 잦고 최적화도 아쉬움 편의성이 짱개겜답게 뭔가 하나씩 나사가 빠져있고 번역이 개판이라 이해하기 어려운 부분이 많음  무료게임이고 거래, 채팅이 자유롭다보니 정말 별의 별 사람을 다만나게 되는데 확실한 차단 시스템이나 추방 기능 추가가 필요해보임"
2139460,1,무료게임에 좋은 퀄리티 초보자도 처음부터 시작하기 쉬워요
2139460,1,"너무 잼잇긴한데 버그면 오류며 차고넘치네여,, 정말 정신없어여,., 그래도 시간 가는건 금새더라고 어느순간보니, 기본 2시간은 사라져요,,아침에 시작햇는데 첨심 넘어가네여 ㅋㅋ 진짜잼잇긴해요 지금 시즌바껴서 혹한 에서 살고잇지만 여전히 재미는 잇내요 시가 가는줄진짜 모르겟여 그럼 즐거운 점심시간돼셔요~~"
2139460,1,시간 가는 줄 모르는 게임 전부 다 아는 맛이기에 더 맛있는 게임 어떻게 맛있는 맛을 전부 모아놨는데 이렇게 맛있을 수가 있지?? 그 조합이 말도 안되게 ... 좋음
2139460,1,게임이 나쁜건 아닙니다. 근데 시작한 순간부터 이게임을 즐긴다 라는 느낌보단 부동산 시장에 낙하한거 같은 느낌을 줍니다..
2139460,1,그냥 즐거워요...하고싶으면하고 하기싫으면 않해도됨  즐기려는자만 하세요
2139460,0,최대프레임 120 설정하고 CPU 온도 정상 다정상으로 잘 돌아가다가 왜 갑자기 프레임 지연....저만그런가요? 100이상 프레임 유지잘만하다가 갑자기 프레임 40 30 까지 떨어지면서 엄청렉걸리네요 할맛 나다가도 못해먹겠네요. 아 참고로 컴퓨터 쓰레기는 아님..
2139460,1,아직 뉴비라 잘 모르겠음 일단 뉴비한테 친절한 게임인거 가틈
2139460,1,무료게임 치고 퀄리티가 높은편이며 컨텐츠도 나름 있어서 할만한게임
2139460,1,흠..아직 잘 모르겠습니다. 더 먹어보면 알 것 같아요.
2139460,1,시즌 초기화 되는게 귀찮지만 친구와 함께하면 너무 재밌어요 마누라 광물 캐와!!!!
2139460,1,정말 재미있어요 최고예요 로딩 길어서 중간중간 휴식도 시켜주네요 갓겜임
2139460,1,생존 크래프팅과 폐지 줍기의 장점들을 콤팩트하게 잘 가져왔음  상당히 완성도 높음  문제는 전투가 너무 재미없음 처음 볼때는 몹들 생긴것도 특이하고 나름 개성도 있어서 느낄 겨를이 없는데  다 맛보고나면 남는건 엉성한 모션과 판정들 뿐임 진짜 개답답함 패턴보고 피하고 때리는게 기본 전투 메커니즘인데  모션과 판정이 허접하니까 할맛이 안남  거기다 강제 초기화 시즌제는 너무 호불호 갈리는 요소임 솔직히 불호가 훨씬 많을듯   선택적으로 초기화 안되는 서버와 초기화 되는 서버를 나누던가 해야지 무슨짓을해도 이제동안 일궈놓은것들의 대부분을  한방에 리셋시키는 생존 게임이라니;; 할때 마다 새로운 재미를 느낄리가 없는데 이게 동기부여가 될거라고 생각하나...?
2139460,1,"배그, RPG게임, 4인큐, 파티, 클랜, 길드, 파밍, 장비 업글 모든 게 한 곳에 다 모였다. 중국이 모든 걸 다 베꼈다. 그러자 빰! 명작이 탄생했다."
2139460,0,"몬스터 지능이 너무 낮음 긴장감이 없고 졸림 마크나 레포데 몬스터가 더 긴장감 있을 듯함"
2139460,1,게임 자체는 참신함은 없지만 나름 재밌음  다만 서버 렉이 심할 때도 있고 시즌제라 새로운 시즌 시작하면 1렙부터 다시 키워야 해서 점점 귀찮아지는 게 단점
2139460,1,"여러모로 아쉽긴한데 그런데 분명한건 재밌는 게임임. 렉과 서버가 조금 아프긴하지만 내가 하던 게임들이 전부 죄다 서버가 아파서 그냥 그럼..   육각형 게임이라고 생각함, 진짜 육각형. 그런데 역시 아직까지는 그 깊이가 낮아서 작은 육각형이지만 그럼에도 재밌음, 자신들의 개성이 있는 게임이고 다른 게임에서 가져올꺼 잘 가져왔고 수집요소도 은근히 재밌음.  37시간 박고 추천함, 특히 이 겜 왠진 모르겠는데 유저들이 겁나 착함; 디게 착함;"
2139460,1,너무 재밌는데...현생을 살아야해서 눈물을 머금고 접음
2139460,0,ㅆㅂ 왜 초기화되었냐고요 진짜 씨바 다시시작도 안되잖아 지ㅏㅇ너ㅣㅏ허미ㅏㄴㅇ히ㅏㅓㅁㄴ어히ㅐㅏㅁㄴ이;ㅏㅓ ㅎㄴㄹㅇ ㅏㅠㅣ림ㄴ아효ㅕㅑ;랗ㄻㄴㅇ;ㅣㅘㅎ
2139460,0,이것저것 짜집기 모음집 게임인데 더이상 발전이 힘듬 남의 아이디어를 무단으로 사용하면서 돈벌 생각에 재미있는 패치나 지속 가능한 능력이 의심됨 잠깐 하기에는 좋을듯하나 결국 고자물
2139460,0,시발 절대 하지마라 시즌 새로 시작했다고 하던 시즌 아이디 없어지고 랩 1부터 다시 해야하고 아이템이고 머고 다 못가져감 집 존나 힘들게 지어 놓은거 시즌 시작하면 다 없어짐
2139460,1,개재밌네 뭐했는데 벌써 44렙이냐... 2주전에 평가 달았는데
2139460,0,"노가다 하다가 코스튬을 현질로 파는게임... 맨날 게임들이 왜 이렇게 되는건지..."
2139460,1,진짜 미친게임임 나 rtx 1660인데 렉 조금 걸리지만 돌아가고 이게임 체중감량 이딴것도 ㄱㄴ한 현실성에미친 갓겜임 심지어 무료ㄷㄷㄷ
2139460,1,"게임자체의 스토리전개, 모션수준, 그래픽수준 상당히 엉성하고 b급게임임을 여실히보여주고있다 한국의 15년전 모습같다. 기타 게임성은 어떨지몰라도...온라인rpg는 아직 중국은무리인것같다 꾸준히 하면 괜찮은 부분들도 분명히 보이고 컨텐츠도 괜찮다 근데 진짜 스토리 텔링엉성함 이거안고쳐지나진짜 너무 90년대스탈인데이거"
2139460,0,아니 내 영지 사라진 버그는 대체 언제고쳐줄거냐 5일째가 넘어가는데 뭔 조치가없어 집 통째 복구가 어려우면  영지 금고라도 보여주게해서 안에 템들 넣어주던가 해야지
2139460,0,재미는 있다. 하지만 다른 플레이어에게 추천을 하는 것은 다르다.  게임이 패치가 늘어 날 수록 캐쥬얼은 사라져가고 있다  가볍게 하기는 힘든 게임  같이 할 사람이 있어야하며  혼자 하게 되더라도 인 게임에서 같이 살아갈 사람을 찾아야한다
2139460,0,렉은 존나심하고 무한루프인데 버그로집도없어지고 노숙자신세됨 고쳐주지도않음
2139460,1,이 게임의 장점  1.재미있는 게임들의 장점을 짬뽕해놔서 처음에는 나름 재미있게 즐길수있음. 2.보스몹이라던가 캐릭터 퀄리티가 생각보다 좋아서 놀람   이 게임의 단점  1.서버렉이 ㅈㄴ 심함 최적화가 거지같음 로딩마저 가끔 오래걸려 전성기 GTA5 로딩을 보는 느낌이 든다 2.결과적으로 비슷한 미션 뺑뺑이로 금방 질릴수있음  3.서버만 맞추면 되는게 아니라 채널까지 맞춰야 친구랑 할수있는데 사실 친구랑 같이하는거라고는 마지막 보스레이드 클랜전 정도. 임무는 결국 재각각 진행해야함.  결론  추천은 하는데 굳이 라는 느낌이? 무료게임인거 감안하고 한다면 나쁘지는 않은 게임이다. 오픈월드형 MMORPG가 취향이면 한번쯤 해보는것도 나쁘지는 않음 확실한건 퍼스트디센던트보다는 낫다. 그래도 재밌으니까 본인  PC사양이 안좋으면  PC방에서라도 한번쯤 꼭 해보세요 ^^
2139460,0,"게임 진행에 있어서 크게 불편한버그가 많은게임. 이 게임을 아직 시작 안했다면 안하는것이 정신건강에 좋음. 약 10일 정도를 열심히 일궈놓은것을 내 실수가 아닌 게임의 시스템버그로 인해 모두 날라가버림. 고객센터에 문의했지만 돌아오는 답변은 없었음. 나와 같은 피해자가 한둘이 아님. 그런데 공지사항에 어떠한 말도 없었음. 이 게임은 중국회사가 만든 게임임. 문제가 많고 피해자가 늘고있지만 게임의 변화는 오로지 스킨외형뿐임."
2139460,0,ㅆㅂ ㅈㅗㅈ 같은 망갬 서버 이전해라헤서 이전할랬드만 신섭은 꽉차서 못들어가게 말들고 코드만 대라하고 혼자하는사람들은 못하게 하는 엿 같아서 접는다 전채적으로 전부 최악임
2139460,1,"재밋는데 자잘한 오류, 렉이 스트레스 받는다. 뭔 오류인지 쓰기도 애매한데 겜할때 신경 뒤게 거슬린다."
2139460,1,"처음에 유료 게임인줄 알고 설치안하고 있었는데 알고보니 무료게임 이였더라?? 시간 쫌 있을떄 하루 플레이해봤더니 매우만족! 추천합니다 ㅎㅎ"
2139460,0,"전형적인 샌드박스 오픈월드 장르에 시즌제 라이브 서비스를 합친 게임임. 폴아웃+팰월드+러스트+디비젼+탈콥 등등 여러 겜의 요소를 짬뽕시킨 겜임.  이렇게만 보면 와 십 갓겜이네 하겠지만 아직까지 시스템이 을리엑세스나 다름 없고 버그는 기본옵션에 서버까지 병신임.  이런 상황에 부계작 등 각종 편법이 판 치는데 대처도 안하고 있슴. 심지어 번역은 한글임에도 이게 무슨 소리지? 하면서 문해력 박살난 요즘 급식들 체험이 가능함.   여기다 ui는 개인적으로 해본 겜 중에서 역대급이라 단언 할 수 잇을 정도로 최악의 수준으로 파편화 돼어있음. 이새끼들 정리라는 걸 해본적이 없는 거 같음.  거기다 인겜 파밍이 운빨 야가다 요소가 ㅈㄴ 그윽해서 안그래도 할게 많은 게임인데 거따가 더 시간을 갈아 넣는 구조로 돼어있슴. 장비에 박는 모듈, 장비 옵작 스크롤에 해당하는 튜닝강화, 하우징용 가구 등등 진짜 모든게 랜덤 운빨 ㅈ망겜임. 그나마 다행인 점은 시즌제 임에도 이런 부분은 다음시즌에 계승이 되는 부분이 있음.  과금적인 부분에서는 본편 자체가 무료이긴 하지만 상점템은 결코 값싸지 않음.  기본적인 하우징 디자인은 후질구래해서 진짜 이쁘게 집 꾸미려면 하우징 스킨을 사야하는데 프레임(벽,지붕,창 등) 7마넌에 그 외 짜잘한 오브젝트들 2~4마넌임. 진짜 ㅈㄴ 창렬임.  캐릭터 스킨들은 그냥 ㅈ같이 몬만듬. ㅈㄴ 힙스터 병 걸린 새끼가 디자인 하는 거 같음.  지금 당장 하고싶을 정도로 꼴리는 거 아니면 묵혀두고 하는 걸 추천함."
2139460,1,+ 돌아다니면서 탐험하는 맛도 나고 친구랑 하면 재미있습니다. - 서버렉이 충격적. 인게임 컷씬이 충격적 저예산. ui 가시성이 별로...  기타등등 아쉬운부분이 많지만 이러나저러나 재미있게 시즌마다 잘 즐기고있어서 추천드립니다.
2139460,1,"제작,생존 + 오픈월드 탐험 뭔가 괜찮은 오픈월드 맛이 나면서도 무료겜이라 좀 싱거움. 혼자보다는 다같이 하면 재밌을 듯"
2139460,0,"게임 진짜 존나 튕기게 해서 게임도 못하고 이제는 시발 게임시작 누르면 게임 꺼지네 개 병신새끼들아"
2139460,0,"한국인 채팅은 좆목질, 여왕벌과 보빨물소들이 한가득~ 다같이 인간성의 밑바닥을 살펴봐요"
2139460,1,걍 존1나 재미있음 오픈월드인데 mmorpg?? 이건 사랑이다. 암튼 개 재미있음 맵도 넓고 갸재미있음 피방 유저는 비추천 다운로드가 거의 1시간 걸림 그많큼 자유도도 많음 미션을 안해도 지장이없고 농사짓기도 너무 재미있음
2139460,1,아니 집 터를 잘못 잡았더니 자꾸 이벤트에 강제 참여가 됨;;  뚱땅뚱땅 하고 있으면 갑자기 안개 속으로 빨려가면서 내 집과 가구들이 사라지고 내 앞엔 웬 거대한 좀비새@끼가 서있음;;;  어쩔땐 존@나 쎄서 죽지도 않음 개색기
2139460,1,새로생긴 중국집에서 짬뽕을 시켜먹어봤는데 굉장히 익숙한 맛들이 나 근데 나는 그게 또 괜찮은거 같어 이상하게
2139460,1,미션이 중간에 끈기고 강제로 채집이나 건축에 올인하게 만드는게 아쉽긴 하지만. 개인적으로 정말 모든면에서 괜찬은 게임이라고 말하고 싶다. 다양한 재미와 깔끔한 그래픽 여러가지 재미요소가 잘 어우러졌다고 생각한다. 다만 설계도 업글 부문은 좀더 라이트하게 바꼇으면 하는 바램이 있다.
2139460,0,"게임이 렉 존나 심함.  처음에는 재밌으나, 새시즌이 시작부터 끝까지 돌아가는 루프가 항상 똑같은 햄스터 챗바퀴 같은 게임.  좆같은 스타크롬 가챠를 통한 도안 가챠 시스템으로 인해 아이템 빌드 실험의 기회가 너무나도 한정적이고 시간이 너무 오래 걸리는 게임.  중간중간 미구현된게 빤히 있음에도 나몰라라 오랫동안 방치한 아이템들과 자원들의 존재.  서버인원수가 정해져 있는 상태에서 다계 굴리는 앰생들을 막지 않아 실질적 유저는 더 적은 환경  뇌는 하난데 몸은 여러개인 앰생 유니버스들이 곳곳에 알박아 놓은 멀티들 때문에 집터 잡는 것도 생각보다 고역.    그 와중에 이 모든 문제점을 안고 있음에도, 문제의 해결은 뒷전,  2주에 한번씩 열심히 뽑아대고 천장의 가격은 점점 천정부지로 솟는 미친 개같은 한정 가챠만 신경쓰는 게임.  와중에 짱깨겜이라고 퀄도 애매, 노출도 애매, 가격값도 못함.  고로 그렇게 추천 할 정도의 게임은 못됨."
2139460,1,재미있음  단 친구가 있어야 재미있음 2~3명은 구하시길...
2139460,1,게임 견문이 넓은편은 아닌데 최근에 이카루스 재밌게하다와서 그런가 꽤 재밌게하고있음
2139460,0,건물 건축하는 와중에 마무리하려고 영지 전체 프리셋 찍었더니 게임 갑자기 꺼지고 그 이후로 접속 안됨  삭제후 재설치도 소용없고 무결성 검사도 소용없음 진짜 쓰레기같이 역겨운 게임 힘들게 짓던거 다 날아간건 둘쨰치고 겜 열심히 하다가 이딴 이유로 접속도 못하는건 살아생전 처음겪는 일임 쓰레기같은 코딩뭉치 만드느라 고생하셨고 두번다시 보지 맙시다. 추가로 니네게임 건축시스템 진짜 역겨워요 지으면서도 짜증났는데 이딴 식으로 접게 해줄줄이야 정말 듣도보도 못한 참신한 경험이었네요  11.02  여전히 안된다 이 좆같은 쓰레기야 포멧을 처해도 안되는 건 처음봤다 좆버러지 게임아 오직 너만 안된다 너만 시발련아 걍 내인생에서 꺼져라 시발 애미뒤진 쓰레기 게임아
2139460,1,"TPS루트슈팅, 오픈월드, 집짓기, 탐험 및 각종물품생산등 여러가지가 짬뽕되어 이러한 장르의 게임중 이것저것 할만한건 가장 많은게임.  출시초에도 그랬지만 이제 시즌제 게임으로 시간떼우기용으론 더 괜찮아 졌다. 이전엔 스펙업을 위한 주화를 너무 한정적으로만 줘서 매달 하던거 시즌마다 반복을 너무 강요하고 주화를 얻기위한 노가다성이 짙었는데 이젠 꽤 수급이 괜찮아져서 적당히 즐기기 더 좋아졌다. 루트슈팅장르가 다 그렇듯 돌아다니며 막 총질하고 몹잡고 다니는 재미위주를 잘 충족시켜주고, 죽어라 구르며 패턴파훼하는 보스전이나 사람들과 보상을 놓고 경쟁하는 PVP컨텐츠, 아예 그걸 위한 서버등도 있으니 취향따라 즐기기 괜찮다.   그래픽도 좋은편이고, 출시때 많았던 혈압올리던 버그도 대부분 잡았고, 무기종류도 추가중이며 캐릭터나 건물 스킨등도 꾸준히 다양하게 나오고있으니 저녁에 몇시간씩 남아 심심한데 뭐 할거없나? 라는 생각이 들때 한번쯤 해보기 좋은게임이다."
2139460,0,비공개서버로 둘이 하고싶은데 공개서버만 플레이 가능한가보네요
2139460,0,시즌 마다 캐릭터 초기화 시킴 남는건 이전 시즌에서 만든 무기 가져오는건데 결국 그 장비 착용할 레벨까지 또 다시 키워야함  운영방식 ㅈ같아서 안함  전형적인 공산당 운영방식 난 공산당이 싫어요
2139460,1,내가 이게임을 왜 이제 알았지 왜 이제 보였니 존나 재미있는 맛도리 갓겜
2139460,1,"응 재미있음. 50 만랩까지는 재미있음. 직딩 기준으로 만랩찍는데 여유롭게 일주일이면 찍음. 그런데, 50찍고 나면 할게 없음 ㅋㅋㅋㅋㅋㅋㅋㅋ 컨텐츠가 없고  스타크롬 모으려고 애쓰는데  연동하려고 하면 전부 영어+설명따윈 없음.ㅋㅋㅋㅋ  제일 중요한건.  한 시즌 끝나면 서버 초기화 되고 ㅋㅋㅋㅋㅋ 이 마저도 조그만한 가방 던져주고  가방에 필요한거 조금만 챙겨서 서버 이동하게 해줌. (즉, 사탕 줬다가 몇번 핥으라고 하고 뺏는 느낌임 ㅋㅋ)  어제까지 136시간 했는데 진짜로 할거 없어서 동물 농장 만듬. 애초에 초기화 되는 게임에 스트레스 받으면서 시간 투자 할 빠얜 다른게임 하는걸 추천함.  결론. 1. 주기적으로 몇주에 한번 서버 초기화 됨. (서버이전 작은가방에 이사짐 싸야함) 2. 사람들 몰리면 플레이 빽섭 생기고 은근 버그들 많음.ㅋㅋ 3. 좋은점은 확실히 핵쟁이들이 없음 ㅋㅋㅋ 숫자 변동 시키려고 하면 시작도 전에 영정 당함. 4. 만랩찍고 나면 할게 없음. 5. 무기 설계도 성급 업그래이드 하려면 스타크롬 필요한데 이거 금보다 귀하고 99%의 확률로 일주일에 4천원 이상 못범. (1성당 최소 1~2만은 있어야함.) 6. 기관총 소총에 비해 저격총이 너무 약함. 7. 농사를 대규모로 할거아니면 의미 없음. (어짜피 초기화 될건데 만들어봤자임.) 8. 동물들키우는건 6마리가 최대치임. 밥 너무 빨리 먹어서 등꼴 휨.ㄹㅇ 9. 서버가 끝물이라서 만랩찍은 사람들이 빠져나가는게 눈에 보임. (유령서버 됐음) 10. 애초에 이 게임 시작 하지말고 raft 하는게 속편할지도 모름."
2139460,1,그냥 무료게임인데 시간존나잘가고 재미있음 무난무난하게 파밍재미는 게임
2139460,1,"이런 종류의 게임들 폰 게임으로 있어서 오픈 초에는 관심 안가지다 우연히 플레이하게 됐는데 집 짓기 생활하기 컨텐츠 빼고 옛날 mmorpg 느낌으로 플레이해도 간만에 괜찮은 게임입니다 총든 MMORPG라 생각하고 하면 됩니다.   단점으로는 2024년에 90년대에나 겪었던 3초 전의 자리로 돌아간다던지  문을 열고 나갈려는데 문이 안 열린다던지하는 고전적인 렉 현상이 상당히 자주 일어나서  열받음을 넘어 90년대 rpg의 향수를 느끼게 되는데요 차차 개선하겠다고도 했고 실제로 제가 플레이하는 중에도 업데이트가 있어서 완벽 해결은 안 돼도 어느 정도는 개선이 되겠다는 가정 하에 따봉드립니다  스킨 디자인 상태가 진짜 일부러 기괴하게 한다던지 이해 못할 컨셉이나 특정사상으로 만든  게임들 스킨 바로 다음 급으로 희한한, 좀비아포칼립스 세계관에 뜬금없는 SF중국장군 디자인으로 나와서 기가 막히는데, 게임이 1년정도 묵으면 그 중에 입을만한 , 취향맞는 스킨이 나올테니 이 역시 차차 개선될거라 봅니다"
2139460,1,난 재밌는데 왜 다들 재미없다고 할까... 같이 해줘...
2139460,1,개인적으로 딱딱 끊기는 캐릭터 조작감만 좀 자연스럽게 수정되면 좋겠음 그 외에 할만하다인데 조작감이 불편해서 오래 못함
2139460,1,서버렉 기본시스템 등 조금 하자있는데 나름 유저피드백도 잘받고 무료게임이라는게 모든걸 상쇄시킴
2139460,0,"솔로플레이를 원하는 사람에게는 비추. 혼자서는 도저히 깰 수 없는 던전을 메인 퀘스트에 집어넣어놓음.  상위 지역 진입 준비를 위해 상위 지역 재료 파밍이 필요한 기이한 시스템. 스킨들이 별로 구매욕구를 자극하지 않음. 간헐적으로 세션랙이 발생하는데 빈도가 매우 잦음. 폴아웃76보다 아득히 심각한 수준. 뉴비로 이 게임을 시작하려는데 같이 하는 지인이 없다? 돌아가십시오"
2139460,1,"아.. 시박 존나잼나네. 여러게임을 섞어놓은 느낌이지만 우리가 원했던거잖아?? 장점들만 모아놨어!!! 그냥해"
2139460,1,할게 너무 많아서 시간 순삭 / 공략을 보고 플레이 해야 시간투자별 알찰거 같아요.
2139460,1,무료게임이라서 광고 준나게 나와서 개빡쳤었는데 심지어 기대초자 안했는데 막상 해보니까 이때까지 해본 게임중에 진짜 재밌어서 계속 하고 있어
2139460,1,"이젠 쏜 총알 갯수보다 나른 벽돌이 더 많다... 건축 갓겜"
2139460,1,"딱히 스트레스도 안받고 다급해할필요도없고 그냥 돌아다니면서 사냥도하고 파밍도하고 물고기도잡고  돈도 안써도되고 취향에만 맞으면 재미있어요 ㅎㅎ"
2139460,1,무료인데 이정도면 개갓겜이 맞다. 하지만 짧은 주기의 시즌 초기화는 게임의 치명적인 단점으로보인다.
2139460,1,렉 존나 걸리면 이렇게 해보셈 >>esc- 설정(톱니바퀴) >>그래픽-기능 설정으로 1. 프레임 레이트 제한- 제한 없음 2. 그래프 API-다이렉트엑스11 로 변경 3. 경우에 따라 화질도 내리기   이렇게 하면 당신의 GPU가 숨은 쉴지도 모르지
2139460,1,"슈팅이면 슈팅, 샌드박스면 샌드박스 다 썩여있어 재미있음"
2139460,1,하다보니 할게 많아서 하다보니 시간이 훅 가버릴정도로 재미가 있네요
2139460,1,처음엔 중국 게임이라는 편견에 조금 그랬지만 시간이 지나고 게임을 하는 동안 느낀점은 서버가 무진장 아파하고 있어서 서버렉이 엄청 나다는 것과 퍼디와는 다르게 현질 없이(물론 퍼디도 재료 모으고 하는걸로 모든건 해결 할수는 있음)전설 무기를 이벤트 혹은 미션을 깨는 것만으로도 재료를 모아서 영웅 등급(보라색) 무기나 전설 등급의 데저트 이글 등등의 무기와 교환할수 있다는 점이 좋았다. 또한 전설과 일반의 재료가 차이가 있는 퍼디와는 다르게 원스 휴먼은 보라색 영웅 등급과 전설 등급의 튜닝(강화 시스템)에서 재료가 같으며 높은 티어의 무기를 만들 때도 재료 차이가 없다. 게다가 주구장창 스킬 써서 달려가는 빵댕이 흔드는 얼버니보다 매연 풀풀 내면서 달리는 오토바이가 더 좋다고 느낀다.
2139460,1,"너무 잼있어요 ㅎ 팰월드 하다가 점점 재미가 식어서 갈아탔는데 하면 할수록 할것도 많고 여러요소들이 잼있음 ㅋ  인게임에서 캐릭이 좀더 이쁘게 나오면 좋겠습니다 ㅋ"
2139460,1,잘만든 모래성...? 생각보다 할만하고 재미있다. 하지만 4주차만 되도 할게없네...? 거기다 시즌제는... 흠 집 열심히 다 지어놓고 시즌제 떄문에  새로 시작해서  다시 하려니 손이 안가네요 딱 한시즌하고 끝... 약한 저는 여기까지... 다들 즐겜하세요!!!
2139460,1,상당히 재밌습니다. 하지만. 5주정도 하면 할 게 없습니다.
2139460,1,무료게임인데도 재미있게 할만 합니다. 가끔 렉문제인지 이상한게 있긴하지만 아직까진 큰탈없네요.
2139460,0,1.3 업데이트 하면서 pvp시나리오 없앰ㅋㅋㅋㅋ 왜함?
2139460,0,18 유저 돈 뽑아갈 생각만 하는 쓰레기 게임 한필드에 10명만 모여도 렉 오지는 쓰레기 게임 서버 관리 전혀 안하는 쓰레기 게임
2139460,1,겜 그지같네 하는 부분은 해보면 누구나 느낄텐데 결론적으로 재밌음. 폴76같은 케이스임. 얇고 다양한 컨텐츠로 꽉꽉 담았으므로 난 메이드 인 차이나 살면서 절대 안 쓴다하는 애국자가 아닌 이상 본인 취향에 맞는 컨텐츠 몇 개씩은 있을 거임. 훌륭한 편의성은 거기에 덤이고..  단점은 컨텐츠의 깊이가 얇으므로 흔히 6주로 이루어지는 시즌 한 싸이클 돌리면 해야 될 동기가 사라짐. 상당히 라이트한 겜에다 무료니 킬링 타임 용으로는 최적이라고 봄.
2139460,1,"현실의 ""나""의 삶에 대해서 이것저것 생각해보면 말도 다 하기 어려울 정도로 많은 해야할 일,  고난,  우울함과 고통들의 파도에서 살기 위해 헤엄치고 있다. 이 게임은 그 현실에서 벗어나 취미생활로 자리잡았고, 편안함을 내 삶에 추가시켜 줬다. 그저 총쏘고 뭔가를 망가뜨리고 훔치고 생각가는대로 하다보면 정말 헤어나오지 못할 것이다.  그럼에도 아쉬운 말 한마디를 꼭 해야되는건, 게임자체가 렉이 너무 심하다는 것이다. 오브젝트들도 많고 멀티플레이다 보니 렉이 발생될 수는 있지만 뭔가 다시 전부 뜯어고쳐야 할 필요성도 있는 것 같다. 원스휴먼 매니아들 영지를 보면 상당수의 많은 유저들이 유료 스킨들과 프레임, 희귀한 가구들로 집을 아늑하게 꾸민것을 볼 수 있다. 그만큼 이 게임은 어느정도 인정을 받았고 돈을 결제할 사람은 줄서서 다음 상품을 기다릴 정도로 많음을 대략 예상 해볼 수 있다.  한마디로 우리 돈 준비 됬어, 렉 좀 고쳐줘! 이 말이야!!"
2139460,1,캐릭터 빵댕이 깎는 재미가 있음. 장비들 너무 구려서 현질해야 그나마 이쁜 옷 입고 다닐 수 있음. 3인칭이라 내 캐릭터 옷이 끔찍하면 괴로움 1000원짜리 현질옷이라도 입혀야함….   스킨이 심하게 비쌈. 버그 렉 진짜 심함. 무료겜인데도 용케 페이투윈은 아니라 칭찬할만함.   몬스터 디자인 처음할때는 두근두근하고 무섭고 신박하고 재밌음. 근데 2회차 인생 사니까 지겨움 ㅠ 디쥬히얼댓 제발 그만..  세계챗 죽탱이 땨리고 싶은 사람들 많음. 누가 00삽니다~ 하면 아~~ 난 그거 많은데 팔기 귀찮아ㅎㅎ 이러는데 욕 심하게 마려움..  만렙찍으면 똑같은 던전을 수십번을 뺑뺑이 돌면서 좋은 옵션의 감염물과 무기튜닝 설계도를 얻는것이 현재로서의 마지막 단계인데 주변인들 다들 할 컨텐츠가 없어서 하나둘 접음 설산 나오면 다시 해보긴 할듯 약간 파판14처럼 까먹고 살다가 새거 열리면 가서 해보고 다시 딴거하다가 오고… 그러면 될듯하다   컨텐츠 빨아먹는건 60시간이면 충분합니다  무료겜에 플탐 100가까이 나온곤 정말 칭찬할만하다 생각하여 추천드립니다. 한번쯤 플레이해보시길 !
2139460,1,"처음부터 잘하고 싶다면 다른 사람들이 해놓은 공략을 본 후에 하는게 좋을듯.. 뀨.."
2139460,0,오리진 포탑 및 멈춤 현상 PVP 거점 멈춤 현상  백섭 현상  업데이트 하면 각종 버그 생김  버그난걸 유저가 찾으면 정지때리고 중국냄새 심햐 스킨만 출시 할분 모바일 게임 시장 마냥 한탕 챙기고 빠질것 처럼 느낌
2139460,1,유튜버가 광고하길래 보니까 되게 재미있을것 같아서 한번 해봤는데 무료인데 세계관 미침... 자유도도 높고 진짜 좋음... 지금 이거만 게속 하고 있음... 집 오면 이거부터 틀정도로 한번  맛들리면 못헤어나옵니다.. 그리고 몬스터 나오는 게임은 진짜 무서워서 못하는데 몬스터도 그렇게 세지도 않아서 파밍하기도 좋은듯 (타격감 지립니다ㅋㅋㅋ)
2139460,1,"완전 짬뽕인데,,,왜캐 재밌대요,,,,,? 렉도 생각보다 덜해서 괜찮았고,,,,,,,, 재밌어요,,, 재밌는데,,,,쫌 무섭긴해요 강추합니다"
2139460,0,"렉이 너무 심함... 게임은 재미있으나 반복적인 시즌제로 인해 점점 흥미를 잃어가는 차에 렉까지 심해지니...슬슬 접을까 고민중"
2139460,1,한국은 이런거 못만들지 개발자들 돈 겁나 줘서 퀄은 좀 뽑아도 애초에 게임 제작 자체를 돈벌려 접근하니까 게임 전반적인 구조와 틀이 거기 맞춰져 버려서 퀄리티는 나와도 재미가 없지 좀 배웠으면 좋겠다
2139460,0,진짜 재밌는데..하고싶은데 자꾸 렉걸려서 도르마무되고 무한장전에 서리나 플레임같은 추가 타 뒤늦게 발생되고 진짜 짜증납니다. 어느정도 렉이면 감수하면서 하겠는데 이젠 정도를 넘어선 것 같네요. 오리진만 렉걸리던 시절엔 그래도 필드 렉이나 사일로 렉은 거의 없었는데 지금은 모든 곳에서 렉걸리니 한숨만 나옵니다.
2139460,1,mmo치곤 너무 잘만들어서 계속 하게됨 근데 호불호는 어느정도 있을듯
2139460,1,재미있긴한데 뭔가 한시즌 지나고나면 또 해야되나 싶음.
2139460,0,개발자 이 애123미 터진련들이 길 찾기 존나 어렵게 쳐만들어놓음 뭘자꾸 쳐 숨겨놓는거임? 몹리젠은 존나 빨라서 좀 헤매면 또 몹 리젠되고 그거 잡으면 무기뿌서지고 그거 고치고 오면 몹 또 리젠되서 길 또 못찾고 개발자 일가족 다 감금해놓고 뒤질때까지 미로 안에 가둬야함 진짜 개씨;발련들  나만 이런게 아닌게 친구들도 건축할때도 그렇고 맨날 켜면 스트레스 받는다고함
2139460,0,서버 선택하고 접속하기 누르면 계속 튕기네요 망겜 하지마세요
2139460,0,일단 내가 추천을 안하는 이유 버그가 툭하면 나는게임 무료인걸 떠나서 최근에 터진 채팅버그며 자잘자잘한 버그가 무조건 생김 안생기면 원스휴먼이 아님 업데이트를 하면 더더욱 심해짐 넷이즈는 걍 ㅂㅅ들이 맞음 솔직히 시즌제 게임 예전에나 생소했지 지금은 많은 게임들이 시즌제를 운영해서 이질감은 덜함 물론 물자계승으로 게임이 좀더 원할하게 플레이 할수 있음 문제는 부캐 키우는걸 권장하는게임임 ㄹㅇ 서버에 본캐1 부캐9도 봤음 서버에 불필요한 캐시찌꺼기가 너무 많음 ㄹㅇ 나하나 편하자고 본1부1이면 몰라도 정도를 넘어간 애들이 너무 많음 그리고 자칭 ㅈ병신 고인들이 응애~ 나뉴비 하는꼴 역겨워서 보기 싫음 ㄹㅇ 그냥 입닫고 게임을 하면 안되나? 꼭 세계챗에서 응애 응애 ㅇㅈㄹ하는거 ㄹㅇ 역겨움 그자체 그냥 ㅈ목질에 목마른애들이 너무 많음 암튼 이겜은 ㄹㅇ 추천안함 다떠나 버그ㅈ망겜임 나도 이젠 정털려서 접을예정 ㅇㅇ 반박시 니말이 다맞아 시발들아
2139460,1,"원래도 팰월드 같은 게임을 좋아했어서 그런지 이 게임 맘에 듭니다. 서버 문제만 없다면....... 가끔 서버 문제 땜에 죽기도......"
2139460,1,"캐릭으로 운영하는 게임인데 캐릭 수정이 안되는게 이해가 안됨 하지만 기대이상임, 무료게임이라 보기 어려울정도로 재미도 있고 퀄도 굿"
2139460,1,"대충 하루에 한개 이상의 버그와 조금만 빨리 이동해도 2D로 바뀌는 나무들 로딩이 느려 차로 달리면 어떤 지형지물도 생성되기전에 통과할 수 있는 신선함. 하나를 고치면 두세개는 기본으로 늘어나는 온갖 버그들. 어렵지 않은 빌드요소. 다양한 전투체험, 라이트하게 즐기기에도 부담없고 깊게 파고들면 엄청 디테일하게 준비된 각종 파츠와 모듈 등 즐기려는 사람들의 의도에 맞게 모든걸 즐길수 있도록 만든 게임. 내 컴의 문제인지 서버의 문제인지 알려면 채팅을 보면 된다. 다 같이 절규하고 욕하면 서버문제다. 이젠 시나리오를 다 해도 튜토리얼 끝낸거 같은 기분이..."
2139460,0,갈수록 렉이 심해지고 멀 할수가 없내요.....첨엔 재미있었는데 이건머 겜을 하는 건지 렉을 하는 건지...에효 참을성이 좋은 분은 하셔도 댈듯....
2139460,1,일단 BGM이 맘에 들어요 오토바이 탈때 음악도 좋고 전체적인 게임은 좋은데 지역마다 몹이 별로 안바뀌는건 좀 지루해요
2139460,0,나름 잘 만들어놓고 서버렉 하나 못잡아서 개망함 참고참고참다 130시간까진 참다 도저히 아닌거같아서 옴긴다
2139460,1,"한번정도 잠시동안은 해볼만 합니다. 처음에는 오? 참신한데? 라는 생각으로 하다보면 반복되는 퀘스트와 레벨업에 지루하심을 느낄 수 있습니다. 하다가 재밌으면 계속 하는거고 아니면 그만 하는거니까요."
2139460,1,여러게임의 장점을 모아 만들어진듯한 게임 인데 모든 장점을 파괴하는 렉과 버@그
2139460,1,"아니 이게 왜 맛있지 하면서 계속 먹게되는 생소한 하이브리드 퓨전 음식 느낌?? 근데 무료라 가성비 갑 bb"
2139460,1,"러스트 같은 생존게임인데 좀비 물임 무료게임치고는 진짜 컨텐츠적으로 할거많음. 추천함 단점은 렉이 겁나심함"
2139460,0,서버상태가 개 끔찍해서 플레이가 불가능함  그나마 개선해 주겠거니 믿으며 버티던 사람들도 개선은 커녕 날이 갈 수록 서버렉이 심해지니 하나 둘 접는중 그래서 유저수는 빠르게 줄어드는데도 오히려 비용 아끼려고 서버를 줄이는지 서버상태가 날이 갈 수록 심해지고있음 슬슬 섭종각 잡는것같으니 왠만하면 하지말고 하더라도 돈지르지는 말 것
2139460,0,"무료 겜답게 서버 렉이 미쳤고, 잔 버그 개많습니다. 처음에는 ""왜 이정도 퀄리티의 겜을 무료로 출시했지?"" 라고 생각했다가 3일하고 ""아 돈 받고 팔기에는 염치없는 겜이어서 무료로 풀었구나"" 라고 생각하게 되었습니다."
2139460,1,너무 재밌게 하는중이지만 렉이 너무 심합니다 제발 렉 쫌 안걸리게 해주세요..
2139460,1,"사실 별 기대없이 시작했는데  커마도 사실적이고 인게임 그래픽도 좋고  무엇보다 PVE 채널이 따로있어서 누가 나 죽일까..맘졸이지않고  편하게 영지짓고 퀘하고 다른 유저들이 설치해놓은 공략들도 보면서 아템먹구~  몹잡고 구경하면 시간가는줄 모르겠어여!  평화주의자인 저에게는 기대이상!!"
2139460,1,내 스팀 라이브러리에 10시간 미만 플레이 게임이 넘쳐난다 이 게임을 시작한 첫날 10시간을 찍어버렸다
2139460,1,아 진짜 게임은 재미있는데... 게임은 진짜 재미있는데... 게임은 진짜 맛있게 잘 비빈 짬뽕인데... 게임은 진짠데...   그놈의 렉이랑 버그가....... 아 진짜 게임 재미있는데.........
2139460,0,어떤거든간에 메인컨텐츠는 싹다 컨텐츠 시작부터 끝날때까지 서버렉때문에 아무것도 못함 메인컨텐츠 뿐만 아니라 사람 조금 모였다고 그 지역 서버렉 걸리기 시작해서 캐릭들은 모두 멈춰있고 탄만 소모하고 딜은 안들어감
2139460,1,"솔직히 여타 비슷한 장르의 타게임들 중에 이 게임보다 재밌는 게임 많이 있습니다, 하지만 그 여러 게임들을 정말 맛있게 조합하고 무엇보다도 무료이기에 부담도 없고 참 좋습니다.  다만, 현 평가 작성 기준 전후로 봤을 때 동접자 수가 많다보니 서버 렉이 정말 심한 부분이 있습니다 (개인 편차 있을 수 있음) 이 점 유의 하시어 게임을 즐기시면 될 것 같습니다.  p.s 신규 유저 친화도는 안좋은 편이라 생각 하여 커뮤니티 또는 유튜브 검색으로 정보를 찾으시는 걸 추천 드립니다."
2139460,1,다 좋은데.. 다음 시즌 넘어오고나니 감자서버 되어버림.  이전 위치로 돌아가는건 기본이고 무기 안바뀌고 탈것 못타고  밥 안먹어지고 전투중에 멈추고 생산물 획득 안되고 루팅 안되고   사람이 많아져서 인건지 뭔지 감자서버된게 해결이 안되네요  일단 컨텐츠는 모르겠고 서버.. 아..
2139460,0,"원스 휴먼만의 독특한 세계관. 창의적인 컨텐츠들.  솔직히 초반에 플레이하면서 여러 설계도나 장비 수집, 건축으로 집을 지으면서 여러가지 재미는 확실히 느끼긴 했다.  그럼에도 불구하고 단점은 여럿 있었고 그 중에서 가장 손에 꼽는 단점 하나가 있는 장점, 없는 장점을 전부 잡아먹는다.     [ 서버 렉 ] 씨발아     최적화 업데이트를 안하길래 스팀 파일을 공식 클라이언트 파일쪽으로 붙여넣기 해서 시작했는데도 어찌된게 렉이 그렇게 미친듯이 잡아먹히는 거냐?  엔비디아 설정 바꿨는데도 사일로 쪽이나 보스 몹 스쿼드 팀 매칭해서 사람들이랑 플레이 하니까 렉이 미친 듯이 발생하고 플레이하는 입장에서도 멀미 굉장히 온다.  아마 할 사람들은 계속 하겠지만 혹시 이 게임 해볼만 하나 싶어서 기웃거리는 사람들한테는 굉장히 비추천한다."
2139460,1,"뭔가 많다. 여러가지를 전부 섞었다. 그리고 핑이 안좋아서 불안정하다. 1주차 초보자 서버밖에 진행을 안해봤기에 자세한 리뷰는 어렵겠지만...  아니 39시간이나 했는데, 1주차 제한 때문에 컨텐츠의 일부밖에 못 즐긴게 어이가 없네.   컨텐츠가 방대하고 양이 많은데 깊이가 깊지는 않단 느낌이 든다.  전체적인 컨셉은 좋으나 스토리는 피상적이고 전투는 단조롭다.  파밍은 흥미롭지 않으며 이동도 즐겁지 않다.   그런데도 그 모든 게 짬뽕이 되어 있어서 그럭저럭 먹을만하다."
2139460,1,"파밍 할것도 많고 총쏘는 재미도 있고 다 좋은데  서버가 너무 아쉬움 진짜 서버가...  그리고 탑승물 물리엔진도 뭔가 뭔가긴 한데 그래도 다 좋은데  서버가...진짜.."
2139460,1,"단순하게 잠깐 찍먹좀 해볼려고 했는데 어느순간에 게속 플레이 하고 있는나  하면서도 느낀게 재미있다 이러면서 개열심히 하고 있는중   단점은 서버가 너무 아프다는거"
2139460,1,"할까말까 고민중일땐 일단 하고 보셈 무료자너,, 재밌는건 말할 필요도 없고"
2139460,1,그래픽이 일단 개 좋음 ㄷ ㄷ 그리고 이 게임이 지금 모바일로 출시 할 예정인데 출시하면 개떡상일듯 나의 인생 게임!!
2139460,1,무료스팀게임에 비해 매우 잘만들었어요 시간가는줄 모르고 겜헀습니다.
2139460,0,개 붕ㅅ같은게임 도박만 쳐 내놓고 서버 개선 절대 안함 조만간 먹튀 할거같은스탠스
2139460,0,"게임은 할것도많고 잘만든거같은데 렉이 너무너무너무너무너무 심함 컴퓨터의 문제가 아니라 서버의 문제가 너무심각함 pvp는 절대로 하지말것.. 아무것도 못함"
2139460,1,"게임은 정말 재밌는데 서버 불안정하고, 게임이 자꾸 튕기는데 그냥 튕기는것도 아니고 컴퓨터를 아예 재부팅 시켜버림.. 7800X3D , 7800 XT라 사양문제는 절대 아닐거고, 서버문제인거 같음 서버만 쾌적하면 진짜 몰입해서 할만한 게임인데 아쉬움 그래도 게임 자체는 재밌으니까 따봉"
2139460,0,"내가 느낀 이게임의 문제점 대나무로 서버 만들어서 그런가 렉이 너무 심함 오픈 때부터 지금까지 렉이 나아지긴 커녕 그대로임 오리진도 그나마 나아 졌지만 그래도 심함 차량 소환이 안되고 오염지대나 비가 오면 렉이 심해짐 그리고 차타고 이동시 가끔가다 다시 제자리로 돌아가는것 렉이 심하여 몹 움직이는것도 스톱모션인거 마냥 움직임 그리고 죽지도 않고 딸피가 풀피로 다시참 심지어 버그도 많음 버그는 그래도 고치긴 함 그 외엔 할만한 게임 렉,버그 상관 없다 하시는분들한테만 추천 드림"
2139460,0,"너무 갓겜입니다 서버렉때문에 쓸수있는 총이 몇가지 안되요 총중에 서버렉으로 인해 보너스데미지가 아예 안들어가는 총들이 있어서 마음에 수련을 하기에 좋습니다 (답답한걸 즐기세요) 당신의 뇌는 이미 도파민에 쩔어서 즐기게 될것입니다"
2139460,0,공격모션이 원패턴인점. 몬스터나 보스전이 좀 너무 투박해서 몰입이 안된다.  2/5
2139460,1,너무 재미있어요 진짜 원래 스팀 게임 안좋아하는데 친구따라서 해보니까 시간가는줄 모르고 벌써 100시간 가까이 플레이 중입니다
2139460,1,⣿⣿⣿⣿⣿⠟⠋⠄⠄⠄⠄⠄⠄⠄⢁⠈⢻⢿⣿⣿⣿⣿⣿⣿⣿ ⣿⣿⣿⣿⣿⠃⠄⠄⠄⠄⠄⠄⠄⠄⠄⠄⠄⠈⡀⠭⢿⣿⣿⣿⣿ ⣿⣿⣿⣿⡟⠄⢀⣾⣿⣿⣿⣷⣶⣿⣷⣶⣶⡆⠄⠄⠄⣿⣿⣿⣿ ⣿⣿⣿⣿⡇⢀⣼⣿⣿⣿⣿⣿⣿⣿⣿⣿⣿⣧⠄⠄⢸⣿⣿⣿⣿ ⣿⣿⣿⣿⣇⣼⣿⣿⠿⠶⠙⣿⡟⠡⣴⣿⣽⣿⣧⠄⢸⣿⣿⣿⣿ ⣿⣿⣿⣿⣿⣾⣿⣿⣟⣭⣾⣿⣷⣶⣶⣴⣶⣿⣿⢄⣿⣿⣿⣿⣿ ⣿⣿⣿⣿⣿⣿⣿⣿⡟⣩⣿⣿⣿⡏⢻⣿⣿⣿⣿⣿⣿⣿⣿⣿⣿ ⣿⣿⣿⣿⣿⣿⣹⡋⠘⠷⣦⣀⣠⡶⠁⠈⠁⠄⣿⣿⣿⣿⣿⣿⣿ ⣿⣿⣿⣿⣿⣿⣍⠃⣴⣶⡔⠒⠄⣠⢀⠄⠄⠄⡨⣿⣿⣿⣿⣿⣿ ⣿⣿⣿⣿⣿⣿⣿⣦⡘⠿⣷⣿⠿⠟⠃⠄⠄⣠⡇⠈⠻⣿⣿⣿⣿ ⣿⣿⣿⣿⡿⠟⠋⢁⣷⣠⠄⠄⠄⠄⣀⣠⣾⡟⠄⠄⠄⠄⠉⠙⠻ ⡿⠟⠋⠁⠄⠄⠄⢸⣿⣿⡯⢓⣴⣾⣿⣿⡟⠄⠄⠄⠄⠄⠄⠄⠄ ⠄⠄⠄⠄⠄⠄⠄⣿⡟⣷⠄⠹⣿⣿⣿⡿⠁⠄⠄⠄⠄⠄⠄⠄⠄
2139460,1,⣿⣿⣿⣿⣿⠟⠋⠄⠄⠄⠄⠄⠄⠄⢁⠈⢻⢿⣿⣿⣿⣿⣿⣿⣿ ⣿⣿⣿⣿⣿⠃⠄⠄⠄⠄⠄⠄⠄⠄⠄⠄⠄⠈⡀⠭⢿⣿⣿⣿⣿ ⣿⣿⣿⣿⡟⠄⢀⣾⣿⣿⣿⣷⣶⣿⣷⣶⣶⡆⠄⠄⠄⣿⣿⣿⣿ ⣿⣿⣿⣿⡇⢀⣼⣿⣿⣿⣿⣿⣿⣿⣿⣿⣿⣧⠄⠄⢸⣿⣿⣿⣿ ⣿⣿⣿⣿⣇⣼⣿⣿⠿⠶⠙⣿⡟⠡⣴⣿⣽⣿⣧⠄⢸⣿⣿⣿⣿ ⣿⣿⣿⣿⣿⣾⣿⣿⣟⣭⣾⣿⣷⣶⣶⣴⣶⣿⣿⢄⣿⣿⣿⣿⣿ ⣿⣿⣿⣿⣿⣿⣿⣿⡟⣩⣿⣿⣿⡏⢻⣿⣿⣿⣿⣿⣿⣿⣿⣿⣿ ⣿⣿⣿⣿⣿⣿⣹⡋⠘⠷⣦⣀⣠⡶⠁⠈⠁⠄⣿⣿⣿⣿⣿⣿⣿ ⣿⣿⣿⣿⣿⣿⣍⠃⣴⣶⡔⠒⠄⣠⢀⠄⠄⠄⡨⣿⣿⣿⣿⣿⣿ ⣿⣿⣿⣿⣿⣿⣿⣦⡘⠿⣷⣿⠿⠟⠃⠄⠄⣠⡇⠈⠻⣿⣿⣿⣿ ⣿⣿⣿⣿⡿⠟⠋⢁⣷⣠⠄⠄⠄⠄⣀⣠⣾⡟⠄⠄⠄⠄⠉⠙⠻ ⡿⠟⠋⠁⠄⠄⠄⢸⣿⣿⡯⢓⣴⣾⣿⣿⡟⠄⠄⠄⠄⠄⠄⠄⠄ ⠄⠄⠄⠄⠄⠄⠄⣿⡟⣷⠄⠹⣿⣿⣿⡿⠁⠄⠄⠄⠄⠄⠄⠄⠄ 중국 한국 분리 = 갓겜
2139460,1,"27시간 했는데 너무 재미있어요.... 총게임 잘못하는데 그냥 채집하거나 집 꾸미거나... 드라이브 하거나 라디오 듣거나 농사 수렵하거나... >.< 드라이브 할 때 음악에 중독된다는 글이 어떤 의미인지 깨달았습니다,,"
2139460,1,2024년 12월 8일 (추천)  친구따라 다시시작했는데 랙이 많이 잡힘 간혹가다 상호작용이 안되는 버그가 있지만 전에 비하면 1/8정도 되는듯 아쉬운점은 사운드 조절이 세분화 되있지 않음 좀비가 소리지르는거 듣기 싫어서 끌려고했는데 총기 사운드도 같이꺼짐  2024년 10월 8일 (비추)  ㅅㅂ 랙 ㅅㅂ 랙 ㅅㅂ 랙 ㅅㅂ 랙 ㅅㅂ 랙 ㅅㅂ 랙 ㅅㅂ 랙 ㅅㅂ 랙 ㅅㅂ 랙 ㅅㅂ 랙 ㅅㅂ 랙 ㅅㅂ 랙 ㅅㅂ 랙 ㅅㅂ 랙 ㅅㅂ 랙 ㅅㅂ 랙 ㅅㅂ 랙 ㅅㅂ 랙 ㅅㅂ 랙 ㅅㅂ 랙 ㅅㅂ 랙 ㅅㅂ 랙 ㅅㅂ 랙 ㅅㅂ 랙 ㅅㅂ 랙 ㅅㅂ 랙 ㅅㅂ 랙 ㅅㅂ 랙 ㅅㅂ 랙 ㅅㅂ 랙 ㅅㅂ 랙 ㅅㅂ 랙 ㅅㅂ 랙 ㅅㅂ 랙 ㅅㅂ 랙 ㅅㅂ 랙 ㅅㅂ 랙 ㅅㅂ 랙 ㅅㅂ 랙 ㅅㅂ 랙 ㅅㅂ 랙 ㅅㅂ 랙 ㅅㅂ 랙 ㅅㅂ 랙 ㅅㅂ 랙 ㅅㅂ 랙 ㅅㅂ 랙 ㅅㅂ 랙 ㅅㅂ 랙 ㅅㅂ 랙 ㅅㅂ 랙 ㅅㅂ 랙 ㅅㅂ 랙 ㅅㅂ 랙 ㅅㅂ 랙 ㅅㅂ 랙 ㅅㅂ 랙 ㅅㅂ 랙 ㅅㅂ 랙 ㅅㅂ 랙 ㅅㅂ 랙 ㅅㅂ 랙 ㅅㅂ 랙 ㅅㅂ 랙 ㅅㅂ 랙 ㅅㅂ 랙 ㅅㅂ 랙 ㅅㅂ 랙 ㅅㅂ 랙 ㅅㅂ 랙 ㅅㅂ 랙 ㅅㅂ 랙 ㅅㅂ 랙 ㅅㅂ 랙 ㅅㅂ 랙 ㅅㅂ 랙 ㅅㅂ 랙 ㅅㅂ 랙 ㅅㅂ 랙 ㅅㅂ 랙 ㅅㅂ 랙 ㅅㅂ 랙 ㅅㅂ 랙 ㅅㅂ 랙 ㅅㅂ 랙 ㅅㅂ 랙 ㅅㅂ 랙 ㅅㅂ 랙 ㅅㅂ 랙 ㅅㅂ 랙 ㅅㅂ 랙 ㅅㅂ 랙 ㅅㅂ 랙 ㅅㅂ 랙 ㅅㅂ 랙 ㅅㅂ 랙 ㅅㅂ 랙 ㅅㅂ 랙 ㅅㅂ 랙 ㅅㅂ 랙 ㅅㅂ 랙 ㅅㅂ 랙 ㅅㅂ 랙 ㅅㅂ 랙 ㅅㅂ 랙 ㅅㅂ 랙 ㅅㅂ 랙 ㅅㅂ 랙 ㅅㅂ 랙 ㅅㅂ 랙 ㅅㅂ 랙 ㅅㅂ 랙 ㅅㅂ 랙 ㅅㅂ 랙 ㅅㅂ 랙 ㅅㅂ 랙 ㅅㅂ 랙 ㅅㅂ 랙 ㅅㅂ 랙 ㅅㅂ 랙 ㅅㅂ 랙 ㅅㅂ 랙 ㅅㅂ 랙 ㅅㅂ 랙 ㅅㅂ 랙 ㅅㅂ 랙 ㅅㅂ 랙 ㅅㅂ 랙 ㅅㅂ 랙 ㅅㅂ 랙 ㅅㅂ 랙 ㅅㅂ 랙 ㅅㅂ 랙 ㅅㅂ 랙 ㅅㅂ 랙 ㅅㅂ 랙 ㅅㅂ 랙 ㅅㅂ 랙 ㅅㅂ 랙 ㅅㅂ 랙 ㅅㅂ 랙 ㅅㅂ 랙 ㅅㅂ 랙 ㅅㅂ 랙 ㅅㅂ 랙 ㅅㅂ 랙 ㅅㅂ 랙 ㅅㅂ 랙 ㅅㅂ 랙 ㅅㅂ 랙 ㅅㅂ 랙 ㅅㅂ 랙 ㅅㅂ 랙 ㅅㅂ 랙 ㅅㅂ 랙 ㅅㅂ 랙 ㅅㅂ 랙 ㅅㅂ 랙 ㅅㅂ 랙 ㅅㅂ 랙 ㅅㅂ 랙 ㅅㅂ 랙 ㅅㅂ 랙 ㅅㅂ 랙 ㅅㅂ 랙 ㅅㅂ 랙 ㅅㅂ 랙 ㅅㅂ 랙 ㅅㅂ 랙 ㅅㅂ 랙 ㅅㅂ 랙 ㅅㅂ 랙 ㅅㅂ 랙 ㅅㅂ 랙 ㅅㅂ 랙 ㅅㅂ 랙 ㅅㅂ 랙 ㅅㅂ 랙 ㅅㅂ 랙 ㅅㅂ 랙 ㅅㅂ 랙 ㅅㅂ 랙 ㅅㅂ 랙 ㅅㅂ 랙 ㅅㅂ 랙 ㅅㅂ 랙 ㅅㅂ 랙 ㅅㅂ 랙 ㅅㅂ 랙 ㅅㅂ 랙 ㅅㅂ 랙 ㅅㅂ 랙 ㅅㅂ 랙 ㅅㅂ 랙 ㅅㅂ 랙 ㅅㅂ 랙 ㅅㅂ 랙 ㅅㅂ 랙 ㅅㅂ 랙 ㅅㅂ 랙 ㅅㅂ 랙 ㅅㅂ 랙 ㅅㅂ 랙 ㅅㅂ 랙 ㅅㅂ 랙 ㅅㅂ 랙 ㅅㅂ 랙 ㅅㅂ 랙 ㅅㅂ 랙 ㅅㅂ 랙 ㅅㅂ 랙 ㅅㅂ 랙 ㅅㅂ 랙 ㅅㅂ 랙 ㅅㅂ 랙 ㅅㅂ 랙 ㅅㅂ 랙 ㅅㅂ 랙 ㅅㅂ 랙 ㅅㅂ 랙 ㅅㅂ 랙 ㅅㅂ 랙 ㅅㅂ 랙 ㅅㅂ 랙 ㅅㅂ 랙 ㅅㅂ 랙 ㅅㅂ 랙 ㅅㅂ 랙 ㅅㅂ 랙 ㅅㅂ 랙 ㅅㅂ 랙 ㅅㅂ 랙 ㅅㅂ 랙 ㅅㅂ 랙 ㅅㅂ 랙 ㅅㅂ 랙 ㅅㅂ 랙 ㅅㅂ 랙 ㅅㅂ 랙 ㅅㅂ 랙 ㅅㅂ 랙 ㅅㅂ 랙 ㅅㅂ 랙 ㅅㅂ 랙 ㅅㅂ 랙 ㅅㅂ 랙 ㅅㅂ 랙 ㅅㅂ 랙 ㅅㅂ 랙 ㅅㅂ 랙 ㅅㅂ 랙 ㅅㅂ 랙 ㅅㅂ 랙 ㅅㅂ 랙 ㅅㅂ 랙 ㅅㅂ 랙 ㅅㅂ 랙 ㅅㅂ 랙 ㅅㅂ 랙 ㅅㅂ 랙 ㅅㅂ 랙 ㅅㅂ 랙 ㅅㅂ 랙 ㅅㅂ 랙 ㅅㅂ 랙 ㅅㅂ 랙 ㅅㅂ 랙 ㅅㅂ 랙 ㅅㅂ 랙 ㅅㅂ 랙 ㅅㅂ 랙 ㅅㅂ 랙 ㅅㅂ 랙 ㅅㅂ 랙 ㅅㅂ 랙 ㅅㅂ 랙 ㅅㅂ 랙 ㅅㅂ 랙 ㅅㅂ 랙 ㅅㅂ 랙 ㅅㅂ 랙 ㅅㅂ 랙 ㅅㅂ 랙 ㅅㅂ 랙 ㅅㅂ 랙 ㅅㅂ 랙 ㅅㅂ 랙 ㅅㅂ 랙 ㅅㅂ 랙 ㅅㅂ 랙 ㅅㅂ 랙 ㅅㅂ 랙 ㅅㅂ 랙 ㅅㅂ 랙 ㅅㅂ 랙 ㅅㅂ 랙 ㅅㅂ 랙 ㅅㅂ 랙 ㅅㅂ 랙 ㅅㅂ 랙 ㅅㅂ 랙 ㅅㅂ 랙 ㅅㅂ 랙 ㅅㅂ 랙 ㅅㅂ 랙 ㅅㅂ 랙 ㅅㅂ 랙 ㅅㅂ 랙 ㅅㅂ 랙 ㅅㅂ 랙 ㅅㅂ 랙 ㅅㅂ 랙 ㅅㅂ 랙 ㅅㅂ 랙 ㅅㅂ 랙 ㅅㅂ 랙 ㅅㅂ 랙 ㅅㅂ 랙 ㅅㅂ 랙 ㅅㅂ 랙 ㅅㅂ 랙 ㅅㅂ 랙 ㅅㅂ 랙 ㅅㅂ 랙 ㅅㅂ 랙 ㅅㅂ 랙 ㅅㅂ 랙 ㅅㅂ 랙 ㅅㅂ 랙 ㅅㅂ 랙 ㅅㅂ 랙 ㅅㅂ 랙 ㅅㅂ 랙 ㅅㅂ 랙 ㅅㅂ 랙 ㅅㅂ 랙 ㅅㅂ 랙 ㅅㅂ 랙 ㅅㅂ 랙 ㅅㅂ 랙 ㅅㅂ 랙 ㅅㅂ 랙 ㅅㅂ 랙 ㅅㅂ 랙 ㅅㅂ 랙 ㅅㅂ 랙 ㅅㅂ 랙 ㅅㅂ 랙 ㅅㅂ 랙 ㅅㅂ 랙 ㅅㅂ 랙 ㅅㅂ 랙 ㅅㅂ 랙 ㅅㅂ 랙 ㅅㅂ 랙 ㅅㅂ 랙 ㅅㅂ 랙 ㅅㅂ 랙 ㅅㅂ 랙 ㅅㅂ 랙 ㅅㅂ 랙 ㅅㅂ 랙 ㅅㅂ 랙 ㅅㅂ 랙 ㅅㅂ 랙 ㅅㅂ 랙 ㅅㅂ 랙 ㅅㅂ 랙 ㅅㅂ 랙 ㅅㅂ 랙 ㅅㅂ 랙 ㅅㅂ 랙 ㅅㅂ 랙 ㅅㅂ 랙
2139460,1,현재 나온지 3개월이 되고 조금 지났습니다 버그를 고친다는 공지가 올라오고 있는 상황에서도 현재 버그가 너무 많고 서버가 조금 불안정한것같습니다 버그만 고쳐진다면 편안하게 플레이 가능할것같아요
2139460,0,"9월26일 프리즘 전쟁 업데이트 부터 10월08일 지금까지 서버렉이 계속됨  이전에도 렉이 있었지만 이정도는 아니였음 아직까지 개선도 없고  능력이 없는건지 의지가 없는건지 모르겠음"
2139460,1,다 좋은데 서버렉 좀 잡아라 오도방구 타면서 대체 뒤로 몇번이나 텔포 하는거야 *발!!
2139460,1,히히히히히힣힣ㅎ 열심히 맞춘 전설벡터 불안정다이너마이트가 안터지네 히히힣힣ㅎ힣 서버가 딜을 점지해줘야 되네 히힣힣히힣
2139460,1,"디비전,폴아웃,아크,펠월드,데이지 등등, 니가 뭘 좋아할지 몰라서 다 섞어봤어 강추 여캐가 이쁨"
2139460,1,일단 재밌습니다. 주변에 소개 하고 싶을만큼의 재미가 있었고 러스트와 비슷하다고 보고 있어요. 러스트는 초반에 학살하는곳이었는데 여기는 렙 10이후에 죽이는게 가능하다고 들어서 안심했고요. 특정한 보스전 아니면 일부 살생을 하지 않아서 게임을 즐기기 좋았습니다. 렉은 무방합니다. 본인 컴이 느려서 문제라 생각합니다. 다른 게임보다 거의 매일 들어가는 점. 별 100개 주고 싶네요.
2139460,0,"게임은 잘만들었는데 렉이 심하다 라는 평을 많이 하던데 절대아님 그냥 게임 자체를 못만들었음 유비가 서버가 개판이라고 아무리 욕을처먹었지만 원스휴먼에 비하면 양반임 오히려 그쪽이 쾌적할정도 1시간 게임하면 50분을 렉때문에 고통받아야함 그렇다고 컨텐츠가 잘빠졋나? 놉 딜찍누 원툴게임 프레임회피가 있는지도 모르겠는데 애초에 렉떄문에 불가능함 패턴이 나오면 맞는다 포션빨고 때린다 이게 끝 PVP? 렉안걸리는놈이 이기는거임 내가 24년도에 이정도로 개같은 게임을 볼줄은 몰랐음"
2139460,1,"1. 나름 쉽고, 많이 재미있음. 2. 협동,생존이긴 하나 러스트 같은 생존, 협동겜이라 생각하면 안됨. rpg에 가깝고 특정 컨텐츠의 협동이 중요함. 게임이 상대적으로 엄청 가벼움. 3. BM은 해도 그만 안해도 그만 4. 시즌제 mmorpg 임, pvp, 진영싸움있음 4-1. 망캐, 축캐 랜덤성이 있음. 5. 번역이 좀 이상함 알아들을 수는 있음. 고유명사가 많아서 초반에 어려움 6. 서버렉, 잔버그 현시점 개심함. 하다보면 타임머신 개발에 성공한 본인을 볼 수 있음 7. 건축이 재밌음 8. 맵이 넓은 것에 비해 랜덤이벤트 등 파밍이 루즈하지않음  결론 : 전작에 비교하면 프로토스 수준의 발전을 이뤄냄. 이 장르의 무료게임 중 압도적인 퀄리티. 그러나 약간 허술한 ai, 후반에 강제되는 협동(협동메타의 고착화), 시즌제 mmo, 캐릭터 육성 중 랜덤요소 있음 등 으로 인하여 뛰어난 퀄리티에 비해 입맛은 갈리는 편이다. 입맛에 맞는 사람은 오래 즐길 수 있고 아니여도 유행하니까 찍먹정도는 추천한다."
2139460,1,존내 맛있는 비빔밥을 잘 비벼서 몇 입 먹었는데 밥이 비비기 전으로 돌아가 있음.    진짜 재밌는 요소들을 잘 녹여내서 좋은데 미친 버그들 때문에 만족할 수가 없어.
2139460,0,렉으로 서버가 망해가도 개선점은 안보이고 이번에 아는분들 화물 건설하다 물리 버그 때문에 화물차가 지혼자 날아다니는거 보다가 구경 및 보조석 앉아 있었다는 이유로 단체 밴 먹었던데 진심 자기들이 만든 버그 알아볼 생각도 없이 그저 ai 답변만하는 회사 이제 슬 지친다  오랜만에 접해서 붉은달을 접해본 결과 랩업도 바빠 죽겠는데 붉은달 뜨면 멘탈 그냥 ㅂㅅ되서 죽어야됨 어떤 ㅂㅅ의 대가리에서 나온 시스템인지 진심 빡치네
2139460,1,게임이 덜 만든 티가 많이 나긴하는데 그래도 나름 열심히 만든 티도 난다. 근데 열심히 만들어 놓고 도대체 서버 상태 수시로 왜 이러냐
2139460,0,메인 스토리 미는데 왠 거점전.... 스토리 못 끝내고 갑니다.
2139460,1,"“원스휴먼”은 현재 존재하는 모든 게임의 요소들을 훌륭하게 결합하면서도, 그럼에도 불구하고 자연스럽고 독창적인 형태로 완성된 작품이다. 기본적으로 오픈월드를 탐험하며, 플레이어는 스토리를 진행하고 캐릭터를 성장시켜 나가는 방식이다. 그러나 게임의 진면목은 단순히 전형적인 서바이벌 및 RPG 요소에 그치지 않는다. ""원스휴먼""은 세기말적 분위기를 물씬 풍기는 서브퀘스트들과 그 안에 담긴 강렬한 감정을 통해, 플레이어에게 깊은 몰입감을 선사한다.  <서브퀘스트와 감정의 묘미> 게임 내에서 플레이어는 메인 퀘스트 외에도 다양한 서브퀘스트를 통해 이야기를 확장해 나갈 수 있다. 특히, ""원스휴먼""만의 독특한 설정인 과거의 기억이나 유령의 등장으로 플레이어는 좀비와의 싸움 외에도 더 복잡한 감정선에 영향을 받게 된다. 예를 들어, 감염물과 싸우는 과정에서 과거의 기억을 되새기는 NPC와 교감하게 되며, 이 NPC와 함께 미완의 일을 끝내고 나서 그들이 이미 세상을 떠났다는 사실을 깨닫는 순간은 플레이어에게 강력한 감정적 충격을 선사한다. 이러한 요소는 단순한 서바이벌 게임을 넘어서 감성적인 깊이를 더한다.  <하우징과 제작 시스템, 그리고 유저 간의 거래> ""원스휴먼""의 또 다른 묘미는 하우징과 생필품 제작 시스템에 있다. 게임 내에서 생존을 위한 자원을 수집하고, 가구 설계도나 기타 아이템을 파밍하는 과정은 탐험과 전투 외에도 중요한 재미 요소로 자리 잡는다. 하우징 시스템을 통해 플레이어는 자신의 공간을 꾸미고, 다른 유저들과 아이템을 거래하며 더욱 풍성한 플레이를 경험할 수 있다. 이러한 시스템은 특히 친구와 함께 플레이할 때 그 가치를 극대화한다. 유저 간의 상호작용이 중요한 게임에서, 다양한 거래와 협력이 게임의 재미를 한층 더 끌어올린다.  <보스 레이드와 몰입감 넘치는 연출> 각 구간의 보스 레이드도 ""원스휴먼""의 중요한 매력 중 하나다. 보스와의 전투는 단순한 전투를 넘어, 등장 전의 컷씬부터 패턴, 연출까지 모든 것이 정교하게 구성되어 있다. 이 게임은 단지 보스를 처치하는 데 그치지 않고, 그 과정에서 강한 몰입감을 선사하는 세밀한 연출을 통해 플레이어를 게임 속 세계로 완전히 끌어들인다. 보스 레이드의 스케일과 긴장감은 게임 내 최고 수준이라 할 수 있으며, 각 보스마다 고유한 특색을 지닌 패턴과 전투 스타일은 반복 플레이를 유도하는 요소로 작용한다.  <비즈니스 모델의 맑음> 게임의 비즈니스 모델은 매우 맑고 투명하다. ""원스휴먼""은 전형적인 P2W(Pay to Win) 요소가 없으며, 유료 아이템은 오로지 스킨과 같은 장식용 아이템에 한정된다. 하우징 관련 스킨은 특히 많은 종류가 제공되며, 일부 레어 스킨은 다소 높은 가격에 판매되기도 한다. 예를 들어, 한화 약 7만원에 달하는 하우징 세트도 있지만, 이 가격은 최대 4명까지 공유할 수 있는 혜택이 있어, 가격 대비 가치를 충분히 인정할 수 있다. 게임의 고퀄리티와 빈번한 운영진과의 소통, 업데이트 등을 고려할 때, 이러한 가격은 나쁘지 않다.  <성능 개선과 안정적인 플레이 환경> 게임의 퍼포먼스는 초창기에는 서버 렉과 프레임 드랍 등의 문제가 있었으나, 지속적인 피드백과 개선을 통해 현저하게 향상되었다. 2025년 1월 말 기준으로, GTX1060 6GB 그래픽카드를 사용해도 옵션을 다소 타협하면 원활하게 58~60프레임을 유지할 수 있으며, 과거의 불편했던 성능 문제는 거의 해결된 상태이다. 하우징이나 많은 유저들이 모여 있는 지역에서 프레임 저하가 일어나는 문제도 크게 개선되었으며, 플레이 환경은 매우 안정적이다.  <시즌 초기화 시스템: 호불호를 넘어서> 시즌 초기화 시스템은 ""원스휴먼""에서 호불호가 크게 갈리는 요소 중 하나다. 시즌 초기에 파밍한 아이템, 설계도, 재료 등이 초기화되지만, 중요한 아이템과 설계도는 그대로 유지되며 일부는 다음 시즌으로 가져갈 수 있는 옵션도 제공된다. 이러한 시스템은 초기에는 불편함을 느낄 수 있지만, 시간이 지나며 그 장점이 드러난다. 파밍한 아이템들 중 중요한 설계도들은 모두 그대로 유지되므로, 시즌 초기화로 인한 불만은 점차 줄어들게 된다. 초기화 시스템을 극혐하는 본인도 막상 시작하고 보니 불편한 점이 없었다."
2139460,1,"미흡한 번역이나 자잘한 버그가 있습니다만  무료로 이정도 퀄리티의 게임을 즐길 수 있다는것이 참 좋습니다   과금유도도 심하지 않고 훌륭한테요"
2139460,1,서버 렉이 장난 아니지만 재미있다...... 진짜 렉만 잡아줬음 좋겟다
2139460,0,게임 공짠거 알겠는데 사람들이 하도 서버 서버 난리를 치길래 그래도 공짜 게임에 할거 많은데 참을 수 있기는 시발 아주 지랄 염병을 하고 있네 지금 출시한지 꽤 지났는데 아직도 안고친다?! 이건 그냥 방치 한거다 소문 들어보면 다른나라 서버는 괜찮다고 하더만 게임이 모바일도 겸한거라는데 그런것 치고는 최적화도 거지같다 퍼스트 디센던트 하면서 2중 파밍과 확률 안맞는 개같은 빡침으로 넘어왔는데 여기는 서버로 염병을 떤다 퍼디가 선녀였구나 하는 생각이 난다 또 오픈 월드는 유비식 똑같은거 반복이고 만약 서버가 완전 쾌적해 진다면 모를까 딱히 할맘은 안생긴다
2139460,1,"시즌제 게임이라 쉽게 접고 복귀하기 좋은 게임 숙제게임 처럼 매일 접속해서 보상 받아야하는 스트레스 또한 없음  이 게임의 제일 큰 단점이 서버렉인데.. 개선이 될거라는 기대는 안하는게 좋음"
2139460,1,"🎨 그래픽 (8/10)  평가 기준: 시각적 효과, 디자인의 완성도, 몰입감 장점: 최신 그래픽 기술을 통해 지역과 몬스터의 디자인이 뛰어남. 단점: 바디 커스터마이징의 한계가 아쉬움.  🎵 사운드 및 음악 (5/10)  평가 기준: 효과음, 음악, 환경음 장점: 효과음은 적절했으며 음향 디자인은 몰입감이 좋았음. 단점: 환경음의 부족으로 인해 전체적인 몰입감이 다소 약함.  🎮 게임플레이 (9/10)  평가 기준: 캐릭터 성장, 콘텐츠의 다양성, 과금 유도 여부 장점: 파밍과 성장의 재미가 잘 살아 있으며, 무료 게임임에도 불구하고 충분한 콘텐츠를 제공. 단점: 건축 컨텐츠에서의 과금 유도는 다소 눈에 띔.  📜 스토리 및 내러티브 (2/10)  평가 기준: 스토리의 흥미로움, 번역의 품질 단점: 스토리가 지나치게 복잡하고 번역 품질이 아쉬움. 몰입감 향상이 필요함.  🔄 리플레이 가치 (8/10)  평가 기준: 지속적 플레이 동기, 신선함 유지 장점: 서버 초기화 시스템으로 신선함을 유지하며, 게임의 핵심 재미 요소를 강화함.  총점: 32/50   파밍과 루터 슈터 장르를 좋아하는 분들에게 추천. 내러티브에 큰 비중을 두지 않는 플레이어라면 더 즐길 수 있음.  ""루터 슈터의 본질적인 재미와 초기화의 신선함이 돋보이는 게임, 스토리에 대한 기대는 접어두자."""
2139460,0,아니  3시간동안 다운을 처하고 패치 파일 확인중에 2시간보다 많이 걸리네 이겜 지웠다 깔았다를 10번은 넘게했다진짜
2139460,1,게임은 알차고 나름 재미있는데 서버상태가 너무 안좋음 서버 상태만 개선하면 무로 생존게임중에 이정도 게임 거의 없을듯 플레이 시간 적은건 스팀으로 조금 하다 원스휴먼 자체 클라로 넘어가서 그럼 오픈때부터 지금까지 하는중
2139460,1,렉하고 지연시간이 많이 발생하지만 개선하면 꿀잼 게임 ~!
2139460,0,렉 시발 슉슉슈슉 트레이서 쳐 되가지고 슉 슈슈슉 슉 슉 슉 시발 뭔 게임이 계속 개소리하면서 튜토리얼만 존나 슉 슈슈슉 슉 슉 시발 슉 슉슉슉 개씨발 슉슉슉 공격하려고하면 무슨 자동타게팅되는데 존나 호바밧 빨려들어가면서 쳐 때리고 심지어 타게팅혼자 또 미끄러지면서 슉슈슉슉 슉시발 슉슉슉시발 슉슉슉  쿠나이 시발 던지는데 타격감씨발 내가오늘 아침 계란까는게 더 타격감좋았다씨발 슉슈슉슉슈슈슉 슉 슉슉 하고 플레이하면 또갑자기 서버렉 쳐 걸리면서 슈슉슉슛슉 슉 과거로이동 슛ㅅ슈슈슉 움직임도 존나굼떠까지고 슉슈슈슉슉슉 움직이라고하면 갑자기 한숨 한번쉬고 흐잇짜하고 움직이고 슉슈슈슈슉슉슉 시발 슉슉 조금할라니까 갑자기 쳐 튕기고 슉슉슉 다시키니까 슉슉튕기고 슉슉슉 시발 슉슉슉 무슨 처음에 시발 개인정보확인란도 예 아니오가 중국어로 뜨고 거기서 다른버튼 뒤로가기 esc관상용 버튼 시발 눌리지도 않고 시발 개인정보 뭐시기 아니오같은 빨간버튼 누르니까 또 게임혼자 쳐 튕기고 슉슉슉 슉 시발 슉 슉슉 버그도시발 무슨 슉슉슉 시발   그리고 온라인게임에서 서버가 문제면 전부문제인거 아님? 시발 장난함?
2139460,1,"한글 채팅 칠때마다 렉걸리는거 나뿐인가 영어 칠때는 버벅 거리는거 없는거같은데 한글 칠때만 화면이 끊겨보이는거같다, 의도한건가 최적화가 아에 안된건가 할생각이 없는건가"
2139460,1,[h1] [★8/10] 생존하는 느낌 재밌고 좋음 보스는 어려웠음 오토바이 타는게 개꿀잼임 무료임
2139460,0,tㅣ발 서버렉이 존나심해서 재밌게 할라해도 팍식어버리네 좆같다 인게임내 갓겜찬양단 이 씨발 틀딱새끼들 다죽여버리고싶음 ㅇㅇ
2139460,1,"존잼 개재밋게 잘 하구이써여 근데 렉좀 어케 안되나 그리고 스킨이 존나못생김; 스킨 만드는 사람 철밥통임? 나오는 옷 스킨마다 개모ㅓㅅ생김"
2139460,1,서버야 아프지마 서버야 아프지마 서버야 아프지마 서버야 아프지마 서버야 아프지마 서버야 아프지마 서버야 아프지마 서버야 아프지마 서버야 아프지마 서버야 아프지마 서버야 아프지마 서버야 아프지마 서버야 아프지마 서버야 아프지마 서버야 아프지마 서버야 아프지마 서버야 아프지마 서버야 아프지마 서버야 아프지마 서버야 아프지마 서버야 아프지마 서버야 아프지마 서버야 아프지마 서버야 아프지마 서버야 아프지마 서버야 아프지마 서버야 아프지마 서버야 아프지마 서버야 아프지마 서버야 아프지마 서버야 아프지마 서버야 아프지마 서버야 아프지마 서버야 아프지마 서버야 아프지마 서버야 아프지마 서버야 아프지마 서버야 아프지마 서버야 아프지마 서버야 아프지마 서버야 아프지마 서버야 아프지마 서버야 아프지마 서버야 아프지마 서버야 아프지마 서버야 아프지마 서버야 아프지마 서버야 아프지마 서버야 아프지마 서버야 아프지마 서버야 아프지마 서버야 아프지마 서버야 아프지마 서버야 아프지마 서버야 아프지마 서버야 아프지마 서버야 아프지마 서버야 아프지마 서버야 아프지마 서버야 아프지마 서버야 아프지마
2139460,0,"렉, 버그들이 너무 난무함   아무리 무료 게임이라해도 유저들이 스킨이랑 엄청 구매해줬는데  너무 천대하는듯"
2139460,1,뉴비 입장에서 보자면 게임은 무척 재미있음 딱히 별 거 없는 거 같은데 게임을 끄고 나면 또 생각나는 묘한 녀석임 6주 리셋이 신의 한수였다고 생각함 워프 타워 새로 찍는 게 조금 귀찮긴 해도  메메틱 가챠의 손맛과 어차피 리셋 될 것이기에 부담 없이 이것저것 해볼 수 있다는 게 참 좋은 거 같음 그리고 은근히 건축이 재미있어서 파밍하기 귀찮으면 집만 가지고 놀아도 몇 시간은 그냥 지나감
2139460,0,다 좋은데... 렉이 너무 심각함. 정도껏이란게 있어야지.. 너무 심각함..
2139460,0,서버렉이 문제가 아니라 해결방법이 잘못됬다 ㄹㅇ 개 버러지 짱개새끼들 돈에 눈깔이 멀어서 ㅈ장애인같은 스킨은 매달마다 꼬박 꼬박 출시 쳐하면서 서버는 아 몰랑 꼬우면 하지마인가 개선될 기미가 안보이네 ㄹㅇ 패치내용에 최적화 한다고 글만 적었지 실제로 개선은 개뿔 그냥 건들지마 병신년들아 건들면 건들수록 더 병신 되어가네  무료게임이라고 오냐 오냐하는것도 한계가 있지 요즘 무료게임중에 이러고 병신인 게임이 어딨냐 진짜  참다 참다 이제는 그냥 접어야지 시간 ㅈㄴ 아깝네 와 시발 게임 서버가 휴식기라고 쳐 들어가서 이전 하라고 대놓고 광고 하더니 정작 갈 서버는 없어 ㅋㅋㅋㅋㅋㅋㅋㅋ 뭐냐 어쩌라고 강제 유배생활 시키네 진짜 짱개년들 생각을 어케 하길래 이딴식으로 운영 할까??? 최소한 대가리에 생각이 있으면 귓뜸이라도 해줘라 언제 나올거니깐 좀만 기달려달라고 시발 ㅄ ㅈ망겜 지금 1년이 다되가는데 아직도 서버렉이 있음 ㅋㅋㅋㅋ ㄹㅇ 이걸 개발한 색기들은 월급 안받고 일하는거임? 게임 최적화가 하나도 아직도 안되어 있음 ㅋㅋㅋㅋ 4090 쓰는데 시야각 조금만 틀면 조명이 지맘대로 꺼졋다 켜젔다 ㅋㅋㅋㅋ ㅄ게임 ㄹㅇ 이동수단은 바로바로 소환 되면 그날은 와 컴터에 돈쓴 보람이 잇네 ㅇㅈㄹ 해야함
2139460,0,렉 즤욘나 심함 계속 튕김ㅋㅋㅋㅋㅋㅋㅋㅋㅋㅋㅋㅋㅋㅋㅋㅋㅋㅋㅋㅋㅋㅋㅋㅋㅋ왜 무료게임인지 알겠음
2139460,0,"Don't play PVP. Your bullet won't hit the opponent. terrible lag"
2139460,0,"재미있고 여러가지 다양한 장점이 있는 게임인데 이러한 장점을 전부 쓸모없게 만드는 ㅈ같은 서버렉 때문에 게임을 하다보면 화가 ㅈㄴ 남. 간단하게 나열하면 1. 차량타고 목적지로 이동중 몇 초전으로 다시 돌아감(트레이서 역행이라고 생각하면 됨). 이러면 지나간 길 다시 가야함 2. 총기능력이 발동되지 않음 혹은 지연발동. 총기 능력의 딜이 강해서 기본 딜과 연사력이 낮은 총기는 능력이 발동되지 않으면서 딜이 현저히 낮아짐. 또한 총기능력이 공속증가 및 딜증가버프인 총기같은 경우 스텍이 지연되어 쌓이게 되는데 이로인한 딜로스 발생, 또한 이속도 같이 느려지기 때문에 보스 기믹을 회피하는데 큰 지장이 생김 3. 서버렉으로 인해서 보스의 공격이 이상하게 박히거나 적의 체력을 0으로 만들었는데도 안죽고 쫓아오면서 공격하다가 길게는 10초 후 죽음. 이것때문에 무빙을 쳐도 갑자기 안박히던 딜이 한순간에 박히던가 피한 공격의 데미지가 들어오거나, 안죽는 몹을 때리면서 딜로스 발생, 안죽는 몹의 딜때문에 클리어 할 수 있는 보스도 못깨게 되는 경우가 허다함. 이것 말고도 서버렉 때문에 많은 문제가 있는데 사람들이 그렇게 서버렉 고쳐달라고 했는데도 더 심해지면 심해졌지 나아진 적이 없음. 겜하다보면 서버렉 때문에 걍 하지말까 생각이 자꾸들게 만들어서 안하는게 정신건강에 좋다는 생각이 드는 게임임"
2139460,1,최근들어 렉이나 버그부분에서 상당히 노력하는 모습을 보여주고 있음 바람직한 운영
2139460,1,중국양산형 모바일게임 느낌이 엄청남 뭔가뭔가 이질적이면서 게임하는 내내 안땡김 하지만 무료라서 이 모든 단점을 커버가능함 유료였으면 바로 욕나올텐데 참음ㅋㅋ 취향이 맞는 사람은 할만할듯 전 별로ㅋㅋ
2139460,0,"중국 측에 개인정보가 나간다는 의견들이 있지만, 국내에도 빈번하기에 문제되지 않는다.  허나 중국 퍼블리싱의 게임이지만, 운영 방식은 넥슨의 퍼스트 디센던트와 정말로 비슷하다.  유저가 득을 보는 버그는 정말 빠른 속도로 핫픽스를 진행하지만, 버그이기에 당연한 조치다.  그러나 오픈 초기부터 있던 프레임드랍 및 서버 상태는 전혀 개선하지 않았고, 더욱 심해졌다.  물론 유료 상품은 누가 원하지 않아도 정확한 기간에 출시하며, 확률은 심하게 낮고 창렬하다.  게임은 시간을 빠르게 쓸 만큼 엄청나게 재밌지만, 그 재미를 충분히 반감시킬 만큼 불편하다.  친구들과 잠깐 즐기다가 빠지는 게 최선의 방법이며, 오래 즐기기엔 무리가 있는 게임이다."
2139460,1,그냥 얘네 넷이즈에서 만들었던 라이프애프터 PC버전으로 낸 것 같음. 친구들이랑 같이 하기로 했는데 이새끼들 과연 언제까지 같이 해줄까?
2139460,0,무료라 기대안했는데 상상이상의 퀄에 놀랐고 오픈월드에 집짓고 옮기는것도 쉬워 꽤 재미있다. 하지만 서버문제가 심하며 오류나 렉이 너무 많아서 뭐만하면 오류가 걸려 재접을 피하지 못한다. 4시간도 안하는데 벌써 5번은 재접하는건 진짜 어떻게 안될려나
2139460,1,"하루에 20시간 플레이하면 원스 휴먼을 온몸으로 이해하게 될 겁니다.  사람 새1끼가 아니니 '인간이었던 것'이라 부르는 게 맞지 않겠어요?  그리하여, 여러분은 인간이었던 무언가에 가까워져 가는 겁니다.  함께 바라봅시다. 하나가 되자."
2139460,1,배틀그라운드팰월드아크서바이벌로스트아크마인크래프트래포데gta 참 재밌다.
2139460,1,재미있어요. 요즘은 이것만 하고 있어요. 건설 시뮬 좋아하면 추천합니다. 난입 장벽 높지 않고 폴아웃보단 가벼운 느낌이라 하기 편해요. PVE만 즐기고 있는데 이것만으로도 충분히 즐길 수 있어요. 최척화의 아쉬움이 있어서 핑은 좋아도 가끔 렉이... 그외 보스전도 어렵지 않고 파밍하고 집 꾸미는 재미로 하고 있어요
2139460,1,서버가 감자보다 연약한거만 빼면 재밌다  BM도 무료게임치곤 별거 없음
2139460,1,아무 정보없이 유튭 광고보고  무지성 꼬라 박아봤는데 8시간 흘렀음... 보통 게임들은 좀하다보면 막히는게 생겨서 검색하는데 겜 설명도 잘되어있고 유저들 메세지도 맵에 깔려있어서 아직까지는 막히는거없이 진행중 무료 게임치고 개재밌음 다만 본인처럼 레지던트 이블조차 못하는 공포겜 쫄보들은 동물 바스락 소리에 심장이 바사삭되버려서 항상 긴장하게됨..
2139460,1,엔드브링어 ㅅㅂ 내 집 내놔 아니오로 돌리려는데 그것도 안돼
2139460,1,서버 지연렉이 심함. 업데이트하거나 가끔 잘되기도 하지면 대체로 서버지연렉때문에 게임이 불안정해서 답답함. 그거빼면 수작
2139460,0,6섭 블랙펠 마을 앞에 차를 두었는데 다음날 게임 실행하니까 트럭은 마을 안으로 날아가 있지를 않나 트럭에 자판기 설치해서 다시 두었는데 사라져 있지를 않나 다시 불러올래도 장애물때문에 소환도 안되고 렉이 너무 심하네요
2139460,0,"rpg fps, tps 하우징에 다양한 펫들 무료게임에 독특한 몬스터 디자인 한국인들과 채팅치고 던전도와주고 게임 같이하는등 좋은점은 많지만 버그, 최적화 특히나 폴아웃76을 그나마 수백시간정도 박으며 했었지만 서버문제로 놓아줬는데 이거또한 마찬가지 서버 진짜 개ㅈ같음 1초뒤에 뒤지고 길가다 5초전 위치에 다시 되돌아가는등 이거때문에 오래즐기질 못하겠음"
2139460,1,"- 처음 계정만들고 캐릭터 만들고 궤도에 오르기 전 그 과정만큼만 재밌는게임 -  그 이유는?= 할것이 너무 빨리 소모되는 게임으로 바뀌어버림 숙제도 없음 [ 과거엔 스타크롬이라는 희소재화 모아야해서 꼭 참여해야하는 콘텐츠같은게 있었음 ]  -궤도에 오르는순간?- 1. 모든 희소성있는 재화는 얻기 쉽게 바뀌어버려서 해당 재화를 주던 기존 콘텐츠는 할 이유가없다  2. 노력해서 힘든거 얻는건 ""모듈"" 까지만 의미가있다 아직은.. 그냥 게임 대충대충해라 열낼 필요없다 ( 기존꺼는 심~~하게 완화가되어서 노력한사람들은.. ) [ 과거=노력 개빡시게 / 현재=노력??? 둘다 운빨에 울고웃지만 들어가는 노력은 완화된 이후가 더 쉽다 ]   3. 새로운 콘텐츠는 세션에 무언가 디버프를 거는식으로 진행되며 그 시간안에 어떠한 아이템을 얻기위해 그동안 모았던 이벤트 재화를 가지고 상자깡을해야한다 그 다음 NPC 죽이는 스타일도 있는대 이건 유저 무기가 너무 쌔서 조금이라도 늦거나 렉걸리면 구경도못하고 끝난다 진짜 너무 잘못만들었따고 생각한다  4. 매매틱 (생산력증가,버프아이템강화를 시켜주는 보조 패시브) 은 정말 게임 처~~음할때만 와 정말좋다! 라는 느낌이고 이후엔 있음 좋고 없으면 조금 불편한정도이다( 본인이 일반 던전 무조건 딜량1위할꺼야 하면 그나마 유의미할듯? )  5. 가챠는 매운편이다 ( 스팩엔 1도 관여없는 스킨 ) // 일반 정가 의상도있음 ( 보통 24000원정도 )  6. 무기 밸패는 음... 모르겠다 극과극이다 그래도 안쓰는거 쳐다봐주긴한다   ---------------- 약간의 불만? 1. 번역은 별로다 ( 룬,보석 같은 아이템인 ""모듈""의 번역이 심히.. 가끔 이상한게있다 // 스토리중 번역도.. )  2. 밸패가 극과극이라 성능충 유저는 상관없지만 낭만 유저는 조금 힘들수도있다  3. PVE 유저들은 온라인게임이랑 수준 비슷하다고 생각하면된다 빌런도 다 있고 있을껀 다있다 4. 누가 너한태 아무런 대가없이 도와주겠다는, 키워주겠다는 명분으로 귀찮게 굴면 조심해라 5. 이벤트는 자꾸 해당 세션에있는 사람들 죄다 한곳으로 몰리게해서 서버렉 걸리게만드는 이벤트만한다 6. 희소성 재화인 스타크롬 완화이후 그걸 얻기위해 있던 콘텐츠를 고치는건 언재할진 모른다 7. 렙업마저도 이제는 물뜨작이라는 꼼수?시스템? 그런 편리한것때문에 1~2일이면 만랩 찍힌다 ( 더 할꺼없다 그럼 )PVP면 모를까  8. 게임 대충해라 나중에 힘든거 다 쉽게 풀어준다  그냥  자캐딸이나 좀 치고 던전 보스 몇번잡고 집이나 좀 짓다 꺼라그냥   ****그리고 왠만한건 구글에 다 나오니까 세계챗에 묻지말고 먼저 찾아보자 제발**** 보통 이것도 귀찮은일의 원인이 되기도함 그놈에 세계챗 어휴   - 처음 계정만들고 캐릭터 만들고 궤도에 오르기 전 그 과정만큼만 재밌는게임 - - 처음 계정만들고 캐릭터 만들고 궤도에 오르기 전 그 과정만큼만 재밌는게임 - - 처음 계정만들고 캐릭터 만들고 궤도에 오르기 전 그 과정만큼만 재밌는게임 -"
2139460,0,정지도 아니고 게임에 접속하질 못하고있습니다 게임내에선 제가 로그인 상태지만 다른 스팀아이디로 파티초대해보면 오프유저로 뜨는상태구요 이런 버그있다고 제보했음에요 약 일주일 가량 흘러가는중이네요 그냥 일 안하는거 같으니 비추입니다 스킨만 주구장창 뽑아내기만 하지 피드백 하나 받질 않아서야원
2139460,1,"솔직히 요즘 나오는 한국게임 할거없음 큰집에는 마지막 개고기라며 세트메뉴를 내놓고 있고 온라인 게임만 하던 내가 스팀으로 넘어온 큰이유였음 개인정보 이슈가 있기는한데 이메일 인증 말고는 딴거 한거는없고 게임자체는 그냥 할만함... 킬링타임용?  근데 버그 ,최적화 너무안좋아요  오토바이타다가 갑자기 멈추거나 서버터져서 맨날 팅기고 채팅창에 있던 사람들은 전부다 긍정적에 멘탈 갑인가 그럴수도있죠 무료겜인데 전부다 이러고있음 무기 교체 안되거나 그래픽 망가지고 몬스터 리스폰 이상하게되고 아직 손볼버그가 너무많음 아직 무슨 배틀패스니뭐니 유료화 제품 만들 시기는 아닌듯 일단 재밋게하고있습니다."
2139460,1,"일단 게임의 가능성? 앞으로의 미래?에 대해 추천한다고 했는데 솔직히 단 하나, 렉만 잡으면 되는 게임. 렉 하나로 유저들 이탈을 못 막고 있는게 참 안타까운 게임임. 물론 RPG요소가 많은 게임인 만큼 즐길만한 컨탠츠도 많아야되고 초반에 비해 루즈해지는 현상은 어느 RPG나 겪는 현상이라고 생각함. 그렇기에 많은 개발진들이 갈려나가는 장르이기도 하고...  근데 유독 한국섭만 렉이 심하고 여전히 잡질 못하고 있다는 점이 아쉬울따름.  문제는 서버렉을 고칠 수 있을 것인가에 대한 필자의 생각을 말하자면,   넷이즈 게임 중 인피니트라그랑주라는 게임을 꽤 오랫동안 즐겨서 했던 유저였는데 그 게임에서도 렉현상과 버그들은 완전히 못 잡았었음. 자잘한 버그들과 길드전처럼 많은 유저들이 모이면 렉은 그냥 기본 패시브였고 그 렉을 생각하면서 게임을 했었던지라 원스휴먼 또한 희망적인 미래를 그리기 힘들다는 생각임."
2139460,1,생존 오픈월드 슈팅게임이네요 방금 시작했는데 정말 재밌게 플레이했습니다 현실감을 느끼게 해주는 시간이나 여러 요소들이 많아  몰입감이 좋았고 전투 또한 단순해도 타격감도 훌륭하고 재밌습니다 오픈월드를 좋아하시는 노가다 체질이신분들은 정말 강추드립니다 별것아닌데도 계속 하게만드는게 참 매력이 있는 게임이네요
2139460,1,친구랑 하면 재미 100% 주변에 지나가는 아무나 붙잡고 친구 먹으면 재미 200%로 즐기실 수 있습니다.
2139460,1,심심할때 하기 좋음 근데 컴터 성능은 좋은편인데 렉이 좀 걸림요 그래도 재밌으니 한번씩 해보시길
2139460,0,"출시를 할거면 서버를 제대로 만들고 출시를 하던가 서버에 누가 오줌쌌냐 렉이 무슨 ㅅㅂ 1인제작 인디게임을 멀티로 쳐내놓은거같네, 유저 개인서버라도 만들게 해주던가 이딴걸 출시를 해?"
2139460,0,"서버렉이 너무너무너무너무 심해서 게임을 정상적으로 진행하는게 좀 힘듬 , 게임 얼리 액세스라서 그럴수도 있지만 최적화가 너무 구려서 컴퓨터가 좋아도 프레임방어 안댐 'ㅅ'"
2139460,1,현 상황 기준으로 서버가 좀 아픈게 있긴한데 그걸 감수하더라도 해볼만한 가치가 있는 게임
2139460,0,This game server is really terrible. I can't even switch weapons properly This is the worst game server I've ever experienced in my life.  서버상태가 정말 최악입니다. 무기 변경도 마음대로 안됩니다 살면서 이런 최악의 서버로 운영되는 게임 처음봅니다  서버실이 스타더스트에 오염된거 같아요
2139460,0,렉이 너무 심해서 못하겠어요]          12일이 지났는데 렉 그대로인거 보니까 그냥 고칠 생각이 없나보네  이번달 안으로 고친대매요 근데 안고쳐진거 보니 그냥 고칠생각이 없나보네요
2139460,1,"우선 좋은점부터 말하겠습니다.  재미있습니다.  지금까지 나온 PC 범벅에 이쁜 쓰레기를 AAA급 게임으로 포장해 나오는 게임보다 재미있습니다.  컨탠츠도 많고 반복 노가다 좋아하는 사람이라면 한번쯤 해볼만 합니다.  현질을 하면 편하긴 하지만 굳이 현질 하지 않아도 충분히 즐길만 하다고 생각합니다.  --------------------------------------------------------------------------------------------  그럼 지금부터 단점을 말하겠습니다.  우선 서버랙이 심합니다.  컴퓨터 사양 상관없이 랙이 한번씩 걸리며, 특히 심할땐 서버 자체가 맛이가 아에 재접을 해야할정도로 심합니다.  물론 나온지 얼마 안됬고 대부분의 AAA급 게임을 만드는 게임사들도 출시 초반에 서버랙이나 버그등을 못잡을떄가 많습니다.  나온지 2달 좀 지난 게임 치고는 아직도 서버가 불안정하단건 고칠 생각이 있는지 의문이 드는 부분입니다.  그 외에도 현질의 진입장벽이 높고(높은 금액) 생각보다 불친절한 게임 시스탬 정도가 이 게임에 문제점이라고 생각합니다.  그리고 내 컴터 사양이 좀 낮다 싶으면 한번쯤 고려해보시는것도 좋다고 생각합니다.  --------------------------------------------------------------------------------------------  총평과 한줄평을 적겠습니다  총평 : 지금까지 나온 게임에 비해 높을 퀄리티와 좋은 게임성, 생존형 게임을 좋아한다면 해볼만한 게임. 허나 서버랙이 심하며 가끔 서버 자체가 맛이 가버려 재접을 해야할수도 있습니다 그러나 그걸 다 씹고 남을정도로 재미있고 생각보다 스킨 퀄리티가 높아 흑우? 분들은 한번 서버비 지불을 생각해보세요.  -------------------------------------------------------------------------------------------- 한줄평 - 이 게임 재미이스빈다. 한줄평 쓰느데 래기 걸리네여"
2139460,1,생존 RPG FPS 하우징 오픈월드 모두 잘 섞어놓은 맛있는 수작입니다.  아쉬운 점은 버그와 최적화 그래도 이거 씹어먹을 만큼 재미있습니다.  의심하지 말고 바로 플레이 해보세요. 무려 스킨과 유료 재화를 제외한 무료 입니다. 과금 유도는 없다고 생각하시면 됩니다.
2139460,0,"필드(협동) 이벤트로만 파밍 가능하게 했으면, 최소한 서버렉은 잡아야지. 누가 공산주의 게임 아니랄까봐 서버 전체에 협동 렉을 걸어 버리네."
2139460,1,"자판기 교환 , 여러감염물 , 강화 . 노멀-하드 질리지않아요 추천합니다"
2139460,1,//50시간쯤하고 후기 - 이제 어느정도 아니까 재미있다...근데 서버가 감자라 개열받는다.  //10시간하고 후기재밋고 좋긴한데....뭐가 너무 많아서 힘들어...그냥 정신적으로 지치는 느낌... UI정리가 좀더 필요한거 같음... 아직 초반이라 ㄱㅊ은데 나중에 무슨 감기며 뭐며 상태이상이 더 늘어나면 더 복잡해질꺼고.... 까마득함....그리고 뭐가 리셋된다는데 뭐 그런거 하나도 모르겠음...무슨 랜드 있는데 뭔소린지도 모르겠고 어떻게 뭘하라는지도 모르겠고....
2139460,1,장점 : 무료인데 혜자겜  단점 : 스킨 상자깡 해보았는데..확률 너무한거아닌가요 ㅡㅜ
2139460,0,와 렙 50에 건물 잘지어서 게임 잘하고 있었는데 돈 띄어 먹고  다시 렙1에 아이템 다 날라가고 아무것도 없네 씨발 내 돈 내놔라 씹새들아ㅡㅡ
2139460,0,"서버 렉, 지연이 숨쉬듯 일어나며 사물 상호작용이 이상하다 싶은 것도 있음. 흥미요소는 많은데 기초적인 부분에서 호감도 다 까먹음"
2139460,0,이병신같은 게임은 서버가 개좆밥이다 툭하면 서버렉 떄문에 무기안바꿔지다가 죽는다 혹은 워프하고 그자리에 병신 석상같이 가만히 잇어서 재접을 지금까지 5번은 해봣다 이딴겜에 현질 30지른 나는 개병신이란걸 할때마다 깨닫게 해준다 이씹게임
2139460,1,일단 먹어본 맛이 맛있다고 게임성 자유도 너무 좋고 재미있다 다만 아쉬운점 1가장 큰 문제는 서버렉이다 유저가 20명정도만 모여도 렉이 장난아니다..  2채팅이 너무 불편하다 앞에있는 유저에게 나의 채팅이  전달이 되는건지 모르겠다   3 컨텐츠가 많은거 같으면서도 없다   게임 스피드런을 하는 한국인 에게는 6주라는 서버시간은 너무 지루하다  만렙찍고 템좀 맞추면 뭐 할게없다 농사를 지어도 잠시뿐이거 하우징은 한번 지어놓으면 또 할게없고 동물키우는건 무슨 동물제한이6마리라 하는가같지도 않다 템파밍도 솔직히 하루면 그럭저럭 맞출수있는 정도에 정말이지 몬스터들 난인도는 너무 낮다...  무료인거 치곤 돈 주도 할 마음도 있고 업데이트도 자주하면서 유저들 피드백도 잘 듣는편 조금만 렉이랑 앞으로 개발만 꾸준하면 인생갓겜
2139460,0,렉이랑 자잘한 버그가 진짜 조오오오오온나 많은데도 대체할 게임이 없는 거랑 렉만 안 걸리면 존나 재밌다는 점 때문에  500시간 넘기도록 은근 재밌게 하고 있는 나 자신한테 너무 화남  평가도 압도적으로 부정적일 줄 알았는데 대체로 긍정적인 것도 킹받음  웬만해선 갓겜 소리 안 하는 나도 렉만 없으면 갓겜이라고 생각할 정도로 잘 만들었는데 렉이랑 자잘한 좆버그들 때문에 겜 할 맛 뚝 떨어질 때가 생각보다 꽤 많음  그리고 최근 업데이트 하면서 뭔 개잡버그랑 렉이 전보다 더 심해짐  이전까진 그래도 그나마 진짜 참고 하라면 할 순 있었는데 이젠 렉이랑 버그 때문에 게임 진행이 불가능한 수준까지 와서 그지랄나면 걍 빡종함  이새끼들 게임 괜찮게 만들어놓고 한달 넘도록 서버 관리 안 하는거 보니 고칠 생각 1도 없는 듯     오픈월드 좀비 생존겜이 진짜 너무너무 하고 싶어도 추천하진 않음 렉 때문에 정신나갈 것 같아도 참고 할 수 있는 강철 멘탈이어도 추천하진 않음 한두번 그지랄해야 참고 하지 겜 쳐 하는 내내 렉 걸리고 버그 걸리면 진짜 정신 나가버림 걍 서버 렉 고쳐질 때 까지 안 하는 거 추천 장담하는데 렉만 고쳐지면 진짜 갓겜될거임
2139460,1,이게임 단점  1. 랜던 뽑기있다 (다행 옵션 가챠 아님) 2. 서버렉 심다 3. 탄약 선택하는 UI 복잡함 4. 하우스에 차량과 텐트 같이하면 순간이동 어렵다  5. 얕은 물가에 차량 소환안됨 6. 신규 유입있어도 고인물이 대부분 부캐 그리고  던전 파티 안구해짐 심각함 30분 동안 기다려도 안왔음 7. 메인퀘 하고 싶어도 불가능함 6번과 같이 해당 8. 끼임심함 9. 서버마다 다른데 신섭 제외 인원 서버 최대 30명이다 10. 컨텐츠 안하면 손해 심함 11. 몬스터 디자인 재탕함 12. 아이템 사라지는 버그 있음 13. 키버튼2 변경 추가 없다 14. 최적화 할 생각 없음 15. 설문조사 왜 있는지 의문 16. 아직 베타게임 17. 아이템 잠금 설정이 없어서 아이템 분해시 삭제 됨 18. 일부 건물이 내부 디자인 허술함 19. 음식 부페 빠름 20. 읿ㅔ 점령함 21. 게임 컨트롤러 완벽지원 설정도 있는데  게임패드 지원안됨
2139460,0,"서버 상태가 좋지 않은 경우 다음과 같은 문제가 있음.  1.무기별 추가 데미지가 렉때문에 터지지 않음(서리의 선풍) 2.렉 때문에 내 집 문을 열어도 들어갈 수 없음(문을 철거하고 들어가면 들어가짐) 3.공동 임무에 참여했으나 캐릭터가 움직이지 않음(움직여질때까지 기다릴수밖에 없음) 4.공동 임무를 진행하는 중에 보스에게 딜이 들어가지 않아 제한시간을 초과해 미션 실패함(노답) 5.공동 임무를 완료하였으나 완료 보상이 안들어올 수 있음(노답) 6.몹들이 순간이동함(잘 맞추면 죽일 수 있음)  서버 상태가 좋은 경우 정말 즐겁게 게임이 가능함"
2139460,0,패치가 나올때마다 렉이 너무 심해서 하기가 힘듬. 처음에 할떈 심하지 않았는데 지금 너무 심각함. 도저히 할수있는수준이 아님.
2139460,0,"유사한 게임이 많다. 특히 같은 회사에서 나온 80% 이상 동일한 게임도 있다. 우려먹기 이다. 거기다 서버는 상당히 불안해서 1시간에 최하 1회 이상은 접속 종료 된다. 이래서  ""역시 중국 게임"", ""역시 중국 서버"" 이런 소리를 듣는것이다.   There are many similar games. In particular, there are more than 80% of the same games from the same company. It's a boiled pork. On top of that, the server is quite unstable, so the connection gets shut down at least once an hour. This is why ""As expected, Chinese games"" and ""As expected, Chinese servers"" are heard."
2139460,0,네 잼이는 있어요 ㅎㅎㅎ 근데 잼있어 지려면 서버가 다운되요  첨엔 렉만 좀 심하다 싶었는데 이제 네트워크 어쩌구 저쩌구 그냥 꺼지라고 하네요  게임이 할것도 많고 좋은데 아무리 좋아서 서버서 저따구면 갓게임 이여도 구대기 게임  중국산 서버라서 그러나?
2139460,1,"스팀게임 역대로 해본 게임중에서 가장 플레이 타임이 길었던 게임이자, 현재도 계속 플레이 하는 유저입니다. 과금시스템 , 컨텐츠 , 장르 , 분위기 등 저에겐 완벽한 게임입니다 아직 안해보신 분들이 계시다면 꼭 한번 해보시길 추천 드립니다!   단, 한가지의 단점은 렉이 좀 심하게 걸린다는 점 인데.. 이건 10월 중 ? 11월 중? 최적화 , 렉 잡는다고 호언장담을 했던거 같은데 이부분 믿고 전 계속 플레이 할 생각입니다!"
2139460,0,개 거지같은 서버 좀 고쳐라 네트워크 오류 20분마다 뜨면 어쩌냐
2139460,0,서버 렉이 게임 진행이 제대로 안될 정도로 심하고 개빡침.
2139460,1,준내 잼있다 근데 버그까진 참아도 서버를 좀 고쳤음한다
2139460,0,최적화 안 된 게임에 내성이 있는 사람에게만 추천  인내심 기르기 좋은 게임임 뭐만 하면 네트워크 오류 발생해서 게임 진행하다가 흐름 끊기고 몬스터한테 쳐맞는 경우도 종종 있음.
2139460,0,서버가 진짜 개 병신 아마존에서 서버 빌려서 돌리는거 같은 x 같음
2139460,1,"추천할만하지만 한국서버에 렉과 팅김현상이 너무 자주 일어나서 못해먹음 중옵이지만 잘 돌아가다가 캐릭터가 움직이지 않는 현상, 그리고 오토바이 이동중 거리렉으로 다시 되돌아가는 현상, 화면멈춤으로인해 팅기는 현상, 서버 렉 아예 그냥 싹 다 고쳐주시면 좋겠습니다 서버렉때문에 유저들이 이리저리 불만 엄청 많아요 아직까지 원활하게 해주셧으면 좋겠습니다 그리고 네트워크오류 안뜨게 해줘요 이거 뜨면 겜 멈췄다고 보셔야함"
2139460,0,이 게임은 좋은데 한국서버 채팅은 하지마셈 넷상 일진들 있음 ㅋㅋ운영진도 아닌데 지들 만든 게임마냥 말하는게 너무 당당함  이 겜은 면제겜 아니길 바랬는데  아쉽게 남은 인원중 면제인 친구들이 제일많은거같네요 정상인 찾기 힘든 게임 입니다.
2139460,0,"너무 중국스러운 설정... 이걸 하느니 레데리2, 사펑2077, gta5 하는게 이롭고 더 뿌듯할거같다,,, 커다란 보스를 어떻게 총 뾰뾰뿅 하면 잡히는지 참 이해할 수 없는 게임"
2139460,1,이게임 할빠엔 gta5 하는게 정신건강에 이롭습니다 ㅎㅎ
2139460,1,랙래개랙랠개래갤개래갤개ㅐ랙랙래개랙랠개래갤개래갤개ㅐ랙랙래개랙랠개래갤개래갤개ㅐ랙랙래개랙랠개래갤개래갤개ㅐ랙랙래개랙랠개래갤개래갤개ㅐ랙랙래개랙랠개래갤개래갤개ㅐ랙랙래개랙랠개래갤개래갤개ㅐ랙랙래개랙랠개래갤개래갤개ㅐ랙랙래개랙랠개래갤개래갤개ㅐ랙랙래개랙랠개래갤개래갤개ㅐ랙랙래개랙랠개래갤개래갤개ㅐ랙랙래개랙랠개래갤개래갤개ㅐ랙랙래개랙랠개래갤개래갤개ㅐ랙랙래개랙랠개래갤개래갤개ㅐ랙랙래개랙랠개래갤개래갤개ㅐ랙랙래개랙랠개래갤개래갤개ㅐ랙랙래개랙랠개래갤개래갤개ㅐ랙랙래개랙랠개래갤개래갤개ㅐ랙랙래개랙랠개래갤개래갤개ㅐ랙랙래개랙랠개래갤개래갤개ㅐ랙랙래개랙랠개래갤개래갤개ㅐ랙랙래개랙랠개래갤개래갤개ㅐ랙랙래개랙랠개래갤개래갤개ㅐ랙랙래개랙랠개래갤개래갤개ㅐ랙랙래개랙랠개래갤개래갤개ㅐ랙랙래개랙랠개래갤개래갤개ㅐ랙랙래개랙랠개래갤개래갤개ㅐ랙랙래개랙랠개래갤개래갤개ㅐ랙랙래개랙랠개래갤개래갤개ㅐ랙랙래개랙랠개래갤개래갤개ㅐ랙랙래개랙랠개래갤개래갤개ㅐ랙랙래개랙랠개래갤개래갤개ㅐ랙랙래개랙랠개래갤개래갤개ㅐ랙랙래개랙랠개래갤개래갤개ㅐ랙랙래개랙랠개래갤개래갤개ㅐ랙랙래개랙랠개래갤개래갤개ㅐ랙랙래개랙랠개래갤개래갤개ㅐ랙랙래개랙랠개래갤개래갤개ㅐ랙랙래개랙랠개래갤개래갤개ㅐ랙랙래개랙랠개래갤개래갤개ㅐ랙랙래개랙랠개래갤개래갤개ㅐ랙랙래개랙랠개래갤개래갤개ㅐ랙랙래개랙랠개래갤개래갤개ㅐ랙랙래개랙랠개래갤개래갤개ㅐ랙랙래개랙랠개래갤개래갤개ㅐ랙랙래개랙랠개래갤개래갤개ㅐ랙랙래개랙랠개래갤개래갤개ㅐ랙랙래개랙랠개래갤개래갤개ㅐ랙랙래개랙랠개래갤개래갤개ㅐ랙랙래개랙랠개래갤개래갤개ㅐ랙랙래개랙랠개래갤개래갤개ㅐ랙랙래개랙랠개래갤개래갤개ㅐ랙랙래개랙랠개래갤개래갤개ㅐ랙
2139460,0,"have so much lagging the other parts is good 렉 진짜 ㅈㄴ 심함 서버를 늘릴 필요가 있음에도 현재까지 아무런 소식이 없음. 다른건 괜찮았다. 렉만 없으면 재밌게할수있을거같은게임 요약: 렉 때문에 겜 할 맛 떨어짐"
2139460,1,쇼츠 보다가 광고에 떠서 해봤는데 퀄리티 좋은데 무료고 은근 중독성 쩔음
2139460,1,재밌어요~~ 혼자 탐험하고 집짓고하는데 시간가는줄 모르겠네요
2139460,1,정말 고퀄인 rpg게임인듯 근데 고퀄이라 랙이 좀 걸림
2139460,1,중국겜이니 뭐니 일단 제쳐두고 시작 누르고 플레이 해보셈 뭐지? 하다싶으면 6시간 하고있음
2139460,0,서버렉 쳐 안고치냐  렉때메 뭘할수기없다 ㅅㅂ  게임 드럽게 복잡하게 쳐만들었네 에혀 ㅅㅂ
2139460,0,"대체로 긍정적, 한국엔 포함되지 않습니다 왠만하면 하지마세요  서버 상태가 너무 개판입니다  뭔가 하려하면 움직 일 수가 없고 앞으로 나아가면 20초 나 10초 전으로 서버가 돌아갑니다  이게 그냥 서버만 문제면 모르겠는데 이게 게임의 총 매커니즘까지 영향을 줘버려요  유산탄 (탄퍼짐 능력) ,불안정 폭탄 (총을 쏠 떄 마다 폭탄이 터짐)  이런 능력을 가진 총들은 이 능력이 좋아서 다른 능력치들을 너프시키곤 하는데 (연사력, 데미지 등)  너프는 그대로 받으면서 유산탄, 불안정 폭탄 등은 아예 작동을 안합니다, 그럼 총만 병1신인체로 힘들게 보스를 떄려잡으면 됩니다  보스는 렉 영향 안받냐구요?? 또 웃긴게 보스하고 몬스터는 그~~대로 우리한테 딜이 들어옵니다  뭐하러 힘들게 게임합니까? 한국서버만 이럽니다  절대로 원스휴먼 하지마세요.   얘네 돈 개같이 벌어서 서버에 투자 절대 안합니다  지들 샴페인이나 와인따기에 바쁘죠.. 절대로 시작하지마십쇼"
2139460,1,"렉 많이 개선되어서 확실히 예전보다는 할만해짐 다만, 솔플은 금방 지루해져서 같이 할 사람 구해서 하는 걸 추천"
2139460,0,렉렉렉렉렉렉렉렉렉렉렉렉렉렉렉렉렉렉렉렉렉렉렉렉렉렉렉렉렉렉렉렉렉렉렉렉렉렉렉렉렉렉렉렉렉렉렉렉렉렉렉렉렉렉렉렉렉렉렉렉렉렉렉렉렉렉렉렉렉렉렉렉렉렉렉렉렉렉렉렉렉렉렉렉렉렉렉렉렉렉렉렉렉렉렉렉렉렉렉렉렉렉렉렉렉렉렉렉렉렉렉렉렉렉렉렉렉렉렉렉렉렉렉렉렉렉렉렉렉렉렉렉렉렉렉렉렉렉렉렉렉렉렉렉렉렉렉렉렉렉렉렉렉렉렉렉렉렉렉렉렉렉렉렉렉렉렉렉렉렉렉렉렉렉렉렉렉렉렉렉렉렉렉렉렉렉렉렉렉렉렉렉렉렉렉렉렉렉렉렉렉렉렉렉렉렉렉렉렉렉렉렉렉렉렉렉렉렉렉렉렉렉렉렉렉렉렉렉렉렉렉렉렉렉렉렉렉렉렉렉렉렉렉렉렉렉렉렉렉렉렉렉렉렉렉렉렉렉렉렉렉렉렉렉렉렉렉렉렉렉렉렉렉렉렉렉렉렉렉렉렉렉렉렉렉렉렉렉렉렉렉렉렉렉렉렉렉렉렉렉렉렉렉렉렉렉렉렉렉렉렉렉렉렉렉렉렉렉
2139460,1,"한시즌 동안 300시간 넘게 하면서 재밌게했습니다 시즌 초기화 하고 다시 반복하니까 다음시즌에 또 이 짓거리 할 생각에 현타왔습니다 게임 재밌어요 농사하고 집 짓고 좀비때려잡고 파밍하고 총기 업그레이드 하는 맛이 맛은 있습니다만  *실질적 접은 이유 = 하드섭 2주차, 일 땜에 아침7시 블랙펠 집터런 못해서 병X신 같은 산꼭대기나 맵 끝자락 혹은 풀 나무 돌이 빽빽히 박힌 정글 밖에 없고 그나마 살만한곳도 부캐 10개씩 박아놓은 씨X발 새끼들 때문에 살곳이 없었음 그럼2만"
2139460,0,"your fawking server lag is crazy  stop making stupid costumes and work on stabilizing your god damn server"
2139460,0,친구랑 같이 하는거 아님 하지마세요 진입장벽이 너무 세고 어려워요
2139460,1,loading100% 에서 그냥 멈춰있는데;; 왜이런지 아시는분??
2139460,0,"신규지역 업데이트는 모르겠고 서버나 개선해라  렉개선 안하면 올해 못넘김"
2139460,1,커마가 있길래 정말 열심히 예쁜캐릭터를 만들었고 서버에 접속했는데 뭔 이상한 미러볼이 있더니 캐릭터가 춤을 출 수 있었습니다 그렇습니다. 이게임은 클럽에서 춤추는 게임이였습니다. 커마 열심히한 보람은 있었습니다. 나중에도 춤구경하러 올게요
2139460,0,"서버상태,버그가 대단함 역대급임 중국은 뭘 해도 하나라도 시궁창인게 대단"
2139460,1,친구코드 yq150307576 전설 스카 기본데미지 45 공유합니다~
2139460,1,다양한 게임성을 느낄 수 있는 게임 다만 렉만 개선했으면 ...
2139460,1,"점수:★★★★★ 예쁘게 꾸민 내캐릭터가 총쏘고 좀비잡는 게임 컨텐츠도 개많아서 시간삭제됨"
2139460,1,"430시간 플레이 후  촌스러운 코스튬과 병신같은 서버렉 때문에 게임이 힘들 정도다. 그럼에도 불구하고 과거 데이즈로부터 시작된 TPS 아포칼립스 서바이벌 게임에서  우리가 바라던 모든 생존, 파밍, 성장, 영지건설, 사육, 전투 그 모든 것이 이 게임에는 들어있다.  그래서 아주 촌스러운 스토리와 비주얼, 서버렉 등등의 수많은 개같은 단점에도 이 게임은 일단 시작하면 멈출 수 없다. 시간을 갈아넣어야 하는 게임."
2139460,0,렉오지고 점점 심해지고 개선은 안하면서 스킨만 오지게 뽑아내서 점점 더 비싸게 받아먹음
2139460,1,총쏘고 몹잡고 템얻고 그런 유저랑은 반대인 집짓는사람이에요 너!!!무 좋은게 이터널랜드라는 개인유저만의 섬이 하나있어요 무게를 지탱해줄 지반이라던지 기둥 뭐하나 필요없이 꿈에서나 그럴수있는 건축물들을 맘껏 만들수있긴한데 ^__________^ 13000인가 라는 제한이있어요 ㅎㅎㅎㅎ 그외에 사람들이랑 하는 맵에서도 700이라는 제한 하다못해 장식품같은것도 250이라는 제핞ㅎㅎㅎㅎ 상점에 매주나오는 장식품들은 어떻게 깔라는거에요??? 지금420시간했는데 꾸역꾸역 버티다버티다 도저히 뭘 짓고싶어도 13000이라는 제한떄문에 짜증나고 네네 짓기야짓는데 ㅎㅎㅎ 정말 짜증....건축게임나왔으면 좋겠다........제한없는 걸로...
2139460,0,이게임 사람마다 다르겟지만 진짜 하지마세요 초반에는 모 나름 재미있어요 50랩찍구 모듈 어느정도 마추구 나면  2주차이후 6주차까지 할게 없어요 거기다가  시대에뒤떨어지는 컨텐츠 업데이트 하는게 고작 스킨 팔아먹는거 최적화도 덜되서 랙도 엄청 심해요 초반에는 사람도 많았고 거래도 활발했지만 이제는 사람도 별루 없구 하는분들만해서 템구하기가 많이 힘들실거애요 게임상 에링이라는 화폐가 무쓸모해지는 상황을 보게되실겁니다..  원하는 아이템이 있으면 거기에 상응하는 아이템을 가지고 물물 교환 해야 하는데 이것두 기존 고인물들 기준이요
2139460,0,서버렉서버렉서버렉서버렉서버렉서버렉서버렉서버렉서버렉서버렉서버렉서버렉서버렉서버렉서버렉서버렉서버렉서버렉서버렉서버렉서버렉서버렉서버렉서버렉서버렉서버렉서버렉서버렉서버렉서버렉서버렉서버렉서버렉서버렉서버렉서버렉서버렉서버렉서버렉서버렉서버렉서버렉서버렉서버렉서버렉서버렉서버렉서버렉서버렉서버렉서버렉서버렉서버렉서버렉서버렉서버렉서버렉서버렉서버렉서버렉서버렉서버렉서버렉서버렉서버렉서버렉서버렉서버렉서버렉서버렉서버렉서버렉서버렉서버렉서버렉서버렉서버렉서버렉서버렉서버렉서버렉서버렉서버렉서버렉서버렉서버렉서버렉서버렉서버렉서버렉서버렉서버렉서버렉서버렉서버렉서버렉서버렉서버렉서버렉서버렉서버렉서버렉   아직 얼엑이라 그런지 컨텐츠나 디테일 같은 게 떨어지는 편인데 생각보다 할만함  근데 그런 장단점 다 날려먹을 정도로 서버렉이 압도적으로 심각함 그냥 게임 기본적인 플레이 및 보스전 오리진 컨텐츠하는 내내 서버렉이 간헐적으로 걸려서 답답함을 유발함  찍먹하는 건 괜찮은데 메인 게임으론 추천하기 힘들 듯
2139460,1,"서버렉만 아니라면 생각보다 괸찮은 생존게임입니다. 혼자서 패키지 게임마냥 즐기기에 난이도도 높은편도 아니고 단점은 몬스터가 뒤로 가도 거의 비슷한 애들만 나온다는 느낌이 듭니다."
2139460,1,업데이트 이후 실행이 안됨 무결성 돌렸는데 158개 파일이 없다고 다운받더니 그래도 안됨 팅김 뭐가 문제인가?   결국 삭제 조치
2139460,1,"건축, 사냥, 수집 등등 해야될게 너무 많지만 그만큼 게임의대한 자유도가 높아 더 재밌게 플레이했음. 친구들과 함께 플레이하는걸 추천 +가끔 좀비 튀어나오면 아직도 놀람"
2139460,0,개똥쓰레기 중국게임이고 시간 갈아넣는게 아까우신분들은 안하시는거 추천이요 꿀잼이긴하지만 시스템상 오류가 줠라게많고 렉이 미쳤음
2139460,1,무료인데 100시간을 넘게 할 수 있다구요?  이것은 아시아의 몇 없는 따거게임입니다  따.거 재밌게 즐기다 갑니다
2139460,1,장점 - 오픈월드 / 파밍난이도 / 컨텐츠가 많지는 않지만 하루 즐길정도는 됨.  단점 - 감자서버 하..
2139460,1,스토리 밀고 퀘스트 깨가는것도 재밌지만 하우징 하면서 시간가는줄 모르고 게임하게 됐습니다. 추천합니다.
2139460,1,친구가 무슨게임이냐해서 상점페이지 보고 다시 게임했는데 상점 페이지 브금이 틀어져서 무슨 보스몹 만난줄알고 계속 도망침 진짜 개멀리 도망쳤는데 주위에 아무것도 없는데 계속 들려서 보니 상점페이지였음
2139460,1,서버 문열어문열어문열어문열어문열어문열어문열어문열어문열어문열어문열어문열어문열어문열어문열어문열어
2139460,1,"많은 렉과 많은 버그를 참고 플레이할 정도로 높은 자유도와 다양한 총기들의 타격감을 느껴볼수있음  Despite lots of crashing and frozen, it is fun to play with various type of weapons. recommend."
2139460,0,"게임 플레이가 안될정도의 버그, 그리고 렉, 기껏 몹 잡고 보스 잡으면 다시 뒤로 가있는 어처구니 없는 상황 반복 몹 겁나 두들겨 패도 피가안는 딜레이와 렉, 문제는 이 상황이 잠깐잠깐이 아니라 게임 플레이 시간의 거의 대부분 이라는게 문제 그리고 결정적으로 만랩 찍고 몇 주 안되서 레벨 아이템 전부 초기화 시키는 황당한 설정"
2139460,1,할 수 있는 컨텐츠가 많아 지루하지 않게 즐길 수 있습니다
2139460,1,팔월드 아포칼립스버전 추후 업뎃요소 기대됨 친구랑 같이하는게 더 잼날것같음
2139460,1,아직 1000시간도 못해서 잘 모르겠어요 앞전 정기정검으로 렉이 너무 심해지고 꾸역꾸역 하고 있어요
2139460,1,"등 뒤에 있는 크래들 가방 숨기기 기능 좀 추가 해주세요.  룩딸을 할 수가 없어요."
2139460,1,팰월드 처럼 맛있는 것들 가지고 맛있는 걸 만들어 봤어요 하는 게임 단순히 맛있는걸로 잘 만들었다 뿐만이 아니라 소소한거 다 신경써서 최대한 재미있고 편하게 즐길 수 있게 만든 정성과 노력이 보임 물론 그럼에도 무료게임인 만큼 어느정도는 감안해야 하지만 그래도 잘 만들긴 했다  유비소프트는 게임 진짜 못 만드는구나..
2139460,1,무료겜이라서 건축이라던가 이곳저곳에서 어딘가 모자란부분이 보이긴하지만 ..............왜지? 왜 맛있는거지.....?(냠냠)
2139460,0,"여태 초보 ,하드 ,혹한 서버 하고 정리한 결과  1. 기본적으로 이게임 무기간 밸런스가 씹창이라 좋은총은 딸깍으로 드럽게 좋음 같은 등급의 무기여도 다른무기들은 조건이 쥰내 까다롭게 해둬서 특정상황 아님 쓸모가 없음. 그냥 자주 언급되는 데글 스카 이런애들이 세팅도 쉽고 세팅 빡세게하면 다른총 빡세게한것보다 더좋아짐 (항상 데글 딸깍 유저들이 자기들은 데글쓰면서 안좋다고 하는데 말하는 예시가 항상 PVP 기준임 사람들이 하는건 PVE 서버인데도)  2. 서버가 개 밖아서 허구헌날 서버렉이 미쳐있음  3. 영지 알밖이 심함 시즌제 게임인데 좋은자리들은 시간 빌게이츠들을 이길방법이 없음  4. 혹한 서버는 스쿼드 몸집큰놈들이 떵떵거림 그냥 뷰 좋고 괜춘한데 집 올리면 다른 스쿼드로 몰려와서 온도탑 올리고 협박하기 시작함 엔트로피 내거나 , 나가거나, 온도탑 정화로 밀릴각오하라면서  개속 하다보면서 느낀건데 진짜 사람들이랑 싸우면서 스트레스 받기 싫어서 PVE 겜을 하는건데 사람들은 진짜 별방법으로 PVE 에서 PVP를 하려함  25-01-05 - 이놈들 드롭스 보상 문제있어서 사람들이 문의 개속 보내니깐 그냥 드롭스 페이지를 닫아버림 레전드"
2139460,1,이미 접었다... 초기에는 진짜 열심히 했음 다른 사람들의 자원 도움은 좀 받았지만 오리진도 한군데는 혼자서 건물 설계해 수리 반복하고 시간 나면 다른곳들 복구 지원해주고 기껏 복구해놓은 건물들 부서지지 말라고 열심히 지원도 가고... 그리고 설국도 열심히 했음  그런데 문제는 그렇게 많은 시간을 갈아넣어서 웬만한 사람들보다 더 많이 노력했는데 노력의 댓가에 대한 보상은 뭐지라고 생각이 들면서 회의감이 들었음 다음 시즌에 일부 물품을 이전할수 있지만 열심히 해봤자 남들과 똑같은 포인트 받고 이사하니 매시즌마다 아주 조금씩 더 좋은 아이템 구성을 갖출수는 있지만 몇번 이전하다 보면 더이상 포기할만 물품 선택하기도 힘들어 해당 시즌 아이템 드랍운에서 벗어나지 못함... 요약하면 RPG 처럼 꾸준히 하다 보면 조금씩 나아지는 무언가를 기대했지만 결국 드랍운빨 게임  어쨋든 몇백시간정도는 재미 있게 했고 그 이후부터는....
2139460,1,서버 렉 빼면 뉴비 친화적이고 컨텐츠 및 자율도가 높은 게임.
2139460,1,무료치곤 상당히 퀄이좋고 재밌다. 근데 문제는 종종 버벅거리고 자꾸 겜이꺼짐 내 컴퓨터가 그리 나쁜사양이 아닌데도 꺼져서 좀 짜증남 그래도 그 불편한점을 참고할만큼의 장점이 꽤 많은편
2139460,1,"생존 크래프팅 매니아로서 남기는 평가   [장점] 착한 BM 죽여주게 매력적인 몹 디자인 다양한 게임에서 호평받은 요소들을 적절하게 섞은 게임성 멀티플레이 친화적인 시스템 단순히 넓기만 한 게 아닌, 컨텐츠로 꽉꽉 채워진 맵 직관적인 건축과 매력적인 가구   [단점] 시원하게 말아먹은 최적화 심심하면 터지는 버그와 잔렉 만들다가 만 편의성 관련 시스템 몹 디자인에 비해 허접한 NPC 나사빠진 번역 퀄리티 메모리 누수 이슈   수많은 오픈월드 생존 장르의 게임들의 장점만 쏙 빼와서 맛있게 버무린 작품입니다  아직 얼리엑세스인만큼 단점만 개선된다면 오랫동안 씹고 즐길만한 게임"
2139460,0,2주마다 35만원짜리 퀄리티 쓰레기 가챠는 찍어내는데 서버 상태는 시간이 지날수록 개판이라 적이 안 죽고 과거로 돌아가고 상자를 수십번 까야하고 하루종일 장전하고 불쾌한게 장난아님.
2139460,1,"""네가 뭘 좋아할지 몰라서 다 넣어봤어"" 게임 내에서 할 수 있는 게 많다. 파밍도 하고, 무기도 만들고, 탈것도 타고 다니고, 낚시도 하고, 건축도 할 수 있고, pve를 할 수도 있고, pvp를 할 수도 있다. 문제는 서버와 최적화다. 서버는 분명 핑은 중국서버인 것 같은데. 한번씩 역행을 하거나 적이 몇 초뒤에 죽는 문제가 생긴다. 그리고 외부에서(ex. 엔비디아 제어판) 자기 사양에 맞게 프레임 제한을 걸지 않으면 cpu 100을 찍어 버리는 문제가 있는 것 같다."
2139460,1,"펠월드가 1000시간 순삭시켯는데.  이겜은 아마도 3000 시간은 갈아 넣어야 할거같음"
2139460,0,서버비 충분히 낸거 같은데 왜 서버가 아직도 개판이야. 잘 만든 게임이지만 렉이 심해서 지친다. --------------------------------------------------------- 할 게임이 없어서 복귀 하려고 설치 중 아직도 렉이 심하다는  커뮤니티 글 보고 삭제 합니다. 이젠 뒤도 안돌아볼것 같네요 ㅋㅋ
2139460,1,버그와 최적화 만 빼면 진짜 잘만듬 겜이라고 생각합니다
2139460,1,"솔직히 서버 불안정하고 렉 오진다.  그럼에도 요근래 나온 게임중 내 기준 한정 제일 중독성 오지는 게임이었음  꼬리에 꼬리를 무는 이유 있는 파밍, 개좆같은 대한민국식 BM 없이 장비,모듈 노가다만 하면 자신이 원하는 빌드로 게임 할수있다는점  이 모든것들이 위에 후술한 단점을 커버하고도 남았음  그리고 공짜잖아? 한잔해~"
2139460,0,"뭐...중국식 짬뽕게임 내가 본 다른게임 요소들만해도 배그, 팰월드, 러스트, 야숨 등등 그냥 다른게임들에서도 많이쓰이는 요소들은 다 때려박아 넣었다.  이런 게임은 초반 반짝만 재미있고 후반으로 갈수록 짬뽕의 한계가 드러난다"
2139460,0,"좋아하는 장르가 다 섞여있어서 앵간하면 하겠는데 나는 진짜 타격감이 용서가 안된다... 종이에다 대고 총쏘는 시늉하는 느낌이라 도저히 못하겠음"
2139460,1,개인정보 이슈는 잡소리라 거르시고 버그많고 렉 고칠 생각 없음 그 외 애매한 것들이 몇개 있음 만들다 만거같은 똥겜임 근데 맛있는 똥임 짱겜이라는 색안경만 벗으면 렉과 버그를 커버칠수 있는 재미가 있는 게임임 공포요소 살짝있고 컨텐츠도 많고 하우징도 재밌음   아쉬운건 총기간의 밸런스나 짱x감성 스킨들 최종 컨텐츠들이 도파민 나올틈도 없이 너무 쉽다는점 (거기에 렉을 곁들임) 전쳇에 ㅈ목이 많다는 점  무료겜이라 한번 찍먹해도 괜찮은 게임
2139460,1,언던게임 망하고만든 게임인듯...이것저것 썩어놓은 짬뽕게임 근대 초반엔재밌음 하다보면 서버이전에 계속반복이라조금 질리긴함 모듈작 자기가얼마나 열심히하는야에따라 1등을할수있는세상 스킨같은거 현질유도 장난아님 이쁜게있음 사고싶은 마음...집짓는재미는 쏠쏠함...
2139460,1,"아니 왜 재밌냐 이거  뭔가 스멀스멀 똥냄새 비스무리하게 올라오는데, 시즌제 주기도 맘에 들고 진행 방식도 원하는 대로 골라서 하면 돼서 자꾸 하게됨   근데 서버가 유비소프트 못지 않은 감자서버라서 딜레이가 꽤 많이 생긴다. 지나가는데 머리채 잡혀서 다시 끌려간다거나, 유산탄 등 무기 특성이 제때제때 안 터지고 씹히거나 뒤늦게 파바바박 한번에 터진다거나...  근데 그거 감안해도 은근히 고평가 해주고 싶은 게임임 ㅇㅇ;   혼자 해도 할만하고, 같이 할 사람 있으면 더 재밌을 것 같음.   /// 10/22 기준 서버 계속 고치는 중이라고 하는데 확실히 이 전보다 렉이 많이 줄었음. 설산 업데이트 된 거 안 넘어가고 기존 서버 시골 돼서 그런진 확실히 모르겠음."
2139460,0,"중국이 만든 게임이지만 게임성은 매우 뛰어남. 하지만 서버문제가 심각하며, 운영 자체가 중국식이다보니 답이없음. 버그가 생겨도 아무런 책임도 지지 않고, 방치하는게임. 만약에 해본 적이 없다면 아예 안해보시는걸 추천드립니다."
2139460,1,돈드는거없이 꿀잼보장. 코디 욕심있다면 반드시 여캐할것.
2139460,1,너무 재밌게 하고있습니다 !!! 가끔씩 렉이 좀 있지만 동숲같은 소소한 힐링도 있고 캐릭터도 예뻐서 마음에 들어요 ~ 다만 무료게임이다보니 캐시템 가챠확률이 너무 아쉽네요 ㅠㅠ 캐릭터를 꾸미고는 싶은데 쓰는 돈 대비해서 결과물이 불만족스러워요..
2139460,1,"무료 goat게임 모든게임 짬뽕시켰지만 맛있는 중국집에서 시킨 짬뽕먹는 기분"
2139460,1,"장점 - 재밌다, 무기가 다양해 빌드가 다양하다  단점 - 극후반으로 가면 할게 없음 , 사람이 없는 서버일수록 월챗에 이상한 사람이 많다"
2139460,0,게임은 취향만 맞다면 재밌게 즐기기 쌉가능  근데 이 미련한 서버가 모든걸 망침  유비가 1 감자면 이새끼들은 잘쳐줘도 1.5~2감자  ㅡㅡㅡㅡㅡㅡㅡㅡㅡㅡㅡㅡㅡㅡㅡㅡㅡㅡㅡㅡㅡㅡㅡㅡㅡㅡㅡㅡㅡㅡㅡㅡ  갈수록 서버가 더 안좋아짐  케릭이 안움직인다던가 버프가 사라진다던가 여러가지를 체험중  유비보단 서버 좋은줄 알았는데 과거의 내 대가리를 치고싶다  단언컨데 여지껏 했던 게임중 서버 단독1위다 안좋은거로  만약에라도 누군가 이 게임을 시작하려고하면 서버가 등신이라 재미를 느끼기전에 서버렉이 처걸리니  그걸 감당할수있다면 시켜라 그거아니면 시작도 못하게하고
2139460,0,"반복노가다 좋아하시는분들 추천드리구여! 개인적으로 1000시간정도 해본결과 저는 플레이스타일이 저와 맞지않았습니다 스킨도 100만원정도 써봤는데 스킨나오는 속도는 빠르고 컨텐츠는 뒤쳐지는것같습니다 그래도 1000시간정도한거면 할만해서 한거겠죵?? 알아가는 재미가 있습니다! 세계채팅기능이 있는데 오해가 좀 자주생기거나 시즌이 바뀌면서 여러사람들이 다시 섞이다 보면 싸움도 자주일어나곤합니다 그냥 너무 말을 지나치게한다는사람은 차단기능있으니깐 차단을 해두고 게임하시는걸추천드려요 세계체팅을 끄는건 비추천드려요 오리진이라는 컨텐츠에서 채팅을 미리미리 보고 준비하고 대비하면서 보스와 대결을 해보셔용 꿀팁! (마스터리라는 기능이 있는데 시설기능 업그레이드할수있는 부분은 거의 공통으로 쓸수있어서 기사님불러서 설치해드리고 설치비를 따로 드리면됩니당) 또한 각 마을마다 자판기에서 필요한 물품도 사고 거래도 해보세요 , 이정도로만하고 저는 물러가겠습니다 즐거웠다! 원스휴먼! 나중에 새로운 컨텐츠가 나온다면 다시 한번해보도록하겠습니다 이상 궁금하신점 댓글남겨주세요"
2139460,1,재미는 있는데 이거 한글로 채팅치면 자꾸 튕기는데  버그일..까요?? ㅠㅠㅠㅠ 그거만빼면 불편한점은 아직 없습니다.....
2139460,1,"뭔가 이것저것 잘 스까서 만든 게임인데, 묘하게 매력이 있음 처음 할 때는 막 엄청 재밌는건 아닌 것 같았는데 하면 할수록 할게 많으니까 계속해서 진행하게 되는 맛이 있는 듯? 총쏘는 맛도 있고, 이것저것 제작이나 하우징 하는 맛도 나름 준수함. 심지어 이 모든게 무료라는 점이 제일 강점인 것 같다. 근데 진짜 서버렉 하나로 한번씩 정떨어질 때가 있어서 이 부분은 필수적으로 개선되었으면 함"
2139460,1,"장점 어디서 본듯한것들 많은 짬뽕임 근데 맛있음  단점 감자 서버 감자 서버 감자 서버 감자 서버 감자 서버 감자 서버 감자 서버 감자 서버 감자 서버"
2139460,0,이게임 진짜 추악 합니다   랙이나 잡아라 시팔것들아 입만 열면 거짓말 하는구만 묘듈옵션 잘나오게 한다드만 하튼 입만 처 열었다 하면 거짓말에 지들 맘대로 패치 하는 씹새끼들....진짜 중국 새끼들 더러운 놈들  씨팔
2139460,1,"대충 번역기만 돌려놓고 검수도 안한 번역, 감자서버 때문에 발생하는 도르마무, 고오급 플라스마탄 낭비 등 단점을 꼽으라면 여백이 부족할 때까지 쓸 수 있는 게임 하지만 한번 드셔보셔"
2139460,1,"흔치않은 무료게임으로 충분히 즐길수있을것 같습니다 판매하는 물건들이 물약이나 스킨 배틀패스 종류에여 부담없이 하고 채팅도 잘되는것 같습니다"
2139460,0,pppppppppppppppppppppppppppppppp
2139460,0,정말 즐길거리가 많은 게임인거같아요!! 동물의 숲처럼 즐겁게 즐길수 있는 게임인거같아요!!!!  라고 적었지만 게임은 재미있으나 유저들 수준이 아주 쓰레기 벌레수준인 게임 비매너를 행위를 하고 게임내에서 나를 괴롭힌 유저는 아무런 제제를 안당하고 피해자인 나만 7일 체팅 금지를 당하는 게임  놀라운 운영에 다시 한번 놀라고 두번다시 이게임에 돈을 쓰는일은 없을겁니다 아 그리고 환불 안되나요?다 환불하고 게임 접고 싶은데 유저들때문에 정떨어져서 더이상 게임을 플레이 하기가 힘드네요
2139460,1,"개같은 트레일러 버그. 트레일러에 집 지어두고 이동하다가 롤백되면 집 구조물이 증발함. 근데 구조물이 지어져있는 판정이라 건물에 다으면 발작하면서 밀려남. 중형차량, 대형차량 똑같은 버그라 절대 테크를 찍을 필요가 없음 개같이 짜증나는게 영지에서 차량 복귀시키면 구조물 복구는 가능함.  좀만 윗지역으로 올라가면 캠프는 다 갖춰져있지도 않고 심지어 이름도 안지어져있어서 ""신규 거점의 이름을 변경하세요"" 로 지정되어있음.   제일 역겨운게 대체 왜 ""구조물"" 이단어는 부적절한 언어임? 조물이 대체 뭔 단어가 있음? 조1물 조1물 조1물 조1물 조1물 조1물 조1물 조1물 조1물 조1물 조1물 조1물 조1물 조1물 조1물 조1물 조1물 조1물 조1물 조1물 조1물 조1물 조1물 조1물 조1물 조1물 조1물 조1물 조1물 조1물 조1물 조1물 조1물 조1물 조1물 조1물 조1물 조1물 조1물 조1물 조1물 조1물 조1물 조1물 조1물 조1물 조1물 조1물 조1물 조1물 조1물 조1물 조1물 조1물 조1물 조1물 조1물 조1물 조1물 조1물 조1물 조1물 조1물 조1물 조1물 조1물 조1물 조1물 조1물 조1물 조1물 조1물 조1물 조1물 조1물 조1물 조1물 조1물 조1물 조1물"
2139460,0,음.. 그래픽도 괜찮고 게임도 괜찮은 편인데.. 내 취향이 아님..
2139460,1,"무료로 게임받아서 하는데  사람들과 보스전 팀플레이 사냥 퀘스트 파밍 다재미있습니다 갓겜입니다!!잘만들었어여 시간가는줄 모르고 게임 즐기고 있습니다 강추 갓겜!"
2139460,1,"게임의 이해를 쉽게 하기위한 설명들이 자세하게 나와있어서 이해하기가 쉽고 번역도 괜찮게 나와있어서 좋았다 그리고 게임을 오래 즐기수잇을만한 요소가 많았지만 반복노동을 많이 해아한다는것이 아쉽다"
2139460,0,서버렉... 갑자기 오토바이 타고 가다가 캐릭터 멈춤 채팅창 올라가는 거 보면 겜이 멈춘 건 아닌데 서버가 상시 지랄해서 쳐맞음
2139460,0,"좀비아포칼립스에 코스믹호러를 조금 첨가하고 [b]굉장히[/b] 미량의 포켓몬,팰월드 같은 소환물과의 전투와  하우징을 섞어둔 짬뽕게임   아직 부족하지만 전체적으로 밸런스는 좋았다  다만 상기한 아직부족하다는게 좀많이 부족함  무기별 밸런스도 형편없고 지속시간도 지나치게 짧아서 체감이 안되는놈들이 더많은 감염물들 소환+전투  무엇보다 타국서버도 이런지는 모르겠지만  한국서버의 서버렉의 상태가 유비소프트의 서버상태와 필적할 수준으로 극혐   장단점은 다른 사람들의 리뷰에서 이미 볼수 있으니 자잘한건 제외하더라도 상기한 끔찍한 서버렉과 , 무기별밸런스  여러게임도 퍼블리싱도 하고 베끼기도 하고 해서 돈도 오지게 벌어쳐먹은  무려 중국의 거대기업 넷이즈라는 회사에서 나왔다고는 믿을 수 없을정도로  (그동안 남의 게임 베껴서 소스훔쳐다가 만들줄밖에 모른다는 소리가 맞나싶을정도로)  형편없는 개발상태와 더럽게 느린 개발속도를 보면 현재로서는 추천하기 힘든 게임"
2139460,1,"데스티니2, 팰월드, 배그, 사이버펑크 이 네개중 하나라도 좋아한다면 이겜을 좋아할것임"
2139460,0,"그냥 딱 디비전 같은거임 만렙 찍으면 빌드 맞추러 파밍하는거 ,폐지줍기 게임임 근데 다 좋은데 그래픽도 다 좋단 말야 건축도 재밌고 좋아   오리진? 그거 열리고 나면 렉 조오온나 스왑이 늦어 총알이 늦게나가  개짜증나서 꼬접함 그냥 1-3주차까지는 렉없다가 오리진 열리면 렉쩔음 심지어 개적화임  내가 4090가지고 서버렉 이따구로 겜해야겠음? 씨발 안해 생각할수록 화가나네 모바일이나 개발쳐해라 --------------------------------------------- 10.13 여전히 렉 심함 개병신게임 ㅋㅋ 하지만 재밌음^^ 근데 스킨 좀 싸게 팔면 안되냐? 진짜 너무 비싸 저렴하게 많이많이 내놔야지 사람들이 저렴한맛에 살거아니냐?  가챠 천장기준 85만 말이되냐? 안그럼 기본 위아래 세트 4만원짜리 사야함 이게 최소임"
2139460,1,"장점 건설이 제법 디테일하여 빠져든다. 난이도가 그리 높지않아 솔플로도 대부분 즐길 수 있다. 일회성으로 즐기기엔 충분히 풍성하다.  단점 시즌제 게임이라, 일명 고인물&친목질 그룹들 채팅을 보고있으면 역겹다. 서버렉이 심하다. 1주차 며칠 뺴곤 게임 삭제하는 날까지 늘 서버렉이 심했다. 파밍 피로도가 심하다. (개인적으로 사고파는 행위에 굉장한 피로감을 느끼다보니 유독 심했다)"
2139460,0,씨발 애미애비 뒤진 프로그래머 씨발새끼들 렉 잡을 생각을 ㅈ도 안하네 씨발 진짜 씨발 이게임 제작에 참여했던 좆병신년들이나 이게임 렉 고치는 프로그래머 좆병신년들 진짜 길가다가 씨발 칼에 찔리고 염산에 싹다 녹여버려야됨 씨발련들 애미애비 뒤진걸 ㅈㄴ 티내고 다니네 씨발 이래서 중국 짱깨 씨발련들은 싹다 죽여서 갈아없애야돼 씨발련들
2139460,0,게임은 할만합니다. 독특한 디자인의 몬스터 파밍의 재미 그리고 모바일을 염두해둔 쉬운 난이도 까지 다좋습니다.  개인정보 이슈? 그딴거 때려치더라도 로딩 및 최적화가 쒯입니다. 서버상태문제인지 랜더링 문제인지 둘다인지는 모르나 어떨때는 켜놓고 밥먹고와도 로딩중입니다. 그래서 놔줍니다..
2139460,1,개인적으로 좀비물은 싫어하는데 감염체라기에 좀비 없을 줄 알고 시작했습니다 좀비 있고요 3시간하면 멀미로 3시간 드러누우면서 재밌게 했네요 눈부심 효과가 실제로 눈에 부하를 많이줘서 다회차 시즌은 포기합니다. 총기는 밸런스가 극명하고 너프도 자주되서 생각보다 선택의 폭은 적습니다
2139460,1,1. 애초에 무료임/2 . 일단 잡숴봐/3 . 그 후로 아쉬운게 있음/4. 그래도 할 만함
2139460,0,게임이 자꾸 나를 전우치로 만듦 땅을 접어 달리게 만들고 뒤로 보내고 총 한 발 쏠 때마다 렉이 걸리고 몬스터가 안 보이다가 갑자기 눈 앞에 나타나고 진짜 갓겜 추천합니다
2139460,1,"추석연휴간 스팀 추천으로 나와있어 별생각없이 실행했다가  하루종일 하고있는 게임"
2139460,1,"아주 재밌어. 즐길 컨텐츠가 더늘어나면 다시 해볼만해.   앤드컨텐츠가 많이 적어, 파밍할거 다하고 던전 갈곳 다가면 할게 없어  보스컨텐츠도 더늘어나고  레벨, 건설 단계도 더늘어나면 더 오래즐길거 같아"
2139460,0,서버렉이 뭘하든간에 실시간으로 적용되는 게임 보스 잡다가도 서버렉 나서 순간이동 후 죽음 오토바이 타고 이동하다가 서버렉으로 갑자기 어딘가로 날라감 자원캐다가 서버렉으로 자원소멸 -> 얻는것도 없음 컨텐츠랑 다 좋은데 서버렉이 진짜 너무나 압도적인 퍼센티지로 부정적 평가하게 만든 게임
2139460,1,"게임은 결국 재미있는가 없는가로 나뉜다고 보는데  여러가지 많이 봤던것들이 섞여있다는건 해보면 느낄것이다  근데 이게 맛있게 섞였다는 느낌  팰월드 시스템같은 감염체,  배그같은 파밍시스템  샌드박스형 거점짓기  오픈월드식 레이드, 이벤트  다양한 방식의 장비강화  깊이감을 따진다면 뭔가 이게 진짜 쩔어 하는건 없지만  충분히 이정도면 추후 업데이트되는 컨텐츠의 깊이감을 기대해볼만한 게임  단지 출시 이후 지금까지의 경험 중 견디기 힘든것은 서버자체의 지연률이  모든감성을 불쾌하게 느낌 그래도 쾌적할땐 또 쾌적함"
2139460,1,"맛도리짬뽕맛게임, 그런데, obs랑 충돌일어나네연~ 컴퓨터가 똥컴인가?"
2139460,0,"서버렉이 모든걸 말아먹은 게임 심지어 서버렉은 출시할때부터 있던거고 패치노트에 매일같이 서버렉패치를 했다하는데도 나아지는게없고 오히려 다른컨텐츠에도 렉이 심해짐 리뷰쓰는 현시점으로 본인은 이게임  접음"
2139460,1,"무료게임이라 믿음이 없었다. 하지만 이 게임을 하고 나는 이 게임이 왜 무료인지 모르겠다. 다만 게임 도중 렉이 좀 있고 아직 불안정 한거같은 느낌은 있다. 하지만 게임에 재미가 그 모든걸 커버 칠 정도로 재미있다. 그냥 하면 된다"
2139460,1,"이미 원스휴먼의 소문과 명성은 익히 들어서 그런게임이 있다는 것을 알고 있었다.  하지만 나에겐 이미 하고 있는게임이 많았기에 섣불리 접하질 못했다.  개인정보?? 뭐 그런건 상관없다. 이미 내 개인정보는 초딩때 프루나와 기타등등 p2p 사이트에서 받은 야동덕분에 지구인중 47.98%가 공유해서 쓰고있다.   분명 이 평가글 보는 당신들도 두명 중 한명 꼴로 나를 이미 알고 있을 것이다.   덕분에 매일같이 문자오는 '저 이제 한국왔어요 한번 봐요...' 하는 문자와, 보이스피싱은 일상이다.  개인정보 걱정하는 당신들 야동보면서 털린 개인정보는 신경안쓰는걸까?  아무튼... 이번 추석이 문제였다.  나는 시골로 내려갔고, 늘상 그렇듯 시골에는 할 것도 없고 잔소리도 피할겸 피시방을 가야만 했다.  시골이라 그랬을까, 피시방엔 내가 주로 하던 게임들이 하나도 깔려있지 않았다.  이 때 원스휴먼이 보였다.  '잠깐 맛보기정도는 괜찮지 않을까.'  젠장 그런 생각을 하면 안됐다.  피시방에서 고작 2시간만 했을 뿐인데도 나는 이 게임이 인생게임임을 느꼈다.  이게 무료게임이라고?  이 게임제작사는 무료봉사단인가? 아니, 천사인가? 서버는 뭐 땅파서 돌리는건가?  그럴리 없겠지. 일단 내 돈이나 받아라. 무료인걸 참을 수 없다. 날 분노케한다.  바로 7만2천원 질러서 프리미엄 시즌패스와 상자깡을 올인했다.  상자깡은 완벽하게 망했지만 상관없었다.   더 지를꺼니까.  나는 그대로 맛보기 2시간을 끝내고, 추석 당일에 제사를 지낸 후 막히는 고속도로를 피곤한 몸으로 겨우 통과해서 집에 오자마자 곧장 9시간을 달렸다.  30대의 체력에 익숙치도 않는 큰 집에서 잠을 자봐야 피로가 제대로 회복되지 않는것은 당연지사.  그 몸으로 막히는 고속도로 3시간 운전 후 집에와서 쉬지도 않고 9시간을 그대로 달린것이다.  이건 에디슨이 전기를 발명한것 만큼이나, 뉴턴이 중력을 발견한것 만큼이나, 화장실가서 똥쌌는데 휴지가 없다는걸 꺠달은것 만큼이나 큰 깨달음인것이다.  인류의 진화나 다름없는 것이다.  내가 하던 다른 게임은 다 똥이었다.  흑우인줄 알았던 나는 파리였던 것이다. 똥겜이나 찾아먹는 똥파리!!  이제 이 게임을 접했으니 나는 진정한 흑우로 탄생할것이다.  게임의 장점을 적고싶지만, 그럴 수 없다. 나는 흑우니깐. 다른 사람 평가란에 게임의 장점이 많이 적혀있을 것이니 참고할 것.  나는 흑우나 되겠다.  움머움머움머움머움머움머움머움머움머움머움머움머움머움머움머움머움머움머움머움머움머움머움머움머움머움머움머움머움머움머움머움머움머움머움머움머움머움머움머움머움머움머움머움머움머움머움머움머움머움머움머움머움머움머움머움머움머움머움머움머움머움머움머움머움머움머움머움머움머움머움머움머움머움머움머움머움머움머움머움머움머움머움머움머움머움머움머움머움머움머움머움머움머움머움머움머움머움머움머움머움머움머움머움머움머움머움머움머움머움머움머움머움머움머움머움머움머움머움머움머움머움머움머움머움머움머움머움머움머움머움머움머움머움머움머움머움머움머움머움머움머움머움머움머움머움머움머움머움머움머움머움머움머움머움머움머움머움머움머움머움머움머움머움머움머움머움머움머움머움머움머움머움머움머움머움머움머움머움머움머움머움머움머움머움머움머움머움머움머움머움머움머움머움머움머움머움머움머움머움머움머움머움머움머움머움머움머움머움머움머움머움머움머움머움머움머움머움머움머움머움머움머움머움머움머움머움머움머움머움머움머움머움머움머움머움머움머움머움머움머움머움머움머움머움머움머움머움머움머움머움머움머움머움머움머움머움머움머움머움머움머움머움머움머움머움머움머움머움머움머움머움머움머움머움머움머움머움머움머움머움머움머움머움머움머움머움머움머움머움머움머움머움머움머움머움머움머움머움머움머움머움머움머움머움머움머움머움머움머"
2139460,0,지인들이 할때 한번 놓치면 절대 못낌  커마 다헸는데 집터 못잡고... 지인들 집짓고 난리났는데 난..노숙자임..
2139460,1,잡탕 맛집. 온갖 게임들 다 섞어놓았고 비빔밥처럼 맛은 있다.
2139460,1,생각보다 괜찮은 짬뽕  - 수정 게임은 재밌는데 컴퓨터 박살날까봐 접음 최적화x 컴퓨터 성능 실시간으로 갉아먹는 느낌이 팍 옴 경제적 여유가 있다면 해도 된다고 봄
2139460,1,왜 안내 여주인공? 눈에 꽃인지 나비인지 나방인지를 달고 있는지 모르지만 생존 아포 건설 좋아하는 사람이라면 시간 후딱 날아감 거점 전쟁까지 ㄷㄷ 이정도 퀄리티를 무료로?  풀고 스킨류로 밥 벌어 먹을수 있는지 이해가 안된다
2139460,1,나름 재밌습니당 ㅎㅎ 좀 더 맵이 넓어졌으면 좋겠어요오
2139460,1,"초반에 심하던 렉 현상이 많이 완화되서 이제 할만해졌습니다. 하지만 아직도 간헐적으로 트랜스 대미지가 씹히는 현상이 있습니다. 앞으로 더 나아지길 바랍니다.    이 게임의 겉 모습은 상당히 특색있습니다. 기괴하기도 하고, 혐오스럽기도 합니다. 기존에 파밍 게임을 좋아하시는 분들이라면 좋아하지 않을까 생각이 됩니다. 개인적으로는 재미 있습니다. 집을 짓는 것도 재미있습니다. 이번엔 어디서 살까 살짝 고민 하는 것도 재미있습니다. 사는 곳을 정하더라도 통째로 이사가 가능해서 어디든 고민하지 않고 살고 싶은 곳에서 살면 됩니다. 게임 난이도도 그렇게 어렵지 않고, 같이 할 사람이 있다면 더 재미있을 거라고 생각됩니다.    온라인 게임의 특징. 그것은 반복이라는 것입니다. 이 게임 역시 반복적입니다. 리그제이기에 일정 간격으로 서버를 옮겨다니면서 처음부터 시작을 하게 되지만 몇몇의 게임 아이템은 케릭터와 함께 서버를 이동합니다. 그러므로 완벽하게 초보의 시점에서 시작하진 않습니다. 이런 점 때문에 버티지 못하고 손절하시는 분들도 있습니다. 건설을 할 때엔 발헤임의 건축을 보고 배웠으면 하는 아쉬움이 있습니다. 건설 블럭이 원하는대로 잘 되지 않는 경우가 많습니다. 이 게임은 기본적으로 무료이지만 외형을 꾸미는 것을 좋아하시는 분들이라면 꽤 비싼게임이 될 수도 있습니다. 이 게임은 게임컨텐츠 중 캐쉬로 캐릭터를 꾸미는 컨텐츠가 가장 활발하게 업데이트 된다고 느껴집니다. 오토바이를 운전 할 때는 느낌이 영 별로입니다. 방향 전환 시에 케릭터가 오토바이를 타고 있다는 느낌보단 오토바이가 케릭터에 메달려 왔다갔다 한다는 느낌이 강합니다. 이런 부분도 고쳐졌으면 좋겠습니다. 그 밖에 여러 버그들에 관대해지세요.    설산이 업데이트 되어서 현재 설산의 중반을 넘겼습니다. 오픈때와 비교해 렉 현상이 많이 완화 되었기에 이 정도면 한 번 해보시라 추천할만 하지 않나 생각됩니다. 이 게임을 하면서 처음인데 뭔가 낯이 익은 것이 보이거나 느껴진다면 정상입니다."
2139460,1,"나를 지켜주시오! 무료치곤 퀄리티,콘텐츠 다 할만한데 최적화가 좀..그렇다 글고 이런 온라인 게임들 특징이 서비스를 드럽게 못하면 아무리 잘만들었어도 게임이 망할수밖에 없다 그래도 상당히 재밌으니 한번쯤은 해보는걸 추천한다"
2139460,0,"이게임은 심각한버그가있습니다 일단서버렉부터 총을발포할때마다1초뒤데미지가들어가는 유비소프트보다더한서버렉이있으며 게임진행이안되는 서브퀘스트들버그들이너무많습니다 유로로판매하든 상점에서스킨팔이하기전에 게임서버부터어떻게하고 게임운영이정상화됬으면좋겠습니다 너무짜증나서 꼬접합니다"
2139460,1,졸라 재미 있는데 렉이 좀 심함. 50렙 이후 멀해야 될지 모르겠음. 중국 게임성이 무시못할 수준까지 발전함.   한국은 여전히 모바일 도박장만 열심히 만드는 중  큐브 확률조작 사기까지 치고 한국 게임은 끝난듯
2139460,0,게임은 재밌음 무료치곤 할거도많고   서버렉만 아니면 추천할만한 게임   서버렉이 모든걸 말아먹는 게임  카더라 에따르면 한국 서버면 유독 서버렉이 심하다 카더라
2139460,1,테라리아 같은 생존 게임 좋아하는데 매우 취향에 잘 맞아서 굿입니다. 시즌 바껴도 계속 할 것 같아요 하우징도 너무 재밌어요. 가구 추가가 더 되고 좀 겹치기가 허용되면 심즈처럼 만족도 커질 듯 합니다. 감염물 시스템도 재밌고 진짜 신선함. 앞으로가 기대되는 게임입니다
2139460,1,폴아웃 76+팰월드 비슷한느낌의 오픈월드 크래프팅 RPG 게임 일단 무료니까 점수먹고 들어간다고 할 수 있음 단점으로는 번역기 돌린 수준의 한글화와 감자서버는 커녕 감자전분으로 서버를 돌리는 듯한\ 끔찍한 서버렉이 존재함
2139460,0,오픈을 하고 몇달이 지나는데 게임에서 게임 자체가 끊어지는 거와 채널을 늘리던가 플레이할때의 부족한점이 너무많이 보인다
2139460,1,라이프 애프터를 잘 다듬어서 스팀 PC판으로 옮긴거같음. 같은회사 게임이라 원스 휴먼이랑 라이프 애프터끼리 비슷한점도 많고 라애를 해본사람이면 익숙하게 즐길만하다고 생각함 ㅇㅇ 60기가 가까이 되는 용량이 살짝 이해안되기는 하는데 이정도는 넘어가고 스토리에 딱히 집중할 필요 없이 시키는거만 해도 진행돼서 편함. 중국겜이라 게이정보가 어쩌니 하는데 알빠아니고 겜 자체가 난이도가 쉬움 ㅇㅇ 총기도 금방 만들수있고 식량이나 자원 확보도 밖에 나가서 석궁 몇발 쏘고 도끼질좀 하면 금방 쌓인다 가방 용량이나 무게 시스템이 있긴 한데 총알이나 소재같은템은 한스택에 많이 쌓아지게 해놨고 무게도 가방용량 초과한다고 바로 동크소울 엘든링마냥 오조오억톤 쿵쾅이 되는게 아니라 걷기나 달리기 속도가 조금 느려질뿐임    요약  1. 라이프 애프터의 스팀 PC버전  2. 간단한 구조와 쉬운 난이도  3. 불편하지 않은 시스템 구조  =무료겜인데 이걸 안해? ㅋㅋㅋ
2139460,0,장점:무료겜인데 재밌음 적절하게 모든 요소가 다 버무려져있음  보통 중국겜 하면 여러 장점들 가져와도 뜬금없이 취두부나 춘장등을 집어쳐넣어서 아! 중국겜이 중국겜했네 싶은데 진짜 뭐랄까  각 게임들 장점들을 가져와 맛있게 비벼 놓은느낌임  단점:서버렉은 고칠 생각은 안하고 무분별하게 서버만 대책없이 늘려댐 도대체 뭐하자는건지 모르겠음  오리진은 당연히 렉은 니x럴거 걸리고 심지어 다크사이드 마저 시부x거 렉걸림;; 서버렉이 얼마나 심해졌냐면 예전에는 솔직히 오리진 돌아갈때나 그때 월드에 렉좀 있었는데 지금은 일상에서 렉걸림 대표적인거 1 창고에서 템이 안꺼내짐 ㅋㅋㅋ 존나 광클해야 꺼내지거나 함 ㅋㅋㅋ 그리고 잘 가다가 뜬끔없이 출발한곳으로 롤백됨(심지어 300~400m는 갔는데 불구하고)  하 렉만 없으면 진짜 재밌는데 렉 하나가 모든걸 다 븅신으로 만듬..
2139460,1,"다양한 즐길거리가 넘쳐나고 여려게임의 장점을 잘 살린거 같습니다. 편의성도 괜찮은게 마음에듭니다."
2139460,0,게임 망했나? 렉 뭐냐. 렉 감당 못할거면 오리진 서버를 분리하든가. 지금 렉 수준이 답없네.
2139460,1,세븐데이즈투다이(7days to die)를 즐겨했던 사람으로서 매우 재밌음!!
2139460,1,팰월드 + 파크라이 + 좀보이드 + 데스스트랜딩 + 스위트홈 짬뽕겜인데 무료갓겜 영지이동 시스템이라던가 유저들 편한 기능들이 엄청 많음  처음킬때 반복적으로 3~4번 튕기는데 내 컴이 똥컴인건지
2139460,0,가이아 모노리스에서 계속 튕김 접속도 안되네 그지같네진짜
2139460,1,"2주동안 100시간하게만든 정신나간겜임... ㄹㅇ 꿀잼"
2139460,0,"총기 밸런스 붕괴 불안정한 서버 ㅈ목질 일안하는 운영자 부계로 버그 악용해서 좋은자리 다가저가고 그거 신고해도 운영자는 신경도 안씀 아예 게임이 관심이 없는거 같음"
2139460,1,처음엔 좀 애매했느데 하다보니 재미가 붙음. 성장할수록 할 게 많아져서 계속 하는 맛이 있음. 근데 진짜 발적화임...
2139460,1,"좀비물을 별로 좋아하지 않는데도 이 게임은 정말 재밌게 즐기고 있습니다. 기대하지 않았던 아름다운 풍경이 맵 곳곳에 펼쳐져 있어 시각적으로도 큰 만족을 주네요. 퀘스트, 시나리오, 전투, 성장 시스템 등 대부분의 요소가 마음에 듭니다. 특히 전투는 매우 흥미진진하고, 시나리오도 몰입감을 줍니다. 과금 요소는 거의 없다고 할 정도로 부담이 없어서 더 좋습니다.  다만, 아쉬운 점도 있습니다. 게임 내 중요한 요소인 건물 시스템은 버그가 많아 사용감이 좋지 않습니다. 그리고 이 게임의 가장 큰 문제는 서버 렉인데, 플레이에 지장을 줄 정도로 자주 발생하고 심각합니다. 그럼에도 불구하고, 장점이 단점을 압도하는 훌륭한 게임이라고 생각합니다."
2139460,1,솔직히 말해서 뭔 게임인지는 모르겟음 76보다는 나으니 그나마 추천할만함 근데 난 건물보다 소탕이 더 하고 싶어요. 총알 굳이 만들러 가야하고..
2139460,1,422시간 하면서도 질리지가 않는다. 고작 시나리오 1인데.. 혼자 시작했어도 하다보니 같이 하는 사람도 생겼고 5시간동안 낚시만 해도 재밌었다. 아쉬운점은 서버상태... 렉이 렉이...
2139460,0,difficult game not for brain relaxing gamnig
2139460,0,"1. 서버 렉이 너무 심함.  2. 모든 오리진 전투 전부 다시만들어야 함 서버 부하도 심하고 인원 문제.  전투 진행 방식이 바이오 매스, 적화탄같이 너무 불합리함.  답답함 최악의 기믹.  3. 번역이 일관성이 없음"
2139460,0,"""게임성은 좋은 편이고 재미도 있습니다. 현금 요소가 거의 없고 자유도 또한 높습니다. 하지만 위의 장점을 전부 없애버릴 만한 단점이 명확합니다. 서버렉이 심하고 버그가 많습니다. 심지어 고쳐지는 속도가 너무나도 느립니다. 특히 오리진 전투라는 콘텐츠에서는 렉이 없던 적이 없고, 렉 때문에 게임을 하지 못할 지경입니다. 물론 게임사에서 계속 개선하고자 하는 의지가 보이지만 아직도 고쳐지지 않고 있습니다.""  ""The gameplay is good, and it's fun to play. There are almost no pay-to-win elements, and the level of freedom is high. However, there are clear drawbacks that overshadow all these positives. The server lag is severe, and there are many bugs. To make things worse, the fixes are incredibly slow. Especially in the 'Origin Battle' content, there has never been a time without lag, and it's almost unplayable due to this issue. While it's clear that the developers are trying to improve the game, the problems still persist.""   ""游戏性不错，也很有趣。几乎没有氪金元素，自由度也很高。然而，有一个明显的缺点完全掩盖了上述所有优点。服务器延迟非常严重，bug也很多。更糟糕的是，修复速度非常缓慢。特别是在'起源战斗'的内容中，从未有过没有延迟的时候，甚至因为延迟问题几乎无法游戏。虽然可以看出开发商一直在努力改进游戏，但这些问题仍未得到解决。"""
2139460,0,프리즘 전쟁이라는 컨텐츠 하나로 인식이 나락가버린 버러지 게임
2139460,1,⣿⣿⣿⣿⣿⠟⠋⠄⠄⠄⠄⠄⠄⠄⢁⠈⢻⢿⣿⣿⣿⣿⣿⣿⣿ ⣿⣿⣿⣿⣿⠃⠄⠄⠄⠄⠄⠄⠄⠄⠄⠄⠄⠈⡀⠭⢿⣿⣿⣿⣿ ⣿⣿⣿⣿⡟⠄⢀⣾⣿⣿⣿⣷⣶⣿⣷⣶⣶⡆⠄⠄⠄⣿⣿⣿⣿ ⣿⣿⣿⣿⡇⢀⣼⣿⣿⣿⣿⣿⣿⣿⣿⣿⣿⣧⠄⠄⢸⣿⣿⣿⣿ ⣿⣿⣿⣿⣇⣼⣿⣿⠿⠶⠙⣿⡟⠡⣴⣿⣽⣿⣧⠄⢸⣿⣿⣿⣿ ⣿⣿⣿⣿⣿⣾⣿⣿⣟⣭⣾⣿⣷⣶⣶⣴⣶⣿⣿⢄⣿⣿⣿⣿⣿ ⣿⣿⣿⣿⣿⣿⣿⣿⡟⣩⣿⣿⣿⡏⢻⣿⣿⣿⣿⣿⣿⣿⣿⣿⣿ ⣿⣿⣿⣿⣿⣿⣹⡋⠘⠷⣦⣀⣠⡶⠁⠈⠁⠄⣿⣿⣿⣿⣿⣿⣿ ⣿⣿⣿⣿⣿⣿⣍⠃⣴⣶⡔⠒⠄⣠⢀⠄⠄⠄⡨⣿⣿⣿⣿⣿⣿ ⣿⣿⣿⣿⣿⣿⣿⣦⡘⠿⣷⣿⠿⠟⠃⠄⠄⣠⡇⠈⠻⣿⣿⣿⣿ ⣿⣿⣿⣿⡿⠟⠋⢁⣷⣠⠄⠄⠄⠄⣀⣠⣾⡟⠄⠄⠄⠄⠉⠙⠻ ⡿⠟⠋⠁⠄⠄⠄⢸⣿⣿⡯⢓⣴⣾⣿⣿⡟⠄⠄⠄⠄⠄⠄⠄⠄ ⠄⠄⠄⠄⠄⠄⠄⣿⡟⣷⠄⠹⣿⣿⣿⡿⠁⠄⠄⠄⠄⠄⠄⠄⠄  짱개해킹대비용  //할게 너무 없음 시즌마다 대규모 업데이트를 해줘야할듯
2139460,1,일단 배그 유저로서 재미남. 뭐 집짓고 이런건 쫌 짜증나긴 하는데..뭐 목적의식이 있으니 좋은것도 같음.
2139460,1,솔직히 게임 재밋는데 활이나 석궁같은게 비주류라  석궁만 전설이있고 활은 전설이없는게 아쉽네요 어떻게 보면 생존게임이어서 저는 활이 취향인데 참 이부분은 슬프네요 나중에 전설등급 활이 나오길 바래봅니다.
2139460,0,게임은 이거저거 짬뽕해놔서 재밌으나 그 모든걸 불쾌하게 만드는 서버렉...서버렉이 장난없다 진짜...
2139460,0,개 병신같은 게임  최적화라도 해주던가 아니면 오프라인 모드라도 만들어 주던가  최적화 개똥망이고 여기에 시간 투자한 내가 한심함.. 차라리 이겜 말고 다른 오픈월드 게임 하세요.  좆같은 게임아 ㅗㅗ 스킨도 좆나 구리고 렉부터 고처라  무료 게임 치고는 재미있는데 돈 들어간다면 아깝습니다.  빨리 스팀덱 지원부터 해주세요.  24년 10월에 서버 최적화 한다고 개소리만 잔뜩하고 아직도 이모양입니다. 렉똥망겜 서버라도 더 증설해라
2139460,0,감당이 안되는 서버렉 고칠능력은 안되고  매주마다 현질유도를 넘어선 BM 내는거말고는 뭐가있긴함?
2139460,0,"중립적인 반응을 주고싶다.  게임은 아크+디비전이라 생각하면 편한데, 절데 러스트는 아니다. 분명 PVP가 존재하긴 하는데, 전투가 극적이지는 않음. TPS라서 그런지 PVP컨텐츠는 조금 짜친다.  게임은 파밍의 재미, 빌드 짜는 재미, 딜뽕과 사람들과 협력하며 집을 지으며 던전 돌파 등등... 많은 걸 짬뽕하여 즐길 수 있다.  하지만 컨텐츠의 풀리는 속도가 이상하다. 2주차때 모든 컨텐츠를 풀어버리는데, 그럼 3~5주차는 뭘하냐? 그냥 똑같은 던전을 난이도 높게 해보는거다. 그나마 4주차에 레이드 비슷한게 열리는데 그냥 던전 확장버전이다.  그리고 서버가 무슨 허구하면 끊긴다. 게임 접속에는 지장이 없지만, 헤드를 맞춰도 데미지가 늦게 들어가는 감각이 너무 불쾌하다. 오리진이라는 대규모 레이드는 장전을 4번해도 총알이 장전이 안되는 기적의 총을 느껴볼 수 있다.  게임을 비추천을 준 가장 큰 이유는 할게 없다. 빌드 하나 짜면, 앞으로 2~3주를 더 자원을 모아 만들어야하는데,  그 1주일중 하루만 딱 접속하고, 자원 캐고 끄면 된다. 그래서 이제 뭐함? 소리가 절로 나온다. 뭐 자원을 무리하게 파밍해서 뭘 하고 싶은걸 달성하는게 아니면, 정말 할게 없다. 나는 그랬음 ㅇㅇ. 1주차까지는 재밌었는데 그 뒤로는 점점 흥미를 잃어 접속도 안하고 있다."
2139460,1,mmo +생존 +건설 이것저것 짬뽕된게임이지만 무료게임에 이정도면 충분함. 현질유도도 없어서 재밌게 하고있음.
2139460,1,"내가 이게임을 하며 열받은 것은 병신같은 한국게임사는 이정도 게임도 못만든다는 것이다 이것저것 섞어 만들었지만 얼마나 맛있게 비벼졌는가, 맨날 등신같은 BM만 연구하던 한국의 대형 게임사들은 반성해야한다 한국 게임사가 만드는건 정말 개고기 비빔밥 그 이상도 이하도 아니다.   -----1000시간 후기----- p2w 절대 없고, 유저랑 기싸움 안하고 패치 잘 해주는 게임 과거 듀랑고 좋아했다면 이겜도 분명 좋아하게 될걸"
2139460,0,게임은 재밌음 서버렉이 너무 심하다 게임의 일부인 듯한 많은 버그들
2139460,1,아니 신기루 모노리스 보스전 하고 있는데 보스체력2칸 남았을때 안움직이는 버그좀 제발 고쳐주세요. 그래요 한번은 그럴수 있다고 쳐요.두번은 너무 억까는 너무 슬퍼요.진심 이런 잡버그 고쳐주시길 바랍니다.억울해서 울게써용.부탁합니도.음 재미는 있긴한데 이런 버그만 없으면 갓겜인데 아쉽네요.빠른 기일내에 고쳐주시길 바랍니다.억까게임.
2139460,1,"플레이하면서 받은 느낌들  생존관련 기본 골자는 러스트 전투랑 탈것이동, 오픈월드 분위기는 데이즈곤 엔드컨텐츠랑 보스전은 디비전 스킨이나 모션은 배틀그라운드 이터널랜드는 로스트아크 영지  서버렉 개선되고 최적화만 좀 더 깔끔했으면 더 부담없이 즐길 수 있을 듯"
2139460,1,원래 다른컴에서는 이전컴에서 하던 데이터가 안불러와지나요?
2139460,0,"드디어 패드를 지원한다 3시간 찍먹해봤지만 내취향이 아니라...보류함  솔직히 가장 큰 이유는 총기가 너무 약함 석궁보다 약함 총기 데미지는 치명타 터지면 35나오는데 석궁은 300얼마 나옴 뭔가 디비전 느낌이 살짝 나긴하는데....이것저것 다 섞은 느낌이기도 하고 모션이 엉성함 패드 지원이 되나 애매하다"
2139460,1,무료인데 꿀잼이에요. 대신 부켸로 하는게 좋을듯...짱개...
2139460,1,"무룐데 이정도 퀼이면 팰월드 뺨은 한 세번은 후두려 팰듯 물론 팰월드가 아기자기하고 그런건 좋은건 맞는데, 아포칼립스에 섬뜩한 뒤치기, 몬스터들의 괴랄한 울음소리 듣는거 조아하면 ㄱㄱ추천!!"
2139460,0,"[h2][요약]  [초반재미와 컨셉은 좋았다 딱 그만큼만 그 외의 모든것이 병신인 짱깨 그자체인게임] [/h2]  초반보다 조금 나아졌다 뿐이지 월드, 협동이벤트계열, 이번의 유령 까지, 사람이 좀만 모이고 이펙트좀 많아진다 싶으면 딜자체가 씹히는 병신같은 서버도 그대로 , 후술할 룩딸 디자인조차도 개병신 디자인, 인게임 하우징과 생산쪽에서도 뭐한번 바뀌려면 한세월 오픈이후부터 건의했던 개병신같은 펌프류 원하는것좀 선택해서 쓸데없이 생산칸 차지하거나 , 기름이나 산성용액은 왜 자동으로 안 옮겨지냐고 건의한것도 이제와서야 개발중 이지랄 현재로선 사실상 신규나 젊은유저층은 거의 없고 아재개그나 쳐까던지  IP를 IQ딴다고 협박하질 않나 , 알박기는 기본에 지가하면 로맨스 남이하면 감히 몇살이냐같은 소리나 씨부리는  병신끼리끼리모이는 영포티 틀딱이 대부분이다  생존과 멀티협동을 좋아하는 사람 입장에서  초중반까지야 좀비아포칼립스, 멀티, 샌드박스만큼은 아니라도 하우징도 가능하며 친구들과 같이 온라인으로 할 수 있다는점 하나로 그래도 앞으로 나아지겠지 바라며  그나마 퇴근후 지인들과 협동할만게 별로 없으니 꾸준히 해왔는데 도대체가 갈수록 답이없다   04년부터 정식런칭을 했던 마비노기와 자웅을 겨룰정도의 개쓰레기 서버로 인해  그나마 있는 장점조차도 씹어먹을 수준 이게임이 병신이고 비추천하는 이유는 이거 하나로도 설명이 끝나지만 좀더 자세히 가자면 기획자가 뭐하는 병신인지는 몰라도 다른게임에서 그럴싸한거는 배껴오는데 생각이란걸 안하고 배꼈음 뭐 렘넌트나 소울이나 어디서 봤을법한 몹 디자인들은 그냥짱깨겜이니 논외로 치고도  상기한대로 개병신 서버덕분에 유독 속성에 존나게 많은 XX할시 , XX 일시 같은 병신같은  조건부 발동패시브들이 씹힌다 늦게 발동이 아닌 그냥 씹히는 경우가 9할이다   그나마 최근에 나온 파워서지 계열의 석궁은 명중시 < 라는 널널한 조건임에도  서버렉때문에 명중시 파워서지라는 전격딜이 안들어가고  평타인 흰색딜만 띡 뜨고 끝나는 경우가 태반  심지어 이런 무기는 또 병신기획자새끼들이 정말 신경을 많이 써야 함에도  단순히 있어보이기 때문에 남발하는 스텍무기류가 계속 나오는데  이 스텍이 그효과데미지를 입혔을때 자동으로 오르는게  아닌 노란색 구슬이 떨어지는걸 직접 쳐먹어야하는 식의 기믹으로 추가해놨음에도 어떤건 내근처에 떨어졌다 어떤건 몹 근처에 떨어졌다 지랄염병을함,  이마저도 확률로 떨어지는게 대부분인데 확률이어도 서버렉때문에 효과가 안터지거나  확률로 안터지거나 심할땐 석궁 10발을 쏴도 확률과 서버렉때문에 구슬 하나 안떨어지는 기막힌 병신같은 상황이 현재진행형이다  이중에 보스랍시고 아예 속성면역인 보스도 있어서 나는 속성개조 모듈이 나오고 이번 시즌엔 속성 세팅으로 하고 싶은데 이 병신같은 나무 좆대가리 새끼때문에 강제로 물리세팅도 해야하는 병신같은 게임이다 , 즉 만든새끼가 있어보이는건 어디서 봐서 가져왔는데 지네 게임이 어떤 상황인지 제대로 생각조차도 안하고  히히 이런거 넣으면 괜찮아 보이겠지? 해서 만든 결과물이란게 그냥 체감이 팍팍 든다 해놓은거 보면 그냥 생각이없음 , 이지랄을 할거면 애초에 나무니까 화염에 데미지가 많이 들가고 , 전기나 폭발같은거에 데미지 감소가 붙는다 이러면 이해나 하지  그냥 통나무 새끼인데 면역이다 , 그래놓고 시즌 퀘스트중에는 이새끼를 잡는 퀘가 있음 그저 병신 그자체   또한 최근에 나온 시즌인 달의징조는 특정시간마다 월광증이랍시고  지속적으로 멘탈피해(다른게임에서의 상처 또는 반영구적 최대체력감소의 개념)을  지속적으로 입히며 이걸 몹을 잡아야 유지가되는 대신 최대체력이 깎여있으면  그만큼 데미지가 올라가는식으로 해놓고서 몹의 리젠을 미친듯이 빠르게 해놓았는데  미칠듯한 몹의 리젠 + 실력없는 프로그래머라고 부르기도 뭐한 짱깨스크립터들의 좆지랄로  7할의 원거리 몹들의 투사체속도는 존나게 빠른데  너무 빠르니 피하기가 매우 힘들며 이는 나중에 만나는  해파리대가리년 보스의 포격도 동일해서 게임에서 표기되는 범위보다도  넓은 판정의 포격을 존나게 빠른 투사체로 곡사 포격을 쳐날리는등  보고 피해라가 아니라 다른 소모품을 던지던 몇대 쳐맞으며 죽기전에  재빨리 투명소모품을 써서 어글을 풀던 하라는  별 개거지같은 걸 기믹이랍시고 이런걸 남발해놓은게 현상황이며  지랄도 이런 개지랄이 따로 없는 기존구성에서  상기한 징조의 효과때문에 몹이 존나게 몰려오는중 이걸 빠르게 몰아서 잡아야 하는데  순전히 서버렉때문에 효과가 안터진다  덕분에 몹을 잡고 재료를 모아서 상자를 연다는 해당 시즌 기본 취지와는 맞지 않게  일종의 헛점을 이용해 나의 본진에서 생산활동>잡몹 소환> 이걸 잡아서 재료를 취득  > 상자가 리젠되는 지역에 가서 투명해지는 소모품을 빨고 그냥 상자만 열고 다니는 개노잼 of 씹노잼 이라는  병신 파밍짓거리를 해야하는 리니지식 틀딱겜 같은 구성의 진행이 되었는데  이 병신들은 능력과 실력 모두가 없어서 서버렉은 지금까지도 당연히 못쳐잡고  몹들의 투사체조차도 그냥 타겟팅 처리해버리는 병신들이며  심지어 어디서 본건있어서 주간별로 보스몹'만' 유리한 좆같은 패널티를 플레이어에게 쳐집어넣고 있고   하우징을 전추하는 필드에 지을 수 있게 해놓은건 좋다지만  이 하우징영지의 크기만 존나게 큰데 서버상태가 기본적으로 병신에  최적화가 좆박아 놨으니 필드이동하다 남의 하우징 로딩이 늦어져서  이동중에 갑자기 로딩되며 눈앞에 오브젝트들이 생겨나서 쳐박거나  토대사이에 끼이는 일도 비일비재함 지들이 만든 염색시스템도 제한적이고   [b]무엇보다 스킨 쳐만드는 디자이너 새끼 도대체 누군지 몰라도 진짜 무조건 자르고  다른놈 데려와야할정도의 개병신 디자인의 쓰레기들만 줄창 쳐내고 있다  게임도 병신인데 룩딸조차도 끔찍한 수준   마영전같은 게임도 이미 게임성은 역대 디렉터들 줄줄이 사탕으로 좆병신짓거리에  이번 한용섭 병신이 아예 박살을 해놨어도 룩딸하나로 개돼지들이 그나마 붙잡고 버텨주는데 이새끼들은 룩딸조차도 Joat 그자체다 [/b]    1. 전형적인 짱꺠들이 좋아하는 오일바른거같은 김형태스타일의 반짝 스타킹 2. 어깨뽕을 뛰어넘는 슈퍼폴드런인가 싶은 과한 어깨장식들과 털장식들처럼  부티가 아닌 천박한 졸부가 매칭안되는 비싼것들만 그냥 쳐걸친 수준의 전혀 안어울리는 병신같은 과한 장식들 3. 애초에 지들이 스까 입으라는 식으로 광고 쳐해놓고 파츠 분할이 개씹좆이라 사실상 한세트가 아니면 텍스쳐 깨지고 안맞고 2000년대 초반 겜수준의 저열한 스킨파츠들  4. 지들이 만들어둔 염색시스템 조차도 이용이 제한적이라 색을 임의로 바꾸는것조차도 안되서 얘들이 정해놓은 부위만 노란색을 체크무늬로 그것도 소모품 사용해서 바꾸는게 고작인 병신 염색 등   병신서버 , 있어보이는것만 긴빠이 해왔지만 그조차도 맛있게 섞지 못하고 따로 놀며 , 안정화/최적화 시킬 능력도 없고 피드백은 존나게 느리며 , 그나마 있는 룩딸조차도 디자인이 병신인데  그 병신같은 룩딸마저도 가챠박스만 줄창 나오는 짱깨 모바일 마냥 VIP 시스템 없는게 그나마 다행인 쓰레기"
2139460,1,"대략적인 게임설명: 좀비, 외계인, 복제인간등이랑 싸우는 게임인데 생존이나 건설 같은 요소가 있는 게임  PVE만 하면 딱히 스트레스 안 받고 하기 좋음 현질 안 하고도 충분히 좋은 아이템들이 많이 나오고  컨텐츠도 생각보다 다양함, 높은래밸의 미션도 팀 맺어서 버스타면 클리어 가능  단점: 만랩 50랩 되면 할 거 없어짐 , 노가다 반복, 순간이동버그, 특정행동을 하면 마우스 키보드 입력이 안되는 버그, 오토바이 소환 느리게 되는 버그, 한주마다 얻을 수 있는 보상이 한정적이어서 일부러 플레이타임을 늘리려는 것 같음   단점도 많지만 2주정도 즐기기 딱 좋은 게임 곧 시즌 업데이트 된다니까 좀더 지켜봐야겠다"
2139460,1,"컨텐츠는 좋으나 게임 서버관리는 거의 기대이하 수준이라 아쉬움~~! 기존 ( 여러 중국 게임 경험상 )  게임 의 서버 관리에 문제점 개선이 시급함"
2139460,0,"Too much laggy. When they start crossplay, the day will be doomsday. Cut the mobile and focus on PC you guys are not ready for it you freaking douchebags."
2139460,1,"처음하면 어려울수있음 하지만  그걸 이겨내면 재미있음"
2139460,0,게임은 참... 그래도 나름 재밋게 만들었는데....... 결국 중국이 끼게되면 미친듯한 서버렉 지랄맞은 핵쟁이들...... 결국은 삭제 엔딩
2139460,0,재미있으면 뭐함? 게임이 처안굴러갈뿐더러 버그 존나 많고  서버가 그냥 개병신임 몹 처죽이면 안죽고 때리고 오토바이 타고 가다 오토바이 사라지고 100m 오토바이타고 이동했는데 다시 뒤로 가있고  서버 병신같은거 버그 빼고는 게임은 괜찬은데 더이상 못해처먹겠음 걍 서버 고칠때까지 접음 ㅅㄱ
2139460,1,"24.09.13 첫 접속. 9시간 플레이. 뭔가 어설픈 UI나 메뉴 중 중국어가 간간히 노출되는 현상이 있지만 크게 거슬리지 않음. 세계관을 설명하는데 익숙하지 않은 개념의 대명사들이 줄줄이 나와서 이해하려고 하면 머리아프고 그냥 그런가보다 하고 넘기니 스토리에서 차차 설명됨. 최적화는 상당히 좋은 듯 하고 아~~주 가끔 핑이 살짝 튀었나? 싶은 순간이 있는데 내 문제인지 서버 문제인지는 모르겠음. (문을 나가서 닫았는데 닫히고 안으로 돌아오는 현상, 필드몹이 살짝 늦게 죽는 현상, 입력이 살짝 지연되는 현상. 체감상 순간지연은 2~300ms 정도가 아닐까 싶음)  더 하고 또 달겠음 ㅎㅎ 재밌네 ㅎㅎ"
2139460,1,"왠만하면 리뷰 안남기는데, 플레이타임이 모든걸 설명해준다."
2139460,0,겜 짬밥좀 먹은 사람들은 들어가자마자 많은 게임의 포인트를 하나하나 빼온걸 느낄수있음 그런데 빼왔는데 장점들은 퇴화됐고 스토리도 흥미롭지않음. 그냥 불쾌함의 연속. 공짜가 장점이라면 그외에는 굳이 싶음 이겜할바에 위쳐3 할인하면 만원도 안돼는데 그거하나 하는게 정신건강에 이로움 아니면 레데리2하던가 그거 두개노잼이면 메이플이나 쳐하러 가라. 그냥 이겜하는건 시간낭비
2139460,0,"뭔가 문지방 밟고 있는듯한 느낌 뭔가 어디서 한번쯤 본듯한 것들의 조합"
2139460,1,"장점 : 하다보면 재밌다 할것이 많다.            소리없이 다가오는 공포를 느낄 수 있다.           캐릭터의 얼굴을 아주 미세하고 섬세하게 바꿀 수 있다.           날아다니며 탈 팻이 없다. (활강 낙하산 팻은 있지만 드라마틱하진 않음 오히려 게임을 살림)           코스믹호러의 표현을 준수하게 그려내었다.           상대방간 거래가 아주 쉽다.           그래픽, 분위기, 표현력이 무료게임이라 놓고 볼 수준이 아니다.            단점 : 처음시작하면 인터페이스 조작에서 많이 어려울 수 있다.            타 게임에 비해 로딩시간이 길다.           건축의 자유도는 낮은 편이다.           서버불안정 렉 발생으로 인한 전개속도가 다소 느릴 수 있다.           캐릭터의 키나 몸무게 조절이 거의 없다고 봐도 무방하다.           추가 패시브스킬이 랜덤임.( 이하 직업스킬 망하면 ㅈ 됨 캐릭 다시키우기 해야할수도 있음 )           활강팻이 너무 옛날 중국식 망작 게임에서나 볼법한 디자인이다. (차라리 글라이더모양으로 바꿔줘도 될듯)           인터페이스 조작이 불친절한 경우가 많다 780시간 한 나조차 아직 종종 짜증나는 경우가 있다.           특정서버로의 지정캐릭터를 만들고 지우는게 너무 불편하다.           부캐릭육성으로 인한 장삿꾼 및 렉 유발 및 자리 알박기등 많은 문제를 초래하고 있지만 개발운영진에서는            그냥 손 놓고 있는실정, 이것이 핵유저나 마찬가지인 악성유저를 더 키워 여타 일반유저들을 피해보게 한다."
2139460,1,"중국인이 말아준 잡탕찌개가 의외로 맛이 괜찮다 개선점이 많이 보이지만 게임의 기본인 재미는 있다"
2139460,1,hhhhhhhhhhhhhhhhhhhhhhhhhhhhhhhhhhhhh
2139460,0,"플레이시간 보면 알거임. 초보섭, pvp프리즘섭, 설산까지 다 즐겼는데 내 결론은 이겜은 탈출이 지능순임.  1. 엔드컨텐츠 없음, 서버마다 7~10일마다 새로운 컨텐츠가 열리는데 2~3일이면 더이상 할게 없어짐, 게임속 채팅이나 디시 원스휴먼 갤러리만 가봐도 ""이제뭐하지"" 도배되는걸 볼수있음.  2. 번역 발로함. 구글 자동번역보다 심한 번역상태로 같은 단어도 다르게 번역돼있음.  3. 내 인생에서 이렇게 렉이 많이 걸리는 겜은 처음. 4090달고있는데 당신의 컴사양은 중요하지 않음. 서버렉이 정상적인 플레이가 불가능할정도. 공식유튜브만 가봐도 외국인들이 렉문제에대해 말하는 댓글이 절반이상.  4. 컨텐츠가 많은척 하지만 속빈강정이 대부분. 각종 오류와 버그, 심지어 구현이 안된 부분이 많아서 컨텐츠의 깊이감은 커녕 설명에 적힌대로만 실행이 돼도 감사할지경. 예를들어 ""도토리를 가져오면 사과를 준다"" 라고 설명이 되어있으면 당신은 ""도토리"" 를 구할수가 없음. 이맵에는 도토리가 없거든. 어찌저찌해서 전서버에서 도토리를 가져왔다고 치면 이제 힘겹게 사과를 구할수 있을것 같지만 사과를 안줌. 애초에 구현이 안된거임.  모든 서버와 컨텐츠를 즐겨보고 느낀것 신서버와 컨텐츠를 어울만좋게 내놓는 ""척""만 하고  텅 비어있는 컨텐츠와 아예 엔드컨텐츠도 없으니 컨텐츠 소모속도 조절을위해 7일~10일 기간을두고 오픈하면서 중간쯤에 캐쉬템 가챠로 천장50만원이상짜리 내놓으면서 돈뽑아먹고 서버렉은 고칠생각이 없다는건 뽕뽑고 서비스 종료나 방치할 가능성이 높음. 그게 아니더라도 운영 방식 자체가 미드와 같은 운영방식이라서 앞으로 몇년동안 결말이 없어도 매주 다음화를 기다릴수 있고 매시즌 초기화되는 설정을 버틸수 있으면 해보셈. 나처럼 몇백시간 박고 후회하지 말기를."
2139460,1,"그냥 저냥 팰월드+ 배그 같은 느낌이 있습니다!! 근데 이상하게 하다보니 시간가는줄 모르는.. 역시 하우징 시스템 ㅠ"
2139460,1,왜 무료로 풀었나 의문;; 퇴근하고 짬짬히 계속 하게 됨 아 메이플 6차전직 하고 이제 재밌어지려는데 이 게임이 더 재미있어졌음
2139460,0,"오픈월드인데 복사 붙여넣기 같은 메인 및 사이드퀘스트에 스토리는 눈에 안들어오고 긴장감이나 몰입감은 찾을 수 없으며  전투는 10년전에 나온 파크라이가 더 재밌을정도로 조잡하고 번잡하다. fps게임인데 타격감도 최악이다.  비슷한 세계관을 가진 게임들중 정말 재밌게 했던 러스트, 메트로, 다잉라이트, 타르코프 등과 같은 게임에서 느꼈던 긴장감, 몰입감과 비교하였을때 최악.  굳이 장점이라고 말할거 같으면 무료 온라인 멀티 된다는거. (온라인fps인데 툭툭 끊기는 렉 자주 발생) 하우징시스템 정도?  하지만 이정도 장점 가지고 있는 게임은 얼마든지 많다.  그냥 돈내고 더 재밌는 게임 하는게 좋아보인다. 시간아깝다  정말 여러가지 게임의 장점들을 끓어 모아서 맛있는 잡탕을 끓여볼려고 했는데 재료가 저질 중국산인 느낌.  콘텐츠 하나하나가 다 허접하다.  잡탕도 잘끓이면 맛있는데 이게임은 동네 멍멍이 개밥수준 정도.  비추"
2139460,1,"[h3]잘만든 데이즈곤 느낌[/h3]  조금정도의 차이는 있겠지만.. 적들 AI도 엄청 많이 구린 편이지만... 그래도 전체적인 느낌은 잘만든 데이즈곤 느낌으로 생각하면 될것 같습니다(그렇다고 호드 수백마리가 쳐들어오는 게임은 아님)  초중반부는 광물 파밍, 집짓기 등등의 컨텐츠. 후반엔 장비파밍 및 장비 파츠 파밍으로 이어짐 주로 타는 차량인 오토바이 운전은 데이즈곤이랑 비슷한것 같기도 하네요    단점이 있다면 적들 AI와 버그입니다...  버그는 게임에 지장이 갈 정도로 잦고(특히 사다리를 못타는 경우, 오토바이가 순간이동한다거나) AI는 좀 최악이지 싶은데... 소음기를 달지 않아도 적들이 총소리를 못듣고, 옆의 동료가 죽어도 전투개시가 일어나지 않습니다..  개선될지는 모르겠네요"
2139460,1,조온나 잼잇다 시발 이제곧 천시간이다 ............
2139460,1,게임들의 재미있는 모든 점들을 합쳐놨네요 아주 재미있어요
2139460,1,도대체 시간이 어덯게 가는지 모르겠음.  무서운 게임임.. 시간이 녹아버림
2139460,1,"1일 플레이가능 시간이 2시간 내외로 하다보니 다른 사람들과 격차가 너무 많이 나서 게임할맛이 안남 이것저것 할게 많아서 시간은 잘가지만 2시간안에 다 못하고 전투만 해도 시간이 모자람 시즌제다 보니 해놨던 것들이 초기화 되는것도 맘에 안듬"
2139460,1,게임 자체가 혼자서도 즐길만한데 혼자서는 한계가 있음. 사람들과의 교류가 필수적인 게임임. 플레이타임이 짧아도 재밌고 진득하게 빠져서 해도 재밌음. 근데 정보 빼갈까봐 걱정이라는 애들은 틱톡부터 지우길 ㅋㅋ
2139460,0,솔직히 말하면 디테일이 전부 아쉬움. 여러가지 뭔가 많은데 그냥 넓게 펼처진 얕은물임  깊은 물은 하나도 없음
2139460,1,재밌네요! 보스퀄도 좋음.근데 이제 큰 용량과 시즌제의 어려움을 곁들인..ㅇㅇ
2139460,1,"1.커마 이쁨 2.캐쉬옷도 이쁨 3.캐쉬 가격이 살짝 비쌈? 4.사람도 없는데 종종 엄청난 렉이 걸릴때도 있음 5.풍경이 대체로 아름다워서 사진찍고 다니기만해도 시간 가는줄 모름 6.유저 구경하기 힘든데도 불구하고 알수없는 렉으로 인해 가끔 끊기는 경우 있음 7.집 꾸미는 재미가 좋음 8.혼자해도 무난한 게임이지만 같이하면 재미가 2배 9.좀비 오픈월드 게임은 대부분 기지를 반강제적으로 침략 당해 멘탈이 부서지는 경우가 태반인데 이게임은 선택적으로 침략을 발동해 막는 재미도 있고 그렇지 않은 경우 편하게 놀기만해도 정신적으로 편안한 게임 즉..파밍에 대한 압박이 적어서 좋았음. (세븐 데이즈 투 다이 게임은 무조건 그날 그날 파밍 필수) 10.차량이 오토바이 보다 속도가 느린건 보안해줬으면 함 11.특정 기지나 구역 말곤 길거리가 너무 한산해서 이게 좀비세계가 맞는지 외계인 침략이 맞는지 헷갈림 12.액자에다가 자기가 찍은 사진을 걸어두고 가까이 가거나 근처를 지나가면 알수없는 렉이 발생해서 불편함. 13.초반에 곡갱이,도끼질을 해도 무난하게 파밍이 가능하고 태양광 드릴이 생기는 시점부터 아주 정신적으로 편해져서 좋다.  끝으로 중국 게임에 대한 안좋은 선입견이나 생각이 있어서 게임 플레이 자체를 망설였지만 역시 뚜껑을 열어보고 플레이를 해본 결과 사람마다 평가는 다르겠지만 개인적으로는 아주 마음에든다 (렉 빼고) 좀비,외계인 오픈월드 파밍게임 치고 내가 몇일만에 100시간 가까이 찍게 됐다는 것도 기본적으로 훌륭했다는 반증.. 앞으로도 시간날때마다 꿀잼할 계획이고 요근래에 루즈하고 할게 없어서 방황했던 나를 잡아줬던 갓겜이라 할수있겠음. 사람들이 많이 할때에는 그만한 이유가 충분히 있구나라는걸 새삼 또 한번 느낍니다."
2139460,1,"커마되는 좀비잡는 배그... 커마된다는게 젤 큰거 같다 집도 짓고... 어느새 심즈하고있음"
2139460,1,"무료게임이라 약간의 버그 현상이 필드에서 종종 일어납니다 . 하지만,""무료"" 라는 타이틀안에서는 모든것이 이해 가능한 수준입니다. 시작하자마자 10시간만에 룩딸 10만원어치 질렀습니다 . 감사합니다 .  여러가지 게임을 겹쳐놓은듯한 느낌입니다.  배그 + MMORPG ㅋㅋ  재밌어요"
2139460,1,"큰 오픈월드, 건축.사냥.레이드.모험등등등 아포칼립스 세계관 외계인세계관 등등등  이것저것 뭘좋아할지 몰라서 다준비해본 그런게임  배그랑 비슷한 느낌의 스쿼드 방대한 오픈월드고 매주 열려서 생각보다 할게너무많은 미션 따라가다보면 레벨은 자연스럽게 빠르게오르는게임 생각보다 정말재밌음"
2139460,1,"팰월드 상위호환  서바이벌 오픈월드 + 루팅슈터 pve, pvp 오픈월드에서 돌캐고 밥먹고 농사하고 집짓고 총싸우고 감염물(팰같은거)랑 같이 싸우고 일해주고, 오토바이타고 트럭위에 집짓고 놀랏던 것은 자연경관이나 맵구성 기믹이 유비식 복붙이 거의 없음. 복붙이 없는 건 아닌데 엄청 다양함. 몹 다양성이 적긴한데 별로 겜하면서 거슬리진 않았음. 퍼즐도 다양함. 서버렉, 40인 협동 오리진 렉, 번역 이슈 있는데 하루가 멀다하고 맨날 바뀌고 고쳐지는거 보니 1년 묵히면 고쳐질듯 6주차 되면 소프트 리셋을 함. 호불호 갈릴 요소 같긴함  아마 스팀유저층상 온라인 mmo에 대한 거부감, 중국 개발사라는 점 때문에 저평가 받는거같음 이런겜이 더 많아졋으면 좋겟음"
2139460,0,"아직 번역, 최적화 등 부족한 부분이 많음. 게임 자체적인 퀄리티는 괜찮지만 렉이나 버그 때문에 게임하면서 짜치는 경우가 많음."
2139460,1,"장점 : 그냥 재밌다.  단점 : 시간가는줄 모른다."
2139460,1,ㅈ1ㄴ 재밌음. 가끔 소리 때문에 깜짝 놀라지만 그래도 재밌음
2139460,1,"라이프애프터 하다가 피 토하고 뱉었던 기억 때문에 이것도 걱정 많이했는데,  진짜 훠어어ㅓㅓㅓㅓ얼씬 낫다 이게. 재밌음.  근데 UID 화면에 박제하는 거 중국 애들 종특인가?"
2139460,1,"무료게임치고 이정도면 진짜 갓겜 잊지못할 스팀게임이 될듯"
2139460,0,"여러분야의 니즈를 충족시킬수있어 누구든 재미있게할수있게 잘만들어진 게임중 하나 단 건축을좋아하는사람들에겐 완전 비추  그러나 건축컨텐츠는 그렇지 않다 빌어먹을 건축시스템이 너무 그지같다 설치판정이 이상한경우가 너무많아서 미세하게 움직여서 집어넣어 설치하거나 계단,반쪽짜리파티션들을 이용해 억지로 집어넣어줘야하는데다 어떤곳은 아예 들어맞지를 않는다 거기다 건축구조물 제한이있는데 가운데 라는개념이 홀수의 파티션에서만 적용이 되서 작은지반2 - 지반 - 작은지반2 를써서 짝수일때 강제로 중앙을 맞춰줘야하는데 이 작은 지반이 또 골병인게 조그만거하나하나가 다 하나취급을 받아서 정교한건축을 하려고 하면 1층도 채 만들수가 없다 거기다 요런식으로 작업하다보면 지반이 뒤틀리는공간이 생겨서 딱 들어맞지 않고 균열이생겨 미관을 너무 해친다 거기다 맵 중간중간 공공 부지가 있는데 이 부지가 실상 별거 있지도 않은데 건축 불가지역이 워낙 커서 집터 잡기도 겁나 빡세다 아직 할말은 겁나 많은데 건축이 아니라 오픈월드 RPG 를 원하는사람들에겐 굉장회 좋은게임이다"
2139460,1,"처음에는 ""이게임 저게임 따라만든 거겠지.."" 라고생각하고 처음 플레이 하고 10시간 동안 하고있는 저를 보았네요 ㅋㅋ 너무너무 재미있습니다 !!  강충!"
2139460,1,재밌긴 함 시간 잘감 근데 서버 상태 ㅈ 같음 버퍼링 ㅈㄴ 심함 렉도 ㅈㄴ 심함 머리끄댕이 ㅈㄴ 당김 서버 관리좀 해달라....
2139460,0,야이 시이발 왜 중간보스랑 최종보스 잡을라하면 자꾸튕기냐아아아아아아아!!!!!
2139460,1,조금 무서운데 재밌어요 캐릭터 커마되는 게 너무 행복하네요 팔월드 + 배그 + 마크 느낌
2139460,1,⠄⠄⣿⣿⣿⣿⠘⡿⢛⣿⣿⣿⣿⣿⣧⢻⣿⣿⠃⠸⣿⣿⣿⠄⠄⠄⠄⠄ ⠄⠄⣿⣿⣿⣿⢀⠼⣛⣛⣭⢭⣟⣛⣛⣛⠿⠿⢆⡠⢿⣿⣿⠄⠄⠄⠄⠄ ⠄⠄⠸⣿⣿⢣⢶⣟⣿⣖⣿⣷⣻⣮⡿⣽⣿⣻⣖⣶⣤⣭⡉⠄⠄⠄⠄⠄ ⠄⠄⠄⢹⠣⣛⣣⣭⣭⣭⣁⡛⠻⢽⣿⣿⣿⣿⢻⣿⣿⣿⣽⡧⡄⠄⠄⠄ ⠄⠄⠄⠄⣼⣿⣿⣿⣿⣿⣿⣿⣿⣶⣌⡛⢿⣽⢘⣿⣷⣿⡻⠏⣛⣀⠄⠄ ⠄⠄⠄⣼⣿⣿⣿⣿⣿⣿⣿⣿⣿⣿⣿⣿⣦⠙⡅⣿⠚⣡⣴⣿⣿⣿⡆⠄ ⠄⠄⣰⣿⣿⣿⣿⣿⣿⣿⣿⣿⣿⣿⣿⣿⣿⣷⠄⣱⣾⣿⣿⣿⣿⣿⣿⠄ ⠄⢀⣿⣿⣿⣿⣿⣿⣿⣿⣿⣿⣿⣿⣿⣿⣿⣿⢸⣿⣿⣿⣿⣿⣿⣿⣿⠄ ⠄⣸⣿⣿⣿⣿⣿⣿⣿⣿⣿⣿⣿⣿⣿⣿⡿⠣⣿⣿⣿⣿⣿⣿⣿⣿⣿⠄ ⠄⣿⣿⣿⣿⣿⣿⣿⣿⣿⣿⣿⣿⣿⠿⠛⠑⣿⣮⣝⣛⠿⠿⣿⣿⣿⣿⠄ ⢠⣿⣿⣿⣿⣿⣿⣿⣿⣿⣿⣿⣶⠄⠄⠄⠄⣿⣿⣿⣿⣿⣿⣿⣿⣿⡟⠄
2139460,1,"기본적으로 재밌음  다만 아쉬운게 많아서 다른 온라인게임과 마찬가지로 계속해서 업데이트 1년은 해야  다른사람한테 권할 수 있을꺼같음.  버그 및 렉이 많이 있음"
2139460,1,"진짜 개잼있음.. 심지어 무료 게임이라는게 믿겨지지가 않을 정도임 시즌제까지 도입 되어 있고  현질로 강화할수 있는 방법은 일도 없음  서바이벌 , 집 제작 , 크래프팅 게임 좋아하면 원탑임."
2139460,1,⣿⣿⣿⣿⣿⠟⠋⠄⠄⠄⠄⠄⠄⠄⢁⠈⢻⢿⣿⣿⣿⣿⣿⣿⣿ ⣿⣿⣿⣿⣿⠃⠄⠄⠄⠄⠄⠄⠄⠄⠄⠄⠄⠈⡀⠭⢿⣿⣿⣿⣿ ⣿⣿⣿⣿⡟⠄⢀⣾⣿⣿⣿⣷⣶⣿⣷⣶⣶⡆⠄⠄⠄⣿⣿⣿⣿ ⣿⣿⣿⣿⡇⢀⣼⣿⣿⣿⣿⣿⣿⣿⣿⣿⣿⣧⠄⠄⢸⣿⣿⣿⣿ ⣿⣿⣿⣿⣇⣼⣿⣿⠿⠶⠙⣿⡟⠡⣴⣿⣽⣿⣧⠄⢸⣿⣿⣿⣿ ⣿⣿⣿⣿⣿⣾⣿⣿⣟⣭⣾⣿⣷⣶⣶⣴⣶⣿⣿⢄⣿⣿⣿⣿⣿ ⣿⣿⣿⣿⣿⣿⣿⣿⡟⣩⣿⣿⣿⡏⢻⣿⣿⣿⣿⣿⣿⣿⣿⣿⣿ ⣿⣿⣿⣿⣿⣿⣹⡋⠘⠷⣦⣀⣠⡶⠁⠈⠁⠄⣿⣿⣿⣿⣿⣿⣿ ⣿⣿⣿⣿⣿⣿⣍⠃⣴⣶⡔⠒⠄⣠⢀⠄⠄⠄⡨⣿⣿⣿⣿⣿⣿ ⣿⣿⣿⣿⣿⣿⣿⣦⡘⠿⣷⣿⠿⠟⠃⠄⠄⣠⡇⠈⠻⣿⣿⣿⣿ ⣿⣿⣿⣿⡿⠟⠋⢁⣷⣠⠄⠄⠄⠄⣀⣠⣾⡟⠄⠄⠄⠄⠉⠙⠻ ⡿⠟⠋⠁⠄⠄⠄⢸⣿⣿⡯⢓⣴⣾⣿⣿⡟⠄⠄⠄⠄⠄⠄⠄⠄ ⠄⠄⠄⠄⠄⠄⠄⣿⡟⣷⠄⠹⣿⣿⣿⡿⠁⠄⠄⠄⠄⠄⠄⠄⠄
2139460,1,겜할거 없어서 찾아보다가 좀비나오는거 싫어해서 고민했는데 재밌음
2139460,1,파밍하고 테크올리는 거는 재밌고 하우징이나 사람들끼리 협업도 재밌게 할 수 있음  다만 전투 관련 컨텐츠는 나중에 RPG 게임급 파밍 필요하고 좀 불친절함 그래도 시즌제라 같이 시작하면 재밌어요
2139460,1,중국이라는 편견을 버리면 정말 재미 있는 게임입니다. 오랜만에 오랫동안 게임중입니다.  단지 한가지 가장 큰 단점이 있다면 시즌제로 운영 한다는 방침에 리셋을 합니다. 몇가지 빼고 그대로 유지 된다고 하지만 뻥입니다. 2만점 주고 가져 올수 있는거 별로 없어요...그리고 도대체 PVP도 아니고 PVE에서 리셋을 왜 시키냐는 겁니다...대부분 시즌제에서 그만 두는 사람이 많은듯 합니다. 한번 정도는 다음시즌 맛을 보겠지만 그동안 열심히 모으고 만들고 짓고 한것들을 다 리셋하는건 최악의 결정입니다.  PVE는 리셋할 이유가 없습니다. PVP는 신규 유저를 위해 그런다고 핑계를 될수 있지만 PVE는 도대체 왜 리셋을 하는지 모르겠습니다. 이것이 최악의 단점입니다.  결론적으로 한번 정도는 해볼것을 추천은 하나 리셋을 받아 들일수 있는 사람은 계속 하는거고 아닌 사람은 시즌때 포기 하겠죠. 하여튼 재미있는 게임이니 찍먹은 해보세요~
2139460,0,망각의 주인 잡다가 딜넣을수 있는 패턴 빡처서 접음 쓸데없이 보스 클리어 시간 늘리는 패턴이라 앞으로 이런패턴 계속 나올건데 할 가치 없다고 판단함
2139460,0,제발 서버상태좀 어떻게 해줘 제발 서버상태좀 어떻게 해줘 제발 서버상태좀 어떻게 해줘 제발 서버상태좀 어떻게 해줘 제발 서버상태좀 어떻게 해줘 제발 서버상태좀 어떻게 해줘 제발 서버상태좀 어떻게 해줘 제발 서버상태좀 어떻게 해줘 제발 서버상태좀 어떻게 해줘 제발 서버상태좀 어떻게 해줘 제발 서버상태좀 어떻게 해줘 제발 서버상태좀 어떻게 해줘 제발 서버상태좀 어떻게 해줘 제발 서버상태좀 어떻게 해줘 제발 서버상태좀 어떻게 해줘 제발 서버상태좀 어떻게 해줘 제발 서버상태좀 어떻게 해줘 제발 서버상태좀 어떻게 해줘 제발 서버상태좀 어떻게 해줘 제발 서버상태좀 어떻게 해줘 제발 서버상태좀 어떻게 해줘 제발 서버상태좀 어떻게 해줘 제발 서버상태좀 어떻게 해줘 제발 서버상태좀 어떻게 해줘 제발 서버상태좀 어떻게 해줘 제발 서버상태좀 어떻게 해줘 제발 서버상태좀 어떻게 해줘 제발 서버상태좀 어떻게 해줘 제발 서버상태좀 어떻게 해줘 제발 서버상태좀 어떻게 해줘 제발 서버상태좀 어떻게 해줘 제발 서버상태좀 어떻게 해줘 제발 서버상태좀 어떻게 해줘 제발 서버상태좀 어떻게 해줘 제발 서버상태좀 어떻게 해줘 제발 서버상태좀 어떻게 해줘 제발 서버상태좀 어떻게 해줘 제발 서버상태좀 어떻게 해줘 제발 서버상태좀 어떻게 해줘 제발 서버상태좀 어떻게 해줘 제발 서버상태좀 어떻게 해줘 제발 서버상태좀 어떻게 해줘 제발 서버상태좀 어떻게 해줘 제발 서버상태좀 어떻게 해줘 제발 서버상태좀 어떻게 해줘 제발 서버상태좀 어떻게 해줘 제발 서버상태좀 어떻게 해줘 제발 서버상태좀 어떻게 해줘 제발 서버상태좀 어떻게 해줘 제발 서버상태좀 어떻게 해줘 제발 서버상태좀 어떻게 해줘 제발 서버상태좀 어떻게 해줘 제발 서버상태좀 어떻게 해줘 제발 서버상태좀 어떻게 해줘 제발 서버상태좀 어떻게 해줘 제발 서버상태좀 어떻게 해줘 제발 서버상태좀 어떻게 해줘 제발 서버상태좀 어떻게 해줘 제발 서버상태좀 어떻게 해줘 제발 서버상태좀 어떻게 해줘 제발 서버상태좀 어떻게 해줘 제발 서버상태좀 어떻게 해줘 제발 서버상태좀 어떻게 해줘 제발 서버상태좀 어떻게 해줘 제발 서버상태좀 어떻게 해줘 제발 서버상태좀 어떻게 해줘 제발 서버상태좀 어떻게 해줘 제발 서버상태좀 어떻게 해줘 제발 서버상태좀 어떻게 해줘 제발 서버상태좀 어떻게 해줘 제발 서버상태좀 어떻게 해줘 제발 서버상태좀 어떻게 해줘 제발 서버상태좀 어떻게 해줘 제발 서버상태좀 어떻게 해줘 제발 서버상태좀 어떻게 해줘 제발 서버상태좀 어떻게 해줘 제발 서버상태좀 어떻게 해줘 제발 서버상태좀 어떻게 해줘 제발 서버상태좀 어떻게 해줘 제발 서버상태좀 어떻게 해줘 제발 서버상태좀 어떻게 해줘 제발 서버상태좀 어떻게 해줘 제발 서버상태좀 어떻게 해줘 제발 서버상태좀 어떻게 해줘 제발 서버상태좀 어떻게 해줘 제발 서버상태좀 어떻게 해줘 제발 서버상태좀 어떻게 해줘 제발 서버상태좀 어떻게 해줘 제발 서버상태좀 어떻게 해줘 제발 서버상태좀 어떻게 해줘 제발 서버상태좀 어떻게 해줘 제발 서버상태좀 어떻게 해줘 제발 서버상태좀 어떻게 해줘 제발 서버상태좀 어떻게 해줘 제발 서버상태좀 어떻게 해줘
2139460,1,"난 패드유저인데, 패드를 못하게 하면 나보고 게임(once HUMAN)하지 말라는 것 맞죠?! 박스나 아이템 근처가면 처올라가고 지랄 하는 거나 업글하 지 무슨 업글 갑질이냐 정신 챙기자 좀 윤석열 처럼 지랄 그만하고..,.쫌... 게임 자꾸 꺼짐 현상 어쩔..."
2139460,0,찍먹하려했는데  다운로드느림 + 그래픽 최하옵으로 돌려도 렉 개지림  돔황챠..
2139460,0,니사가 판매하는 아이템 사보자 좀 팀먹고 뉴비 따라다니면서 죽이는게 재밌냐... 그리고 서버좀 신경써라
2139460,0,쓰레기 게임 10분마다 튕기는게 마치 불법 웹툰사이트에서 광고가 나오는 주기와 같더라 이겜 할 시간에 러스트를 하러 갑시다
2139460,1,"짱깨들은 서버에 가둬놨다고 평가 나락갔다하지만 한국인인 내 입장에선 그저 신의경지 칭찬한다 정말 여태 이런게임 못봤고 그 잘나가던 배그도 짱깨들 핵 안잡고 방생 해서 망했는데,  간만에 정말 좋은겜 옳은겜 만났다 생각한다 기죽지 말고 열심히 지금처럼만 관리 잘 해라, 아 그리고 지금 어떤 개발을 하고있는진 자세히 모르겠지만, 유저입장에서 게임해본결과 스타크롬 수급이 너무 안된다, 이벤트가 다양하고 깊히 재밌는 게 많았음 좋겠고, 바다속 탐험도 있음 좋겠고, 지금처럼 얕은 컨텐츠가 아니라 다양하고 여럿이서 할수있는 미션이 많았음 좋겠다 응원한다 원스휴먼"
2139460,1,커마부터 존잼 ㅋㅋ 캐릭이랑 총쌈은 배그같고 펫일시키는거는 팰월드같고 집짓는거는 심즈같고 넘재밌어여 채집 요리 낚시도 재밌고 오토바이타고 드라이브 하고 집짓고 쉴틈이 없네여;; 몹잡을땐 공포겜같아서 뒤에서 갑자기 덮치면 놀래서 소리 지르기도하고 ㅋㅋㅋㅋㅋ  꼭해보세요!!!!! 이 재밌는게임이 무려 무료!!!
2139460,1,걍 일단 이것저것 다섞은 잡탕느낌이긴한데 잡탕맛이 ㄹㅇ 호텔식같음. 가끔 렉도 걸리고 범죄도 있고 그런데 대부분 사람들이 착해서 왠만하면 모르는거 물어보면 알려줌.  겜 자체도 재밌고 할게 많아서 오래할수있는 겜이긴함. 할때 님 컴터 조심하셈.
2139460,0,"할거 없어서 하고는 있고, 개인적으로 배그 같아서 재미는 있지만 최적화가 안되고, 트레이서 현상 심각한 게임.  평가 하겠다는데 평가 남기는것부터 검수하고 올려준다함; 솔직 리뷰도 제대로 못하게함."
2139460,1,재밌어요 시간순삭됨 팰월드+셉투다 느낌임  빗물받는거 버그좀고쳐주세유 비는 허구한날오는데 안쌓여~ 물뜨러가기귀찮아 공짜라참는다 현질안하믄 스킨이 너무아재요  스킨 기본으로벗게해줘~
2139460,1,중국 게임 무시 했다간 큰코 다친다..조금만 해봐야지 하고 했는데 얼마 안한거 같은데 백시간 넘김..  아무 이유 없이 게임이 튕기는 ㅈ같은거 빼곤 대부분 완성도가 높음..앞으로 기대가 많이 된다.  제발 최적화 좀 잘해라 컴사양 좋은데도 왜 튕기는거냐 얼리얼5라 그런거냐? ㅡㅡ거지같누
2139460,1,"내가 ""SCUM""이라는 위키나 커뮤니티도 제대로 없던 생존겜을 혼밥으로 1천시간 넘게 하면서 부족하다거나 아쉽다고 느낀 것들... 지금 이 무료겜에서 거의 다 해소하고 있음 자유도가 미쳐날뛰는 오픈월드 생존게임을 바란다? 이거 하면됨 기본적으로 멀티지만 템포 늦다고 뭐라하는 사람도 없고, 자기 페이스대로 겜하면 됨  서버 채팅이 보기 싫으면 옵션에서 걍 끄고 혼자 겜해도 됨 대화 1도 안하더라도 PvE섭 기준 레이드가서 모기딜이라도 하면 아무도 뭐라 안함 개인정보 이슈는 뭐 카카오페이 정보유출 이후로 신경끄기로 했고 사양도 그래픽 낮게 작살내두니까 1060 3기가 따리로도 돌아가는 기적이 벌어짐  크로스플랫폼 게임이 폰으로도 할 수 있어서 모바일 판도 나온다길래 찍먹이나 해볼까 했는데 찍먹은 무슨 푹 잠겨버렸다 ㅋㅋㅋㅋㅋㅋㅋㅋㅋㅋㅋㅋㅋㅋㅋㅋㅋㅋㅋㅋ"
2139460,1,"짱재미있음...라이프 애프터 모바일 3-4년하다가 2년 접엇엇는데 비슷하고 너무 재미있음..공짜인데 이정도면 그냥 해라... 출근 못할뻔.."
2139460,0,"단점 : 시즌을 방자한 답없는 초기화.  장점 : 여러게임장점만 합쳐놓음  나는 재밌게 했음. 근데 추천하고 싶지는 않음. 왜냐고? 시즌이니까 시즌은 초기화임 게임은 무언가를 노력해서 쌓게 해놓는 시스템을 구축해놓고 그걸 다 지워버리는 형식임. 나도 이제 곧 접을각나옴."
2139460,0,미션 다 끝내면...무한 뺑뺑이... 할 게 너무 없음...
2139460,1,무룐데 이정도 퀄리티면 굳이지ㅋㅋㅋ 근데 서버렉이랑 이런저런 렉은 좀 개선을 해야할 듯
2139460,1,SF Horror Open World Sandbox Survival Free Game
2139460,0,똥맛이 진하게 난달까... 폴아웃76 데스티니가디언즈 컨트롤을 적절하게 섞은 것 같음 예쁘긴 엄청 예쁜데 어쩐지 게임 하다보면 유통기한 지난 우유 먹는 것 같은 느낌이... 근데 자고 일어나니까 다시 생각나긴 함 근데 아무래도 똥맛이 진하게 난달까...  번역이 이상합니다 그녀가 她라고 나오고 캐릭터가 반말. 존댓말. 반말. 존댓말. 이러고 있네요 영어 보이스랑 한글 자막이랑 내용이 너무 다릅니다  그리고 고유명사 남발이 좀 심한듯해요 메메틱이 뭐냐고 그래서
2139460,1,이 게임 덕에 최근 중국산 겜에 대한 인식이 좀 나아짐
2139460,1,뭔가 이것저것 짬통처럼 비빈거 같은데 생각보다 잘비볐네?  적당적당히 하면 느긋하게 할 수 있고   빡세게 빌드 깍으면서 딜 존나 넣고 이러고 싶다 하면 시간 갈아넣게 잘만듬  초기라 어느정도 하다보면 좀 할게 없고 비슷비슷하네 싶지만   요즘 게임판에 이정도면 수작인거 같음
2139460,0,평가라기보단 플레이 후기  뭐든지 할 수 있는 것 같지만 사실 아무것도 하고 있지 않다.
2139460,1,정신차리니까 잠도안자고 이것만 하고있었음... 무서운게임 ㄷ
2139460,0,서버 노멀은 하나 열고 끝  시간 없어서 템 장비 하나 맞추니깐 시즌 끝 노말 들어 갈려니 하루 만에 마감 선택지 없이 하드 가라고? 제정신이냐 시간 없는 놈들은 그냥 꺼지라는 거냐
2139460,0,"진입장벽이 생각보다 높고 아이템 종류가 너무나도 많아서 게임이 아니라 공부를 해야 될 지경 인생 갈아넣어서 할거라면 상관없지만 라이트하게 즐길 게임은 아닌듯"
2139460,0,오픈월드 FPS+RPG  짬뽕해서 만들었는데 다른 부가 컨텐츠도 있지만 한 같은 시나리오 2번이상만 하면 질리는 게임.    ㅋㅋ 게임들이 다 그렇지 병신게임 총기 밸런스가 안맞는건지 맞는건지도 모르겠지만 뭐 그건 그렇고 맨날 똑같이 파밍하고 파밍하고 맨날 파밍만 하고 컨텐츠가 너무 없음. 게임 처음 시작하고 보스잡고 폐기물 모아서 아이템 만들고 초기화 시간마다 또 가서 파밍하고 너무 반복되는 게임은 한 두개가 아니지만 컨텐츠가 없어서 파밍만 하는 게임이 되어버림.  무려 게임 출시이후 몇달만에 총기밸런스를 잡고 있음. 중국산 게임들은 다 그런가? 다른 타중국게임들도 핵쟁이들이 날뛰어도 안잡고 그런 느낌이랄까.  스토리가 재미있냐. 그냥 그랬음 스토리는 좀비같은 느낌의 아포칼립스지만 팰월드 공포버전정도.  그냥 좀비머리빼고 스포트라이트 하나 달아두고 ㅋㅋ 게임 난이도가 3개 정도 나눠져있었는데 총기밸런스는 개나 줬는지. 풀세팅 맞춰도 세팅 덜한 개사기 무기한테 딜량 3배 4배씩이나 밀리는 모습을 보여줬었음.   RPG게임 좋아하는데 이런식으로 밸런스가 극과극이면 무슨 맛으로 딜을 넣고 싶겠음 심지어 총기류 라서 장전까지 생각하면 딜로스가 엄청 심하게 나고  권총이 탄약이 적다고 딜이 쎄다 그렇다고 장전시간이 느린것도 아님. 연사력도 일반 AR 사격속도에 비해 조금 느릴뿐 DPS 면에서는 권총이 더 좋은거 같음.  AR를 보면 준수한 탄수로 딜을 우겨넣어도 권총보다 딜이 너무 밀림. 장전시간도 느림. LMG는 뭐 ㅋㅋ 준에픽급 빼면 장전시간때메 딜로스가 엄청 심하게 나서 자동장전 안넣어주면  그냥 뭐 포탑 그자체임. 븅신게임
2139460,1,"집 짓는 재미가 상당한데, 기름을 채취할 수 있는 지역이 너무 좁아서 아쉽습니다. 정확히는 그 중 경치 좋은 곳이 적고, 그나마 괜찮은 곳은 이미 집이 지어졌거나 돌이 많거나 경사가 있어요. 고레벨 지역 전체에서 기름이 난다면 시즌마다 집터를 다르게 잡으면서 즐길 수 있을텐데요."
2139460,1,너무 재미뜸 띠발 친구랑 하다가 꺼야할 타이밍 못재고 새벽2시까지 하고 결국 늦잠자서 다음날 회사 지각할뻔해서 반차까지 쓰게 만든 게임임
2139460,1,무룐데 이정도라니 정말 잼있는 겜입니다. 공략도 많고요 설정도 좋네요 감사합니다.
2139460,1,"버그 많고 렉 심함 최적화 많이 부족함. 대신 게임이 신선하고 새로움. 게임에 부족한 점은 무료인걸 감안하면 할 만한 게임임.  시즌서버를 갈아 탈때마다 새로운 에피소드를 추가 한다고 하니..  질리지 않고 좀 더 할 수있을것 같음."
2139460,0,"장점 - 파밍, 건축, 던전, 월드이벤트 등 다양한 컨텐츠 - 큰 부담없는 게임플레이와 스킨같은 자기만족용 아이템이 대부분을 차지하는 추가결제 - 다른 게임과 비교할만한 괜찮은 그래픽  단점 - 서버렉. 계속해서 고쳐나가고 있다지만 서버렉으로 인한 플레이와 장비 사용등에 지장이 생길 정도 - 엉망인 번역, 오타, 온갖 곳에 붙여넣은 고유명사 - 장점으로 꼽았음에도 그래픽에 대해 아쉬운 부분은 글리치가 심하다는것. 특히 조명이 눈이 피곤할 정도로. - 보통 자연스레 게임 매커니즘을 익히게끔 진행으로 유도하지만 이 게임은 그런 내용을 할지 말지를 순전히 플레이어의 선택인 서브 퀘스트에 넣거나, 아예 게임에 탑재된 백과를 통해 하나씩 검색해봐야하는 등 플레이어가 직접 정보를 찾아야하는 것에서 크게 벗어나지 못했다.  복합적 - 유료 컨텐츠 부분에서는 조금 아쉬운 것이 뭔가 사주고 싶어도 묶어서 팔거나 상품 그 자체가 비싸 선뜻 구매하기 어려운 가격대로 이루어져있다. - 새로운 컨텐츠나 매커니즘을 만드는건 좋은데 그 자체만 만들어놓고 구체적인 부분에서는 힘이 빠진게 보인다"
2139460,1,"똑같이 재밌는걸 모아놨는데 누구는 흥하고 누구는 망한다. 각 게임 장르별로 재밌는거, 사람들이 좋아하는 것만 모아서 게임을 만들더니 진짜 욕을하면서도 하게되는 게임이 만들어졌다.  네가 뭘 좋아할지 모르니까 원스 휴먼은 한 캐릭터가 할 수 있는 모든걸 다 때려박아놨다. 건축과 풍경이 좋고 테크발전이 좋은사람에게도, fps와 생존, 아포칼립스를 느끼고 싶은 사람에게도, 그리고 깊진 않지만 사소한 퍼즐풀이, 그리고 나 혼자가 아닌 세상을 사람들과 공유한다는 느낌  불안전하지만, 무엇하나 완성도가 높지 않지만 그럼에도 사람들이 이 게임을 좋아하는 데에는 이유가 있는 것 같다. 적어도 짜증나고 거지같은걸 어디서 배껴오진 않았거든  이 게임은 완전한 무료에 인게임 재화를 제공하지만 bm구조는 실로 간단하다 스킨팔이다. 물론 P2W의 설계도 가챠도 있긴한데 사실 설계도는 사일로라고 부르는 콘텐츠 뺑이만 쳐도 얻을수있다. 더욱이 PVP 가 핵심도 아니고 PVE 가 핵심이라 내 무기 내 모듈 파밍하고 깎는맛에 게임한다.  하나 아쉬운건 이 게임 개발사가 이런게 처음인건지 몰라도, 유저들이 원하는 패치를 해주는 것 같으면서도 헛발질 할때가 있다는 건데(이번에 서버로 분리해서 추가피해옵션을 추가한다던지) 그건 뭐 어느개발사나 하는짓이잖아?   데스티니가디언즈2 아웃라이더 퍼스트디센던트 헬다이버즈2  이 게임들이 헛짓거리하고 돈을 땅에 버리는 동안, 어느 게임사는 금새 길지 않은 시간 동안 여러개를 다 섞어놓고 독특하고 매력적인 그들만의 게임을 만들어놨다.  물론 아쉬운거 많아 근데 우리 기대를 저버린 게임들보단 조금 아쉬운 게임이 더 낫다고 본다.  개빡치는 버그 요소들도 더럽게 많아 근데 버그없는 게임있나?  포켓몬의 단점은 포켓몬과 상호작용하는 수단이 너무 제한적이었다는 것이다 그래서 펠월드는 포켓몬의 동물권따위는 존중하지 않는 진짜 야만의 시대를 열어서 성공했다. 그리고 욕을 먹은건 펠이 아니라 포켓몬이다. 왜 이런거 추가 안해주냐고, 이런것좀 내달라고.   우리가 그렇게 어려운거 많은거 바라는거아니잖아? 게임이 가지고있는 재미좀 살려달라고   특히 헬다이버2 이 개세이들아"
2139460,0,오토바이 운전하면서 총 못 쏨+오토바이가 네이키드 바이크 밖에 없음+캐시 옷 디자인 ㅈ구림
2139460,1,"재미는 있음 초반에 진짜 질리기 전까지 잠도 안잠. 근데 렉이 너무 심함.. 최적화 망겜 최적화만 버틸 수 있으면 추천"
2139460,0,"첫 시즌만 해도 무척 재밌게 했다. 근데 두번째 시즌부터 무슨 잠수함 패치를 했는지 렉이 너무 심해져서 게임 플레이가 불가함 며칠이 지나도 고칠 생각도 없는 것 같고 굉장히 불편함 ㅡㅡ"
2139460,1,게임 너무 재밌어요 ㅠㅠ  지역 곳곳 좀비 죽이면서 재료 파밍 하는 재미와 총 쏘는 맛도 쩔구... 즐길 수 있는 컨텐츠도 엄청 많아서 지루할 틈 없이 몰입하기 좋았어요!  싸우고 약탈하는 거 별로라 PVE로 달달하게 즐기고 있습니담 😋   버그는 조금 많았지만 아직 출시 초기이기도 하고 플레이하는데 거슬리는 정도는 아니라  향후 개선될 거 생각하면 충분히 눈감아 줄 수 있는 부분이었습니다!   하지만 재미랑 버그는 둘째 치고 저는 다른 곳에서 쾌락을 느껴버렸어요… 탈것 라디오에서 나오는 노래가 정말로 미춌습니다 ㅎㄷㄷ  이동할 때 거리가 멀어도 일부러 워프 안 쓰고 오토바이 타고 낭만 드라이브 즐깁니당! 🎵     많은 곡 중 개인적으로 1개만 뽑은 제 넘버원 최애곡이에요 💖 [Once Human Radio FM 100.9 - 극악무도] Music Info : [b]Henry Young - One More Last Time (feat. Ashley Alisha)[/b]  출근길도 계속 듣는 음악만 들어서 지루할 참이었는데   덕분에 이제 심심하지 않을 거 같아요 ㅎㅎ
2139460,1,게임은 재밌는데 버그가 개심함 그리고 번역도 개똥망임ㄷㄷ ... 렉도 개오짐.. ㅜㅠㅠ 근데 재밌음.. 흠..
2139460,1,포스트 아포칼립스에 오픈월드인데 그래픽 구현도나 게임성이 이정도인것도 놀라운데 거기다 무료??? 늦어지면 늦어질수록 당신만 후회합니다.
2139460,0,트리플 모니터 쓰는데 게임 중에 자꾸 게임창 밖으로 마우스 포인터 나가서 다른 곳 클릭 됨 짜증나서 듀얼센스 연결하니까 화면 움직이는 거 개지랄남 화면 텔포하고 캐릭터 움직이다 말고 난리 남 걍 개쓰레기같은 조작에 개발자들 모니터 2대 이상 쓰는 사람 없음 게임 패드는 콘솔 버전으로만 해보고 pc로 테스트 안 해봄 ㄹㅇ 뭘 할 수가 있어야지 게임이
2139460,1,"일식 중식 양식 태국식 베트남식 인도식 알라까비또깔라비 온갖 재료와 향신료 다합쳐서 쳐넣었는데, 왜 맛있지???"
2139460,1,"무료 게임 치고 엄청 잘 만들었네요 ㅎ 약간의 최적화문제가 조금 있지만 신경이 많이 쓰일정도는 아니네요"
2139460,0,특별 초대 해서 사람들이랑 같이하려고 했는데 계속 초대코드가 유효하지 않다고만 뜨고 좆같이 알려주는것도 없고 씨발 인벤 쳐 뒤져봐도 안나옴 좆같은 게임 씨발
2139460,1,100시간 리뷰  전투 : Did you hear that? 건축 : 조작이 잦습니다.  분위기 개좋은데 시즌제가 좆같아서 싱글플레이로 바꾸면 돈 주고도 삼.
2139460,0,게임 시작할 때 번역 개판난거랑 짱깨어 창 뜨는거 보고 걍 바로 끔  쎄하다 싶음 빼는게 맞다
2139460,1,"좋아 할만한건 다따려 넣은 그런게임. 총쏘고 파밍하고 건설하고 레이드 공략하고 하고픈건 다있다"
2139460,1,"중국한테 정보 넘기는거 제외하면 참 괜찮은 게임이에요.  컨텐츠도 PVP,PVE로 나눠 넣고 운영하고 있고 게임 방식도 보니까 계속 추가 하려나 봅니다.  정보 넘기는거 빼면 한번 쯤 해보는 것도 나쁘지는 않을 것 같네요.  정보 넘기는거만 빼면요."
2139460,1,"★친구초대이벤트해주시면 ""SCAR - 최후의용기"" 드려요~★  저와 우정을 나누시면 위에 총을 전달드립니다 (:  링크타고 오셔서 우정을 나눠봐요! >3<  https://www.oncehuman.game/20240710/rlr/?page_key=75db48d1648a443095692b9cff4b0cfb"
2139460,0,쒸이발 컴 껏다가 키고 40분을 기다려도 게임 실행이 안되
2139460,1,그냥 시간가는줄도 모르고 계속하게 됩니다 일단 너무재밌습니다 그게 제일큰 요소이고 그래픽도 출중하며 사람들과 소통도 원활하여 꽤나 편리합니다 강제 pvp 되지않는 점도 너무 좋구요
2139460,1,"모듈 파밍하고 레이드 뺑뺑이 도는 순간부터 폐지줍기 겜이 됨 느긋하게 싱글플레이라 생각하고 즐기면 괜찮은데 DPS에 집착하면 여타 게임들처럼 사용무기 고착화되고 공략 따라하게 돼서 이도저도 아닌 잡겜 되니까 흥미가 떨어짐. 하우징에 어려움을 느껴 나가 떨어지는 사람들도 많음.  재미는 있는데 감히 추천은 못하겠음. 취향 많이 갈림"
2139460,1,"래프트, 발헤임, 데이브 더 다이버 플레이한 유저의 평가 글.  1. 장점 - 건설 : 건설을 좋아하는 사람이라면 충분히 재미를 느낄 수 있을정도로 디테일이 살아있다. - 탐색 : 맵의 특색에 맞는 동물/나무/광석들이 등장 - 컨텐츠 : 초반엔 다양한 컨텐츠들이 많아서 이것저것 하느라 정신 없다. - 그래픽 : 사양이 좋을수록 좋다.  2. 단점 - 렉/지연/버그 등이 아직까지 있다. (업데이틑 했음에도 불구하고..) - 맵(배경)은 바뀌지만, 익숙한 건물들이 더러 있음. - 후반부로 갈수록 정해진 컨텐츠들만 하고 즐거움이 감소한다.  3. 총평 - 높은 퀄리티에 놀랍고 적극 추천한다. (무료게임임) - 밤에 헤드셋 끼고 하면 스릴감이 증폭된다. (사운드 굿)"
2139460,0,권장사양 이상 사양인데 메모리 90퍼 먹고 시피유 90퍼 먹고 글카 온도 83~90까지 올라가누 최하옵으로 해도 이정도면 문제있는건가
2139460,1,할게 너무 많아 혼자 놀다가 던전 힘들면 헬프하면 도와 주는 사람 많음
2139460,1,스토리는 밋밋하고 버그도 약간 있지만 무료라는 것과 게임자체가 ㅈㄴ게 재미있어서 이단점을 씹어버림
2139460,1,중국 공산당이 게임을 규제하는 이유는 이런 압도적인 게임 개발능력에 리미터를 걸고 싶기때문이다.
2139460,0,제발 버그좀 고치자 최적화 1개를 고치면 100개 생기는 이런 기적이 다 있냐고~~~~~~ 제발 해외ip랑 한국ip랑 따로 하게 좀 해줘라~~ 우리가 마이클잭슨이냐 자꾸 문워크하게!!!!!!!!! 오리진할때 장전을 도대체 몇번을 쳐 하는거니 심각성을 모르는거니 정말 너희들은?... 뽑기 가차 낼시간에 제발 대가리 굴려서 좀 고쳐라 바퀴벌레 더듬이 같은 놈들아
2139460,0,첨엔 너무 재밋었는데 어느순간부터 루즈해지기시작.. 밑도끝도없는 루즈함
2139460,0,아니 모션 있는것처럼 상품을 전시했으면 모션이 있어야지 왜 없냐... 사기치는것도 아니고 환장하겠네 ㅋㅋㅋㅋㅋㅋㅋㅋㅋㅋㅋㅋㅋㅋㅋㅋㅋㅋㅋㅋㅋㅋㅋㅋㅋㅋㅋㅋㅋㅋㅋㅋㅋㅋㅋㅋㅋㅋㅋ
2139460,1,"스웨덴과 함께 하느니 중국몽과 함께 하겠다. 이미 나에겐 알리의 피가 흐른다"
2139460,1,게임 자체를 좋아하는 개발자들이 모여 만든 겜같다. 세세한부분이 다재미있었다.
2139460,0,정말이지 처음에 할땐 하나하나 마음에 들어서 하는 게임이었는데...업데이트 하면 할수록 하나하나 맘에 들지 않네요...거기다가 왜 자리비움 상태를 만들어 놔서 접속을 종료 시키게 하는지...참...이럴거면 다잉라이트나 디비전을 하지...계속 켜놓을려고 하는건데 그걸 하지 못하게 하다니...참으로 멍청하지 않을수 없는 ....
2139460,1,"친구초대 코드  어느 서버에서든 사용 가능하고 뉴비전용 yq150119296 전설 스나 4성 에땁"
2139460,1,게임성 자체는 강력 추천함..  정신 놓고 130시간 동안 플레이함.. 대신 이게 문제가 뭐냐면  로또당첨뭐 이런게 있는지.. 인게임 다운로드속도가 몇시간이나 하는 사람또는 몇초도 안되서 다운로드 되는사람이 있습니다.. 이게 pc방에서 5개로 해봣는대 2대가 느려지는 현상이 나오더군요.. 신기했음..  개인정보 막 가져간다 이런말이 있는대 어느게임이나 다 있는 조항이였음..
2139460,1,처음에는 친구 없이 가능 한데 고랩돼면 친구가 필요하긴함 근데 재밌음 ㅇㅇ
2139460,1,무료 인거치곤 개 씨 ㅃ 굴개쩀 근데 서버렉 개지려서 할맛 개안남 접고싶음
2139460,0,"중국게임이라 그런지 게인정보 박박 긁어가려고 환장했내 역시 중국게임과 우리나라 NC는 개고기게임이야"
2139460,1,재밌긴한데 뭔가 나사빠진 느낌이 한번씩 문득문득들긴하는데 이정도 재미를 거기에 무료로 플레이 할수있는게 개굳..
2139460,1,"온라인의 색다른 rpg게임을 경험하게 됨.(온라인은 맞김함 개발자가 그랬음) 게임 내 불필요한 설명같은게 없어 오픈월드게임을 경험을 할 수도 있고 맵에 표시되지 않은 인게임내 전투이벤트랑 던전이 있어서 준비되지 않은 상태면 죽는 경험도 가능하다. (불친절한 게임이라고 하기에는 친절하고 이런 생활류게임과 오픈월드 게임의 경험이 없다면 불쾌할 수도 있다고 생각하지만 둘 다 경험해봤다면 초반 건축과 재료파밍이 재밋고 전투는 내가 fps를 잘하나?라는 생각이 들정도의 난이도라서 초보들도 즐길 수 있다고 생각합니다.)  하다보면 콜옵(풀파츠시),러스트,디비젼,타르코프,생활류게임(아크,팰월드)생각남 (그래픽 좋은 러스트라고 말하는게 이 게임을 가장 잘 설명할 수 있을거 같음)  *서버 내(pve,pvp 둘 다 해당 됨) 사람들의 성향으로 게임내 분위기가 극심히 갈림* 게임 시작시 그래픽설정으로 들어가서 프레임을 올리는걸 강력추천함 프레임설정을 안만질시 기본 60프레임으로 시작함과 동시에 3d멀미가 없음에도 멀미가 올 수 있음  그래픽이랑 랜덩링 최상옵으로 되있는데 프레임은 왜 60으로 기본설정 되있는지 이해가 안됨 ㅡ_ㅡ 무료온리인게임임에도 초반50시간정도는 진짜 재밋게 플레이 할 수 있다는 점에서 추천함  추가 *최적화부분은 패치로 나아지고 있는 중 밸런스패치를 하고 있긴 하지만  고이고 고인 사람들은 막을수가 없다ㅋㅋ *해상도를  좀 더 많이 추가해줬으면 좋겠음 모니터비율에 맞춘거 불편함 (큰모니터 쓰는 사람은 창모드하면 비율 개 박살남ㅡ_ㅡ)"
2139460,1,"친구랑 하면 재밌어요 맵로딩 좀 느리고, cpu 터질 거 같고 버그 좀 많이 많이 많긴한데 뭐...재밌어요^^b"
2139460,1,출시된지 별로 안된 겜이라 그런지 렉이 좀 있지만은  그외에는 재밌음  잘만든 게임
2139460,1,"이 게임 처음에 개인정보 빼간다는 소문이 돌아서 쳐다도 안봤는데 새벽에 보이스 피싱한테 전화오는거 보면 시작해도 상관없겠구나 해서 시작함 , 버그와 불안정한 서버를 제외하면 꽤 좋은 게임입니다   친구 없이 혼자 시작한다해도 시간은 걸리겠지만 빡세게 준비해서 가면 모노리스 밟을 수 있습니다"
2139460,1,"싱글게임을 좋아하는 입장에서도 재미있습니다.  다만 후반으로 갈수록 사람들과 함께 하는 주요 컨텐츠가 많아집니다.  강제는 아니지만 커뮤니티를 통해 얻는 자원이 많습니다."
2139460,1,강해져서 딜찍누하는 맛이 있음 근데 이 겜 성장할 수 있는게 그리 많지 않기도 하고 오래하면 다 얻을 수있는것들이라 나중가면 다 비슷비슷함
2139460,1,오리진 제외 이 겜 렉걸려서 못해먹을 지경이라고 징징대는 사람들 본인 컴퓨터 사양 생각 하셈
2139460,1,아직 시즌이 뭔지 잘 모르겠지만 남편이랑 둘이 집 짓고 사냥하고 재밌네요 ㅋㅋ
2139460,1,"스트리밍으로 자주 게임하는데 이건 스트리밍 실행 시 키, 마우스가 안먹히죠..??"
2139460,0,결국 렉해결못함 빙시겜 결말남 사람싹다 떨어져 나가야 정상운영될거같은 희안한게임
2139460,1,장점은 아직 저렙이라 컨텐츠를 다 못즐기고 있지만 예전 러스트나 재밌게 했던 겜들보다 나은듯하고 단점은 겜 초기라 이해는 하지만 빠른시일내에 컨텐츠가 추가 되었으면 합니다.
2139460,0,"오픈때의 많은 문제들이 많은 부분 해소되었다 해서 150시간정도 해보고 평가 남깁니다.  오픈때 수많은 버그를 경험했었고, 현재는 실제로 많은 부분이 다듬어진 상태지만    아직도 누수등이 발생하며 버그도 많습니다.    그래도 지속적인 디버깅을 시도 하고 있으니, 계속해서 나아질것으로 판단 됩니다.  다음은 비추천 이유 입니다. (장문 이지만, 새로 시작해볼까 하는 분들은 꼭 읽어보시면 좋겠네요)  1.시즌제? 이것은 다른 유형의 시즌제 입니다.    게임은 6주차를 계속해서 반복하여 플레이 합니다.     (반복이란 6주차가 끝나는 시점에서 캐릭터를 서버이전 할 수 있도록 합니다)       스타크롬(이하 sc) 이라는 게임내의 화폐가 있는데, 이것을 이용해 메인 장비를 수급 합니다.   sc는 6주차를 진행 하는 동안 특정 컨텐츠를 통해 수급 할 수 있고 제한적 입니다.   이것을 반복되는 서버이전을 통해 꾸준히 수급해야 하며 sc를 이용한 장비수급 목록이   추가 되는것이 원스휴먼의 시즌제라 할 수 있습니다.     Time to win 이죠.        이것이 왜 비추천 이유냐고 하는 분들도 있겠지만, 신서버의 메리트가 전혀 없고    게임을 오래 한 사람들이 서버이전을 통해서 밸런스를 순식간에 무너뜨리기 때문 입니다.    신규유저라면 한 2시즌 정도는 버스만 타야 할 것입니다.   2.이게임은 부계정이 선택이 아닌 필수 입니다.    부계정 없이도 할 수 있다?     그런 분들은 불합리 하거나, 매우 귀찮은 거래를 계속 해야 할 것입니다.    실제로 50개의 부계정을 돌리고 있다며 자랑하는 사람도 봤습니다.    왜 이렇게까지 하는지는 모르겠지만, 소위 쌀먹이라는것이 가능합니다(현재까지는요)    게임머니 거래사이트에서 실제로 많은양의 게임머니가 거래되고 있습니다.  3.위의 모든것들을 무시하고 혼자 싱글처럼 즐기기엔 좋은 게임이 아닙니다.    그래서 여럿이 모여서 하는 게임을 선호하는 분들이 많지만,     이게임은 서버당 4천명의 서버 수용인원 제한을 두고 있습니다.    그런데, 서버에 사람이 많을수록 렉도 올라갑니다.    반대로 사람이 적은 서버는 컨텐츠를 즐기기 힘들겠죠? 난이도가 높은 서버라면 더욱 말이죠   물론 이게임만의 장점도 존재합니다. 무료가 가장 큰 부분이지만 무료이기 떄문에 부계정 활용은 제한적 이어야 할것입니다. 시즌제 개념도 Time to win 이 아닌 더 체계적이어야 할것이며 서버 수용인원을 줄이고, 그에따른 경제밸런스도 조정 되어야 할것입니다.  이게임의 유저들은 이제 거의 대부분이 sc노가다만 하고 있고 경제개념은 망가진지 오래이며, 4천명이 꽉찬 서버래도 부계정들로 넘치며 렉만 심하고 유저도 별로 없습니다.  게임사도 이 부분에 대해서 별다른 대안 없이 플탐만 늘리기 위해 드랍율을 내리고 있다고 판단되며, 이로인한 기존유저와의 갭 차이는 더 커지고 있습니다.  긴 글 읽어 주셔서 감사 합니다."
2139460,1,유저가 많은 서버+세계일경우 서버렉이 조금 있음 무료인거치고 굉장히 좋음
2139460,1,1. 생존게임 좋아한다: 하세요 2. MMORPG 좋아한다: 하세요 3. FPS 좋아한다: 하세요 4. 프레임 잘 나오는 최적화 게임을 좋아한다: 하세요 5. 무료 게임 중에 시간 녹는 게임 찾는다: 하세요 6. 해도 그만 안 해도 그만: 하세요 7. 재미없어 보이고 취향 아닌 거 같다: 하세요  무료니까 그냥 하세요
2139460,0,잘 만들어진 게임인거 같긴한데... 게임이 전체적으로 두루뭉실함... 게임으로서 재미가 그닥
2139460,0,오랜만에 복귀했더니 다른 컨텐츠는 대부분 죽었고 전부 물만 뜨고 있어요....
2139460,1,"흥미롭고 아직까진 오래해봐야 알듯한게임인듯합니다  아직 서툴러서 그런지 아직은 잼잇네요 ㅎㅎ"
2139460,1,헬다이버즈 퍼스트디센던트 데스티니가디언즈 다 대가리 박아
2139460,1,해봐 재밋다. 근데 서버가 오락가락할때도 있으니까 그건 감안하고 하자.
2139460,0,"윈도우 98시절 컴키고 화장실 갔다 물뜨러 갔다오는 마냥 게임 실행하고 화장실 갔다 물뜨러 가야함... 돈 벌려고 마을마다 텔타면 가끔 재수없으면 5분을 기다려도 로딩중... 화면 두개로 다른거 같이 하는 사람은 기다릴만도;;"
2139460,1,"할게 너무 많지만, 우선 재미는 있어요! 많은 유저와 함께 하면 더욱 재밌어요!"
1973530,1,하면 할수록 진국인 게임 덱을 짜면 짤수록 재밋어지고 덱이 얼마 없으면 별로 재미없고 덱만 많으면 재밋어짐
1973530,1,타격감이 좋고 캐릭터가 이쁘고 전투 방식이 취향맞으면 진짜 재밌어요. 한창 시끄러웠을때 잠깐 그만했다가 다시 복귀했는데 재밌게 하는중👍🏻👍🏻
1973530,1,빡대가리 단테라 미안하다 얘들아.... 괜히 만지작 거리지 말고 시계만 존나 돌릴게....
1973530,1,오늘도거던바를먹었나???네네네네네!!!오늘도거던바를먹었나???네네네네네!!!오늘도거던바를먹었나???네네네네네!!!오늘도거던바를먹었나???네네네네네!!!오늘도거던바를먹었나???네네네네네!!!오늘도거던바를먹었나???네네네네네!!!오늘도거던바를먹었나???네네네네네!!!오늘도거던바를먹었나???네네네네네!!!오늘도거던바를먹었나???네네네네네!!!오늘도거던바를먹었나???네네네네네!!!오늘도거던바를먹었나???네네네네네!!!오늘도거던바를먹었나???네네네네네!!!오늘도거던바를먹었나???네네네네네!!!오늘도거던바를먹었나???네네네네네!!!오늘도거던바를먹었나???네네네네네!!!오늘도거던바를먹었나???네네네네네!!!오늘도거던바를먹었나???네네네네네!!!오늘도거던바를먹었나???네네네네네!!!오늘도거던바를먹었나???네네네네네!!!오늘도거던바를먹었나???네네네네네!!!오늘도거던바를먹었나???네네네네네!!!오늘도거던바를먹었나???네네네네네!!!오늘도거던바를먹었나???네네네네네!!!오늘도거던바를먹었나???네네네네네!!!오늘도거던바를먹었나???네네네네네!!!오늘도거던바를먹었나???네네네네네!!!오늘도거던바를먹었나???네네네네네!!!오늘도거던바를먹었나???네네네네네!!!오늘도거던바를먹었나???네네네네네!!!오늘도거던바를먹었나???네네네네네!!!오늘도거던바를먹었나???네네네네네!!!오늘도거던바를먹었나???네네네네네!!!오늘도거던바를먹었나???네네네네네!!!오늘도거던바를먹었나???네네네네네!!!오늘도거던바를먹었나???네네네네네!!!오늘도거던바를먹었나???네네네네네!!!오늘도거던바를먹었나???네네네네네!!!오늘도거던바를먹었나???네네네네네!!!오늘도거던바를먹었나???네네네네네!!!오늘도거던바를먹었나???네네네네네!!!오늘도거던바를먹었나???네네네네네!!!오늘도거던바를먹었나???네네네네네!!!오늘도거던바를먹었나???네네네네네!!!오늘도거던바를먹었나???네네네네네!!!오늘도거던바를먹었나???네네네네네!!!오늘도거던바를먹었나???네네네네네!!!오늘도거던바를먹었나???네네네네네!!!오늘도거던바를먹었나???네네네네네!!!오늘도거던바를먹었나???네네네네네!!!오늘도거던바를먹었나???네네네네네!!!오늘도거던바를먹었나???네네네네네!!!오늘도거던바를먹었나???네네네네네!!!오늘도거던바를먹었나???네네네네네!!!오늘도거던바를먹었나???네네네네네!!!오늘도거던바를먹었나???네네네네네!!!오늘도거던바를먹었나???네네네네네!!!오늘도거던바를먹었나???네네네네네!!!오늘도거던바를먹었나???네네네네네!!!오늘도거던바를먹었나???네네네네네!!!오늘도거던바를먹었나???네네네네네!!!오늘도거던바를먹었나???네네네네네!!!오늘도거던바를먹었나???네네네네네!!!오늘도거던바를먹었나???네네네네네!!!오늘도거던바를먹었나???네네네네네!!!오늘도거던바를먹었나???네네네네네!!!오늘도거던바를먹었나???네네네네네!!!오늘도거던바를먹었나???네네네네네!!!오늘도거던바를먹었나???네네네네네!!!오늘도거던바를먹었나???네네네네네!!!오늘도거던바를먹었나???네네네네네!!!오늘도거던바를먹었나???네네네네네!!!오늘도거던바를먹었나???네네네네네!!!오늘도거던바를먹었나???네네네네네!!!오늘도거던바를먹었나???네네네네네!!!오늘도거던바를먹었나???네네네네네!!!오늘도거던바를먹었나???네네네네네!!!오늘도거던바를먹었나???네네네네네!!!오늘도거던바를먹었나???네네네네네!!!오늘도거던바를먹었나???네네네네네!!!오늘도거던바를먹었나???네네네네네!!!오늘도거던바를먹었나???네네네네네!!!오늘도거던바를먹었나???네네네네네!!!오늘도거던바를먹었나???네네네네네!!!오늘도거던바를먹었나???네네네네네!!!오늘도거던바를먹었나???네네네네네!!!오늘도거던바를먹었나???네네네네네!!!오늘도거던바를먹었나???네네네네네!!!오늘도거던바를먹었나???네네네네네!!!오늘도거던바를먹었나???네네네네네!!!오늘도거던바를먹었나???네네네네네!!!오늘도거던바를먹었나???네네네네네!!!오늘도거던바를먹었나???네네네네네!!!오늘도거던바를먹었나???네네네네네!!!오늘도거던바를먹었나???네네네네네!!!오늘도거던바를먹었나???네네네네네!!!오늘도거던바를먹었나???네네네네네!!!오늘도거던바를먹었나???네네네네네!!!오늘도거던바를먹었나???네네네네네!!!오늘도거던바를먹었나???네네네네네!!!오늘도거던바를먹었나???네네네네네!!!오늘도거던바를먹었나???네네네네네!!!오늘도거던바를먹었나???네네네네네!!!오늘도거던바를먹었나???네네네네네!!!오늘도거던바를먹었나???네네네네네!!!오늘도거던바를먹었나???네네네네네!!!오늘도거던바를먹었나???네네네네네!!!오늘도거던바를먹었나???네네네네네!!!오늘도거던바를먹었나???네네네네네!!!오늘도거던바를먹었나???네네네네네!!!오늘도거던바를먹었나???네네네네네!!!오늘도거던바를먹었나???네네네네네!!!오늘도거던바를먹었나???네네네네네!!!오늘도거던바를먹었나???네네네네네!!!오늘도거던바를먹었나???네네네네네!!!오늘도거던바를먹었나???네네네네네!!!오늘도거던바를먹었나???네네네네네!!!오늘도거던바를먹었나???네네네네네!!!오늘도거던바를먹었나???네네네네네!!!오늘도거던바를먹었나???네네네네네!!!오늘도거던바를먹었나???네네네네네!!!오늘도거던바를먹었나???네네네네네!!!오늘도거던바를먹었나???네네네네네!!!오늘도거던바를먹었나???네네네네네!!!오늘도거던바를먹었나???네네네네네!!!오늘도거던바를먹었나???네네네네네!!!오늘도거던바를먹었나???네네네네네!!!오늘도거던바를먹었나???네네네네네!!!오늘도거던바를먹었나???네네네네네!!!오늘도거던바를먹었나???네네네네네!!!오늘도거던바를먹었나???네네네네네!!!오늘도거던바를먹었나???네네네네네!!!오늘도거던바를먹었나???네네네네네!!!오늘도거던바를먹었나???네네네네네!!!오늘도거던바를먹었나???네네네네네!!!오늘도거던바를먹었나???네네네네네!!!오늘도거던바를먹었나???네네네네네!!!오늘도거던바를먹었나???네네네네네!!!오늘도거던바를먹었나???네네네네네!!!오늘도거던바를먹었나???네네네네네!!!오늘도거던바를먹었나???네네네네네!!!오늘도거던바를먹었나???네네네네네!!!오늘도거던바를먹었나???네네네네네!!!오늘도거던바를먹었나???네네네네네!!!오늘도거던바를먹었나???네네네네네!!!오늘도거던바를먹었나???네네네네네!!!오늘도거던바를먹었나???네네네네네!!!오늘도거던바를먹었나???네네네네네!!!오늘도거던바를먹었나???네네네네네!!!오늘도거던바를먹었나???네네네네네!!!오늘도거던바를먹었나???네네네네네!!!오늘도거던바를먹었나???네네네네네!!!오늘도거던바를먹었나???네네네네네!!!오늘도거던바를먹었나???네네네네네!!!오늘도거던바를먹었나???네네네네네!!!오늘도거던바를먹었나???네네네네네!!!오늘도거던바를먹었나???네네네네네!!!오늘도거던바를먹었나???네네네네네!!!오늘도거던바를먹었나???네네네네네!!!오늘도거던바를먹었나???네네네네네!!!오늘도거던바를먹었나???네네네네네!!!오늘도거던바를먹었나???네네네네네!!!오늘도거던바를먹었나???네네네네네!!!오늘도거던바를먹었나???네네네네네!!!오늘도거던바를먹었나???네네네네네!!!오늘도거던바를먹었나???네네네네네!!!오늘도거던바를먹었나???네네네네네!!!오늘도거던바를먹었나???네네네네네!!!오늘도거던바를먹었나???네네네네네!!!오늘도거던바를먹었나???네네네네네!!!오늘도거던바를먹었나???네네네네네!!!오늘도거던바를먹었나???네네네네네!!!오늘도거던바를먹었나???네네네네네!!!오늘도거던바를먹었나???네네네네네!!!오늘도거던바를먹었나???네네네네네!!!오늘도거던바를먹었나???네네네네네!!!오늘도거던바를먹었나???네네네네네!!!오늘도거던바를먹었나???네네네네네!!!오늘도거던바를먹었나???네네네네네!!!오늘도거던바를먹었나???네네네네네!!!오늘도거던바를먹었나???네네네네네!!!오늘도거던바를먹었나???네네네네네!!!오늘도거던바를먹었나???네네네네네!!!오늘도거던바를먹었나???네네네네네!!!오늘도거던바를먹었나???네네네네네!!!오늘도거던바를먹었나???네네네네네!!!오늘도거던바를먹었나???네네네네네!!!오늘도거던바를먹었나???네네네네네!!!오늘도거던바를먹었나???네네네네네!!!오늘도거던바를먹었나???네네네네네!!!오늘도거던바를먹었나???네네네네네!!!오늘도거던바를먹었나???네네네네네!!!오늘도거던바를먹었나???네네네네네!!!오늘도거던바를먹었나???네네네네네!!!오늘도거던바를먹었나???네네네네네!!!오늘도거던바를먹었나???네네네네네!!!오늘도거던바를먹었나???네네네네네!!!
1973530,1,정말 스토리가 맛있고 인격들도 정말 맛있습니다. 꼭 한번 해보세요
1973530,1,갓겜!!!!!!!!!!!!!!!!!!!!!!!!!!!!!!!!!!!!!!!!!!!!!
1973530,1,요즘 게임들 싹다 기빨리고 복잡한 컨트롤해야해서 요즘 게임 않한지 1년정도됬는데 마우스만 건드리면되고 스토리토 미쳐가지고 아주 재밌게하고 있다 걍 해라 이게임은 질리지가 않는다
1973530,0,"와 기믹 진짜 역겹네ㅋㅋ 아니 중편 보스전 시발 파불코 떡칠에 코인 재사용에 탱커로 합 대신 받으려면 속도 떄문에 못잡고 또 맞으면 거의 흐트러짐 아님 뒤지는데 대체 어떻게 깨라는거냐 페이즈 어떻게 넘기는지 설명란에 써져있지도 않고 페아즈 넘겨도 또 체력은 ㅈㄴ 많아서 피곤하기까지 하는데 파불코 때문에 홍루 체력 야금야금 깎이다 뒤져버리고 화상,검계+뱀,파열,심지어 색출덱 들고도 못걧다   하 일단 각설하고 지금 내가 겪고 있는 문제점은 일단 첫번째는 자로가 너무 많을걸 가지고 있다는 거임 높은 속도+ 높은 위력 + 파괴 불가 코인 + 코인 재사용은 ㅅㅂ 누가 생각 한거냐 파괴 불가 코인 자체가 합 승리의 의미가 줄어들어서 그닥 좋은 기믹이 아님 (그래서 7장이나 lcb건강검진때는 페이즈를 넘기거나 짤짤이 용도로 썼던거 같음) 자로 얘는 암삻자 주제에 합을 할 상대를 제한할수 있으면서 합 승률은 또 높고 그런데 딜포텐도 높아서 맞으면 뒤져야 되고 패배해도 딜을 넣을수 있다는게 말이 되냐고  너프전 크샨테도 이정도는 불쾌하지 않다  두번째는 페아즈에 대한 정보가 없다는 거임 아니 ㅅㅂ 적어도 페이즈를 어떻게 넘기는지 정보는 줘야될꺼 아니야 라오루에선 잘도 해놓곤 왜 갑자기 그지랄을 하는거임 ㅅㅂ 자로를 죽여야되는지 턴을 버텨야 되는건지 가치우 체력을 깍아야 되는건지 어떻게 아냐고 그것때문에 처음에 존나 해매서 정신 나가버리는 줄 알았음  마지막은 전투가 너무 길어... 스토라는 확실히 잘쓰는 회사라 재밌게 즐겼는데 중편 자체가 ㅈㄴ길다 보니까  전투도 똑같이 많아져서 따른 장에 비해 피로가 많이 쌓이는 것도 있고 설반 같은 엘리트 전투 같은 경우도 턴을 많이 쓰는것도 그렇고 특히 보스전 애들이 이게 중편임에도 불구하고 채력이 개많아 턴이 존나 많아서 짜증남 지금 이렇게 얘민하게 말하는 것도 이게 한목하는거 같음    요약:  - 보스 가지고 투명드래곤 만들지 마라 - 패이즈 정보같은건 제발 써줘  - 엘리트 전투 같은건 조금 줄여줬으면 안됬나?"
1973530,1,뉴비인데 스토리 좋고 쉽고 딜뜨는 것도 재미있고 완전 재 취향이에요 ^^
1973530,1,"이 맛있는 거던바를 사람들은 왜 맛 없다고 할까? 아 근데 픽뚫 10%는 확률에서 나오는 쾌감과 불쾌감을 구분 못하는 김지훈 대가리 존나 깨야한다"
1973530,1,"보았노라. 봤노라. 훌룡하다. 이 게임이 나를 뒤흔들었다. 이 게임이 나를 깨어있게 만들었다. 이 게임이 곧 책이요, 나의 마음을 흔들었으니 이것이 곧 나의 구약이자 신약이자 성경이니. 드디어 찾았다, 나의 게임을. 림붕이들이여, 거울던전의 림붕이들이여. 엎드려 찬양하고, 일어서 바라봐라."
1973530,1,"크아악 단테 이새끼가 중년주제에 크으윽 단테 이 미친 ㅅㅂ롬이 EkfEkf이를 부른다 오냐댐벼라"
1973530,1,우선 스토리를 보세요 다 보셨다고요? 그러면 거던을 돌리세요 거던을 도는 게 재미가 없다고요? 괜찮습니다  이 모든 과정을 거쳤다면 당신은 이미 100시간 이상을 플레이 한 것입니다
1973530,1,"감탄이 나오는 훌륭한 스토리, 눈이 즐거운 연출 개맛도리 게임 이 글을 보고있다면 당장 설치를 하자"
1973530,1,김지훈은 신이며 프로젝트문은 세상이고 슈나쟝은 천사다 김지훈은 신이며 프로젝트문은 세상이고 슈나쟝은 천사다김지훈은 신이며 프로젝트문은 세상이고 슈나쟝은 천사다김지훈은 신이며 프로젝트문은 세상이고 슈나쟝은 천사다김지훈은 신이며 프로젝트문은 세상이고 슈나쟝은 천사다김지훈은 신이며 프로젝트문은 세상이고 슈나쟝은 천사다김지훈은 신이며 프로젝트문은 세상이고 슈나쟝은 천사다김지훈은 신이며 프로젝트문은 세상이고 슈나쟝은 천사다김지훈은 신이며 프로젝트문은 세상이고 슈나쟝은 천사다김지훈은 신이며 프로젝트문은 세상이고 슈나쟝은 천사다김지훈은 신이며 프로젝트문은 세상이고 슈나쟝은 천사다김지훈은 신이며 프로젝트문은 세상이고 슈나쟝은 천사다김지훈은 신이며 프로젝트문은 세상이고 슈나쟝은 천사다김지훈은 신이며 프로젝트문은 세상이고 슈나쟝은 천사다김지훈은 신이며 프로젝트문은 세상이고 슈나쟝은 천사다김지훈은 신이며 프로젝트문은 세상이고 슈나쟝은 천사다김지훈은 신이며 프로젝트문은 세상이고 슈나쟝은 천사다김지훈은 신이며 프로젝트문은 세상이고 슈나쟝은 천사다김지훈은 신이며 프로젝트문은 세상이고 슈나쟝은 천사다김지훈은 신이며 프로젝트문은 세상이고 슈나쟝은 천사다김지훈은 신이며 프로젝트문은 세상이고 슈나쟝은 천사다김지훈은 신이며 프로젝트문은 세상이고 슈나쟝은 천사다김지훈은 신이며 프로젝트문은 세상이고 슈나쟝은 천사다김지훈은 신이며 프로젝트문은 세상이고 슈나쟝은 천사다김지훈은 신이며 프로젝트문은 세상이고 슈나쟝은 천사다김지훈은 신이며 프로젝트문은 세상이고 슈나쟝은 천사다김지훈은 신이며 프로젝트문은 세상이고 슈나쟝은 천사다김지훈은 신이며 프로젝트문은 세상이고 슈나쟝은 천사다김지훈은 신이며 프로젝트문은 세상이고 슈나쟝은 천사다김지훈은 신이며 프로젝트문은 세상이고 슈나쟝은 천사다
1973530,1,파불코때문에 합을 해도 이기는 이유가 없는 느낌이 계속 듦
1973530,1,"전작과 전전작을 몰라도 할 순 있지만 그래도 해보고 오면 더 재밌다"
1973530,1,"로보토미 라오루 림버스 햄햄팡팡 모든 것은 프문애니, 프문월드를 위하여!!! 슈나 쟝 사랑해요!!!!!!!!!!!!!"
1973530,1,친구 추천 받고 한 게임인데 스토리 게임에서 내 기준 원탑임
1973530,1,지훈이형 천천히해도되니까 당일 pv 렌더링 같은건 안했으면 해요 무리하다 탈나면 안되....
1973530,1,거던바거던바거던바거던바거던바거던바거던바거던바거던바거던바거던바거던바거던바거던바거던바거던바거던바거던바거던바거던바거던바거던바거던바거던바거던바거던바거던바거던바거던바거던바거던바거던바거던바거던바거던바거던바거던바거던바거던바거던바거던바거던바거던바거던바거던바거던바거던바거던바거던바거던바거던바거던바거던바거던바거던바거던바거던바거던바거던바거던바거던바거던바거던바거던바거던바거던바거던바거던바거던바거던바거던바거던바거던바거던바거던바거던바거던바거던바거던바거던바거던바거던바거던바거던바거던바거던바거던바거던바거던바거던바거던바거던바거던바거던바거던바거던바거던바거던바거던바거던바거던바거던바거던바거던바거던바거던바거던바거던바거던바거던바거던바거던바거던바거던바거던바거던바거던바거던바거던바거던바거던바거던바거던바거던바거던바거던바거던바거던바거던바거던바거던바거던바거던바거던바거던바거던바거던바거던바거던바거던바거던바거던바거던바거던바거던바거던바거던바거던바거던바거던바거던바거던바거던바거던바거던바거던바거던바거던바거던바거던바거던바거던바거던바거던바거던바거던바거던바거던바거던바거던바거던바거던바거던바거던바거던바거던바거던바거던바거던바거던바거던바거던바거던바거던바거던바거던바거던바거던바거던바거던바거던바거던바거던바거던바거던바거던바거던바거던바거던바거던바거던바거던바거던바거던바거던바거던바거던바거던바거던바거던바거던바거던바거던바거던바거던바거던바거던바거던바거던바거던바거던바거던바거던바거던바거던바거던바거던바거던바거던바거던바거던바거던바거던바거던바거던바거던바거던바거던바거던바거던바거던바거던바거던바거던바거던바거던바거던바거던바거던바거던바거던바거던바거던바거던바거던바거던바
1973530,0,추천·비추천 반반에 가깝고 계속 할 것 같긴 한데 주변에 재미있는 게임이라고 소개할 수 있냐고 생각하면 아닌 것 같아서...  이 게임을 시작하려면 아래 방지턱을 넘을 자신이 있어야한다. (불친절한 튜토리얼 방지턱도 있었는데 패치돼서 좀 나아짐) [olist] [*] 프문 그뭔씹 방지턱 [*] 타임게이팅 방지턱 [*] 거던 노가다 방지턱 [/olist]  전투가 어렵다는 말이 있어서 해보니 그냥 게임 내 설명이 부족하고 요소가 많아서 그렇지 결국 무슨 스킬을 어디에 대응할지 짝짓기만 잘하면 된다.  이 게임의 구분되는 강점이라면 수집형 RPG치곤 낮은 과금 부담과 스토리·설정·세계관 정도? 단점은 저거 빼면 할 게 거던 노가다밖에 안 남는다는 거임...  게임성으로는 남들에게 선뜻 추천하기는 힘든데 무슨 게임인지 호기심이 동한다면 해보는 거 나쁘지 않다. 4-5장까지 플레이 해보면 견적 나옴.
1973530,0,"림할배들.. 승률 딸깍만 해도 겁나 쉽게 깬다며!! 합 낮은 거 에고로 막고, 정 안 되면, 회피/방어해도, 속도 맞춰서, 위험한 거 대신 합 막을 수 있으면 막아주고 해도, 매우 우세인데도, 뚝배기 깨지고 흐트러짐 터질 때마다 내 머리가 같이 아프다.. (레벨, 동기화 다 만렙에 인격 정가, 현질 박아도 쉽지 않다..)  시즌1부터 24년 4월까지 하고, 접고 1년 뒤 복귀했는 데,  좀 쉬운 스토리 모드 따로 안 나오고, 스토리랑 세계관은 매력적인데, 허들이 높은 편, 로보토미, 라오루를 거쳐서 온 유저들은 림버스 ㅈ@ㄴ 쉬운 게임이라고 얘기하고,  이 게임은 원래 난이도 어려운 게 맞고, 난이도 너프 자체를 하면 안 된다고 하는 데, 스토리 모드 따로 안 나오는 거면, 그냥 나는 유튜브 에디션으로 스토리만 볼래.  스토리를 깨야 만렙이 풀리는 데, 이건 좀 풀어주라.. 너프한 거라는 데 6-35에 1시간 반 박아도 안 되더라..  솔직히 림할배들 거굴철 1호선, 2호선 때도  기본 인격으로도 턴 수 계속 깍으면서도 ㅈ@ㄴ 쉽다고 하는 거 보면, 난 접는 게 맞는 거 같아. 할배는 무슨 괴물들이잖아."
1973530,0,개ㅐㅐㅐㅐㅐㅐㅐㅐ망게ㅔㅔㅔㅔㅔㅔㅔㅔㅔㅔㅔㅔㅔㅔㅔㅔㅔㅔㅔㅔㅔㅔㅔㅔㅔㅔㅔㅔㅔㅔ엠
1973530,1,나에게 이보다 재미있게 했던 게임은 없었다 현재도 앞으로도 나의 최애 게임
1973530,1,"뉴비들이여, 안심하고 들어오라. 전능하신 유일신 김지훈 & 슈나쟝을 찬양하고, 그들의 작품을 직접 경험해봐라. 세계의 유명한 문학작품들을 게임이라는 수단으로 간접적으로 맛 볼 수 있고, 실제 작품에 관심도 가질 수 있는 게임이다.  예전에는 튜토리얼 부분이 빈약했는데, 지금은 첫 장 자체가 튜토리얼로, 거기다 지원캐릭터도 있다. 단, 리세마라는 필요하니 직접 하거나, 돌계를 구입해도 된다.  패스만 끊고 천천히, 편하게 게임 할 수 있고, 커뮤니티도 매우매우 뉴비 친화적이니 편하게 들어와라.  악성 BM이 없는 게임? 여기 있다. 필요한 건 오직 패스값과 당신의 시간 뿐. 게임이 맘에 들었다면, 한 트럭 스근하게 잡수셔도 된다. 게임의 팬이 되었다면, 슈나쟝의 라이브 스트림과, 햄햄팡팡의 치즈돈까스를 놓치지 마라.  당신은 어느샌가, 빠져있다. (나도 하다보니 어느샌가 물구나무를 선 채, 항아리에 머리를 담그고 있었다.)"
1973530,0,씨ㅣㅣㅣㅣㅣㅣㅣㅣㅣㅣ빨 이새끼들은 매우우세의 뜻을 몰라
1973530,1,대가리 깨진 새끼들 아니면 그닥 계속 붙잡고 할만한 겜은 아님
1973530,1,"스토리 먹는 게이머에게는 진짜 추천하는 게임  짧은 숙제시간, 한국어 풀더빙, 찐빠나면 입닦지않고 사료 자주 뿌림(수정도 어지간하면 당일 내에 바로 함) 시즌 패스만 사도 더 과금할 필요가 없는 구성  뉴비에게 친절한 유저층, 공략 깎는 늙은이들 상시대기, 캐릭터 1자리는 친구에게 제한없이 빌려가기 가능  메인겜으로도 서브겜으로도 충실한 게임    뉴비용 친추 코드 E803744454"
1973530,1,"어, 잠깐 해봤는데 재밌어요.  근데, 김지훈을찬양해야할지죽여야할지모르겠음 씇...내 진짜 마음은 뭘까...?"
1973530,1,스토리 좋고 노래 좋고 캐릭 얻기도 좋고 게임은 머리조금 써야되서 힘들긴 한데 내가 멍청한거라서 평범한 사람은 살짝만 머리 써도 됨 개재밌다
1973530,1,"스토리가 좋음  UI는 구림. 너무 꽉찬 느낌이 듬 근데 스토리가 좋음  불쾌하거니 귀찮은 전투 나름 있음 근데 스토리가 좋음  기믹전투는 재밌음. 근데 기믹전투를 하려면 개노잼 불쾌전투를 꽤 해야함. 근데 스토리가 좋음  적 정보 도감같은게 없어서 보고싶으면 해당 적을 찾아서 전투에 들어간뒤 여러번 승리해서 정보를 얻어야함 근데 스토리가 좋음  게임 설정 정보를 찾기가 참 어려움. 여기저기 퍼져있음 근데 스토리가 좋음  정가 , 빠른일퀘 시스템 매우 편함.  유저친화적으로 하겠다 라는 의도라고 해야하나.. BM 같은거에서 악의가 안느껴저서 실수나 좀 뻘짓 비슷하게 해도 덜화남. 그리고 스토리가 좋음  재밌는 전투는 여러번 해보고싶은데 이거를 따로 할수있는 훈련장같은게 없는게 아쉬움 근데 스토리가 좋음"
1973530,1,째깍째깍째깍째깍째깍째깍째깍째깍째깍째깍째깍째깍째깍째깍째깍째깍째깍째깍째깍째깍째깍째깍째깍째깍째깍째깍째깍째깍째깍째깍째깍째깍째깍째깍째깍째깍째깍째깍째깍째깍째깍째깍째깍째깍째깍째깍째깍째깍째깍째깍째깍째깍째깍째깍째깍째깍째깍째깍째깍째깍째깍째깍째깍째깍째깍째깍째깍째깍째깍째깍째깍째깍째깍째깍째깍째깍째깍째깍째깍째깍째깍째깍째깍째깍째깍째깍째깍째깍째깍째깍째깍째깍째깍째깍째깍째깍째깍째깍째깍째깍째깍째깍째깍째깍째깍째깍째깍째깍째깍째깍째깍째깍째깍째깍째깍째깍째깍째깍째깍째깍째깍째깍째깍째깍째깍째깍째깍째깍째깍째깍째깍째깍째깍째깍째깍째깍째깍째깍째깍째깍째깍째깍째깍째깍째깍째깍째깍째깍째깍째깍째깍째깍째깍째깍째깍째깍째깍째깍째깍째깍째깍째깍째깍째깍째깍째깍째깍째깍째깍째깍째깍째깍째깍째깍째깍째깍째깍째깍째깍째깍째깍째깍째깍째깍째깍째깍째깍째깍째깍째깍째깍째깍째깍째깍째깍째깍째깍째깍째깍
1973530,1,진입장벽이 높았지만 친구가 같이 해서 지금까지 겁나 재미있게 하고있습니다
1973530,0,ㅅㅂㅅㅄㅄㅂㅄㅄㅅㅄㅄㅄㅅㅄㅅㅅㅅㅄㅄㅅㅄㅄㅄㅄㅅㅂㅄㅄㅄㅄㅄㅄㅄㅄㅅㅄㅄㅄㅄㅄㅄㅄㅅㅄㅄㅄㅅㅅㅅㅅㅅㅅㅅㅅㅅㅅㅅㅅㅅㅅㅅㅅㅅㅅㅅㅅㅅㅅㅅㅅㅅㅅㅅㅅㅅㅅㅅㅅㅅㅅㅂㅂㅂㅂㅂㅂㅂㅂㅂㅂㅂㅂㅂㅂㅂㅂㅂㅂㅂㅂㅂㅂㅂㅂㅂㅂㅂㅄㅂㅄㅄㅄㅄㅄㅄㅅㅄㅄㅄㅅㅄㅄㅄㅅㅄㅅㅄㅅㅄㅅㅄㅅㅄㅄㅅㅅㅄㅅㅅㅄㅅㅅㅅㅅㅅㅅㅂㅂㅂㅂㅂㅂㅂㅂㅂㅂㅂㅂㅂㅂㅂㅂㅂㅂㅂㅂㅂㅂㅂㅂㅂㅂㅂㅂㅂㅂㅂㅂㅂㅂㅂㅂㅄㅅㅅㅅㅅㅅㅅㅅㅅㅅㅅㅅㅅㅅㅅㅅㅅㅅㅅㅅㅅㅅㅅㅅㅅㅅㅅㅅㅅㅅㅂㅂㅂㅂㅂㅂㅂㅂㅂㅂㅂㅂㅂㅂㅂㅂㅂㅂㅂㅂㅂㅂㅂㅂㅂㅂㅄㅅㅅㅅㅅㅅㅅㅅㅅㅅㅅㅅㅅㅅㅅㅅㅅㅅㅅㅅㅅㅅㅅㅅㅂㅂㅂㅂㅂㅂㅂㅂㅂㅂㅂㅂㅂㅂㅂㅂㅂㅂㅂㅂㅂㅂㅂㅂㅄㅅㅅㅅㅅㅅㅅㅅㅅㅅㅅㅅㅅㅅㅅㅅㅅㅅㅅㅅㅅㅅㅅㅅㅅㅅㅅㅂㅂㅂㅂㅂㅂㅂㅂㅂㅂㅂㅂㅂㅂㅂㅂㅂㅂㅂㅂㅂㅂㅂㅂㅂㅂㅂㅂㅂㅄㅅㅅㅅㅅㅅㅅㅅㅅㅅㅅㅅㅅㅅㅅㅅㅅㅅㅅㅅㅂㅂㅂㅂㅂㅂㅂㅂㅂㅂㅂㅂㅂㅂㅂㅂㅂㅂㅂㅂㅂㅂㅄㅅㅅㅅㅅㅅㅅㅅㅅㅅㅅㅅㅅㅅㅅㅅㅅㅅㅅㅅㅅㅅㅅㅅㅂㅂㅂㅂㅂㅂㅂㅂㅂㅂㅂㅂㅂㅂㅂㅂㅂㅂㅂㅄㅅㅅㅅㅅㅅㅅㅅㅅㅅㅅㅅㅅㅅㅅㅅㅅㅅㅅㅅㅅㅅㅅㅅㅅㅅㅅㅅㅅㅄㅄㅅㅅㅄㅅㅂ ㅅㅂ ㅅㅄㅄ ㅅ ㅅ ㅅ ㅂ
1973530,1,8장 pv 늦어서 사과의 의미로 거던 라이브 방송하는 슈나장이 귀여워요. :)
1973530,1,15000원 내고 거던만 돌면 너도나도 인격 풀소유?!?!?
1973530,1,겟앰프드 하스스톤 다음으로 이후로 이렇게 열심히하는 게임이없다 핸드폰 플레이시간이 스팀에 안뜨는건 아쉽네
1973530,1,"마지막 질문, 당신은 오늘 거던바를 보고 목이 말랐습니까? 네, 아니오, 네, 아니오, 네, 아니오, 네, 아니오. 네 네 네 네 네!!! 네, 언제나! 미친 듯이! 아냐... 사실... 단 한 순간도 그런 적이 없었어."
1973530,1,"버그가 제법 있음. 수감자들과의 상호작용이 더 있었으면 좋겠음, 호감도 시스템 추가나 모은 수감자들을 따로 볼 수 있는 거점 같은거 추가되면 좋을 듯함."
1973530,0,"림버스 컴퍼니 최근 1~2월쯤 시작한 유저입니다. 그때가 딱 발푸밤 시기여서 마침표사무소 홍루를 뽑아서 기분이 좋았습니다. 그 상태로 계속 계정을 키우고 바로 오늘 8장이 업데이트 된 날, 갑자기 그 계정이 사라지고 처음부터 시작이 되었습니다 해킹인지 아닌지는 모르겠지만 너무나 슬픕니다. 가능하다면 확인해주시길 바라겠습니다. UID는 H604417982입니다. 가능하다면 제발 복구 부탁드립니다. 그리고 8장 나오기 바로 전 날 림버스패스를 샀고, 총 15000원을 잃었습니다."
1973530,1,"게임이 복잡하다, 어렵다는 인식이 있긴 했지만 적응하는데 오래 걸리지도 않았고 최근 튜토리얼 개선도 이루어졌으니 큰 걸림돌은 아님.  그리고 그런 점을 전부 무마할 수 있는 스토리와 착한 BM.  너무 재밌게 즐기고 있다"
1973530,1,7장까지 3주정도 만에 다밀고 할거없어서 뭐할까하면서 친구 인격 빌리면서 거굴철도니까 할게 거던밖에 없네요.. 일단 시작해
1973530,1,째깍째깍째깍째깍째깍째깍째깍째깍째깍째깍째깍째깍째깍째깍째깍째깍째깍째깍째깍째깍째깍째깍째깍째깍째깍째깍째깍째깍째깍째깍째깍째깍째깍째깍째깍째깍째깍째깍째깍째깍째깍째깍째깍째깍째깍째깍째깍째깍째깍째깍째깍째깍째깍째깍째깍째깍째깍째깍째깍째깍째깍째깍째깍째깍째깍째깍째깍째깍째깍째깍째깍째깍째깍째깍째깍째깍째깍째깍째깍째깍째깍째깍째깍째깍째깍째깍째깍째깍째깍째깍째깍째깍째깍째깍째깍째깍째깍째깍째깍째깍째깍째깍째깍
1973530,1,재밌음 근데 초반 전투가 처음할때 좀 햇갈리고 튜토리얼이 부실한듯 하지만 스토리랑 캐디도 맛도리고 전투도 내입맛엔 맞았음
1973530,1,째깍째깍째깍째깍째깍째깍째깍째깍째깍째깍째깍째깍째깍째깍째깍째깍째깍째깍째깍째깍째깍째깍째깍째깍째깍째깍째깍째깍째깍째깍째깍째깍째깍째깍째깍째깍째깍째깍째깍째깍째깍째깍째깍째깍째깍째깍째깍째깍째깍째깍째깍째깍째깍째깍째깍째깍째깍째깍째깍째깍째깍째깍째깍째깍째깍째깍째깍째깍째깍째깍째깍째깍째깍째깍째깍째깍째깍째깍째깍째깍째깍째깍째깍째깍째깍째깍째깍째깍째깍째깍째깍째깍째깍째깍째깍째깍째깍째깍째깍째깍째깍째깍째깍째깍째깍째깍째깍째깍째깍째깍째깍째깍째깍째깍째깍째깍째깍째깍째깍째깍째깍째깍째깍째깍째깍째깍째깍째깍째깍째깍째깍째깍째깍째깍째깍째깍째깍째깍째깍째깍째깍째깍째깍째깍째깍째깍째깍째깍째깍째깍째깍째깍째깍째깍째깍째깍째깍째깍째깍째깍째깍째깍째깍째깍째깍째깍째깍째깍째깍째깍째깍째깍째깍째깍째깍째깍째깍째깍째깍째깍째깍째깍째깍째깍째깍째깍째깍째깍째깍째깍째깍째깍째깍째깍째깍째깍째깍째깍째깍째깍째깍째깍째깍째깍째깍째깍째깍째깍째깍째깍째깍째깍째깍째깍째깍째깍째깍째깍째깍째깍째깍째깍째깍째깍째깍째깍째깍째깍째깍째깍째깍째깍째깍째깍째깍째깍째깍째깍째깍째깍째깍째깍째깍째깍째깍째깍째깍째깍째깍째깍째깍째깍째깍째깍째깍째깍째깍째깍째깍째깍째깍째깍째깍째깍째깍째깍째깍째깍째깍째깍째깍째깍째깍째깍째깍째깍째깍째깍째깍째깍째깍째깍째깍째깍째깍째깍째깍째깍째깍째깍째깍째깍째깍째깍째깍째깍째깍째깍째깍째깍째깍째깍째깍째깍째깍째깍째깍째깍째깍째깍째깍째깍째깍째깍째깍째깍째깍째깍째깍째깍째깍째깍째깍째깍째깍째깍째깍째깍째깍째깍째깍째깍째깍째깍째깍째깍째깍째깍째깍째깍째깍째깍째깍째깍째깍째깍째깍째깍째깍째깍째깍째깍째깍째깍째깍째깍째깍째깍째깍째깍째깍째깍째깍째깍째깍째깍째깍째깍째깍째깍째깍째깍째깍째깍째깍째깍째깍째깍째깍째깍째깍째깍째깍째깍째깍째깍째깍째깍째깍째깍째깍째깍째깍째깍째깍째깍째깍째깍째깍째깍째깍째깍째깍째깍째깍째깍째깍째깍째깍째깍째깍째깍째깍째깍째깍째깍째깍
1973530,1,"오, 지훈님. 오늘은 컨디션이 좋아요... 거던바는 정말 대단한 발명품이에요.. 지훈님, 오늘 전 거던바를 무려 100개나 먹어치웠어요.. 이정도면 관리자들 사이에선 최고기록일지도 몰라요... 지훈님, 오늘은 다음 장의 PV를 한시간이나 보고 말았어요... 그 40초 가량의 영상이 잊혀지지가 않아요... 거던바는... 게속 먹고 있어요. 하지만 모두 알고 있죠. 전 이미 모든 인격을 정가를 쳤는걸요. 다음 인격을 위해 계속... 걔속 먹는거에요... 우리는 언제까지고.. 다음 장을 기다려야 하죠?"
1973530,1,"장점:  스토리가 좋고 캐릭터 매력이 뛰어남 단점:  스토리 사이의 텀이 너무 길고 서브 콘텐츠가 2개밖에 없음"
1973530,1,시즌1에 하다가 접고 시즌5 막바지에 하는데... 왜 생각보다 재밌지...?  아...  마져 스토리 밀어야지
1973530,1,"복잡하지만 확실한 게임성 심오하지만 재밌는 스토리  가챠겜이지만 현질은 시즌패스(15000원)만 해도됨  림버스 컴퍼니 마이너 갤러리 <- 리세마라 계정 뿌리니까 시작하기 전에 꼭 가보자"
1973530,1,응애 뜌뜌땨이 림부기 헤헤 부르릉 까꿍!!!!!!!!!!! 뜌따@잇ㅋㅋㅋㅋ
1973530,1,"일단 침울하고 복잡한 세계관의 게임을 좋아하는 사람의 관점에서 쓴 리뷰임을 밝힘. 턴제 게임도 많이 해봤는데 다른 턴제와 다르게 신경써야 하는 요소들이 많음.  그래서 본인이 이 게임을 어느정도 이해했냐에 따라 고점이 달라짐. 그리고 스토리가 너무 재밌음. 각 수감자들이 가지고 있는 스토리를 명작 스토리에서 모티브로 하여 다른 관점으로 풀어간다는 것도 굉장히 흥미로웠음. 전작 게임들 스토리도 찾아봤을 정도로 재밌음.  턴제 좋아하거나 어두운 분위기의 스토리를 좋아하는 사람들이 해봤으면 하는 게임"
1973530,1,각 등장하는 캐릭터들마다 매력이 있고 여러가지 조합으로 게임을 할수가있음 나만의 플레이 방식을 찾는 재미도 있고 보스나 새로운적이 나올때 기믹을 깨는 재미도있음 무과금으로도 굉장히 할만함
1973530,1,"시간 >--< 돈  둘중에 하나 선택해야됨  돈을 안쓰겠다면  모든캐릭을 최소한의 패스비용으로 꾸준히 매우 오래 해야하고  하루 2충까지 해서 얻을수있는 모듈은 한계가있음  매번 빌면서 가지고있는 뽑기 재화로 발푸밤뽑기다나오길 기도해야하며  발푸밤전까지 티켓과 광기를 모아두는게 중요함 돈을 패스 비용이상안쓰겠다면  1년째 꾸준히 하고있지만 아직까지 다 뽑지 못하였음 시간이 부족한관계로 모듈600개정도 쌓아두고 있음  현시즌까지 시즌캐릭은 티켓+ 정가치면서 뽑았음  매일 경험치티켓보너스와 끈 보너스 를 소모하는데도불구하고  경험치 티켓 과 끈은 모자람  스토리만보고 원하는캐릭을 싹다 뽑진 못했지만  꾸준히 하면 스토리정도는 따라가고 거굴철정도는 깰수있고 발푸밤싹싹뽑을정도만 유지하고있음  시즌이 지나면서 다뽑을수있을지 모르겠음   다음시즌에 레벨상한치가 오르면서 경험치 티켓을 모든캐릭이 다먹게 되는데 엄청난 재화를 다시 캐서 올려야하는데 그비용도 모듈에서 빠지면 결국 정가치는모듈이 빠짐  정가치는게 모듈관리가 더 빡세질걸로보임"
1973530,1,"삭여라. 그리고 새겨라. 광기와 상자, 거던이 전부인 세상이다"
1973530,1,네 탓이군 이스마엘네 탓이군 이스마엘네 탓이군 이스마엘네 탓이군 이스마엘네 탓이군 이스마엘네 탓이군 이스마엘네 탓이군 이스마엘네 탓이군 이스마엘네 탓이군 이스마엘네 탓이군 이스마엘네 탓이군 이스마엘네 탓이군 이스마엘네 탓이군 이스마엘네 탓이군 이스마엘네 탓이군 이스마엘네 탓이군 이스마엘네 탓이군 이스마엘네 탓이군 이스마엘네 탓이군 이스마엘네 탓이군 이스마엘네 탓이군 이스마엘네 탓이군 이스마엘네 탓이군 이스마엘네 탓이군 이스마엘네 탓이군 이스마엘네 탓이군 이스마엘네 탓이군 이스마엘네 탓이군 이스마엘네 탓이군 이스마엘네 탓이군 이스마엘네 탓이군 이스마엘네 탓이군 이스마엘네 탓이군 이스마엘네 탓이군 이스마엘네 탓이군 이스마엘네 탓이군 이스마엘네 탓이군 이스마엘네 탓이군 이스마엘네 탓이군 이스마엘네 탓이군 이스마엘네 탓이군 이스마엘네 탓이군 이스마엘네 탓이군 이스마엘네 탓이군 이스마엘네 탓이군 이스마엘네 탓이군 이스마엘네 탓이군 이스마엘네 탓이군 이스마엘네 탓이군 이스마엘네 탓이군 이스마엘네 탓이군 이스마엘네 탓이군 이스마엘네 탓이군 이스마엘네 탓이군 이스마엘네 탓이군 이스마엘네 탓이군 이스마엘네 탓이군 이스마엘네 탓이군 이스마엘네 탓이군 이스마엘네 탓이군 이스마엘네 탓이군 이스마엘네 탓이군 이스마엘네 탓이군 이스마엘네 탓이군 이스마엘네 탓이군 이스마엘네 탓이군 이스마엘네 탓이군 이스마엘네 탓이군 이스마엘네 탓이군 이스마엘네 탓이군 이스마엘네 탓이군 이스마엘네 탓이군 이스마엘네 탓이군 이스마엘네 탓이군 이스마엘네 탓이군 이스마엘네 탓이군 이스마엘네 탓이군 이스마엘네 탓이군 이스마엘네 탓이군 이스마엘네 탓이군 이스마엘네 탓이군 이스마엘네 탓이군 이스마엘네 탓이군 이스마엘네 탓이군 이스마엘네 탓이군 이스마엘네 탓이군 이스마엘네 탓이군 이스마엘네 탓이군 이스마엘네 탓이군 이스마엘네 탓이군 이스마엘네 탓이군 이스마엘네 탓이군 이스마엘네 탓이군 이스마엘네 탓이군 이스마엘
1973530,1,"하나 불만인 것은 영문이나 외국어로 한국어식 표기를 확실히 해줬으면 함  검계는 Blade Lineage, 김삿갓은 Bamboo-hatted Kim 라고 하면서 이벤트 복각은 또 bokgak 이러니 햇갈려요 차라리 다 한국 발음을 그대로 영어로 쓰는게 나아보여요 최근엔 외국에서 한국에서 주로 먹거나 쓰는 물건들 다 한국 발음 그대로 영어 철자로 쓰는거 처럼요 찾아보니 또 흑운회는 영어로 Kurokumo Clan 이렇게 해놨던데 한국식 이름이나 조직도 다 그렇게 좀 해요 아니 이상이나 앵두 같은 몇몇 작명은 또 멀쩡하게 해놨더구만  위의 한가지 불평만 빼면 결론은 가챠겜인데 시간만 쓰면 모든 걸 다 얻는 갓겜"
1973530,1,대황 프문 그냥 믿어라 JUST BELIVE CUZ PROJECT MOON YOU KNOW?
1973530,1,"난 시@봉방거 이만큼 감동적인 게임 본 적이 없다. 진짜 거던 도는데 예상 1도 못 하게 Fly My Wings E.G.O 마름 나오니까 정말 꼴값인ㅅ거 아는데 쳐 욺 ㄹㅇ 개 슬프다 프문아 나를 가져줘 나를 프문의 지하실에 가둬줘 엉엉ㅇ"
1973530,1,뉴비분들을 위해 빠르게 설명드리겠습니다! 1.림버스를 하세요! 2.친구초대를 보내세요! 3.뭔가 멋있어보이는걸 빌려쓰세요! 4.스토리를 미세요!!! 5.막히시면 경험치를 모아서 강화하세요! 6.스토리 다보시면 거던을 도세요! 그럼 저는 다시 돌러 가겠습니다!~ 즐거운 림버스하세요!
1973530,1,아...재미있다....카잔 살 돈으로 여기다 쓸껄....
1973530,1,신부그렉 나올때 시작했는데 패스 1500렙.... 거던..거던... 아직 부족해 하루 10번은 돌아야해
1973530,1,스토리 좋고 게임성 좋고 수집요소 있고 다 재밌는데 업데이트 한 번 할 때마다 게임 실행 안되고 터지는 건 좀 고쳐라 씨;222발
1973530,1,핍은그렇게말했을거다이녀석은스스로의죄악감에서도망가기위해마음을으깨어내게 붙었지어린애를괴롭히지마라이스마엘나를봐라부러진마음으로도망온녀석을위해나는최선을다해죄악감을지워주었다하지만너는아무것도하지않았지차라리네가핍대신노를젓지그랬나너의탓이군이스마엘이런데도내가악인가스타벅은가장먼저무릎꿇은놈이다일등항해사는결국선장의아래에있을수밖에없다는이러니저러니해도선장은우리를목적하는곳에닿게해줄거라는안일함에스스로눈을가린놈네가이녀석이옳게바라보려는것을알고있었다면그때부러지지않게도왔어야지네탓이군이스마엘다너로인해서다이스마엘네가이것의깊게파묻힌마음을억지로끄집어내려고했기때문에벌어진일이다이번에도네탓이로군이스마엘똑바로 봐인어가되지않기위해기껏버티고만들던믿음이무너져서하얗게죽어가고있는모습을
1973530,1,"거던, 거던 더 많은 거던 더욱 더 많은 거던  거던!!!!"
1973530,1,이겜 조금 어렵고 튜토리얼이 적긴 하지만 하다보면 다이해돼서 추천합니다 만약 턴제 같은거 안좋아해도 재밌게 할수있을거 같습니다. (라만차랜드 해보고 싶습니다.아직 못갔어요)
1973530,1,스토리 그저 G.O.A.T 어떻게 계속 우상향이냐고 ㅋㅋ
1973530,1,네탓이군네탓이군네탓이군네탓이군네탓이군네탓이군네탓이군네탓이군네탓이군네탓이군네탓이군네탓이군네탓이군네탓이군네탓이군네탓이군네탓이군네탓이군네탓이군네탓이군네탓이군네탓이군네탓이군네탓이군네탓이군네탓이군
1973530,1,관리자 나으리!!!!!!!!!!!!!!!!!!!!!!!!!!!!!!!
1973530,1,게임 시스템만 익히면 진짜 재밌습니다 할까 말까 고민하고 게시다면 바로 시작해보세요
1973530,1,"거던, 그는 전지전능하고 모두의 근심과 걱정을 해결해주며 모두의 아픔과 미래를 책임지고 우리를 위해 광기와 패스 경험치를 아낌없이 나눠주고 우리를 위해 힘든 하루를 녹여주며 우리들의 림생을 더 풍요롭고 편안하게 말들어주며 우리들의 삶의 원동력이 되어주고 매주 ""목요일은 거던""이라는 말이 머릿속을 맴돌게 만들어서 점점 삶의 의미를 되찾게 해주고 그 풍요속에서 예쁜 파우스트의 인격들을 얻게 해주며 미쳐 보지 못할, 막힐수도 있는 스토리를 뚫도록 도와주며 우리들을 위해 인격 실험을 하게해주고 인격 스토리를 보게 해주고 힘든 림생에서 창의력을 발휘하게 해주고 우리가 좋아하는 N,세븐,섕크,리우,중지,W,워더링하이츠,총알,혈귀,기본인격,어금니,피쿼드,검계,기회연,츠바이,시협회,흑운회,장미스패너,R,흑수 등 여러 덱과 약상,마히스,여히스,콩루,죽상,츠그렉,메이드로슈,적참슈,선장마엘,동상,불그렉,리우이상,섕돈 등의 1인클과 여러 기믹들을 보며 두뇌성장에 도움을 주고 인격들의 멋진 모습과 딜뽕을 보며 머리속에 도파민 완전공명을 체험시켜주는 그저 천국과 같은 존재이다 비록 지금은 다른사람들에 비하면 거던을 얼마 못돌았지만 더욱더 수많은 거던을 통해 거악귀가 되고 말것이다 그는 나의 꿈을 걷고있다."
1973530,1,"성적은 죽지 않았어요, 림붕이씨! 성적은 그렇게 말했을 거다. 너는 스스로의 죄악감에서 도망가기 위해 마음을 으깨어 내게 붙었지. 성적을 괴롭히지 마라, 림붕이! 나를 봐라! 부러진 마음으로 도망 온 너를 위해 나는 최선을 다해 죄악감을 지워주었다! 하지만 너는 아무것도 하지 않았지! 차라리 네가 거던 대신 공부를 하지 그랬나? 너의 탓이군! 림붕이! 이런데도 내가, 악인가? 점수는 가장 먼저 무릎 꿇은 놈이다. 거던은 결국 강의의 아래에 있을 수밖에 없다는... 이러니저러니 해도 거던은 정가를 칠 수 있게 해줄 거라는 안일함에 스스로 눈을 가린 놈! 네가 점수가 올라가려는 것을 알고 있었다면, 그때 깎이지 않게 도왔어야지! 네 탓이군! 림붕이! 다 너로 인해서다, 림붕이! 네가 공부를 하는 대신에 억지로 거던을 돌려고 했기 때문에 벌어진 일이다! 이번에도 네 탓이로군, 림붕이! 똑바로 봐, F가 되지 않기 위해 기껏 버티고 만들던 믿음이 무너져서 하얗게 죽어가고 있는 모습을!  내 탓이군, 림버스! 내 성적은 너의 탓이다, 림버스!  젠장"
1973530,1,거던... 거던을 돌아야해... 더 많은 거던..! 더 많은 거던을...
1973530,1,상자...! 상자가 흘러넘치고 있군 1박스 아니 1조각만이라도 좋으니 제발 내게!!!! 슈나쟝께서 날 용서치 않으신다 하더라도...!!!
1973530,1,'기타 치장템은 딱히 상관이 없는데 적어도 플레이어블 캐릭터와 관련 요소들 만큼은 올컬렉이나 그에 준할 정도로 모을 수 있는 혜자겜이 있었음 좋겠다' 하는 강박증 있으면 걍 시작해보세요... 진짜 지금까지 가챠겜 장르 << 내가 원하는 캐릭터가 있어도 걔를 못 뽑거나 걔한테 끼워야 할 장비 못 맞추면 못 쓰게 만드는 거 불쾌해서 거의 안했는데 얘는 시즌마다 시즌 패스만 박으면 되니까 얘만 계속 붙잡고 있게 됨;
1973530,1,대지훈! 슈나장! 림버스 컴퍼니 너무 재밌어요 앞으로도 잘 되었으면 좋겠어요 림버스 컴퍼니라는 게임을 떠나서 김지훈 디렉터의 회사 운영방침도 너무 존경합니다 프로젝트 문 화이팅!
1973530,1,거던!을 돌?아요.거던!을 돌?아요.거던!을 돌?아요.거던!을 돌?아요.거던!을 돌?아요.거던!을 돌?아요.거던!을 돌?아요.
1973530,1,스토리 좋고 노래도 좋아서 다 좋은데 처음에 뽑기가 망하면 좀 어려워서 리세하는데 좀 걸리는 거랑 거던 도는데 시간이 좀 걸려서 귀찮은게 단점이긴한데 그냥 플레이 같은걸로만 따지면 연출도 좋고 과금안해도 거던돌면서 정가 칠수 있어서 적극추천 재밌음
1973530,1,2배속안만들어주면게이2배속안만들어주면게이2배속안만들어주면게이2배속안만들어주면게이2배속안만들어주면게이2배속안만들어주면게이2배속안만들어주면게이2배속안만들어주면게이2배속안만들어주면게이2배속안만들어주면게이2배속안만들어주면게이2배속안만들어주면게이2배속안만들어주면게이2배속안만들어주면게이2배속안만들어주면게이2배속안만들어주면게이2배속안만들어주면게이2배속안만들어주면게이2배속안만들어주면게이2배속안만들어주면게이2배속안만들어주면게이2배속안만들어주면게이2배속안만들어주면게이2배속안만들어주면게이2배속안만들어주면게이2배속안만들어주면게이2배속안만들어주면게이2배속안만들어주면게이2배속안만들어주면게이2배속안만들어주면게이2배속안만들어주면게이2배속안만들어주면게이2배속안만들어주면게이2배속안만들어주면게이2배속안만들어주면게이2배속안만들어주면게이2배속안만들어주면게이2배속안만들어주면게이2배속안만들어주면게이2배속안만들어주면게이2배속안만들어주면게이2배속안만들어주면게이2배속안만들어주면게이2배속안만들어주면게이2배속안만들어주면게이2배속안만들어주면게이2배속안만들어주면게이2배속안만들어주면게이2배속안만들어주면게이2배속안만들어주면게이2배속안만들어주면게이2배속안만들어주면게이2배속안만들어주면게이2배속안만들어주면게이
1973530,1,니탓이군! 니탓이군! 니탓이군! 니탓이군! 니탓이군! 니탓이군! 니탓이군! 니탓이군! 니탓이군! 니탓이군! 니탓이군! 니탓이군! 니탓이군! 니탓이군! 니탓이군! 니탓이군! 니탓이군! 니탓이군! 니탓이군! 니탓이군! 니탓이군! 니탓이군! 니탓이군! 니탓이군! 니탓이군! 니탓이군! 니탓이군! 니탓이군! 니탓이군! 니탓이군! 니탓이군! 니탓이군! 니탓이군! 니탓이군! 니탓이군! 니탓이군! 니탓이군! 니탓이군! 니탓이군! 니탓이군! 니탓이군! 니탓이군! 니탓이군! 니탓이군! 니탓이군! 니탓이군! 니탓이군! 니탓이군! 니탓이군! 니탓이군! 니탓이군! 니탓이군! 니탓이군! 니탓이군! 니탓이군! 니탓이군! 니탓이군! 니탓이군! 니탓이군! 니탓이군! 니탓이군! 니탓이군! 니탓이군! 니탓이군! 니탓이군! 니탓이군! 니탓이군! 니탓이군! 니탓이군! 니탓이군! 니탓이군! 니탓이군! 니탓이군! 니탓이군! 니탓이군! 니탓이군! 니탓이군! 니탓이군! 니탓이군! 니탓이군! 니탓이군! 니탓이군! 니탓이군! 니탓이군! 니탓이군! 니탓이군! 니탓이군! 니탓이군! 니탓이군! 니탓이군! 니탓이군! 니탓이군! 니탓이군! 니탓이군! 니탓이군!
1973530,1,"잠깐 해봤는데 재밌어요.  스토리 6,7장 엔딩 보고 대가리 깨져서 지금까지 8만원을 현질했어요.  턱에서는 흰수염도 나기 시작했어요."
1973530,1,"[h1] 연출 GOAT [/h1] - 좋았던 부분 1. 이 게임에서 설령 스토리 호불호가 갈릴 지언정 연출의 멋있음에 대해서는 이견이 없을 것 같습니다. 멋진 음악, 디테일에 충실한 전투배경, 스토리 전용 일러스트의 풍부함 등 보는 맛이 아주 뛰어난 게임입니다. 2. 실력에 운빨이 가미된 독특한 전투, 이번 턴의 내 결정이 어떠한 결과를 초래할지 지켜보는 맛이 쫄깃합니다. 3. 박리다매식 가차게임입니다. 노가다에 자신이 있다면 시즌 패스 하나만 구매해도 올컬렉이 가능한 게임.  -아쉬운 부분 1. 루즈한 초반부 장점에서 언급된 멋진 연출이란 부분은 4장부터 해당됩니다. 3장 까지는 그냥 그런 심심한 스토리에 연출도 별 감흥이 없다가 3장 후반부에서 연출이 좀 괜찮다는 느낌을 받았습니다. 2. 불친절한 전투학습 제 게임 실력과 이해력이 부족한 점도 있겠습니다만 이 게임의 전투 메커니즘을 이해하는 건 진짜 쉽지 않습니다. 제가 전투를 어떻게 진행해야 할지 완전히 학습된 시점은 반복 컨텐츠 뺑이도 좀 치고 스토리도 제법 진행한 5장 클리어 시점, 플레이 타임으로는 약 100시간 째였던 것 같습니다.  -요약 전투면에서도 그렇고 연출과 스토리 적으로도 그렇고, 여러모로 이 게임의 진면목은 4장부터입니다. 맛만 가볍게 보자고 생각하신다면 4장까지 해보고 결정하시길 추천 드립니다. 애초에 3장까진 짧고 쉬워서 금방이기도 하고."
1973530,1,"P+ENTER  거던바거던바거던바거던바거던바거던바거던바거던바거던바거던바거던바거던바거던바거던바거던바거던바거던바거던바거던바거던바거던바거던바거던바거던바거던바거던바거던바거던바거던바거던바거던바거던바거던바거던바거던바거던바거던바거던바거던바거던바거던바거던바거던바거던바거던바거던바거던바거던바거던바거던바거던바거던바거던바거던바거던바거던바거던바거던바거던바거던바거던바거던바거던바거던바거던바거던바거던바거던바거던바거던바거던바거던바거던바거던바거던바거던바거던바거던바거던바거던바거던바거던바거던바거던바 바이올린 내놔 거던바거던바거던바거던바거던바거던바거던바거던바거던바거던바거던바거던바거던바거던바거던바거던바거던바거던바"
1973530,1,"추천 점수 4/5  스토리 및 연출 : 3장까지도 나쁘지는 않았지만, 4장부터 스토리와 연출이 대단해짐. 5장부터는 전투에 연출이 녹아들며, 6장과 7장의 연출은 다시 봐도 대단함. 단, 6장의 경우 억지 요소가 없지는 않음. 전투 : 타격감, 전술성 좋음. 특히 최근 인격/E.G.O의 경우에는 화려하고 때리는 맛이 있음. 과금 : 소과금이면 충분하고, 그 이상은 선택. 단점 : 초기 인격/E.G.O의 경우 드물게 괴물급 성능도 있지만 어딘가 하자가 있는 게 많음. 또한, 최신 인격일수록 성능이 전반적으로 좋음. 이는 스토리적으로도 노린 바가 있다고는 하나, 기껏 뽑은 인격이 구 인격인 경우 기분이 좋지는 않음. 기타 : 4장까지와 이후의 스토리 일러가 다름. 개인차가 있지만 본인은 4장까지의 스토리 일러가 마음에 안들어서 감점요소. 4장까지의 스토리 일러스트레이터가 논란으로 인해 바뀜. 논란과 별개로 해당 일러스트레이터의 일러가 게임 내 스텐딩/인격/E.G.O/SD캐릭터와 워낙 다르게 생겨서 4장 이후의 스토리 일러가 좋다는 의견도 있음. 일단 난 그대로 였으면 이질감이 커서 안했을 듯. 4장 이전의 스토리 일러가 마음에 안 들면 딱 4장까지만 버티길 바람. 반대로 4장까지의 스토리 일러가 취향이면 유감임."
1973530,1,잔인한데 재밌고  스토리가  탄탄하고  뽑기하는   맛이 있고  암튼  재밌어요
1973530,1,P Enter P Enter P Enter P Enter P Enter P Enter P Enter P Enter P Enter P Enter P Enter P Enter P Enter P Enter P Enter P Enter P Enter P Enter P Enter P Enter P Enter P Enter P Enter P Enter P Enter P Enter P Enter P Enter P Enter P Enter P Enter P Enter P Enter P Enter P Enter P Enter P Enter P Enter P Enter P Enter P Enter P Enter P Enter P Enter P Enter P Enter P Enter P Enter P Enter P Enter P Enter P Enter P Enter P Enter P Enter P Enter P Enter P Enter P Enter P Enter P Enter P Enter P Enter P Enter P Enter P Enter P Enter P Enter P Enter P Enter P Enter P Enter P Enter P Enter P Enter P Enter P Enter P Enter P Enter P Enter P Enter P Enter P Enter P Enter P Enter P Enter P Enter P Enter P Enter P Enter P Enter P Enter P Enter P Enter P Enter P Enter P Enter P Enter P Enter P Enter P Enter P Enter P Enter P Enter P Enter P Enter P Enter P Enter P Enter P Enter P Enter P Enter P Enter P Enter P Enter P Enter P Enter P Enter P Enter P Enter P Enter P Enter P Enter P Enter P Enter P Enter P Enter P Enter P Enter P Enter P Enter P Enter P Enter P Enter P Enter P Enter P Enter P Enter P Enter P Enter P Enter P Enter P Enter P Enter P Enter P Enter P Enter P Enter P Enter P Enter P Enter P Enter P Enter P Enter P Enter P Enter P Enter P Enter P Enter P Enter P Enter P Enter P Enter P Enter P Enter P Enter P Enter P Enter P Enter P Enter P Enter P Enter P Enter P Enter P Enter P Enter P Enter P Enter P Enter P Enter P Enter P Enter P Enter P Enter P Enter P Enter P Enter P Enter P Enter P Enter P Enter P Enter P Enter P Enter P Enter P Enter P Enter P Enter P Enter P Enter P Enter P Enter P Enter P Enter P Enter P Enter P Enter P Enter P Enter P Enter P Enter P Enter P Enter P Enter P Enter P Enter P Enter P Enter P Enter P Enter P Enter P Enter P Enter P Enter P Enter P Enter P Enter P Enter P Enter P Enter P Enter P Enter P Enter P Enter P Enter P Enter P Enter P Enter P Enter P Enter P Enter P Enter P Enter P Enter P Enter P Enter P Enter P Enter P Enter P Enter P Enter P Enter P Enter P Enter P Enter P Enter P Enter P Enter P Enter P Enter P Enter P Enter P Enter P Enter P Enter P Enter P Enter P Enter P Enter P Enter P Enter P Enter P Enter P Enter P Enter P Enter P Enter P Enter P Enter P Enter P Enter P Enter P Enter P Enter P Enter P Enter P Enter P Enter P Enter P Enter P Enter P Enter P Enter P Enter P Enter P Enter P Enter P Enter P Enter P Enter P Enter P Enter P Enter P Enter P Enter P Enter P Enter P Enter P Enter P Enter P Enter P Enter P Enter P Enter P Enter P Enter P Enter P Enter P Enter P Enter P Enter P Enter P Enter P Enter P Enter P Enter P Enter P Enter P Enter P Enter P Enter P Enter P Enter P Enter P Enter P Enter P Enter P Enter P Enter P Enter P Enter P Enter P Enter P Enter P Enter P Enter P Enter P Enter P Enter P Enter P Enter P Enter P Enter P Enter P Enter P Enter P Enter P Enter P Enter P Enter P Enter P Enter P Enter P Enter P Enter P Enter P Enter P Enter P Enter P Enter P Enter P Enter P Enter P Enter P Enter P Enter P Enter P Enter P Enter P Enter P Enter P Enter P Enter P Enter P Enter P Enter P Enter P Enter P Enter P Enter P Enter P Enter P Enter P Enter P Enter P Enter P Enter P Enter P Enter P Enter P Enter P Enter P Enter P Enter P Enter P Enter P Enter P Enter P Enter P Enter P Enter P Enter P Enter P Enter P Enter P Enter P Enter P Enter P Enter P Enter P Enter P Enter P Enter P Enter P Enter P Enter P Enter P Enter P Enter P Enter P Enter P Enter P Enter P Enter P Enter P Enter P Enter P Enter P Enter P Enter P Enter P Enter P Enter P Enter P Enter P Enter P Enter P Enter P Enter P Enter P Enter P Enter P Enter P Enter P Enter P Enter P Enter P Enter P Enter P Enter P Enter P Enter P Enter P Enter P Enter P Enter P Enter P Enter P Enter P Enter P Enter P Enter P Enter P Enter P Enter P Enter P Enter P Enter P Enter P Enter P Enter P Enter P Enter P Enter P Enter P Enter P Enter P Enter P Enter P Enter P Enter P Enter P Enter P Enter P Enter P Enter P Enter P Enter P Enter P Enter P Enter P Enter P Enter P Enter P Enter P Enter P Enter P Enter P Enter P Enter P Enter P Enter P Enter P Enter P Enter P Enter P Enter P Enter P Enter P Enter P Enter P Enter P Enter P Enter P Enter P Enter P Enter P Enter P Enter P Enter P Enter P Enter P Enter P Enter P Enter P Enter P Enter P Enter P Enter P Enter P Enter P Enter P Enter P Enter P Enter P Enter P Enter P Enter P Enter P Enter P Enter P Enter P Enter P Enter P Enter P Enter P Enter P Enter P Enter P Enter P Enter P Enter P Enter P Enter P Enter P Enter P Enter P Enter P Enter P Enter P Enter P Enter P Enter P Enter P Enter P Enter P Enter P Enter P Enter P Enter P Enter P Enter P Enter P Enter P Enter P Enter P Enter P Enter P Enter P Enter P Enter P Enter P Enter P Enter P Enter P Enter P Enter P Enter P Enter P Enter P Enter P Enter P Enter P Enter P Enter P Enter P Enter P Enter P Enter P Enter P Enter P Enter P Enter P Enter P Enter P Enter P Enter P Enter P Enter P Enter P Enter P Enter P Enter P Enter P Enter P Enter P Enter P Enter P Enter P Enter P Enter P Enter P Enter P Enter P Enter P Enter P Enter P Enter P Enter P Enter P Enter P Enter P Enter P Enter P Enter P Enter P Enter P Enter P Enter P Enter P Enter P Enter P Enter P Enter P Enter P Enter P Enter P Enter P Enter P Enter P Enter P Enter P Enter P Enter P Enter P Enter P Enter P Enter P Enter P Enter P Enter P Enter P Enter P Enter P Enter P Enter P Enter P Enter P Enter P Enter P Enter P Enter P Enter P Enter P Enter P Enter P Enter P Enter P Enter P Enter P Enter P Enter P Enter P Enter P Enter P Enter P Enter P Enter P Enter P Enter P Enter P Enter P Enter P Enter P Enter P Enter P Enter P Enter P Enter P Enter P Enter P Enter P Enter P Enter P Enter P Enter P Enter P Enter P Enter P Enter P Enter P Enter P Enter P Enter P Enter P Enter P Enter P Enter P Enter P Enter P Enter P Enter P Enter P Enter P Enter P Enter P Enter P Enter P Enter P Enter P Enter P Enter P Enter P Enter P Enter P Enter P Enter P Enter P Enter P Enter P Enter P Enter P Enter P Enter P Enter P Enter P Enter P Enter P Enter P Enter P Enter P Enter P Enter P Enter P Enter P Enter P Enter P Enter P Enter P Enter P Enter P Enter P Enter P Enter P Enter P Enter P Enter P Enter P Enter P Enter P Enter P Enter P Enter P Enter P Enter P Enter P Enter P Enter P Enter P Enter P Enter P Enter P Enter P Enter P Enter P Enter P Enter P Enter P Enter P Enter P Enter P Enter P Enter P Enter P Enter P Enter P Enter P Enter P Enter P Enter P Enter P Enter P Enter P Enter P Enter P Enter P Enter P Enter P Enter P Enter P Enter P Enter P Enter P Enter P Enter P Enter P Enter P Enter P Enter P Enter P Enter P Enter P Enter P Enter P Enter P Enter P Enter P Enter P Enter P Enter P Enter P Enter P Enter P Enter P Enter P Enter P Enter P Enter P Enter P Enter P Enter P Enter P Enter P Enter P Enter P Enter P Enter P Enter P Enter P Enter P Enter P Enter P Enter P Enter P Enter P Enter P Enter P Enter P Enter P Enter P Enter P Enter P Enter P Enter P Enter P Enter P Enter P Enter P Enter P Enter P Enter P Enter P Enter P Enter P Enter P Enter P Enter P Enter P Enter P Enter P Enter P Enter P Enter P Enter P Enter P Enter P Enter P Enter P Enter P Enter P Enter P Enter P Enter P Enter P Enter P Enter P Enter P Enter P Enter P Enter P Enter P Enter P Enter P Enter P Enter P Enter P Enter P Enter P Enter P Enter P Enter P Enter P Enter P Enter P Enter P Enter P Enter P Enter P Enter P Enter P Enter P Enter P Enter P Enter P Enter P Enter P Enter P Enter P Enter P Enter P Enter P Enter P Enter P Enter P Enter P Enter P Enter P Enter P Enter P Enter P Enter P Enter P Enter P Enter P Enter P Enter P Enter P Enter P Enter P Enter P Enter P Enter P Enter P Enter P Enter P Enter P Enter P Enter P Enter P Enter P Enter P Enter P Enter P Enter P Enter P Enter P Enter P Enter P Enter P Enter P Enter P Enter P Enter P Enter P Enter P Enter P Enter P Enter P Enter P Enter P Enter P Enter P Enter P Enter P Enter P Enter P Enter
1973530,1,"스토리 구성도 좋고, 무엇보다 각각 캐릭터마다 가지고 있는 사연을 풀어내는 방식이 특이해서 좋았습니다! 전투신도 완전 타격감MAX라 보는 내내 지루함 1도 못 느꼈고 게임을 하면 스토리도 원래 스킵하던 사람이었는데 여기가 스토리 맛집이라 한번 볼까? 보다가 울었습니다.. 너무 좋았습니다, 성우분들도 좋고 그냥 다 완벽했어요. 진짜 제 인생겜에 들어갈 정도로.. 최곱니다 다들 뭐해요 당장 다운받으세요"
1973530,1,타격감 좋고 어려워도 판 박으면서 시간쓰면 깨지는 느낌 벽이 한번씩 있지만 그게 오히려 이 게임의 맛을 살려주는 느낌이었음 스토리도 좋아서 다 하고 다음장을 계속 기다리게 됨. 안 좋은 것만 말하자면 튜토리얼이 이해하기 힘듦 유투브가서 기본 개념 공부하고 오면 쉽게 할만 합니다.
1973530,1,"모바일로 하다가 스팀을 넘어왔고 좋은 게임이라 자부 할 수 있습니다만  저만 그런지 모르겠는데  치프버틀러 료슈를 자판기에서 정가 치지 않았음에도 자판기에 뜨지 않습니다 혹시 확인 가능할까요?"
1973530,1,재밌습니다. 프로젝트문 팬이라 처음 접해봤는데 스토리도 심오하고 빠져들면 재밋어요
1973530,1,모바일 1040시간 플레이한 거악귀인데 게임 ㅈㄴ재밋다
1973530,1,씹 갓겜 오마갓 인기만 없을뿐 이해력만 좋으면 갓 겜인 역시 프문 그는 신이야!!!!!!!!!
1973530,1,"시즌 2때 접었지만 결국 다시 돌아와버린 게임. 사랑해요 프문."
1973530,1,"컨텐츠 부족한 것만 제외하면 진짜 갓겜 스토리랑 게임이 호불호 갈릴 수 있긴한데 사이버 펑크 엣지러너나 진격의 거인 좋아하면 진짜 환장할 스토리임  세계관이랑 캐릭터들이 너무 매력적이라서 진짜 취향에만 맞으면 끝도 없이 빠져들고 못빠져나옴"
1973530,1,"스토리와 세계관, 설정, 성우 연기는 매우 훌륭  그래픽이나 아트스타일 좋음  전투가 다소 재미없고 불필요하게 시스템이 난잡하다는게 단점  하지만, 가챠 게임치고 과금유도도 적고 전체적으로 추천할만한 게임"
1973530,1,"스토리가 굉장히 좋고 게임 자체를 플레이하는 데 있어서 큰 돈을 들이지 않아도 되서 좋습니다. 시즌 패스는 구매하는게 굉장히 이득이고 꾸준히 한다면 새로운 인격을 얻는 데는 문제가 크게 없습니다. 다만 인격들을 키우는 것은 다소 어렵기에 그 부분은 제작사가 보완을 해준다면 좋을 것 같습니다."
1973530,1,게임을 하는 모든순간 나는 하나의 게임이 아닌 한 편의 소설을 읽었습니다
1973530,1,편성덱 완전초기화가 있으면 좋겠어요 옛날부터 이것저것 만들고 쓰고 하다보니 편성덱이 개판이 되는대 일일이 눌러서 정리하기 너무 귀찮아요
1973530,1,돈키호테 너무 맛있어돈키호테 너무 맛있어돈키호테 너무 맛있어돈키호테 너무 맛있어돈키호테 너무 맛있어돈키호테 너무 맛있어돈키호테 너무 맛있어돈키호테 너무 맛있어돈키호테 너무 맛있어돈키호테 너무 맛있어돈키호테 너무 맛있어돈키호테 너무 맛있어돈키호테 너무 맛있어돈키호테 너무 맛있어돈키호테 너무 맛있어돈키호테 너무 맛있어돈키호테 너무 맛있어돈키호테 너무 맛있어돈키호테 너무 맛있어돈키호테 너무 맛있어돈키호테 너무 맛있어돈키호테 너무 맛있어돈키호테 너무 맛있어돈키호테 너무 맛있어돈키호테 너무 맛있어돈키호테 너무 맛있어돈키호테 너무 맛있어돈키호테 너무 맛있어돈키호테 너무 맛있어돈키호테 너무 맛있어돈키호테 너무 맛있어돈키호테 너무 맛있어돈키호테 너무 맛있어돈키호테 너무 맛있어돈키호테 너무 맛있어돈키호테 너무 맛있어돈키호테 너무 맛있어돈키호테 너무 맛있어돈키호테 너무 맛있어돈키호테 너무 맛있어돈키호테 너무 맛있어돈키호테 너무 맛있어돈키호테 너무 맛있어돈키호테 너무 맛있어돈키호테 너무 맛있어돈키호테 너무 맛있어돈키호테 너무 맛있어돈키호테 너무 맛있어돈키호테 너무 맛있어돈키호테 너무 맛있어돈키호테 너무 맛있어돈키호테 너무 맛있어돈키호테 너무 맛있어돈키호테 너무 맛있어돈키호테 너무 맛있어돈키호테 너무 맛있어돈키호테 너무 맛있어돈키호테 너무 맛있어돈키호테 너무 맛있어돈키호테 너무 맛있어돈키호테 너무 맛있어돈키호테 너무 맛있어돈키호테 너무 맛있어돈키호테 너무 맛있어돈키호테 너무 맛있어돈키호테 너무 맛있어돈키호테 너무 맛있어돈키호테 너무 맛있어돈키호테 너무 맛있어돈키호테 너무 맛있어돈키호테 너무 맛있어돈키호테 너무 맛있어돈키호테 너무 맛있어돈키호테 너무 맛있어돈키호테 너무 맛있어돈키호테 너무 맛있어돈키호테 너무 맛있어
1973530,1,프문 씨발!!!!!!!!!!!!!!!!!!!!!!!! 개갓겜!!!!!!!!!!!!!!!
1973530,0,존나 일부로 난이도 이따위로 잡은거면 병신들이 따로없다 시발 재화는 좆같이 안주면서 인격빨로 깨는건 시발 누구발상이냐 좆병신 같은 게임 진짜 시발 대단하다 진짜 이런 좆병신 같은 게임은 처음 본다 시발 난이도 진짜 시발이다 머리를 쓰라고?시발 싫은데? 게임하는데 생각을 해야하는게 존나 짜증난다 시간을 갈으라고?내가 백수냐?좆까는 소리하지마라 진짜 현질 하기싫은 게임은 또 처음이네 시발
1973530,1,나는 1000레벨인데 왜 400레벨 친구보다 상자가 딸린거시오 허엉허ㅗ호ㅓㅏㅓㅓㅎ훟후후ㅠㅠㅜㅜㅠㅜㅠㅜ
1973530,1,"진짜 ost도 좋고 무,소과금 친화적이고 게임성도 좋고 스토리도 좋음             문제는 컨텐츠가 2~4달만에 동난다는거임"
1973530,1,"새벽에 일어나서 경던, 끈던 x3, 거던  점심에 거던  저녁 전에 거던  저녁 먹고 거던  자기 전에 거던  내 인생 어디감? ?"
1973530,1,"(초반)그림은 투박하고 내용은 달밤에 피에미친 개똥이 나오는 고전중2병 내용인데?  (중반이후) 우효wwwww존나이쁜wwwwww너무멋진wwwww스토리가너무좋은wwwwwwww"
1973530,1,"스토리가 개쩜 시발 ㅋㅋㅋㅋㅋㅋㅋㅋㅋㅋㅋㅋㅋㅋㅋ  무료임 시발 ㅋㅋㅋㅋㅋㅋㅋㅋㅋㅋㅋㅋㅋㅋㅋㅋㅋㅋㅋㅋ 노래가 시발 ㅋㅋㅋㅋㅋㅋㅋㅋㅋㅋㅋㅋㅋㅋㅋㅋㅋㅋㅋㅋ"
1973530,1,"뉴비:이게 뭐하는 게임이지 중수:그래서 합이 뭔데 고인물:거던을 빠르게 깨야 한다 썩은물:딸깍"
1973530,0,"실행하는 것마저도 고생이구나, 4번을 튕겼더니 다운을 또 받으라는구나, 다운받고 나니 이젠 실행마저 안 되는구나."
1973530,0,뭔놈의 게임이 동전 판치기 딸깍이야 무슨   짜증나서 못해먹겠네
1973530,0,왜 나만 좋은거 안나옴?왜 나만 좋은거 안나옴?왜 나만 좋은거 안나옴?왜 나만 좋은거 안나옴?왜 나만 좋은거 안나옴?왜 나만 좋은거 안나옴?왜 나만 좋은거 안나옴?왜 나만 좋은거 안나옴?왜 나만 좋은거 안나옴?왜 나만 좋은거 안나옴?왜 나만 좋은거 안나옴?왜 나만 좋은거 안나옴?왜 나만 좋은거 안나옴?왜 나만 좋은거 안나옴?왜 나만 좋은거 안나옴?왜 나만 좋은거 안나옴?왜 나만 좋은거 안나옴?왜 나만 좋은거 안나옴?왜 나만 좋은거 안나옴?왜 나만 좋은거 안나옴?왜 나만 좋은거 안나옴?왜 나만 좋은거 안나옴?왜 나만 좋은거 안나옴?왜 나만 좋은거 안나옴?왜 나만 좋은거 안나옴?왜 나만 좋은거 안나옴?왜 나만 좋은거 안나옴?왜 나만 좋은거 안나옴?왜 나만 좋은거 안나옴?왜 나만 좋은거 안나옴?왜 나만 좋은거 안나옴?왜 나만 좋은거 안나옴?왜 나만 좋은거 안나옴?왜 나만 좋은거 안나옴?왜 나만 좋은거 안나옴?왜 나만 좋은거 안나옴?왜 나만 좋은거 안나옴?왜 나만 좋은거 안나옴?왜 나만 좋은거 안나옴?왜 나만 좋은거 안나옴?왜 나만 좋은거 안나옴?왜 나만 좋은거 안나옴?왜 나만 좋은거 안나옴?왜 나만 좋은거 안나옴?왜 나만 좋은거 안나옴?왜 나만 좋은거 안나옴?왜 나만 좋은거 안나옴?왜 나만 좋은거 안나옴?왜 나만 좋은거 안나옴?왜 나만 좋은거 안나옴?왜 나만 좋은거 안나옴?왜 나만 좋은거 안나옴?왜 나만 좋은거 안나옴?왜 나만 좋은거 안나옴?왜 나만 좋은거 안나옴?왜 나만 좋은거 안나옴?왜 나만 좋은거 안나옴?왜 나만 좋은거 안나옴?왜 나만 좋은거 안나옴?왜 나만 좋은거 안나옴?왜 나만 좋은거 안나옴?왜 나만 좋은거 안나옴?왜 나만 좋은거 안나옴?왜 나만 좋은거 안나옴?왜 나만 좋은거 안나옴?왜 나만 좋은거 안나옴?왜 나만 좋은거 안나옴?왜 나만 좋은거 안나옴?왜 나만 좋은거 안나옴?왜 나만 좋은거 안나옴?왜 나만 좋은거 안나옴?왜 나만 좋은거 안나옴?왜 나만 좋은거 안나옴?왜 나만 좋은거 안나옴?왜 나만 좋은거 안나옴?왜 나만 좋은거 안나옴?왜 나만 좋은거 안나옴?왜 나만 좋은거 안나옴?왜 나만 좋은거 안나옴?왜 나만 좋은거 안나옴?왜 나만 좋은거 안나옴?왜 나만 좋은거 안나옴?왜 나만 좋은거 안나옴?왜 나만 좋은거 안나옴?왜 나만 좋은거 안나옴?왜 나만 좋은거 안나옴?왜 나만 좋은거 안나옴?왜 나만 좋은거 안나옴?왜 나만 좋은거 안나옴?왜 나만 좋은거 안나옴?왜 나만 좋은거 안나옴?왜 나만 좋은거 안나옴?왜 나만 좋은거 안나옴?왜 나만 좋은거 안나옴?왜 나만 좋은거 안나옴?왜 나만 좋은거 안나옴?왜 나만 좋은거 안나옴?왜 나만 좋은거 안나옴?왜 나만 좋은거 안나옴?왜 나만 좋은거 안나옴?왜 나만 좋은거 안나옴?
1973530,1,현질 안해도 캐릭터 다 얻을 수 있어서 좋아요.  세계관 설정도 재밌구요.  다만 스토리를 다 밀면 컨텐츠가 거울던전밖에 없는건 좀 아쉽네요
1973530,1,merry go round~~ in the circle I run~~~ it's so much fun leaving reality behind~~~~~~~~
1973530,1,"로보토미, 라오루 둘다 중도 포기했는데 이건 접근성도 많이 낮아졌고 할만하다 싶은데. 과연 끝까지 할수 있을 것인가......."
1973530,1,"턴제 좋아하는데 턴방식에 독특한 방식이라 처음에는 어색한데 매우 만족할한만 플래이중입니다 다만, 일정 수준 올라가면 무한 반복,.,,,,"
1973530,0,"그냥 운빨 망겜임 적들은 정신력 -45에 전부다 앞면이고 우리는 정신력 45에 전부다 뒷면이고"
1973530,1,"다들 어렵다 다 외워야 한다 하던데, 그냥 덱 하나만 제대로 맞춰주면 승률딸깍으로 왠만한 거 다 카바됨"
1973530,1,왜 W사가 엔케팔린 없어서 헐떡이는지 거던을 돌다보니 깨닫게 되었습니다.
1973530,1,"<매력적인 점> - 스토리에서 맛본 감동(처음으로 게임하다가 울어봄) - 풀 더빙(더빙 감독님 누군지 궁금할 지경으로 성우분들과 캐릭터들이 혼연일체 하고 있음.) - 전투 시 타격감(타격음, 이펙트, 모션, sd 퀄리티 등 전부 대만족) - 캐릭터들의 매력(캐릭터 하나하나가 살아있는 것 같음 거의 발더스게이트3과 비슷하게 생동감을 느낌).   어느 순간 12명 전부 응원하고 있는 나 자신 발견 - 테마곡(브금도 좋은데 각 장의 테마곡은 정말 이루 말할 수 없게 스토리와 어우러져 감동에 정점 찍음.) <신기한 점> - 다른 수집형 게임과 다르게 새로운 캐릭터가 끊임없이 출시되는 방식이 아닌 고정 캐릭터들 12명을 새로운 콘셉트?(스킨이랑은 좀 다른)로 출시하는 방식인데 신기할 정도로 질리지 않고 나올 때마다 새로움. 그리고 그 콘셉트들이 일리가 있고 메인 스토리와 잘 어우러짐. - 게임이 지속적으로 발전하는 게 진짜 눈에 보임. - 시간 들이면 무과금으로도 충분해서 부담감 없고 이렇게 운영하다가 게임사 망할까 봐 오히려 현질함. <기타> - 조금 더 바라는 점이라면 아무래도 기존과 다른 방식의 콘텐츠 추가겠지만 게임사를 믿고 기다릴 수 있을 정도의 신뢰를 지금까지 보여주었기에 재촉하고 싶지 않다는고 할까... 지금은 응원하며 기다리고 싶네요. - 아, 개선 언급되긴 했지만 튜토리얼이 절대 튜토리얼이 아님!! 전작 안 해본 사람으로써 진입장벽 꽤 느꼈음. 초반엔 게임 시간보다 공략 찾아다니는 시간이 더 길었고 전투 한 번 하면 주렁주렁 달려있는 디버프며 스킬 설명, 기믹이 진짜 비문학 지문이라 딸깍 안 하고 싶었는데 읽다가 질려서 결국 딸깍하게 됨. 근데 또 나중엔 다 읽게 됨(??)"
1973530,1,당신은 오늘 거던을 몇번돌았나요? 저는 오늘 거던을 110번 돌았어요!!최우수 거던 생존자일거에요!!당신은 오늘 거던을 몇번돌았나요? 저는 오늘 거던을 110번 돌았어요!!최우수 거던 생존자일거에요!!당신은 오늘 거던을 몇번돌았나요? 저는 오늘 거던을 110번 돌았어요!!최우수 거던 생존자일거에요!!당신은 오늘 거던을 몇번돌았나요? 저는 오늘 거던을 110번 돌았어요!!최우수 거던 생존자일거에요!!당신은 오늘 거던을 몇번돌았나요? 저는 오늘 거던을 110번 돌았어요!!최우수 거던 생존자일거에요!!당신은 오늘 거던을 몇번돌았나요? 저는 오늘 거던을 110번 돌았어요!!최우수 거던 생존자일거에요!!당신은 오늘 거던을 몇번돌았나요? 저는 오늘 거던을 110번 돌았어요!!최우수 거던 생존자일거에요!!당신은 오늘 거던을 몇번돌았나요? 저는 오늘 거던을 110번 돌았어요!!최우수 거던 생존자일거에요!!당신은 오늘 거던을 몇번돌았나요? 저는 오늘 거던을 110번 돌았어요!!최우수 거던 생존자일거에요!!당신은 오늘 거던을 몇번돌았나요? 저는 오늘 거던을 110번 돌았어요!!최우수 거던 생존자일거에요!!당신은 오늘 거던을 몇번돌았나요? 저는 오늘 거던을 110번 돌았어요!!최우수 거던 생존자일거에요!!당신은 오늘 거던을 몇번돌았나요? 저는 오늘 거던을 110번 돌았어요!!최우수 거던 생존자일거에요!!당신은 오늘 거던을 몇번돌았나요? 저는 오늘 거던을 110번 돌았어요!!최우수 거던 생존자일거에요!!당신은 오늘 거던을 몇번돌았나요? 저는 오늘 거던을 110번 돌았어요!!최우수 거던 생존자일거에요!!당신은 오늘 거던을 몇번돌았나요? 저는 오늘 거던을 110번 돌았어요!!최우수 거던 생존자일거에요!!당신은 오늘 거던을 몇번돌았나요? 저는 오늘 거던을 110번 돌았어요!!최우수 거던 생존자일거에요!!당신은 오늘 거던을 몇번돌았나요? 저는 오늘 거던을 110번 돌았어요!!최우수 거던 생존자일거에요!!당신은 오늘 거던을 몇번돌았나요? 저는 오늘 거던을 110번 돌았어요!!최우수 거던 생존자일거에요!!당신은 오늘 거던을 몇번돌았나요? 저는 오늘 거던을 110번 돌았어요!!최우수 거던 생존자일거에요!!당신은 오늘 거던을 몇번돌았나요? 저는 오늘 거던을 110번 돌았어요!!최우수 거던 생존자일거에요!!당신은 오늘 거던을 몇번돌았나요? 저는 오늘 거던을 110번 돌았어요!!최우수 거던 생존자일거에요!!당신은 오늘 거던을 몇번돌았나요? 저는 오늘 거던을 110번 돌았어요!!최우수 거던 생존자일거에요!!당신은 오늘 거던을 몇번돌았나요? 저는 오늘 거던을 110번 돌았어요!!최우수 거던 생존자일거에요!!당신은 오늘 거던을 몇번돌았나요? 저는 오늘 거던을 110번 돌았어요!!최우수 거던 생존자일거에요!!당신은 오늘 거던을 몇번돌았나요? 저는 오늘 거던을 110번 돌았어요!!최우수 거던 생존자일거에요!!당신은 오늘 거던을 몇번돌았나요? 저는 오늘 거던을 110번 돌았어요!!최우수 거던 생존자일거에요!!당신은 오늘 거던을 몇번돌았나요? 저는 오늘 거던을 110번 돌았어요!!최우수 거던 생존자일거에요!!당신은 오늘 거던을 몇번돌았나요? 저는 오늘 거던을 110번 돌았어요!!최우수 거던 생존자일거에요!!당신은 오늘 거던을 몇번돌았나요? 저는 오늘 거던을 110번 돌았어요!!최우수 거던 생존자일거에요!!당신은 오늘 거던을 몇번돌았나요? 저는 오늘 거던을 110번 돌았어요!!최우수 거던 생존자일거에요!!당신은 오늘 거던을 몇번돌았나요? 저는 오늘 거던을 110번 돌았어요!!최우수 거던 생존자일거에요!!당신은 오늘 거던을 몇번돌았나요? 저는 오늘 거던을 110번 돌았어요!!최우수 거던 생존자일거에요!!당신은 오늘 거던을 몇번돌았나요? 저는 오늘 거던을 110번 돌았어요!!최우수 거던 생존자일거에요!!당신은 오늘 거던을 몇번돌았나요? 저는 오늘 거던을 110번 돌았어요!!최우수 거던 생존자일거에요!!당신은 오늘 거던을 몇번돌았나요? 저는 오늘 거던을 110번 돌았어요!!최우수 거던 생존자일거에요!!당신은 오늘 거던을 몇번돌았나요? 저는 오늘 거던을 110번 돌았어요!!최우수 거던 생존자일거에요!!당신은 오늘 거던을 몇번돌았나요? 저는 오늘 거던을 110번 돌았어요!!최우수 거던 생존자일거에요!!당신은 오늘 거던을 몇번돌았나요? 저는 오늘 거던을 110번 돌았어요!!최우수 거던 생존자일거에요!!당신은 오늘 거던을 몇번돌았나요? 저는 오늘 거던을 110번 돌았어요!!최우수 거던 생존자일거에요!!당신은 오늘 거던을 몇번돌았나요? 저는 오늘 거던을 110번 돌았어요!!최우수 거던 생존자일거에요!!당신은 오늘 거던을 몇번돌았나요? 저는 오늘 거던을 110번 돌았어요!!최우수 거던 생존자일거에요!!당신은 오늘 거던을 몇번돌았나요? 저는 오늘 거던을 110번 돌았어요!!최우수 거던 생존자일거에요!!존자일거에요!!당신은 오늘 거던을 몇번돌았나요? 저는 오늘 거던을 110번 돌았어요!!최우수 거던 생존당신은 오늘 거던을 몇번돌았나요? 저는 오늘 거던을 110번 돌았어요!!최우수 거던 생존자일거에요!!당신은 오늘 거던을 몇번돌았나요? 저는 오늘 거던을 110번 돌았어요!!최우수 거던 생존자일거에요!!당신은 오늘 거던을 몇번돌았나요? 저는 오늘 거던을 110번 돌았어요!!최우수 거던 생존자일거에요!!당신은 오늘 거던을 몇번돌았나요? 저는 오늘 거던을 110번 돌았어요!!최우수 거던 생존자일거에요!!당신은 오늘 거던을 몇번돌았나요? 저는 오늘 거던을 110번 돌았어요!!최우수 거던 생존자일거에요!!당신은 오늘 거던을 몇번돌았나요? 저는 오늘 거던을 110번 돌았어요!!최우수 거던 생존자일거에요!!당신은 오늘 거던을 몇번돌았나요? 저는 오늘 거던을 110번 돌았어요!!최우수 거던 생존자일거에요!!당신은 오늘 거던을 몇번돌았나요? 저는 오늘 거던을 110번 돌았어요!!최우수 거던 생존자일거에요!!당신은 오늘 거던을 몇번돌았나요? 저는 오늘 거던을 110번 돌았어요!!최우수 거던 생존자일거에요!!당신은 오늘 거던을 몇번돌았나요? 저는 오늘 거던을 110번 돌았어요!!최우수 거던 생존자일거에요!!당신은 오늘 거던을 몇번돌았나요? 저는 오늘 거던을 110번 돌았어요!!최우수 거던 생존자일거에요!!당신은 오늘 거던을 몇번돌았나요? 저는 오늘 거던을 110번 돌았어요!!최우수 거던 생존자일거에요!!당신은 오늘 거던을 몇번돌았나요? 저는 오늘 거던을 110번 돌았어요!!최우수 거던 생존자일거에요!!당신은 오늘 거던을 몇번돌았나요? 저는 오늘 거던을 110번 돌았어요!!최우수 거던 생존자일거에요!!당신은 오늘 거던을 몇번돌았나요? 저는 오늘 거던을 110번 돌았어요!!최우수 거던 생존자일거에요!!당신은 오늘 거던을 몇번돌았나요? 저는 오늘 거던을 110번 돌았어요!!최우수 거던 생존자일거에요!!당신은 오늘 거던을 몇번돌았나요? 저는 오늘 거던을 110번 돌았어요!!최우수 거던 생존자일거에요!!당신은 오늘 거던을 몇번돌았나요? 저는 오늘 거던을 110번 돌았어요!!최우수 거던 생존자일거에요!!당신은 오늘 거던을 몇번돌았나요? 저는 오늘 거던을 110번 돌았어요!!최우수 거던 생존자일거에요!!당신은 오늘 거던을 몇번돌았나요? 저는 오늘 거던을 110번 돌았어요!!최우수 거던 생존자일거에요!!당신은 오늘 거던을 몇번돌았나요? 저는 오늘 거던을 110번 돌았어요!!최우수 거던 생존자일거에요!!당신은 오늘 거던을 몇번돌았나요? 저는 오늘 거던을 110번 돌았어요!!최우수 거던 생존자일거에요!!당신은 오늘 거던을 몇번돌았나요? 저는 오늘 거던을 110번 돌았어요!!최우수 거던 생존자일거에요!!당신은 오늘 거던을 몇번돌았나요? 저는 오늘 거던을 110번 돌았어요!!최우수 거던 생존자일거에요!!당신은 오늘 거던을 몇번돌았나요? 저는 오늘 거던을 110번 돌았어요!!최우수 거던 생존자일거에요!!당신은 오늘 거던을 몇번돌았나요? 저는 오늘 거던을 110번 돌았어요!!최우수 거던 생존자일거에요!!당신은 오늘 거던을 몇번돌았나요? 저는 오늘 거던을 110번 돌았어요!!최우수 거던 생존자일거에요!!당신은 오늘 거던을 몇번돌았나요? 저는 오늘 거던을 110번 돌았어요!!최우수 거던 생존자일거에요!!당신은 오늘 거던을 몇번돌았나요? 저는 오늘 거던을 110번 돌았어요!!최우수 거던 생존자일거에요!!당신은 오늘 거던을 몇번돌았나요? 저는 오늘 거던을 110번 돌았어요!!최우수 거던 생존자일거에요!!당신은 오늘 거던을 몇번돌았나요? 저는 오늘 거던을 110번 돌았어요!!최우수 거던 생존자일거에요!!당신은 오늘 거던을 몇번돌았나요? 저는 오늘 거던을 110번 돌았어요!!최우수 거던 생존자일거에요!!당신은 오늘 거던을 몇번돌았나요? 저는 오늘 거던을 110번 돌았어요!!최우수 거던 생존자일거에요!!
1973530,1,아니 재밋긴한데 친구가 30시간씩 해서 중독성이 너무 강해오 😎😎😎😎😎
1973530,1,우 우 우 우 거 거 거! 우 우 우 우 거 거 거! 우 우 우 우 거 거 거! 우 우 우 우 거 거 거! 우 우 우 우 거 거 거! 우 우 우 우 거 거 거! 우 우 우 우 거 거 거! 우 우 우 우 거 거 거! 우 우 우 우 거 거 거! 우 우 우 우 거 거 거! 우 우 우 우 거 거 거! 우 우 우 우 거 거 거! 우 우 우 우 거 거 거! 우 우 우 우 거 거 거! 우 우 우 우 거 거 거! 우 우 우 우 거 거 거! 우 우 우 우 거 거 거! 우 우 우 우 거 거 거! 우 우 우 우 거 거 거! 우 우 우 우 거 거 거! 우 우 우 우 거 거 거! 우 우 우 우 거 거 거! 우 우 우 우 거 거 거! 우 우 우 우 거 거 거! 우 우 우 우 거 거 거! 우 우 우 우 거 거 거! 우 우 우 우 거 거 거! 우 우 우 우 거 거 거! 우 우 우 우 거 거 거! 우 우 우 우 거 거 거! 우 우 우 우 거 거 거! 우 우 우 우 거 거 거! 우 우 우 우 거 거 거! 우 우 우 우 거 거 거! 우 우 우 우 거 거 거! 우 우 우 우 거 거 거! 우 우 우 우 거 거 거! 우 우 우 우 거 거 거! 우 우 우 우 거 거 거! 우 우 우 우 거 거 거! 우 우 우 우 거 거 거! 우 우 우 우 거 거 거! 우 우 우 우 거 거 거! 우 우 우 우 거 거 거! 우 우 우 우 거 거 거! 우 우 우 우 거 거 거! 우 우 우 우 거 거 거! 우 우 우 우 거 거 거! 우 우 우 우 거 거 거! 우 우 우 우 거 거 거! 우 우 우 우 거 거 거! 우 우 우 우 거 거 거! 우 우 우 우 거 거 거! 우 우 우 우 거 거 거! 우 우 우 우 거 거 거! 우 우 우 우 거 거 거! 우 우 우 우 거 거 거! 우 우 우 우 거 거 거! 우 우 우 우 거 거 거! 우 우 우 우 거 거 거! 우 우 우 우 거 거 거! 우 우 우 우 거 거 거! 우 우 우 우 거 거 거! 우 우 우 우 거 거 거! 우 우 우 우 거 거 거! 우 우 우 우 거 거 거!
1973530,1,"그냥 재밌음  타격감 미쳤음 스킬 이펙트 나쁘지 않음 스토리 괜찮음 약간의 머리를 써야 하는 재미도 있음(머리 쓰기 싫으면 자동전투 비슷한거 있으니까 머리 쓰는거 싫어해도 괜찮음) 일러스트 매력적임 컨텐츠 많음 나름 많이 뿌림 분위기가 좋음(약간 어두운 분위기 임) 캐릭터 각각의 설정이랑 스토리도 좋음 주인공 매력적임(시계 대가리 솔직히 느낌 있음) 그리고 그냥 전체적인 효과음이나 배경음도 좋음"
1973530,1,이몸의 이름은 돈@키호테 일세!!!!!!!!!!!!!!!!!!!!
1973530,1,거던거던거던거던거던거던거던거던거던거던거던거던거던거던거던거던거던거던거던거던거던거던거던거던거던거던거던거던거던거던거던거던거던거던거던거던거던거던거던거던거던거던거던거던거던거던거던거던거던거던거던거던거던거던거던거던거던거던거던거던거던거던거던거던거던거던거던거던거던거던거던거던거던거던거던거던거던거던거던거던거던거던거던거던거던거던거던거던거던거던거던거던거던거던거던거던거던거던거던거던거던거던거던거던거던거던거던거던거던거던거던거던거던거던거던거던거던거던거던거던거던거던거던거던거던거던거던거던거던거던거던거던거던거던거던거던거던거던거던거던거던거던거던거던거던거던거던거던거던거던거던거던거던거던거던거던거던거던거던거던거던거던거던거던거던거던거던거던거던거던거던거던거던거던거던거던거던거던거던거던거던거던거던거던거던거던거던거던거던거던거던거던거던거던거던거던거던거던거던거던거던거던거던거던거던거던거던거던거던거던거던거던거던거던거던거던거던거던거던거던거던거던거던거던거던거던거던거던거던거던거던거던거던거던거던거던거던거던거던거던거던거던거던거던거던거던거던거던거던거던거던거던거던거던거던거던거던거던거던거던거던거던거던거던거던거던거던거던거던거던거던거던거던거던거던거던거던거던거던거던거던거던거던거던거던거던거던거던거던거던거던거던거던거던거던거던거던거던거던거던거던거던거던거던거던거던거던거던거던거던거던거던거던거던거던거던거던거던거던거던거던거던거던거던거던거던거던거던거던거던거던거던거던거던거던거던거던거던거던거던거던거던거던거던거던거던거던거던거던거던거던거던거던거던거던거던거던거던거던거던
1973530,0,거던은 왜바꾸는거임?? 시즌3거던이 제일 재밌었는데 그 이후로 점점 안함
1973530,1,캐릭터디자인 스토리라인 성우연기 모두 훌륭한데다가 브금도 좋고 이펙트 음향이 찰짐 다만 즐기기 위해서 다양한 덱구성을 만들기 위해 노가다가 필요함 (돈과 시간의 투자로 해결 가능) 가챠게임 특성상 유저들에겐 리세마라가 필수인데 과정이 간단해서 도전해 볼만 함 일단 게임을 1장정도 플레이 해 본 후 재밌으면 리세시작해서 나중에 스팀계정연동으로 하면 쾌적하게 이 게임을 즐길 수 있기에 스팀버전에 높은 점수를 주고 싶다
1973530,1,슈나장!슈나장!슈나장!슈나장!슈나장!슈나장!슈나장!슈나장!슈나장!슈나장!슈나장!슈나장!슈나장!슈나장!슈나장!슈나장!슈나장!슈나장!슈나장!슈나장!
1973530,1,"스토리는 한 달 정도면 다 돌 수 있고 컨텐츠는 거던돌기 말고 할 게 없네. 근데 가진 인격마저 적어서 조합도 못 짜네.  이벤트때만 출석보상 주지 말고 평소에도 출석 보상 줬으면 좋겠고 일반전투도 좀 개선이 되어야 할 거 같음. 거던 하드 평행중첩으로 돌 때 환상체 전투보다 일반전투가 더 깨기 힘들었음."
1973530,1,드디어 림버스 뉴비를 벗어났어요. 스토리 좋고 bm혜자이고 정말 재미있는 게임이야. 근데 튜토리얼은 빨리 고쳐지길
1973530,1,배틀패스만 지르면 시간만 투자해도 올컬렉이 가능한 미친 게임
1973530,1,김지훈 그는 신이야!!!김지훈 그는 신이야!!!김지훈 그는 신이야!!!김지훈 그는 신이야!!!김지훈 그는 신이야!!!김지훈 그는 신이야!!!김지훈 그는 신이야!!!김지훈 그는 신이야!!!김지훈 그는 신이야!!!김지훈 그는 신이야!!!김지훈 그는 신이야!!!김지훈 그는 신이야!!!김지훈 그는 신이야!!!김지훈 그는 신이야!!!김지훈 그는 신이야!!!김지훈 그는 신이야!!!김지훈 그는 신이야!!!김지훈 그는 신이야!!!김지훈 그는 신이야!!!김지훈 그는 신이야!!!김지훈 그는 신이야!!!김지훈 그는 신이야!!!김지훈 그는 신이야!!!김지훈 그는 신이야!!!김지훈 그는 신이야!!!김지훈 그는 신이야!!!김지훈 그는 신이야!!!김지훈 그는 신이야!!!김지훈 그는 신이야!!!김지훈 그는 신이야!!!김지훈 그는 신이야!!!김지훈 그는 신이야!!!김지훈 그는 신이야!!!김지훈 그는 신이야!!!김지훈 그는 신이야!!!김지훈 그는 신이야!!!김지훈 그는 신이야!!!김지훈 그는 신이야!!!김지훈 그는 신이야!!!김지훈 그는 신이야!!!김지훈 그는 신이야!!!김지훈 그는 신이야!!!김지훈 그는 신이야!!!김지훈 그는 신이야!!!김지훈 그는 신이야!!!김지훈 그는 신이야!!!김지훈 그는 신이야!!!김지훈 그는 신이야!!!김지훈 그는 신이야!!!김지훈 그는 신이야!!!김지훈 그는 신이야!!!김지훈 그는 신이야!!!김지훈 그는 신이야!!!김지훈 그는 신이야!!!김지훈 그는 신이야!!!
1973530,1,"사람은 절망하라, 그러나 그 순간에도 별은 바람에 아스라이 스치우며 빛나니, 참으로 아름답지 않은가."
1973530,1,"오늘 당신은 거던바를 드셨나요? . . . . . . . . . . . . . . . . . . . . . . . . . . 거던바를 먹는다. 네 아니오 네네네네네네네네네네 거던바를먹는다거던바릉먹는다거던바를먹늗다거던바를먹는다거던바를먹는다거던바릉먹는다거던바를먹늗다거던바를먹는다거던바를먹는다거던바릉먹는다거던바를먹늗다거던바를먹는다거던바를먹는다거던바릉먹는다거던바를먹늗다거던바를먹는다"
1973530,1,"어둡고 깊은 판타지와 흥미로운 소잿거리들, 찰진 타격음과 적재적소에 사용하는 음악들, 그리고 스토리를 반영하지 않더라도 자체적으로 발전해 나가는 게임 시스템이 제가 림버스 컴퍼니를 계속 플레이하고 '도시 세계관'을 사랑하게 만드는 원동력입니다. 또한 스마트폰뿐만 아니라 스팀에서도 플레이를 지원한다는 점이 접근성을 높혔다고 생각합니다.   제가 이 게임에서 그나마 아쉬운 점이 있다고 한다면 그것은 게임 시스템에 대한 설명의 미비였습니다. 물론 텍스트를 잘 독해한다면 파훼할 수 있는 합리적인 시스템이지만 그것을 초반의 이용자들이 알아주지 못하고 일부 이탈하게 된다는 것이 튜토리얼 개선이 필요한 이유입니다. 제가 초심자였던 시절에 경험했던 것과 이후 새로운 기믹을 학습할 때의 느낌을 살려 생각해봤는데 피로도를 소비하지 않는 유형별 모의 전투 스테이지를 만들어서 기믹을 파훼하는 것과 죄악과 공격 타입의 상성 관계 및 인게임 캐릭터의 역할군 이해 등을 높일 수 있다고 생각했습니다.  이건 어디까지나 금상첨화라고 생각하구요.. 진짜 게임이 너무 재밌는 관계로 현재 게임을 향유하고 있는 분들은 이대로 쭉 할것입니다. 항상 응원하고 있습니다. 광기를 잃지 말아주십시오 프로문."
1973530,1,네  안녕하세요 평가 전문가 이주빈입니다. 이 게임으로 말할 것 같으면 아주 좋은 게임이죠. 네 감사합니다 ^^
1973530,1,거던바!거던바!거던바!거던바!거던바!거던바!거던바!거던바!거던바!거던바!거던바!거던바!거던바!거던바!거던바!거던바!거던바!거던바!거던바!거던바!거던바!거던바!거던바!거던바!거던바!거던바!거던바!거던바!거던바!거던바!거던바!거던바!거던바!거던바!거던바!거던바!거던바!거던바!거던바!거던바!거던바!거던바!거던바!거던바!거던바!거던바!거던바!거던바!거던바!거던바!거던바!거던바!거던바!거던바!거던바!거던바!거던바!거던바!거던바!거던바!거던바!거던바!거던바!거던바!거던바!거던바!거던바!거던바!거던바!거던바!거던바!거던바!거던바!거던바!거던바!거던바!거던바!거던바!거던바!거던바!거던바!거던바!거던바!거던바!거던바!거던바!거던바!거던바!거던바!거던바!거던바!거던바!거던바!거던바!거던바!거던바!거던바!거던바!거던바!거던바!거던바!거던바!거던바!거던바!거던바!거던바!거던바!거던바!거던바!거던바!거던바!거던바!거던바!거던바!거던바!거던바!거던바!거던바!거던바!거던바!거던바!거던바!거던바!거던바!거던바!거던바!거던바!거던바!거던바!거던바!거던바!거던바!거던바!거던바! 거던바 그는 신이야!
1973530,1,인격이 없다고요? 거던을 도세요 스토리가 막힌다고요? 거던을 도세요  유튜브에서 금발돈키가 5000딜을 찍어네는 것을보고 부러웠나요? 거던을 도세요 콘텐츠가 부족하다고요? 건던 하드로 10층까지 누리세요
1973530,1,당신은 오늘도 거던바를 먹었습니까? 네 아니오 네 아니오 네! 네! 네!
1973530,1,거던거던거던거던거던거던거던거던거던거던거던거던거던거던거던거던거던거던거던거던거던거던거던거던거던거던거던거던거던거던거던거던거던거던거던거던거던거던거던거던거던거던거던거던거던거던거던거던거던거던거던거던거던거던거던거던거던거던거던거던거던거던거던거던거던거던거던거던거던거던거던거던거던거던거던거던거던거던거던거던거던거던거던거던거던거던거던거던거던거던거던거던거던거던거던거던거던거던거던거던거던거던거던거던거던거던거던거던거던거던거던거던거던거던거던거던거던거던거던거던거던거던거던거던거던거던거던거던거던거던거던거던거던거던거던거던거던거던거던거던거던거던거던거던거던거던거던거던거던거던거던거던거던거던거던거던거던거던거던거던거던거던거던거던거던거던거던거던거던거던거던거던거던거던거던거던거던거던거던거던거던거던거던거던거던거던거던거던거던거던거던거던거던거던거던거던거던거던거던거던거던거던거던거던거던거던거던거던거던거던거던거던거던거던거던거던거던거던거던거던거던거던거던거던거던거던거던거던거던거던거던거던거던거던거던거던거던거던거던거던거던거던거던거던거던거던거던거던거던거던거던거던거던거던거던거던거던거던거던거던거던거던거던거던거던거던거던거던거던거던거던거던거던거던거던거던거던거던거던거던거던거던거던거던거던거던거던거던거던거던거던거던거던거던거던거던거던거던거던거던거던거던거던거던거던거던거던거던거던거던거던거던거던거던거던거던거던거던거던거던거던거던거던거던거던거던거던거던거던거던거던거던거던거던거던거던거던거던거던거던거던거던거던거던거던거던거던거던거던거던거던거던거던거던거던거던거던거던거던거던거던거던거던거던거던거던거던거던거던거던거던거던거던거던거던거던거던거던거던거던거던거던거던거던거던거던거던거던거던거던거던거던거던거던거던거던거던거던거던거던거던거던거던거던거던거던거던거던거던거던거던거던거던거던거던거던거던거던거던거던거던거던거던거던거던거던거던거던거던거던거던거던거던거던거던거던거던거던거던거던거던거던거던거던거던거던거던거던거던거던거던거던거던거던거던거던거던거던거던거던거던거던거던거던거던거던거던거던거던거던거던거던거던거던거던거던거던거던거던거던거던거던거던거던거던거던거던거던거던거던거던거던거던거던거던거던거던거던거던거던거던거던거던거던거던거던거던거던거던거던거던거던거던거던거던거던거던거던거던거던거던거던거던거던거던거던거던거던거던거던거던거던거던거던거던거던거던거던거던거던거던거던거던거던거던거던거던거던거던거던거던거던거던거던거던거던거던거던거던거던거던거던거던거던거던거던거던거던거던거던거던거던거던거던거던거던거던거던거던거던거던거던거던거던거던거던거던거던거던거던거던거던거던거던거던거던거던거던거던거던거던거던거던거던거던거던거던거던거던거던거던거던거던거던거던거던거던거던거던거던거던거던거던거던거던거던거던거던거던거던거던거던거던거던거던거던거던거던거던거던거던거던거던거던거던거던거던거던거던거던거던거던거던거던거던거던거던거던거던거던거던거던거던거던거던거던거던거던거던거던거던거던거던거던거던거던거던거던거던거던거던거던거던거던거던거던거던거던거던거던거던거던거던거던거던거던거던거던거던거던거던거던거던거던거던거던거던거던거던거던거던거던거던거던거던거던거던거던거던거던거던거던거던거던거던거던거던거던거던거던거던거던거던거던거던거던거던거던거던거던거던거던거던거던거던거던거던거던거던거던거던거던거던거던거던거던거던거던거던거던거던거던거던거던거던거던거던거던거던거던거던거던거던거던거던거던거던거던거던거던거던거던거던거던거던거던거던거던거던거던거던거던거던거던거던거던거던거던거던거던거던거던거던거던거던거던거던거던거던거던거던거던거던거던거던거던거던거던거던거던거던거던거던거던거던거던거던거던거던거던거던거던거던거던거던거던거던거던거던거던거던거던거던거던거던거던거던거던거던거던거던거던거던거던거던거던거던거던거던거던거던거던거던거던거던거던거던거던거던거던거던거던거던거던거던거던거던거던거던거던거던거던거던거던거던거던거던거던거던거던거던거던거던거던거던거던거던거던거던거던거던거던거던거던거던거던거던거던거던거던거던거던거던거던거던거던거던거던거던거던거던거던거던거던거던거던거던거던거던거던거던거던거던거던거던거던거던거던거던거던거던거던거던거던거던거던거던거던거던거던거던거던거던거던거던거던거던거던거던거던거던거던거던거던거던거던거던거던거던거던거던거던거던거던거던거던거던거던거던거던거던거던거던거던거던거던거던거던거던거던거던거던거던거던거던거던이 모든것입니다 현 7.5심야청소깸 호시이호시이원트원트
1973530,1,죄악 공명 잔혹 rpg... 모두 거던바를 들고 먹자!
1973530,1,"한줄평 : 처음엔 힘들지만 적응하면 꽤 매력있는 게임, 처음에 다 이해하려 하지 마시고 천천히 해보세요.  솔직히 처음 할때는 전투시스템  정보가 너무 고봉밥이었음... 공명을 어쩌구 합을 저쩌구 하는데 이해 못하고 걍 승률만 딸깍함 3장 중후반 정도 오니깐 상대가 강해서 패턴을 공부하게 되었고 이 겜의 전투 시스템을 이해함  스토리는 3장까지는 뭔가 프롤로그 같은 느낌이 들긴합니다만(내용이 짧음), 4장부터는 진짜 스토리 GOAT게임 스토리와 브금, 연출이 기가맥힘  대.황 MILI 대.황 프문  이만 거던돌러가야됨"
1973530,1,"패스 레벨257찍은 씹뉴비가 여태까지 림컴을 1~7.5장까지 깨면서 배운 것+느낀점 0~1장:게임소개(단테헤...) 2장:기믹 소개(바바야가) 3장:디버프 소개(N사 못) 4장:합 소개+동랑님 날 지켜봐줘!(Fly, my cow) 5장:일방공격 소개+헤어쿠폰(ㅗ는 기억한다...) 5.5장:반격 소개(근데 반격 빼면 시체인) 6장:복습+모든 □□ 삭제(모든 히스클리프를 내 품으로!) 7장:파불코 소개+산쵸야...나 좋은 생각 났다. 거던, 거굴철:심화 학습(근데 이제 버프를 곁들인) 진짜 게임 튜토리얼을 ㅈㄴ 길게 하는 기분인데 질리지가 않음. 그리고 4장 이후(내 기준)부터는 진짜 한 편의 영화들을 보는 듯한 기분임. 4장의 동백과 동랑, 5장의 에이해브, 6장의 마히스, 7장의 돈키호테 하나 하나가 다 매력적인 등장인물들이라 그냥 스토리 보는 내내 좋았음. 또 보스전에서 나오는 음악이 그 스토리의 전체적인 분위기랑 어울려서 보스전하면서 연출로 눈호강하고 음악으로 귀호강해서 너무 좋았고, 개인적으로 4장이랑 5장이 음악은 제일 좋았고 7장이 연출 goat였음. 7장 딱 끝냈을 때는 8장 때 고점 갱신할 수 있나 싶었는데 7.5장에서 나온 가치우 포스보고 생각이 바뀜. 첫 등장부터 머리통 들고 나오는데 어케 고점 갱신 못하냐고. 그리고 프문이 스토리 만들 때마다 사이사이 미니 스토리처럼 .5장을 만들어주는데 그게 너무 좋은거같음. 3.5장은 그 전까지 무거웠던 분위기를 환기하는 방향으로 해서 만들어서 그런지 딱 웃고 넘어가기 좋았고, 그 이후부턴 먼저 나온 .5장은 개그요소 듬뿍 첨가해서 나오고 뒤에 나온 .5장은 다음 장에서 누구의 서사를 풀어나갈지 예고해줘서 좋았음. 림컴이 턴제긴 하지만 운 좋으면 나만 때리고 운 나쁘면 나만 쳐맞는 독특한 턴제라 게임만 본다면 쉽사리 추천해주기 어려움. 하지만 스토리랑 연출이 그냥 매 순간 고점 갱신해서 게임이 취향에 안맞더라도 스토리때문이라도 꼭 해보라고 추천해주고 싶음.  젠장, 프문! 이 스토리들과 음악들은 대체 뭐냐! 게임을 안할 수가 없잖아!"
1973530,1,관리자 나리!!!!!!!!!!!!!!!!!!!!!!!!!!!!!!!!!!!!!!!!! 나를 두고 어디간것이오!!!!!!!!!!!!!!!!!!!!!!!!!!!!!!!!!!!!!!!
1973530,1,"1장보고 울었음 2장보고 웃었음 3장보고 안타까웠음 4장보고 전율했음 5장보고 이스마엘탓이였음 6장 아직 안봤음"
1973530,1,"요새 업데이트 자주 해서 좋아요. 1000시간 채워도 인격이랑 에고 다 못 모을 듯."
1973530,1,"로보토미,라오루 플레이후 관심이 생겨서했습니다. 재밌네요. 너무나 재밌어요. 스토리가 너무나 좋습니다."
1973530,1,피가피가잔뜩흘러넘치고있군한모금아아니한방울이라도괜찮으니까내게줘어버이께서용서치않으신다해도쾋라호로카롸화활피가피가잔뜩흘러넘치고있군한모금아아니한방울이라도괜찮으니까내게줘어버이께서용서치않으신다해도쾋라호로카롸화활피가피가잔뜩흘러넘치고있군한모금아아니한방울이라도괜찮으니까내게줘어버이께서용서치않으신다해도쾋라호로카롸화활피가피가잔뜩흘러넘치고있군한모금아아니한방울이라도괜찮으니까내게줘어버이께서용서치않으신다해도쾋라호로카롸화활피가피가잔뜩흘러넘치고있군한모금아아니한방울이라도괜찮으니까내게줘어버이께서용서치않으신다해도쾋라호로카롸화활피가피가잔뜩흘러넘치고있군한모금아아니한방울이라도괜찮으니까내게줘어버이께서용서치않으신다해도쾋라호로카롸화활피가피가잔뜩흘러넘치고있군한모금아아니한방울이라도괜찮으니까내게줘어버이께서용서치않으신다해도쾋라호로카롸화활피가피가잔뜩흘러넘치고있군한모금아아니한방울이라도괜찮으니까내게줘어버이께서용서치않으신다해도쾋라호로카롸화활피가피가잔뜩흘러넘치고있군한모금아아니한방울이라도괜찮으니까내게줘어버이께서용서치않으신다해도쾋라호로카롸화활피가피가잔뜩흘러넘치고있군한모금아아니한방울이라도괜찮으니까내게줘어버이께서용서치않으신다해도쾋라호로카롸화활피가피가잔뜩흘러넘치고있군한모금아아니한방울이라도괜찮으니까내게줘어버이께서용서치않으신다해도쾋라호로카롸화활피가피가잔뜩흘러넘치고있군한모금아아니한방울이라도괜찮으니까내게줘어버이께서용서치않으신다해도쾋라호로카롸화활피가피가잔뜩흘러넘치고있군한모금아아니한방울이라도괜찮으니까내게줘어버이께서용서치않으신다해도쾋라호로카롸화활피가피가잔뜩흘러넘치고있군한모금아아니한방울이라도괜찮으니까내게줘어버이께서용서치않으신다해도쾋라호로카롸화활피가피가잔뜩흘러넘치고있군한모금아아니한방울이라도괜찮으니까내게줘어버이께서용서치않으신다해도쾋라호로카롸화활피가피가잔뜩흘러넘치고있군한모금아아니한방울이라도괜찮으니까내게줘어버이께서용서치않으신다해도쾋라호로카롸화활피가피가잔뜩흘러넘치고있군한모금아아니한방울이라도괜찮으니까내게줘어버이께서용서치않으신다해도쾋라호로카롸화활피가피가잔뜩흘러넘치고있군한모금아아니한방울이라도괜찮으니까내게줘어버이께서용서치않으신다해도쾋라호로카롸화활피가피가잔뜩흘러넘치고있군한모금아아니한방울이라도괜찮으니까내게줘어버이께서용서치않으신다해도쾋라호로카롸화활피가피가잔뜩흘러넘치고있군한모금아아니한방울이라도괜찮으니까내게줘어버이께서용서치않으신다해도쾋라호로카롸화활피가피가잔뜩흘러넘치고있군한모금아아니한방울이라도괜찮으니까내게줘어버이께서용서치않으신다해도쾋라호로카롸화활피가피가잔뜩흘러넘치고있군한모금아아니한방울이라도괜찮으니까내게줘어버이께서용서치않으신다해도쾋라호로카롸화활피가피가잔뜩흘러넘치고있군한모금아아니한방울이라도괜찮으니까내게줘어버이께서용서치않으신다해도쾋라호로카롸화활피가피가잔뜩흘러넘치고있군한모금아아니한방울이라도괜찮으니까내게줘어버이께서용서치않으신다해도쾋라호로카롸화활피가피가잔뜩흘러넘치고있군한모금아아니한방울이라도괜찮으니까내게줘어버이께서용서치않으신다해도쾋라호로카롸화활피가피가잔뜩흘러넘치고있군한모금아아니한방울이라도괜찮으니까내게줘어버이께서용서치않으신다해도쾋라호로카롸화활피가피가잔뜩흘러넘치고있군한모금아아니한방울이라도괜찮으니까내게줘어버이께서용서치않으신다해도쾋라호로카롸화활피가피가잔뜩흘러넘치고있군한모금아아니한방울이라도괜찮으니까내게줘어버이께서용서치않으신다해도쾋라호로카롸화활피가피가잔뜩흘러넘치고있군한모금아아니한방울이라도괜찮으니까내게줘어버이께서용서치않으신다해도쾋라호로카롸화활피가피가잔뜩흘러넘치고있군한모금아아니한방울이라도괜찮으니까내게줘어버이께서용서치않으신다해도쾋라호로카롸화활피가피가잔뜩흘러넘치고있군한모금아아니한방울이라도괜찮으니까내게줘어버이께서용서치않으신다해도쾋라호로카롸화활피가피가잔뜩흘러넘치고있군한모금아아니한방울이라도괜찮으니까내게줘어버이께서용서치않으신다해도쾋라호로카롸화활피가피가잔뜩흘러넘치고있군한모금아아니한방울이라도괜찮으니까내게줘어버이께서용서치않으신다해도쾋라호로카롸화활피가피가잔뜩흘러넘치고있군한모금아아니한방울이라도괜찮으니까내게줘어버이께서용서치않으신다해도쾋라호로카롸화활피가피가잔뜩흘러넘치고있군한모금아아니한방울이라도괜찮으니까내게줘어버이께서용서치않으신다해도쾋라호로카롸화활피가피가잔뜩흘러넘치고있군한모금아아니한방울이라도괜찮으니까내게줘어버이께서용서치않으신다해도쾋라호로카롸화활피가피가잔뜩흘러넘치고있군한모금아아니한방울이라도괜찮으니까내게줘어버이께서용서치않으신다해도쾋라호로카롸화활피가피가잔뜩흘러넘치고있군한모금아아니한방울이라도괜찮으니까내게줘어버이께서용서치않으신다해도쾋라호로카롸화활피가피가잔뜩흘러넘치고있군한모금아아니한방울이라도괜찮으니까내게줘어버이께서용서치않으신다해도쾋라호로카롸화활피가피가잔뜩흘러넘치고있군한모금아아니한방울이라도괜찮으니까내게줘어버이께서용서치않으신다해도쾋라호로카롸화활피가피가잔뜩흘러넘치고있군한모금아아니한방울이라도괜찮으니까내게줘어버이께서용서치않으신다해도쾋라호로카롸화활피가피가잔뜩흘러넘치고있군한모금아아니한방울이라도괜찮으니까내게줘어버이께서용서치않으신다해도쾋라호로카롸화활피가피가잔뜩흘러넘치고있군한모금아아니한방울이라도괜찮으니까내게줘어버이께서용서치않으신다해도쾋라호로카롸화활피가피가잔뜩흘러넘치고있군한모금아아니한방울이라도괜찮으니까내게줘어버이께서용서치않으신다해도쾋라호로카롸화활피가피가잔뜩흘러넘치고있군한모금아아니한방울이라도괜찮으니까내게줘어버이께서용서치않으신다해도쾋라호로카롸화활피가피가잔뜩흘러넘치고있군한모금아아니한방울이라도괜찮으니까내게줘어버이께서용서치않으신다해도쾋라호로카롸화활피가피가잔뜩흘러넘치고있군한모금아아니한방울이라도괜찮으니까내게줘어버이께서용서치않으신다해도쾋라호로카롸화활피가피가잔뜩흘러넘치고있군한모금아아니한방울이라도괜찮으니까내게줘어버이께서용서치않으신다해도쾋라호로카롸화활피가피가잔뜩흘러넘치고있군한모금아아니한방울이라도괜찮으니까내게줘어버이께서용서치않으신다해도쾋라호로카롸화활피가피가잔뜩흘러넘치고있군한모금아아니한방울이라도괜찮으니까내게줘어버이께서용서치않으신다해도쾋라호로카롸화활피가피가잔뜩흘러넘치고있군한모금아아니한방울이라도괜찮으니까내게줘어버이께서용서치않으신다해도쾋라호로카롸화활피가피가잔뜩흘러넘치고있군한모금아아니한방울이라도괜찮으니까내게줘어버이께서용서치않으신다해도쾋라호로카롸화활피가피가잔뜩흘러넘치고있군한모금아아니한방울이라도괜찮으니까내게줘어버이께서용서치않으신다해도쾋라호로카롸화활피가피가잔뜩흘러넘치고있군한모금아아니한방울이라도괜찮으니까내게줘어버이께서용서치않으신다해도쾋라호로카롸화활피가피가잔뜩흘러넘치고있군한모금아아니한방울이라도괜찮으니까내게줘어버이께서용서치않으신다해도쾋라호로카롸화활피가피가잔뜩흘러넘치고있군한모금아아니한방울이라도괜찮으니까내게줘어버이께서용서치않으신다해도쾋라호로카롸화활피가피가잔뜩흘러넘치고있군한모금아아니한방울이라도괜찮으니까내게줘어버이께서용서치않으신다해도쾋라호로카롸화활피가피가잔뜩흘러넘치고있군한모금아아니한방울이라도괜찮으니까내게줘어버이께서용서치않으신다해도쾋라호로카롸화활피가피가잔뜩흘러넘치고있군한모금아아니한방울이라도괜찮으니까내게줘어버이께서용서치않으신다해도쾋라호로카롸화활피가피가잔뜩흘러넘치고있군한모금아아니한방울이라도괜찮으니까내게줘어버이께서용서치않으신다해도쾋라호로카롸화활피가피가잔뜩흘러넘치고있군한모금아아니한방울이라도괜찮으니까내게줘어버이께서용서치않으신다해도쾋라호로카롸화활피가피가잔뜩흘러넘치고있군한모금아아니한방울이라도괜찮으니까내게줘어버이께서용서치않으신다해도쾋라호로카롸화활피가피가잔뜩흘러넘치고있군한모금아아니한방울이라도괜찮으니까내게줘어버이께서용서치않으신다해도쾋라호로카롸화활피가피가잔뜩흘러넘치고있군한모금아아니한방울이라도괜찮으니까내게줘어버이께서용서치않으신다해도쾋라호로카롸화활피가피가잔뜩흘러넘치고있군한모금아아니한방울이라도괜찮으니까내게줘어버이께서용서치않으신다해도쾋라호로카롸화활피가피가잔뜩흘러넘치고있군한모금아아니한방울이라도괜찮으니까내게줘어버이께서용서치않으신다해도쾋라호로카롸화활피가피가잔뜩흘러넘치고있군한모금아아니한방울이라도괜찮으니까내게줘어버이께서용서치않으신다해도쾋라호로카롸화활피가피가잔뜩흘러넘치고있군한모금아아니한방울이라도괜찮으니까내게줘어버이께서용서치않으신다해도쾋라호로카롸화활피가피가잔뜩흘러넘치고있군한모금아아니한방울이라도괜찮으니까내게줘어버이께서용서치않으신다해도쾋라호로카롸화활피가피가잔뜩흘러넘치고있군한모금아아니한방울이라도괜찮으니까내게줘어버이께서용서치않으신다해도쾋라호로카롸화활피가피가잔뜩흘러넘치고있군한모금아아니한방울이라도괜찮으니까내게줘어버이께서용서치않으신다해도쾋라호로카롸화활피가피가잔뜩흘러넘치고있군한모금아아니한방울이라도괜찮으니까내게줘어버이께서용서치않으신다해도쾋라호로카롸화활피가피가잔뜩흘러넘치고있군한모금아아니한방울이라도괜찮으니까내게줘어버이께서용서치않으신다해도쾋라호로카롸화활피가피가잔뜩흘러넘치고있군한모금아아니한방울이라도괜찮으니까내게줘어버이께서용서치않으신다해도쾋라호로카롸화활피가피가잔뜩흘러넘치고있군한모금아아니한방울이라도괜찮으니까내게줘어버이께서용서치않으신다해도쾋라호로카롸화활피가피가잔뜩흘러넘치고있군한모금아아니한방울이라도괜찮으니까내게줘어버이께서용서치않으신다해도쾋라호로카롸화활피가피가잔뜩흘러넘치고있군한모금아아니한방울이라도괜찮으니까내게줘어버이께서용서치않으신다해도쾋라호로카롸화활피가피가잔뜩흘러넘치고있군한모금아아니한방울이라도괜찮으니까내게줘어버이께서용서치않으신다해도쾋라호로카롸화활피가피가잔뜩흘러넘치고있군한모금아아니한방울이라도괜찮으니까내게줘어버이께서용서치않으신다해도쾋라호로카롸화활피가피가잔뜩흘러넘치고있군한모금아아니한방울이라도괜찮으니까내게줘어버이께서용서치않으신다해도쾋라호로카롸화활피가피가잔뜩흘러넘치고있군한모금아아니한방울이라도괜찮으니까내게줘어버이께서용서치않으신다해도쾋라호로카롸화활피가피가잔뜩흘러넘치고있군한모금아아니한방울이라도괜찮으니까내게줘어버이께서용서치않으신다해도쾋라호로카롸화활피가피가잔뜩흘러넘치고있군한모금아아니한방울이라도괜찮으니까내게줘어버이께서용서치않으신다해도쾋라호로카롸화활피가피가잔뜩흘러넘치고있군한모금아아니한방울이라도괜찮으니까내게줘어버이께서용서치않으신다해도쾋라호로카롸화활피가피가잔뜩흘러넘치고있군한모금아아니한방울이라도괜찮으니까내게줘어버이께서용서치않으신다해도쾋라호로카롸화활피가피가잔뜩흘러넘치고있군한모금아아니한방울이라도괜찮으니까내게줘어버이께서용서치않으신다해도쾋라호로카롸화활피가피가잔뜩흘러넘치고있군한모금아아니한방울이라도괜찮으니까내게줘어버이께서용서치않으신다해도쾋라호로카롸화활피가피가잔뜩흘러넘치고있군한모금아아니한방울이라도괜찮으니까내게줘어버이께서용서치않으신다해도쾋라호로카롸화활피가피가잔뜩흘러넘치고있군한모금아아니한방울이라도괜찮으니까내게줘어버이께서용서치않으신다해도쾋라호로카롸화활피가피가잔뜩흘러넘치고있군한모금아아니한방울이라도괜찮으니까내게줘어버이께서용서치않으신다해도쾋라호로카롸화활피가피가잔뜩흘러넘치고있군한모금아아니한방울이라도괜찮으니까내게줘어버이께서용서치않으신다해도쾋라호로카롸화활피가피가잔뜩흘러넘치고있군한모금아아니한방울이라도괜찮으니까내게줘어버이께서용서치않으신다해도쾋라호로카롸화활피가피가잔뜩흘러넘치고있군한모금아아니한방울이라도괜찮으니까내게줘어버이께서용서치않으신다해도쾋라호로카롸화활피가피가잔뜩흘러넘치고있군한모금아아니한방울이라도괜찮으니까내게줘어버이께서용서치않으신다해도쾋라호로카롸화활피가피가잔뜩흘러넘치고있군한모금아아니한방울이라도괜찮으니까내게줘어버이께서용서치않으신다해도쾋라호로카롸화활피가피가잔뜩흘러넘치고있군한모금아아니한방울이라도괜찮으니까내게줘어버이께서용서치않으신다해도쾋라호로카롸화활피가피가잔뜩흘러넘치고있군한모금아아니한방울이라도괜찮으니까내게줘어버이께서용서치않으신다해도쾋라호로카롸화활피가피가잔뜩흘러넘치고있군한모금아아니한방울이라도괜찮으니까내게줘어버이께서용서치않으신다해도쾋라호로카롸화활피가피가잔뜩흘러넘치고있군한모금아아니한방울이라도괜찮으니까내게줘어버이께서용서치않으신다해도쾋라호로카롸화활피가피가잔뜩흘러넘치고있군한모금아아니한방울이라도괜찮으니까내게줘어버이께서용서치않으신다해도쾋라호로카롸화활피가피가잔뜩흘러넘치고있군한모금아아니한방울이라도괜찮으니까내게줘어버이께서용서치않으신다해도쾋라호로카롸화활피가피가잔뜩흘러넘치고있군한모금아아니한방울이라도괜찮으니까내게줘어버이께서용서치않으신다해도쾋라호로카롸화활피가피가잔뜩흘러넘치고있군한모금아아니한방울이라도괜찮으니까내게줘어버이께서용서치않으신다해도쾋라호로카롸화활피가피가잔뜩흘러넘치고있군한모금아아니한방울이라도괜찮으니까내게줘어버이께서용서치않으신다해도쾋라호로카롸화활피가피가잔뜩흘러넘치고있군한모금아아니한방울이라도괜찮으니까내게줘어버이께서용서치않으신다해도쾋라호로카롸화활피가피가잔뜩흘러넘치고있군한모금아아니한방울이라도괜찮으니까내게줘어버이께서용서치않으신다해도쾋라호로카롸화활피가피가잔뜩흘러넘치고있군한모금아아니한방울이라도괜찮으니까내게줘어버이께서용서치않으신다해도쾋라호로카롸화활피가피가잔뜩흘러넘치고있군한모금아아니한방울이라도괜찮으니까내게줘어버이께서용서치않으신다해도쾋라호로카롸화활피가피가잔뜩흘러넘치고있군한모금아아니한방울이라도괜찮으니까내게줘어버이께서용서치않으신다해도쾋라호로카롸화활피가피가잔뜩흘러넘치고있군한모금아아니한방울이라도괜찮으니까내게줘어버이께서용서치않으신다해도쾋라호로카롸화활피가피가잔뜩흘러넘치고있군한모금아아니한방울이라도괜찮으니까내게줘어버이께서용서치않으신다해도쾋라호로카롸화활피가피가잔뜩흘러넘치고있군한모금아아니한방울이라도괜찮으니까내게줘어버이께서용서치않으신다해도쾋라호로카롸화활피가피가잔뜩흘러넘치고있군한모금아아니한방울이라도괜찮으니까내게줘어버이께서용서치않으신다해도쾋라호로카롸화활피가피가잔뜩흘러넘치고있군한모금아아니한방울이라도괜찮으니까내게줘어버이께서용서치않으신다해도쾋라호로카롸화활피가피가잔뜩흘러넘치고있군한모금아아니한방울이라도괜찮으니까내게줘어버이께서용서치않으신다해도쾋라호로카롸화활피가피가잔뜩흘러넘치고있군한모금아아니한방울이라도괜찮으니까내게줘어버이께서용서치않으신다해도쾋라호로카롸화활피가피가잔뜩흘러넘치고있군한모금아아니한방울이라도괜찮으니까내게줘어버이께서용서치않으신다해도쾋라호로카롸화활피가피가잔뜩흘러넘치고있군한모금아아니한방울이라도괜찮으니까내게줘어버이께서용서치않으신다해도쾋라호로카롸화활피가피가잔뜩흘러넘치고있군한모금아아니한방울이라도괜찮으니까내게줘어버이께서용서치않으신다해도쾋라호로카롸화활피가피가잔뜩흘러넘치고있군한모금아아니한방울이라도괜찮으니까내게줘어버이께서용서치않으신다해도쾋라호로카롸화활피가피가잔뜩흘러넘치고있군한모금아아니한방울이라도괜찮으니까내게줘어버이께서용서치않으신다해도쾋라호로카롸화활피가피가잔뜩흘러넘치고있군한모금아아니한방울이라도괜찮으니까내게줘어버이께서용서치않으신다해도쾋라호로카롸화활피가피가잔뜩흘러넘치고있군한모금아아니한방울이라도괜찮으니까내게줘어버이께서용서치않으신다해도쾋라호로카롸화활피가피가잔뜩흘러넘치고있군한모금아아니한방울이라도괜찮으니까내게줘어버이께서용서치않으신다해도쾋라호로카롸화활피가피가잔뜩흘러넘치고있군한모금아아니한방울이라도괜찮으니까내게줘어버이께서용서치않으신다해도쾋라호로카롸화활피가피가잔뜩흘러넘치고있군한모금아아니한방울이라도괜찮으니까내게줘어버이께서용서치않으신다해도쾋라호로카롸화활피가피가잔뜩흘러넘치고있군한모금아아니한방울이라도괜찮으니까내게줘어버이께서용서치않으신다해도쾋라호로카롸화활피가피가잔뜩흘러넘치고있군한모금아아니한방울이라도괜찮으니까내게줘어버이께서용서치않으신다해도쾋라호로카롸화활피가피가잔뜩흘러넘치고있군한모금아아니한방울이라도괜찮으니까내게줘어버이께서용서치않으신다해도쾋라호로카롸화활피가피가잔뜩흘러넘치고있군한모금아아니한방울이라도괜찮으니까내게줘어버이께서용서치않으신다해도쾋라호로카롸화활피가피가잔뜩흘러넘치고있군한모금아아니한방울이라도괜찮으니까내게줘어버이께서용서치않으신다해도쾋라호로카롸화활피가피가잔뜩흘러넘치고있군한모금아아니한방울이라도괜찮으니까내게줘어버이께서용서치않으신다해도쾋라호로카롸화활피가피가잔뜩흘러넘치고있군한모금아아니한방울이라도괜찮으니까내게줘어버이께서용서치않으신다해도쾋라호로카롸화활피가피가잔뜩흘러넘치고있군한모금아아니한방울이라도괜찮으니까내게줘어버이께서용서치않으신다해도쾋라호로카롸화활피가피가잔뜩흘러넘치고있군한모금아아니한방울이라도괜찮으니까내게줘어버이께서용서치않으신다해도쾋라호로카롸화활피가피가잔뜩흘러넘치고있군한모금아아니한방울이라도괜찮으니까내게줘어버이께서용서치않으신다해도쾋라호로카롸화활피가피가잔뜩흘러넘치고있군한모금아아니한방울이라도괜찮으니까내게줘어버이께서용서치않으신다해도쾋라호로카롸화활피가피가잔뜩흘러넘치고있군한모금아아니한방울이라도괜찮으니까내게줘어버이께서용서치않으신다해도쾋라호로카롸화활피가피가잔뜩흘러넘치고있군한모금아아니한방울이라도괜찮으니까내게줘어버이께서용서치않으신다해도쾋라호로카롸화활피가피가잔뜩흘러넘치고있군한모금아아니한방울이라도괜찮으니까내게줘어버이께서용서치않으신다해도쾋라호로카롸화활피가피가잔뜩흘러넘치고있군한모금아아니한방울이라도괜찮으니까내게줘어버이께서용서치않으신다해도쾋라호로카롸화활피가피가잔뜩흘러넘치고있군한모금아아니한방울이라도괜찮으니까내게줘어버이께서용서치않으신다해도쾋라호로카롸화활피가피가잔뜩흘러넘치고있군한모금아아니한방울이라도괜찮으니까내게줘어버이께서용서치않으신다해도쾋라호로카롸화활피가피가잔뜩흘러넘치고있군한모금아아니한방울이라도괜찮으니까내게줘어버이께서용서치않으신다해도쾋라호로카롸화활피가피가잔뜩흘러넘치고있군한모금아아니한방울이라도괜찮으니까내게줘어버이께서용서치않으신다해도쾋라호로카롸화활피가피가잔뜩흘러넘치고있군한모금아아니한방울이라도
1973530,1,죄송하지만....시계를 한번 더...돌려주십시오...단테헤에......
1973530,1,당신이 아직 이 게임을 안했다면 살아있을 이유가 아직 있는 것이다.
1973530,1,이 게임은 진짜 갓겜 입니다 4장 이후부터 연출및 스토리가 겁나 쩔고 거던만 돌면 현질없이도 인격을 얻을수 있으니까요 그러니까 한번만 속은셈 치고 참고 4장까지만 해보세요
1973530,1,"날개야 다시 돋아라. 날자. 날자. 날자. 한 번만 더 날자꾸나. 한 번만 더 날아 보자꾸나."
1973530,1,승선을환영한다신참튼튼한몸뚱아리는챙겨왔겠지굼뜨게움직이는놈은제일먼저돛대에걸어둘거다아침이라고늑장부리지마인어지느러미육포는입에맞나맞아야할걸당분간은그것만먹어야할테니훗전부자러들어갔다고방심하지마라파도는낮과밤을가리지않으니눈크게뜨고잘지켜보라고영문도모를것들이우리를덮친다고한들두려워할것같은가마주하고이빨을드러내며웃어라그것이피쿼드호의선원이다선장실은누구도침범할수없다할말이있다면항해사에게해라호수의파도가무섭다고징징대는꼴을보는건질색이니고래는경이롭고도신비한괴물이다나와함께그것들을잡아죽인다는건인생의큰영광이지하이호수위에서나만큼그것에집착하는자는없을테니까작살잡이작살을단단히묶어라조타수는우현으로타각최대노잡이정신차리고저어라총원그대로들어때가도래했다오늘밤우리는고대하던그고래를모든것을마르게하는새빨간고래를잡는다천둥이몰아치기시작하는군곧우리가손꼽아기다리던그악의고래의사냥시간이찾아온다핫하후바람이좋군가끔씩은이런폭풍전고요를즐겨보는것도나쁘지않지고래를향해가스점화엔진시동입을열시간이있나고래에집중해총원돌격기세가수그러지는군반격의기회다훗전열을지켜라내게관심이쏠렸으니너희가공격할기회는더욱많아진다잘했군한놈도남지않을때까지지금을반복한다쉴새는없다나나는이스마엘이다나는여기서당연하지내나침반이틀린적이있었나젠장네탓이군관리자어줍잖은결과에들뜨지말도록우리가사냥할고래는더욱크고사악하다이번엔성적이좋았군하지만머나먼고래에닿기위해서는아직도부족하다다시가스터빈을점화한다그리고이무능한놈들고작이런곳에서쓰러지다니내가네놈들에게패배를명령했더냐선원들나를보호해라저놈을추적해이작살엔필살의집념이담겨있지보았나적은이렇게짓이겨졌다우리의확고한승리가눈앞에있다
1973530,0,"리카르도 나오는 곳 5장, 7.5장  리카르도는 이 게임의 핵심 BM의 장치 중 하나임 7.5 까지 오면서 레벨링 및 강화, 합 맞추면서 어느정도 밀 수 있었는데 리카드로는 아님. 이 새끼 밀려면 상대 가능한 인격 있어야 함. 쓸만한 인격 없으면 가챠 돌리거나 싫으면 겜 접으면 댐  헤어 쿠폰이 대체 뭐라고  풀더빙에 스토리는 좋음."
1973530,1,스토리 하나만큼은 그 어떤 게임을 가져와도 이길수없는 게임
1973530,1,"단점이자 장점 너무 혜자라 캐릭 키우기 쉬움 산초 내 아내다"
1973530,1,모든 거던바는 나의 품으로!!!모든 거던바는 나의 품으로!!!모든 거던바는 나의 품으로!!!모든 거던바는 나의 품으로!!!모든 거던바는 나의 품으로!!!모든 거던바는 나의 품으로!!!모든 거던바는 나의 품으로!!!모든 거던바는 나의 품으로!!!모든 거던바는 나의 품으로!!!모든 거던바는 나의 품으로!!!모든 거던바는 나의 품으로!!!모든 거던바는 나의 품으로!!!모든 거던바는 나의 품으로!!!모든 거던바는 나의 품으로!!!모든 거던바는 나의 품으로!!!모든 거던바는 나의 품으로!!!모든 거던바는 나의 품으로!!!모든 거던바는 나의 품으로!!!모든 거던바는 나의 품으로!!!모든 거던바는 나의 품으로!!!모든 거던바는 나의 품으로!!!모든 거던바는 나의 품으로!!!모든 거던바는 나의 품으로!!!모든 거던바는 나의 품으로!!!모든 거던바는 나의 품으로!!!모든 거던바는 나의 품으로!!!모든 거던바는 나의 품으로!!!모든 거던바는 나의 품으로!!!모든 거던바는 나의 품으로!!!모든 거던바는 나의 품으로!!!모든 거던바는 나의 품으로!!!모든 거던바는 나의 품으로!!!모든 거던바는 나의 품으로!!!모든 거던바는 나의 품으로!!!모든 거던바는 나의 품으로!!!모든 거던바는 나의 품으로!!!모든 거던바는 나의 품으로!!!모든 거던바는 나의 품으로!!!모든 거던바는 나의 품으로!!!모든 거던바는 나의 품으로!!!모든 거던바는 나의 품으로!!!모든 거던바는 나의 품으로!!!모든 거던바는 나의 품으로!!!모든 거던바는 나의 품으로!!!모든 거던바는 나의 품으로!!!모든 거던바는 나의 품으로!!!모든 거던바는 나의 품으로!!!모든 거던바는 나의 품으로!!!모든 거던바는 나의 품으로!!!모든 거던바는 나의 품으로!!!모든 거던바는 나의 품으로!!!모든 거던바는 나의 품으로!!!모든 거던바는 나의 품으로!!!모든 거던바는 나의 품으로!!!
1973530,1,돌아거던을돌아거던을돌아거던을돌아거던을돌아거던을돌아거던을돌아거던을돌아거던을돌아거던을돌아거던을
1973530,1,스토리나 성우 매우 훌륭 과금구조 매우 훌륭  단점은 컨텐츠 부족 단 전투 자체가 잘 맞으면 그냥 재밌음 한달만에 250시간 박음   한줄평  파우웅
1973530,1,오늘은 거던을 돌고 거던을 돌고 거던을 돌고 거던을 돌고 거던을 돌고 밥먹고 거던을돌고 거던을돌고 거던을 돌고 거던을 돌고 거던을돌고 밥먹고 싸고 거던을 돌고 거던을 돌고 거던을 돌고 거던을 돌고 거던을 돌고 거던을 돌고 자고 일어나서 거던을돌고...
1973530,1,"이 게임의 장점은 거던입니다! 더 많은 거던을 돌아야 합니다! 하루 3번 거던은 평범한거에요!"
1973530,1,거던을돌고 거던을 돈 다음 또 거던을 돌고 그리고 또 거던을돌고 그리고 그 다음 또또 거던을돌고 거던을돌아 거던을도는 게임
1973530,1,단테헤...제 이름은 베.르.길.리.우.스 입니다...
1973530,1,"스토리 ost 모든것이 훌륭하네요 프롬뇌로 절여진 제겐 엄청난 미식입니다. 과금효율도 훌륭한것이 오래하기 좋을거같은 게임을찾았네욯ㅎ"
1973530,1,"장점 1. 뛰어난 퀄리티의 스토리 문학 작품들을 변용해 뛰어난 퀄리티의 스토리를 보여줌 디스토피아 세계관을 바탕으로 인간찬가적 내용을 잘 담아냄 2. 낮은 과금 유도 다른 서브컬쳐 게임에 비해 기본적인 확률이 높음 발푸르기스의 밤을 제외한 모든 인격/에고는 7일 후에 정가가 가능함 발푸르기스의 밤도 다음 발푸르기스의 밤이면 정가가 가능해짐 정가를 치기 위해 구태여 현금을 사용할 필요가 없음 정가 재화인 파편과 가챠 재화인 광기/추출 티켓의 수급량이 많음(각각 거울 던전/거울 던전+이벤트+스토리) 3. 유저친화적인 게임사 버그가 발견되면 대부분 다음 수정 목록에 추가함 유저들이 평소에 불편을 느꼈던 내용들을 (늦게라도) 수정하거나 수정하려는 의지를 보임 각 장의 퀄리티를 비교해 보면 얼마나 많은 재투자가 진행되는지 체감할 수 있음  복합적 1. 복잡하고 자세한 세계관 세계관이 극도로 고유명사가 많고, 해당 명사를 바탕으로 스토리가 전개됨(ex: 날개, 머리, 특이점...) 세계관에 새로 입문하는 이들을 위해 단테의 노트가 있지만, 찾는 방법이 비효율적이고 자세하지 않음 다만 어떤 이들에겐 자세하게 이해하고 분석할 여지가 있기에 좋게 평가할 사람도 있음(본인처럼) 2. 전작(로보토미, 라오루)에 비해 극도로 낮아진 난이도 피지컬/뇌지컬을 요구하는 로보토미와 뇌지컬을 요구하는 라오루에 비해 난이도가 극도로 낮아짐 모바일 게임이라는 특성상 어쩔 수 없는 부분이지만, 전작과 같은 고난이도를 좋아하는 유저에겐 아쉬운 부분 3. 연속 전투/파괴 불가 코인의 도입 수감자를 전부 활용하게 하는 연속 전투가 도입되며 기존 정예 6인 체제가 조금씩 흔들림 아예 즉사나 이에 준하는 기술을 만들어 수감자를 '강제로' 죽이게 만드는 것에 호불호가 갈림 거기에 파괴 불가 코인으로 이런저런 디버프를 부여받아 아군 사망을 가속화시킴 아군의 사망을 트리거로 하는 스킬들이 존재하는 것 역시도 호불호가 갈리는 부분"
1973530,1,타 게임 대비 소금액 투자로 시작하여 꾸준히 매일매일 거던을 돌면 인격이든 ego 다 모을 수 있음 스토리 빵빵 RPG 턴게임에다가 머리 쓰는 재미 거기다가 재미요소도 포함 로보토미부터에서 프문을 좋아하는 사람이라면 꼭 해야 한다고 봄 현재 나온 심야청소까지 프문 스토리 큰 틀에서 즐길 수 있는 다양한 요소들을 씹고 뜯고 맛보는 맛이 일품임 그리고 조금씩 풀리는 비밀들을 추리하면서 보는맛이 좋음 추천함
1973530,1,자~~ 갓겜에는 평가 를! 남겨야겠지? 1장 부터 7장까지 스토리도 완벽하고 게임성도 괜찮은데 제ㅔㅔㅔㅔ1ㅏㄹ~!!!! 합 좀 이겨라 샛기들아 그리고 미르칼라 왜 4앞면 나만  안뜨는데1!!@ㅉ#ㅉㄴ 그리고 중지 싱클레어 나온다길래 중지 뫼르소 4동기화 50렙 만들었는데  이게 사람이냐? ego기프트 안먹으면 사람새끼가 아닌데 뫼르소는 좋은 인격이란게 있냐? 검계 있긴 하구나 아무튼 지훈이형아 나 이게임에 진심이니까 패스레벨도 1000렙 넘겼거든? 진짜 8장 9장 10장 잘 부탁할게~~ 내맘알ㅈ;ㅣ>ㅣ??????  아니 진짜 중지 뫼르소 버프좀 진짜
1973530,1,거던거던거던거던거던거던거던거던거던거던거던거던거던거던거던거던거던거던거던거던거던거던거던거던거던거던거던거던거던거던거던거던거던거던거던거던거던거던거던거던거던거던거던거던거던거던거던거던거던거던거던거던거던거던거던거던거던거던거던거던거던거던거던거던거던거던거던거던거던거던거던거던거던거던거던거던거던거던거던거던거던거던거던거던거던거던거던거던거던거던거던거던거던거던거던거던거던거던거던거던거던거던거던거던거던거던거던거던거던거던거던거던거던거던거던거던거던거던거던거던거던거던거던거던거던거던거던거던
1973530,0,중지 싱클? 만우절이지?중지 싱클? 만우절이지?중지 싱클? 만우절이지?중지 싱클? 만우절이지?중지 싱클? 만우절이지?중지 싱클? 만우절이지?중지 싱클? 만우절이지?중지 싱클? 만우절이지?중지 싱클? 만우절이지?중지 싱클? 만우절이지?중지 싱클? 만우절이지?중지 싱클? 만우절이지?중지 싱클? 만우절이지?중지 싱클? 만우절이지?중지 싱클? 만우절이지?중지 싱클? 만우절이지?중지 싱클? 만우절이지?중지 싱클? 만우절이지?중지 싱클? 만우절이지?중지 싱클? 만우절이지?중지 싱클? 만우절이지?중지 싱클? 만우절이지?중지 싱클? 만우절이지?중지 싱클? 만우절이지?중지 싱클? 만우절이지?중지 싱클? 만우절이지?중지 싱클? 만우절이지?중지 싱클? 만우절이지?중지 싱클? 만우절이지?중지 싱클? 만우절이지?중지 싱클? 만우절이지?중지 싱클? 만우절이지?중지 싱클? 만우절이지?중지 싱클? 만우절이지?중지 싱클? 만우절이지?중지 싱클? 만우절이지?중지 싱클? 만우절이지?중지 싱클? 만우절이지?중지 싱클? 만우절이지?중지 싱클? 만우절이지?중지 싱클? 만우절이지?중지 싱클? 만우절이지?중지 싱클? 만우절이지?중지 싱클? 만우절이지?중지 싱클? 만우절이지?중지 싱클? 만우절이지?중지 싱클? 만우절이지?중지 싱클? 만우절이지?중지 싱클? 만우절이지?중지 싱클? 만우절이지?중지 싱클? 만우절이지?중지 싱클? 만우절이지?중지 싱클? 만우절이지?중지 싱클? 만우절이지?중지 싱클? 만우절이지?중지 싱클? 만우절이지?중지 싱클? 만우절이지?중지 싱클? 만우절이지?중지 싱클? 만우절이지?중지 싱클? 만우절이지?중지 싱클? 만우절이지?중지 싱클? 만우절이지?중지 싱클? 만우절이지?중지 싱클? 만우절이지?중지 싱클? 만우절이지?중지 싱클? 만우절이지?중지 싱클? 만우절이지?중지 싱클? 만우절이지?중지 싱클? 만우절이지?중지 싱클? 만우절이지?중지 싱클? 만우절이지?중지 싱클? 만우절이지?중지 싱클? 만우절이지?중지 싱클? 만우절이지?중지 싱클? 만우절이지?중지 싱클? 만우절이지?중지 싱클? 만우절이지?중지 싱클? 만우절이지?중지 싱클? 만우절이지?
1973530,1,"림버스 컴퍼니... 참으로 기묘한 게임이였소. 이 험난한 게임을 도전하다니 그대는 참으로 용감하오.  우선, 전투라는 것이 심히 흥미로웠소. 단순한 주먹다짐이 아니라, 심리를 꿰뚫고 약점을 노리는 전략이 필요했소. 운이 필요할 때도 있네만, 결국 중요한 것은 판단력과 계획성이 아닐수 없구료.  그리고 이 스토리.. 음, 한마디로 혼란스럽고도 매혹적이였소. 캐릭터들의 광기와 욕망, 절망이 낱낱이 드러나는 서사였네만... 때로는 앞이 보이지 않을 정도로 깊은 절망 속을 헤매는 기분이었소. 하지만 묘하게도 계속 빠져들고 말았소.  허나 이곳의 길은 결코 평탄치 않소. 가혹한 전투와 끊임없는 고난이 그대를 기다리고 있소.. 하지만 그것이야말로 우리 같은 자들이 살아가는 방식이 아니겠는가. 자, 그대도 이 미친 여정에 함께하는건 어떠한가? 이상이오."
1973530,1,"스토리 좋고 연출이 점점 발전하는 모습도 좋고 캐릭터 정가도 쉽게 할 수 있고 합승리,패배로 도파민도 나오고 재미나내"
1973530,1,히히 거던돌아야지히히 거던돌아야지히히 거던돌아야지히히 거던돌아야지히히 거던돌아야지히히 거던돌아야지히히 거던돌아야지히히 거던돌아야지히히 거던돌아야지히히 거던돌아야지히히 거던돌아야지히히 거던돌아야지히히 거던돌아야지히히 거던돌아야지히히 거던돌아야지히히 거던돌아야지히히 거던돌아야지히히 거던돌아야지히히 거던돌아야지히히 거던돌아야지히히 거던돌아야지히히 거던돌아야지히히 거던돌아야지히히 거던돌아야지히히 거던돌아야지히히 거던돌아야지히히 거던돌아야지히히 거던돌아야지히히 거던돌아야지히히 거던돌아야지히히 거던돌아야지히히 거던돌아야지히히 거던돌아야지히히 거던돌아야지히히 거던돌아야지히히 거던돌아야지히히 거던돌아야지히히 거던돌아야지히히 거던돌아야지히히 거던돌아야지히히 거던돌아야지히히 거던돌아야지히히 거던돌아야지히히 거던돌아야지히히 거던돌아야지히히 거던돌아야지히히 거던돌아야지히히 거던돌아야지히히 거던돌아야지히히 거던돌아야지히히 거던돌아야지히히 거던돌아야지히히 거던돌아야지히히 거던돌아야지히히 거던돌아야지히히 거던돌아야지히히 거던돌아야지히히 거던돌아야지히히 거던돌아야지히히 거던돌아야지히히 거던돌아야지히히 거던돌아야지히히 거던돌아야지히히 거던돌아야지히히 거던돌아야지히히 거던돌아야지히히 거던돌아야지히히 거던돌아야지히히 거던돌아야지히히 거던돌아야지히히 거던돌아야지히히 거던돌아야지히히 거던돌아야지히히 거던돌아야지히히 거던돌아야지히히 거던돌아야지히히 거던돌아야지히히 거던돌아야지히히 거던돌아야지히히 거던돌아야지히히 거던돌아야지히히 거던돌아야지히히 거던돌아야지히히 거던돌아야지히히 거던돌아야지히히 거던돌아
1973530,1,네탓이군네탓이군네탓이군네탓이군네탓이군네탓이군네탓이군네탓이군네탓이군네탓이군네탓이군네탓이군네탓이군네탓이군네탓이군네탓이군네탓이군네탓이군네탓이군네탓이군네탓이군네탓이군네탓이군네탓이군네탓이군네탓이군네탓이군네탓이군네탓이군네탓이군네탓이군네탓이군네탓이군네탓이군네탓이군네탓이군네탓이군네탓이군네탓이군네탓이군네탓이군네탓이군네탓이군네탓이군네탓이군네탓이군네탓이군네탓이군네탓이군네탓이군네탓이군네탓이군네탓이군네탓이군네탓이군네탓이군네탓이군네탓이군네탓이군네탓이군네탓이군네탓이군네탓이군네탓이군네탓이군네탓이군네탓이군네탓이군네탓이군네탓이군네탓이군네탓이군네탓이군네탓이군네탓이군네탓이군네탓이군네탓이군네탓이군네탓이군네탓이군네탓이군네탓이군네탓이군네탓이군네탓이군네탓이군네탓이군네탓이군네탓이군네탓이군네탓이군네탓이군네탓이군네탓이군네탓이군네탓이군네탓이군네탓이군네탓이군네탓이군네탓이군네탓이군네탓이군네탓이군네탓이군네탓이군네탓이군네탓이군네탓이군네탓이군네탓이군네탓이군네탓이군네탓이군네탓이군네탓이군네탓이군네탓이군네탓이군네탓이군네탓이군네탓이군네탓이군네탓이군네탓이군네탓이군네탓이군네탓이군네탓이군네탓이군네탓이군네탓이군네탓이군네탓이군네탓이군네탓이군네탓이군네탓이군네탓이군네탓이군네탓이군네탓이군네탓이군네탓이군네탓이군네탓이군네탓이군네탓이군네탓이군네탓이군네탓이군네탓이군네탓이군네탓이군네탓이군네탓이군네탓이군네탓이군네탓이군네탓이군네탓이군네탓이군네탓이군네탓이군네탓이군네탓이군네탓이군네탓이군네탓이군네탓이군네탓이군네탓이군네탓이군네탓이군네탓이군네탓이군네탓이군네탓이군네탓이군네탓이군네탓이군네탓이군네탓이군네탓이군네탓이군네탓이군네탓이군네탓이군네탓이군네탓이군네탓이군네탓이군네탓이군네탓이군네탓이군네탓이군네탓이군네탓이군네탓이군네탓이군네탓이군네탓이군네탓이군네탓이군네탓이군네탓이군네탓이군네탓이군네탓이군네탓이군네탓이군네탓이군네탓이군네탓이군네탓이군네탓이군네탓이군네탓이군네탓이군네탓이군네탓이군네탓이군네탓이군네탓이군네탓이군네탓이군네탓이군네탓이군네탓이군네탓이군네탓이군네탓이군네탓이군네탓이군네탓이군네탓이군네탓이군네탓이군네탓이군네탓이군네탓이군네탓이군네탓이군네탓이군네탓이군네탓이군네탓이군네탓이군네탓이군네탓이군네탓이군네탓이군네탓이군네탓이군네탓이군네탓이군네탓이군네탓이군네탓이군네탓이군네탓이군네탓이군네탓이군네탓이군네탓이군네탓이군네탓이군네탓이군네탓이군네탓이군네탓이군네탓이군네탓이군네탓이군네탓이군네탓이군네탓이군네탓이군네탓이군네탓이군네탓이군네탓이군네탓이군네탓이군네탓이군네탓이군네탓이군네탓이군네탓이군네탓이군네탓이군네탓이군네탓이군네탓이군네탓이군네탓이군네탓이군네탓이군네탓이군네탓이군네탓이군네탓이군네탓이군네탓이군네탓이군네탓이군네탓이군네탓이군네탓이군네탓이군네탓이군네탓이군네탓이군네탓이군네탓이군네탓이군네탓이군네탓이군네탓이군네탓이군네탓이군네탓이군네탓이군네탓이군네탓이군네탓이군네탓이군네탓이군네탓이군네탓이군네탓이군네탓이군네탓이군네탓이군네탓이군네탓이군네탓이군네탓이군네탓이군네탓이군네탓이군네탓이군네탓이군네탓이군네탓이군네탓이군네탓이군네탓이군네탓이군네탓이군네탓이군네탓이군네탓이군네탓이군네탓이군네탓이군네탓이군네탓이군네탓이군네탓이군네탓이군네탓이군네탓이군네탓이군네탓이군네탓이군네탓이군네탓이군네탓이군네탓이군네탓이군네탓이군네탓이군네탓이군네탓이군네탓이군네탓이군네탓이군네탓이군네탓이군네탓이군네탓이군네탓이군네탓이군네탓이군네탓이군네탓이군네탓이군네탓이군네탓이군네탓이군네탓이군네탓이군네탓이군네탓이군네탓이군네탓이군네탓이군네탓이군네탓이군네탓이군네탓이군네탓이군네탓이군네탓이군네탓이군네탓이군네탓이군네탓이군네탓이군네탓이군네탓이군네탓이군네탓이군네탓이군네탓이군네탓이군네탓이군네탓이군네탓이군네탓이군네탓이군네탓이군
1973530,0,"게임은 무료 치고는 재밌고 나쁘지 않으나 거던 노말 5층은 백번 양보해도 이건 꼭 말해야겠음 정신력 45일때 앞면 확률 95라지만 이 게임은 95퍼를 모르는 거 같음 어티스 3스에 뒷면 하나는 꼭 나오고 외히스도 약상도 3스에 뒷면 하나는 고정이고 적슈는 1,2,3스 다 그렇고 쥐싱은 뒷면 나와야하는 애가 -30이여도 앞면 나오고 침잠에서도 에드그렉 뒷면 2번 동상 2스 뒷면 2번 다 정신력 45 근데 적들은? -20에서 앞면 조오오오온나 많이 떠 특히 N사랑 노예 이 씨1발년들 정신력이 높아도 지랄 낮아도 지랄 이래도 지랄 저래도 지랄 앉아도 지랄 일어서도 지랄 춤춰도 지랄 4코인 스킬 쓸때 10번 중 9번은 뒷면하나가 꼭 나옴 고혈압 생기고 싶은 사람만 해라 사람 성격 죽이는 겜임 뒷면 때문에 샷건 친적도 있고 마우스 화면에 던진 적도 있음 95퍼가 아니면 아니라고 말하고 고치면 되지 그걸 숨겨서 사람 화나게 만드네ㅡㅡ"
1973530,1,"전투에 대한 설명에 미숙함이 좀 있고 세계관을 이해하기 좀 어려울수도 있지만 그래도 세계관은 중간중간에 설명충 캐가 나와서 설명해주고 나머지 전투 시스템은......유튜브 보세요. 그게 편합니다, (추신 사장님이 귀여움)"
1973530,1,시1발 픽뚫ㅉㅉㅉㅉㅉㅉㅉㅉㅉㅉㅉㅉㅉㅉㅉㅉㅉㅉㅉㅉㅉㅉㅉㅉㅉㅉㅉㅉㅉㅉㅉㅉㅉㅉㅉㅉㅉㅉㅉㅉㅉㅉㅉㅉㅉㅉㅉㅉㅉㅉㅉㅉㅉㅉㅉㅉㅉㅉㅉㅉㅉㅉㅉㅉㅉㅉㅉㅉㅉㅉㅉㅉㅉㅉㅉㅉㅉㅉㅉㅉㅉㅉㅉㅉㅉㅉㅉㅉㅉㅉㅉㅉ
1973530,1,"스토리를 어떻게 매 장마다 고점갱신을 하는지 모를 겜. 전에도 몰랐고, 앞으로도 모르겠지.  그리고 스토리가 끝나면, 우리에게 남는 건 거던뿐이다.  오오 라운드 앤 라운드 위 고"
1973530,0,스토리 일러 좋아했는데 뭔 스토리 일러레를 저녁에 냅다 하루만에 짤라버려서 이제 그것도 보질 못하고 참... 그렇다고 게임성이 압도적으로 좋은 것도 아니고 불편하고 스토리 게임인데 난이도는 쓸데없이 높고 그래도 캐릭터랑 스토리 보고 재미있게 했었는데 이젠 꼴도 보기 싫네요 그렇게 감정적으로 겜 만들지 마세요
1973530,1,문명 플탐 100시간 남짓한 놈이 여기다가 199시간 꼴박한 시점에서 이게 얼마나 재밌는지 알 수 있음
1973530,1,"게임 튜토리얼이 불친절해서 머리 박으면서 배워야함 취향 잘 맞으면 할만 함 불합리한 상황을 몸비틀어서 해결해가는 재미인듯?"
1973530,1,혐오스럽고 치가 떨리는 중국산 가챠에서 기겁하며 도망쳐 도착한 곳은 거던만이 있을 뿐이였다.
1973530,1,"제에에에에에에엔쟈아아아아아아아앙 김!!!!!! 지!!!!!!!!!!! 훈!!!!!!!!!!!!!!! 림.. 림버스 컴퍼니를 대체 어떻게 한거냐!!!!!!! 내 ... 내몸이.....! 계속 달아오르고 있잖아!!!!!!!!!!!!! 응기이이잇!!!!!!!!!!!!!!!!!!!!!!!!!!!!!!!!!!!!!!!!!!!!!!!!!!!!!!!!!!!!!!!!!!!!!!!!!!!!!!"
1973530,1,"이 세상의 모든 게임은 ""푹신""과 ""퍼석""으로 나뉘지 이 게임은 극상의 ""푹신""을 자랑한다."
1973530,1,거던거던거던거던거던거던거던거던거던거던거던거던거던거던거던거던거던거던거던거던거던거던거던거던거던거던거던거던거던거던거던거던거던거던거던거던거던거던거던거던거던거던거던거던거던거던거던거던거던거던거던거던거던거던거던거던거던거던거던거던거던거던거던거던거던거던거던거던거던거던거던거던거던거던거던거던거던거던거던거던거던거던거던거던거던거던거던거던거던거던거던거던거던거던거던거던거던거던거던거던거던거던거던거던거던거던거던거던거던거던거던거던거던거던거던거던거던거던거던거던거던거던거던거던거던거던거던거던거던거던거던거던거던거던거던거던거던거던거던거던거던거던거던거던거던거던거던거던거던거던거던거던거던거던거던거던거던거던거던거던거던거던거던거던거던거던거던거던거던거던거던거던거던거던거던거던거던거던거던거던거던거던거던거던거던거던거던거던거던거던거던거던거던거던거던거던거던거던거던거던거던거던거던거던거던거던거던거던거던거던거던거던거던거던거던거던거던거던거던거던거던거던거던거던거던거던거던거던거던거던거던거던거던거던거던거던거던거던거던거던거던거던거던거던거던거던거던거던거던거던거던거던거던거던거던거던거던거던거던거던거던거던거던거던거던거던거던거던거던거던거던거던거던거던거던거던거던거던거던거던거던거던거던거던거던거던거던거던거던거던거던거던거던거던거던거던거던거던거던거던거던거던거던거던거던거던거던거던거던거던거던거던거던거던거던거던거던거던거던거던거던거던거던거던거던거던거던거던거던거던거던거던거던거던거던거던거던거던거던거던거던거던거던거던거던거던거던거던거던거던거던거던거던거던거던거던거던거던거던거던거던거던거던거던거던거던거던거던거던거던거던거던거던거던거던거던거던거던거던거던거던거던거던거던거던거던거던거던거던거던거던거던거던거던거던거던거던거던거던거던거던거던거던거던거던거던거던거던거던거던거던거던거던거던거던거던거던거던거던거던거던거던거던거던거던거던거던거던거던거던거던거던거던거던거던거던거던거던거던거던거던거던거던거던거던거던거던거던거던거던거던거던거던거던거던거던거던거던거던거던거던거던거던거던거던거던거던거던거던거던거던거던거던거던거던거던거던거던거던거던거던거던거던거던거던거던거던거던거던거던거던거던거던거던거던거던거던거던거던거던거던거던거던거던거던거던거던거던거던거던거던거던거던거던거던거던거던거던거던거던거던거던거던거던거던거던거던거던거던거던거던거던거던거던거던거던거던거던거던거던거던거던거던거던거던거던거던거던거던거던거던거던거던거던거던거던거던거던거던거던거던거던거던거던거던거던거던거던거던거던거던거던거던거던거던거던거던거던거던거던거던거던거던거던거던거던거던거던거던거던거던거던거던거던거던거던거던거던거던거던거던거던거던거던거던거던거던거던거던거던거던거던거던거던거던거던거던거던거던거던거던거던거던거던거던거던거던거던거던거던거던거던거던거던거던거던거던거던거던거던거던거던거던거던거던거던거던거던거던거던거던거던거던거던거던거던거던거던거던거던거던거던거던거던거던거던거던거던거던거던거던거던거던거던거던거던거던거던거던거던거던거던거던거던거던거던거던거던거던거던거던거던거던거던거던거던거던거던거던거던거던거던거던거던거던거던거던거던거던거던거던거던거던거던
1973530,1,째깍째깍째깍째깍 tick tock tick tock tick tock tick tock tick tock
1973530,1,지훈이형 사랑해 지훈이형 사랑해 지훈이형 사랑해 지훈이형 사랑해 지훈이형 사랑해 지훈이형 사랑해 지훈이형 사랑해 지훈이형 사랑해 지훈이형 사랑해 지훈이형 사랑해 지훈이형 사랑해 지훈이형 사랑해 지훈이형 사랑해 지훈이형 사랑해 지훈이형 사랑해 지훈이형 사랑해 지훈이형 사랑해 지훈이형 사랑해 지훈이형 사랑해 지훈이형 사랑해 지훈이형 사랑해 지훈이형 사랑해 지훈이형 사랑해 지훈이형 사랑해 지훈이형 사랑해 지훈이형 사랑해 지훈이형 사랑해 지훈이형 사랑해 지훈이형 사랑해 지훈이형 사랑해 지훈이형 사랑해 지훈이형 사랑해 지훈이형 사랑해 지훈이형 사랑해 지훈이형 사랑해 지훈이형 사랑해 지훈이형 사랑해 지훈이형 사랑해 지훈이형 사랑해 지훈이형 사랑해 지훈이형 사랑해 지훈이형 사랑해 지훈이형 사랑해 지훈이형 사랑해 지훈이형 사랑해 지훈이형 사랑해 지훈이형 사랑해 지훈이형 사랑해 지훈이형 사랑해 지훈이형 사랑해 지훈이형 사랑해 지훈이형 사랑해 지훈이형 사랑해 지훈이형 사랑해 지훈이형 사랑해 지훈이형 사랑해 지훈이형 사랑해 지훈이형 사랑해 지훈이형 사랑해 지훈이형 사랑해 지훈이형 사랑해 지훈이형 사랑해 지훈이형 사랑해 지훈이형 사랑해 지훈이형 사랑해 지훈이형 사랑해 지훈이형 사랑해 지훈이형 사랑해 지훈이형 사랑해 지훈이형 사랑해 지훈이형 사랑해 지훈이형 사랑해 지훈이형 사랑해 지훈이형 사랑해 지훈이형 사랑해 지훈이형 사랑해 지훈이형 사랑해 지훈이형 사랑해 지훈이형 사랑해 지훈이형 사랑해 지훈이형 사랑해 지훈이형 사랑해 지훈이형 사랑해 지훈이형 사랑해 지훈이형 사랑해 지훈이형 사랑해 지훈이형 사랑해 지훈이형 사랑해 지훈이형 사랑해 지훈이형 사랑해 지훈이형 사랑해 지훈이형 사랑해 지훈이형 사랑해 지훈이형 사랑해 지훈이형 사랑해 지훈이형 사랑해 지훈이형 사랑해 지훈이형 사랑해 지훈이형 사랑해 지훈이형 사랑해 지훈이형 사랑해 지훈이형 사랑해 지훈이형 사랑해 지훈이형 사랑해 지훈이형 사랑해 지훈이형 사랑해 지훈이형 사랑해 지훈이형 사랑해 지훈이형 사랑해 지훈이형 사랑해 지훈이형 사랑해 지훈이형 사랑해 지훈이형 사랑해 지훈이형 사랑해 지훈이형 사랑해 지훈이형 사랑해 지훈이형 사랑해 지훈이형 사랑해 지훈이형 사랑해 지훈이형 사랑해 지훈이형 사랑해 지훈이형 사랑해 지훈이형 사랑해 지훈이형 사랑해 지훈이형 사랑해 지훈이형 사랑해 지훈이형 사랑해 지훈이형 사랑해 지훈이형 사랑해 지훈이형 사랑해 지훈이형 사랑해 지훈이형 사랑해 지훈이형 사랑해 지훈이형 사랑해 지훈이형 사랑해 지훈이형 사랑해 지훈이형 사랑해 지훈이형 사랑해
1973530,1,"처음 당신이 림버스 컴퍼니를 시작한다면 튜토리얼의 이름을 사칭하는 아무짝에도 쓸모없는 쓰래기를 보여줍니다, 그리고선 스토리로 넘어가 우리가 늬들에게 보여줄건 ""자극적이고, 파멸적이며, 인류애란 진즉에 죽쒀서 개돌이 밥줘버린 세상이다"" 라는 것을 보여주죠, 하지만 너무 미워하실 필요는 없습니다. 이 게임을 하며 매일 매시간 매순간 보고, 음미(?)하고, 욕하게될 캐릭터들이 있으니까요, 기본적으로 당신이 조작하게 될 12명의 수감자들은 각자 다른 개성을 보유하고 있으며 매번 스토리에서 자신의 개성을 최대로 보여줍니다. 꽤나 기대할만 하다고 생각합니다, 아무튼 이 수감자들이 다른 결말에 이렀다라는 컨셉으로 만들어진 인격이라는 것도 매번 상당한 공을 들여 만들기에 꽤 수려하고 탄탄한 설정의 배합과, 눈요기를 할 수 있죠. 또한 조연들도 매우 개성있습니다, 언제나 주인공 그리고 수감자와 함께하는 베르길리우스는 본인만의 멋과 개성을 가지고 있으니까요. 적이라고 대충만드는 경우는 없으니 안심하시길 바랍니다.  전투시스템에는 아직 불만이 있습니다, 오래한 사람으로선 직관적이네~ 하면서 느낄 수 있다고 생각합니다, 하지만 적응이 완벽이 되지 않은 뉴비들에게는 아주 가혹한 숙제라고도 생각이 들기도 하죠, 튜토리얼 개선사항에대해 말한적이 있으니, 기대해보도록 하겠습니다."
1973530,1,스토리가 정말 매력적입니다. 캐릭터의 서사도 완벽에 가깝고 정말 재밌는 게임입니다. 초보자분들은 전투가 어려울 수도 있지만 그만큼 수가 많고 겨우 합 이기는 맛이 짜릿합니다./
1973530,1,째깍째깍째깍째깍째깍째깍.째깍째깍.째깍째깍째깍째깍째깍째깍째깍째깍째깍째깍째깍째깍째깍째깍.째깍째깍째깍째깍째깍째깍째깍.째깍째깍째깍째깍째깍째깍째깍째깍째깍째깍.째깍.
1973530,1,그냥 인격 뽑는 맛에 했는데 인격 자주 뽑으니까 사기 ㅇ니격도 많이 뽑을 수 있음
1973530,1,"림버스 45일차 뉴비는 발푸밤만 기다리고있습니다. 발푸 인격없어서 너무나 꼽다 화가난다! 4월에 발푸밤 해주세요 제발.."
1973530,1,관리자나리!!!!!!!!!!!!!!!!!!!!!!!!!!!!!!
1973530,1,"책읽기는 귀찮지만 좀 많이 각색된 문학을 읽고 싶다면 추천 하지만 여러가지 개가튼 포인트가 있긴 할거임 그리고 가장 중요한 포인트 당신이 이 게임을 전혀 모른채 이 게임을 시작했다면 인터넷은 당분간 끄길 추천함 팬덤의 지랄을 보고싶은게 아니라면"
1973530,1,"ui가 좀 어지럽지만 그래도 타격감과 그림체가 좋아서 칭찬합니다."
1973530,1,개인적으로 스토리 나왔을 때 12시에 다운하고 바로 달리기 시작하면 저녁 돼고 바깥 어둑해질 즈음에 클라이막스 부분이라 감성 죽여서 좋은 것 같음.
1973530,1,"일단 뭔진모르겠지만 먹다보면 이 이상의 맛을내는 게임이 없음..... 프문은 진짜 전설임....!"
1973530,1,초보자를 위한 설명은 굉장히 부족함.다만 림버스를 하는 지인이 있다면 할만하다.
1973530,1,이게 내 인생게임이 될 줄은 몰랐지.. 스토리도 좋고 OST에 점점 발전하는 연출까지... 그저 거를 게 없는 게임 점점 기대가 되는 게임이다.
1973530,1,프문은 신이야...! 스토리면 스토리 브금이면 브금 캐릭터면 캐릭터 모든게 완벽하다! 홍루는 최고다! 모든 홍루를 나에게로!  단점이라 하면 전투방식 하지만 적응하면 사라저서 좋은 게임이다
1973530,1,"기계 번역을 사용하고 있습니다. 실수가 있다면 죄송합니다.  이것은 좋은 스토리와 흥미로운 캐릭터가 있는 멋진 무료 가챠 게임이지만, 모든 인격을 한 페이지에 표시하고 스크롤할 수 있는 수감자 페이지에 대한 대체 보기를 추가해 주세요."
1973530,0,뭐 너무 짜증나고 하기 싫을정도로 어려움 재미를 위한건가 뭐를 위한건가 모르겠는데 굳이 이렇게 어렵게 할필요가 있나도 궁금하고 그냥 하기 싫어짐
1973530,1,거던 거던 거던 추출 거던 거던 거던 거던 거던 가난 씹@탱;;;;;;;;; 엔케팔린 대기 거던 거던 거던 추출 거던 거던 거던 거던 거던 가난 씹@탱;;;;;;;;; 스토리 밀기.  흥미있는 스토리  개@같은 추출 물론 3성이나 에고 뽑으면 겜이 재밋어짐  쌈@뽕진 연출  개쩌는 일러스트  몰라 그냥 재밋어요
1973530,1,이건 꼭 하셔야 합니다 선생님들 저를 한번만 믿고 꼭 아니 꼭 해주십쇼!!!
1973530,1,"장점 1. 턴제 게임 이지만 여타 다른 턴제 게임과 다른, 누구나 먹기 좋은 맛입니다. 2. 씹덕니즈에 아주 잘 맞습니다. (회사 자체가 씹덕회사임) 3. 가챠게임 인데 반년에 한번 나오는 약 만원 짜리 패스만 사도 모든 캐릭 수집 가능 (가챠는 하고 싶은 사람만) 4. 말도 안되게 맛있는 세계관과 스토리 (진짜 쩔음) 5. 매우 빠르게 끝나는 숙제와 설렁설렁 해도 충분히 다 즐기기 가능 6. 사운드, ost, 타격감 GOAT  단점 1. 진입장벽이 살짝 높을 수도 있지만 하다보면 충분히 익혀집니다 걱정 마세요. 2. 사람에 따라 컨텐츠 부족을 느낄수도 있습니다. 3. 폭력성이 좀 높아서 사람에 따라 불쾌할수도 있습니다 (근데 그림체가 커여워서 그렇게 안 심함)"
1973530,1,"당신은 오늘 거던을 돌았습니까? 네, 아니오, 네, 아니오, 네, 아니오, 네, 아니오, 네, 아니오. 네 네 네 네 네 네!!!"
1973530,0,뒤로 갈수록 어려운게 아니라 역겨움 그런데 이겨도 운빨 좇망겜이라 운이 좋아서 이긴거 같음 그래서 이겨도 이긴거 같지가 않음 스토리만 따로 보세요
1973530,1,장점 -지금까지 본 것 중 가장 이상적인 전투 스타일 -최고의 스토리와 연출 -감탄나올 정도로 잘 배치된 캐릭터들  ===  단점 -남들에게 추천하기 힘든 최악의 튜토리얼 -남들에게 추천하기 힘든 최악의 가시성 -남들에게 추천하기 힘든 거친 인터페이스   게임을 하면서 캐릭터들에게 몰입하고 진심으로 응원하면서 눈물을 흘렸던게 너무 오랜만이네요. 말도 안되는  감동과 여운이 남는 작품이였습니다. 하지만 튜토리얼과 가시성이 너무 최악이라서 남들에게 선뜻  추천하기 아쉬운 작품이기도 합니다. 하지만 이 단점들이 아주 작은 티끌로만 보일 정도로 다른 장점들이 이 게임을 완성시켰다고 생각합니다
1973530,0,게임이 불쾌감을 주고싶은건지 공략하는 쾌감을 느끼게 하고 싶은건지를 구분 못하겠음 지금 나오는 스테이지 난이도 같은거 보면 걍 전자로밖에 안느껴짐 적당히 매워야지 좀
1973530,1,"이봐 관리자 나리 거던을 돌아야 나의 다른 인격을 얻을수 있다고? 그러니깐 빨리 돌아봐 나도 좀 멋지게 싸워 보자 어?"
1973530,1,"장점 - 패스만 사도 이론상 모든 3성 먹을수있음  장점 - 풀 더빙임 장점 - 스토리가 짱짱함  단점 - 가끔 기분나쁜게 나움  단점 -  최애캐가 최애캐였던 것 이 될수도있음"
1973530,1,거던거던거던거던거던거던거던거던거던거던거던거던거던거던거던거던거던거던거던거던거던거던거던거던거던거던거던거던거던거던거던거던거던거던거던거던거던거던거던거던거던거던거던거던거던거던거던거던거던거던거던거던거던거던거던거던거던거던거던거던거던거던거던거던거던거던거던거던거던거던거던거던거던거던거던거던거던거던거던거던거던거던거던거던거던거던거던거던거던거던거던거던거던거던거던거던거던거던거던거던거던거던거던거던거던거던거던거던거던거던거던거던거던거던거던거던거던거던거던거던거던거던거던거던거던거던거던거던거던거던거던거던거던거던거던거던거던거던거던거던거던거던거던거던거던거던거던거던거던거던거던거던거던거던거던거던
1973530,1,거던을돌아거던을돌아거던을돌아거던을돌아거던을돌아거던을돌아거던을돌아거던을돌아거던을돌아거던을돌아거던을돌아거던을돌아거던을돌아거던을돌아거던을돌아거던을돌아거던을돌아거던을돌아거던을돌아거던을돌아거던을돌아거던을돌아거던을돌아거던을돌아거던을돌아거던을돌아거던을돌아거던을돌아거던을돌아거던을돌아거던을돌아거던을돌아거던을돌아거던을돌아거던을돌아거던을돌아거던을돌아거던을돌아거던을돌아거던을돌아거던을돌아거던을돌아거던을돌아거던을돌아거던을돌아거던을돌아거던을돌아거던을돌아거던을돌아거던을돌아거던을돌아거던을돌아거던을돌아거던을돌아거던을돌아거던을돌아거던을돌아거던을돌아거던을돌아거던을돌아거던을돌아거던을돌아거던을돌아거던을돌아거던을돌아거던을돌아거던을돌아거던을돌아거던을돌아거던을돌아거던을돌아거던을돌아거던을돌아거던을돌아거던을돌아거던을돌아거던을돌아거던을돌아거던을돌아거던을돌아거던을돌아거던을돌아거던을돌아거던을돌아거던을돌아거던을돌아거던을돌아거던을돌아거던을돌아거던을돌아거던을돌아거던을돌아거던을돌아거던을돌아거던을돌아거던을돌아
1973530,1,"최적화, 튜토리얼, UI 등 이곳저곳 불편한 곳은 많지만 현시점에서는 대체불가능한 갓겜"
1973530,1,림이이바스 깜파니!!!!!!!!!!!!!!!!!!!!!!!!!!!!!!
1973530,1,이 게임은 해보기 전 사람과 해본 후 사람과 나뉜다.  그냥 턴제 RPG라고 생각하고 입문했지만 상상이상으로 놀랬다. 연출이나 스토리니 BGM이나   내 겜 인생중 남는 게임이였음.
1973530,1,내가 이겼다 뉴비절단기 보스놈들 보았느냐 프문 너희들의 고난을 이겨낸 내가 여기 있다
1973530,1,"전투 시스템이 복잡하다, UI가 유저 친화적이지 않다, 튜토리얼이 만들다 만 것 같다 등등 이 게임의 부정적인 평가가 많습니다. 위에 언급된 것 모두 사실이긴 하지만 전투 시스템이 복잡하다는 것을 실질적으로 체감할 시점은 스토리 4장을 진행할 때 입니다. 다른말로 하자면 그 전까지는 전투에 큰 어려움을 느끼기 힘들고, 그만큼 스토리에 집중하기 편하다는 것이죠. 프로젝트 문의 최대 장점중 하나인 감동적인 스토리와 개쩌는 mili의 주제곡 콜라보가 여러분을 헤집어 놓을 것입니다.  솔직히 스토리를 그정도나 진행할 시점이라면 이 게임을 몇십시간이나 즐겼겠다, 공격레벨 혹은 방어레벨과 같은 인게임 시스템에 대해 하나씩 찾아볼 생각을 하게 될 겁니다. 커뮤니티 등지에 해당 설명이 아주 친절하게 나와있으니 그쪽을 참고하시면 좋을 것 같아요. 환상체, 각 장의 보스 등등 기믹이 들어가 있는 전투를 이어나가면서 전투가 어떻게 돌아가는지 완벽하게는 몰라도 대강 이러면 이기겠구나 하는 느낌은 확실히 알게 되실겁니다. 어느정도 그런 부분을 배워나가면서 느끼는 재미도 있다고 생각해요.  UI와 튜토리얼 등의 개선은 6시즌을 진행하면서 순차적으로 이루어질것이라고 합니다. 5시즌에서 거울던전 도전과제와 보상 업데이트도 그렇고, 이벤트 스테이지의 하드스테이지 추가, BM 개선 등 이 게임은 서비스가 이루어지면서 점차 발전해나가는 게임입니다. 지금 당장은 답답한 부분이 많아도 회사 대표가 유저들과 활발히 소통하면서 개선점에 대해 끊임없이 고민하고 개발 계획을 정기적으로 전달해주는게 유저에게 신뢰감을 갖게 한다고 생각합니다.   그리고 이 모든 것을 체감하게 될 때 쯤에는 당신도 훌륭한 거악귀가 되어있을 겁니다. 거던만세"
1973530,1,n默这样改🤓☝ 持有4暴怒时 获得1狂信 若处于75%血一下时改为1狂信 1攻击威力增加1 1守护回复自身5血量 若处于50%血以下时改为1狂信 1攻击威力增加1 3守护 回复自身10血量 并消除自身1负面buff
1973530,1,당신이 림버스를 하지않았다면 아직 살아갈 이유가 하나 남아있는것이다
1973530,1,출시후 헬스치킨까지 진행 후 잊었던 게임 림센세를 얻고 복귀 라만차 세트 겟또 달리며 얻은 많은 캐릭들 갸챠 잘뜸 단 내가 원하는 건 안뜸
1973530,1,"어떤ㅅ1ㄲ가 이 게임 혜자래 돈 대신 시간 ㅈㄴ 투자해야하는데 근데 개재밌음"
1973530,1,"오늘부로 김지훈 지지를 철회한다  오늘부터 지지관계에서 벗어나 김지훈와(과) 나는 한몸으로 일체가 된다 김지훈에 대한 공격은 나에 대한 공격으로 간주한다  세상에 80억 명의 김지훈 팬이 있다면, 나는 그들 중 한 명일 것이다. 세상에 1억 명의 김지훈 팬이 있다면, 나 또한 그들 중 한 명일 것이다. 세상에 천만 명의 김지훈 팬이 있다면, 나는 여전히 그들 중 한 명일 것이다. 세상에 백 명의 김지훈 팬이 있다면, 나는 아직도 그들 중 한 명일 것이다. 세상에 한 명의 김지훈 팬이 있다면, 그 사람은 아마도 나일 것이다. 세상에 단 한 명의 김지훈 팬도 없다면, 나는 그제서야 이 세상에 없는 것이다.  김지훈, 나의 사랑. 김지훈, 나의 빛. 김지훈, 나의 어둠. 김지훈, 나의 삶. 김지훈, 나의 기쁨. 김지훈, 나의 슬픔. 김지훈, 나의 안식. 김지훈, 나의 영혼. 김지훈, 나."
1973530,1,고전문학의 주인공들을 자사의 세계관에 녹여내어 매력적으로 재해석한 작품 중에서 매순간 고점인 작품들이 몇이나 있을까. 그중하나가 이 게임인것 같다.
1973530,1,이 게임은 진짜 이상하다. 이 게임이 이 정도 퀄리티에 무료인 것도 말이 안 된다. 그리고 가장 충격적인 것은 장이 거듭되면 거듭될 수록 '전 장 스토리를 넘을 수 있을까?'라는 내 생각을 항상 뛰어넘는다. 이 게임뿐만 아니라 이 회사가 정말 오래 갔으면 좋겠다. 내 인생 최고의 게임이다.
1973530,1,"고귀하지만 왠지 모르게 우울한 배! 고귀한 것들은 모두 그런 기미를 띠고 있는 법이다.  - 모비딕, 허먼 멜빌"
1973530,1,저의 인생 게임은 리그 오브 레전드였지만 서브컬쳐을 처음으로 접한 게임이 림버스 컴퍼니입니다 너무 잘 즐기고 있고요 다음 업뎃도 기대하겠습니다
1973530,1,"안녕하세요... 싱클레어라고 해요... 더 해야 될 말이 있나요? 회사는 처음이라... 이럴 때 그 친구라면 어떻게 말했을까요? 아니야, 자꾸 기대려 하면 안돼, 싱클레어. 혼자서 생각해... 도 괜찮겠죠, 관리자님?"
1973530,1,2주년 이벤트라 선택권 받아서 3성을 사기로만 뽑아먹을 수 있음 할거면 지금 하는 게 나음
1973530,1,스토리 갓겜에 라오루 안해본 사람들도 재밌어 하면서 할수있는게임 단점은 뉴비가 하기에 이해하기 힘든 기믹들도 있음(근데 그건 림할배들이 알려줄거임) 성우님들의 연기도 미쳤고 프문 애들이 꼴잘알이라서 캐릭터들도 ㅈㄴ 개성있어서 좋고 그리고 돈은 패스만 사고 정가치면 돼서 ㄹㅇ 개꿀임 그래서 4장쯤에서 막힐때면 거던만 돌면 됌 가장 중요한게 우리 디랙터님 ㅈㄴ귀여움
1973530,1,진짜 성인이 되고 나서야 많은 것들이 보이는 좋은 스토리들이 가득한 게임
1973530,1,거던 거던 거던 거던 거던 거던 거던 거던 거던 거던 거던 거던 거던 거던 거던 거던 거던 거던 거던 거던 거던 거던 거던 거던 거던 거던 거던 거던 거던 거던 거던 거던 거던 거던 거던 거던 거던 거던 거던 거던 거던 거던 거던 거던 거던 거던 거던 거던 거던 거던 거던 거던 거던 거던 거던 거던 거던 거던 거던 거던 거던 거던 거던 거던 거던 거던 거던 거던 거던 거던 거던 거던 거던 거던 거던 거던 거던 거던 거던 거던 거던 거던 거던 거던 거던 거던 거던 거던 거던 거던 거던 거던 거던 거던 거던 거던 거던 거던 거던 거던 거던 거던 거던 거던 거던 거던 거던 거던 거던 거던 거던 거던 거던 거던 거던 거던 거던 거던 거던 거던 거던 거던 거던 거던 거던 거던 거던 거던 거던 거던 거던 거던 거던 거던 거던 거던 거던 거던 거던 거던 거던 거던 거던 거던 거던 거던 거던 거던 거던 거던 거던 거던 거던 거던 거던 거던 거던 거던 거던 거던 거던 거던 거던 거던 거던 거던 거던 거던 거던 거던 거던 거던 거던 거던 거던 거던 거던 거던 거던 거던 거던 거던 거던 거던 거던 거던 거던 거던 거던 거던 거던 거던 거던 거던 거던 거던 거던 거던 거던 거던 거던 거던 거던 거던 거던 거던 거던 거던 거던 거던 거던 거던 거던 거던 거던 거던 거던 거던 거던 거던 거던 거던 거던 거던 거던 거던 거던 거던 거던 거던 거던 거던 거던 거던 거던 거던 거던 거던 거던 거던 거던 거던 거던 거던 거던 거던 거던 거던 거던 거던 거던 거던 거던 거던 거던 거던 거던 거던 거던 거던 거던 거던 거던 거던 거던 거던 거던 거던 거던 거던 거던 거던 거던 거던 거던 거던 거던 거던 거던 거던 거던 거던 거던 거던 거던 거던 거던 거던 거던 거던 거던 거던 거던 거던 거던 거던 거던 거던 거던 거던 거던 거던 거던 거던 거던 거던 거던 거던 거던 거던 거던 거던 거던 거던 거던 거던 거던 거던 거던 거던 거던 거던 거던 거던 거던 거던 거던 거던 거던 거던 거던 거던 거던 거던 거던 거던 거던 거던 거던 거던 거던 거던 거던 거던 거던 거던 거던 거던 거던 거던 거던 거던 거던 거던 거던 거던 거던 거던 거던 거던 거던 거던 거던 거던 거던 거던 거던 거던 거던 거던 거던 거던 거던 거던 거던 거던 거던 거던 거던 거던 거던 거던 거던 거던 거던 거던 거던 거던 거던 거던 거던 거던 거던 거던 거던 거던 거던 거던 거던 거던 거던 거던 거던 거던 거던 거던 거던 거던 거던 거던 거던 거던 거던 거던 거던 거던 거던 거던
1973530,1,거던을 돈다 거던을 돈다 거던을 돈다 거던을 돈다 거던을 돈다 거던을 돈다 거던을 돈다 거던을 돈다 거던을 돈다 거던을 돈다 거던을 돈다 거던을 돈다 거던을 돈다 거던을 돈다 거던을 돈다 거던을 돈다 거던을 돈다 거던을 돈다 거던을 돈다 거던을 돈다 거던을 돈다 거던을 돈다 거던을 돈다 거던을 돈다 거던을 돈다 거던을 돈다 거던을 돈다 거던을 돈다 거던을 돈다 거던을 돈다 거던을 돈다 거던을 돈다 거던을 돈다 거던을 돈다 거던을 돈다 거던을 돈다 거던을 돈다 거던을 돈다 거던을 돈다 거던을 돈다 거던을 돈다 거던을 돈다 거던을 돈다 거던을 돈다 거던을 돈다 거던을 돈다 거던을 돈다 거던을 돈다 거던을 돈다 거던을 돈다 거던을 돈다 거던을 돈다 거던을 돈다 거던을 돈다 거던을 돈다 거던을 돈다 거던을 돈다 거던을 돈다 거던을 돈다 거던을 돈다 거던을 돈다
1973530,1,개꿀잼 조금 어렵긴 하지만 시스템만 잘 이해하면 너무 재밌고 킬링타임으로 딱 좋음
1973530,1,제발 스토리 천천히 미세요 안그럼 목요일마다 거던도는거랑 거굴철 턴깍밖에 할게없어요
1973530,1,좋은 연출과 좋은 스토리 현질유도 없이 즐길 수 있다는것이 큰 장점.
1973530,1,"내가 플레이한 게임중 가장 스토리 좋고 눈물을 펑펑 흘릴수 있는게임 단, 플레이를 잘하고 싶다면 비문학 독해를 다시 공부할것"
1973530,1,게임 방식 이해만 잘하면 할만함. 이미 이 게임을 하는 지인이 있다면 입문 추천함.
1973530,1,개꿀잼개꿀잼개꿀잼개꿀잼개꿀잼개꿀잼개꿀잼개꿀잼개꿀잼개꿀잼개꿀잼개꿀잼개꿀잼개꿀잼개꿀잼개꿀잼개꿀잼개꿀잼개꿀잼개꿀잼개꿀잼개꿀잼개꿀잼개꿀잼개꿀잼개꿀잼개꿀잼개꿀잼개꿀잼개꿀잼개꿀잼개꿀잼개꿀잼개꿀잼개꿀잼개꿀잼개꿀잼개꿀잼개꿀잼개꿀잼개꿀잼개꿀잼개꿀잼개꿀잼개꿀잼개꿀잼개꿀잼개꿀잼개꿀잼개꿀잼개꿀잼개꿀잼개꿀잼개꿀잼개꿀잼개꿀잼개꿀잼개꿀잼개꿀잼개꿀잼개꿀잼개꿀잼개꿀잼개꿀잼개꿀잼개꿀잼개꿀잼개꿀잼개꿀잼개꿀잼개꿀잼개꿀잼개꿀잼개꿀잼개꿀잼개꿀잼개꿀잼개꿀잼개꿀잼개꿀잼개꿀잼개꿀잼개꿀잼개꿀잼개꿀잼개꿀잼개꿀잼개꿀잼개꿀잼개꿀잼개꿀잼개꿀잼개꿀잼개꿀잼개꿀잼개꿀잼개꿀잼개꿀잼개꿀잼개꿀잼개꿀잼개꿀잼개꿀잼개꿀잼개꿀잼개꿀잼개꿀잼개꿀잼개꿀잼개꿀잼개꿀잼개꿀잼개꿀잼개꿀잼개꿀잼개꿀잼개꿀잼개꿀잼개꿀잼개꿀잼개꿀잼개꿀잼개꿀잼개꿀잼개꿀잼개꿀잼개꿀잼개꿀잼개꿀잼개꿀잼개꿀잼개꿀잼개꿀잼개꿀잼개꿀잼개꿀잼개꿀잼개꿀잼개꿀잼개꿀잼개꿀잼개꿀잼개꿀잼개꿀잼개꿀잼개꿀잼개꿀잼개꿀잼개꿀잼개꿀잼개꿀잼개꿀잼개꿀잼개꿀잼개꿀잼개꿀잼개꿀잼개꿀잼개꿀잼개꿀잼개꿀잼개꿀잼개꿀잼개꿀잼개꿀잼개꿀잼개꿀잼개꿀잼개꿀잼개꿀잼개꿀잼개꿀잼개꿀잼개꿀잼개꿀잼개꿀잼개꿀잼개꿀잼개꿀잼개꿀잼개꿀잼개꿀잼개꿀잼개꿀잼개꿀잼개꿀잼개꿀잼개꿀잼개꿀잼개꿀잼개꿀잼개꿀잼개꿀잼개꿀잼개꿀잼개꿀잼개꿀잼개꿀잼개꿀잼개꿀잼개꿀잼개꿀잼개꿀잼개꿀잼개꿀잼개꿀잼개꿀잼개꿀잼개꿀잼개꿀잼개꿀잼개꿀잼개꿀잼개꿀잼개꿀잼개꿀잼개꿀잼개꿀잼개꿀잼개꿀잼개꿀잼개꿀잼개꿀잼개꿀잼개꿀잼개꿀잼개꿀잼개꿀잼개꿀잼개꿀잼개꿀잼개꿀잼개꿀잼개꿀잼개꿀잼개꿀잼개꿀잼개꿀잼개꿀잼개꿀잼개꿀잼개꿀잼개꿀잼개꿀잼개꿀잼개꿀잼개꿀잼개꿀잼개꿀잼개꿀잼개꿀잼개꿀잼개꿀잼개꿀잼개꿀잼개꿀잼개꿀잼개꿀잼개꿀잼개꿀잼개꿀잼개꿀잼개꿀잼개꿀잼개꿀잼개꿀잼개꿀잼개꿀잼개꿀잼개꿀잼개꿀잼
1973530,1,뉴비분들 제발 접을 생각이라도 4장 스토리까지는 봐주세요... 이 게임만큼 스토리좋고 혜자인 게임 몇 없습니다...
1973530,1,림버스 하는법 1. 3.5장까지 스토리를 민다. 2. 거울던전을 돌아 인격들을 얻어 파티를 하나 완성한다. 3. 스토리 언제 재밌어 지는거지? 하면서 4장을 한다. . . . 100. 이상이오.
1973530,1,아침먹고 거던 점심먹고 거던 저녁먹고 거던 잠자기 전에 거던 공부할때 거던 심심할때 거던
1973530,1,거울던전 언제 끝나죠? 이거 이벤트죠?거울던전 언제 끝나죠? 이거 이벤트죠?거울던전 언제 끝나죠? 이거 이벤트죠?거울던전 언제 끝나죠? 이거 이벤트죠?거울던전 언제 끝나죠? 이거 이벤트죠?거울던전 언제 끝나죠? 이거 이벤트죠?거울던전 언제 끝나죠? 이거 이벤트죠?거울던전 언제 끝나죠? 이거 이벤트죠?거울던전 언제 끝나죠? 이거 이벤트죠?거울던전 언제 끝나죠? 이거 이벤트죠?거울던전 언제 끝나죠? 이거 이벤트죠?거울던전 언제 끝나죠? 이거 이벤트죠?거울던전 언제 끝나죠? 이거 이벤트죠?거울던전 언제 끝나죠? 이거 이벤트죠?거울던전 언제 끝나죠? 이거 이벤트죠?거울던전 언제 끝나죠? 이거 이벤트죠?거울던전 언제 끝나죠? 이거 이벤트죠?거울던전 언제 끝나죠? 이거 이벤트죠?거울던전 언제 끝나죠? 이거 이벤트죠?거울던전 언제 끝나죠? 이거 이벤트죠?거울던전 언제 끝나죠? 이거 이벤트죠?거울던전 언제 끝나죠? 이거 이벤트죠?거울던전 언제 끝나죠? 이거 이벤트죠?거울던전 언제 끝나죠? 이거 이벤트죠?거울던전 언제 끝나죠? 이거 이벤트죠?거울던전 언제 끝나죠? 이거 이벤트죠?거울던전 언제 끝나죠? 이거 이벤트죠?거울던전 언제 끝나죠? 이거 이벤트죠?거울던전 언제 끝나죠? 이거 이벤트죠?거울던전 언제 끝나죠? 이거 이벤트죠?거울던전 언제 끝나죠? 이거 이벤트죠?거울던전 언제 끝나죠? 이거 이벤트죠?거울던전 언제 끝나죠? 이거 이벤트죠?거울던전 언제 끝나죠? 이거 이벤트죠?거울던전 언제 끝나죠? 이거 이벤트죠?거울던전 언제 끝나죠? 이거 이벤트죠?
1973530,1,가성비 좋고 스토리 좋은겜 겜스타일이 먹을 수 있다면 추천함
1973530,1,"재미있어 보여서 시작했고 재밌을 것 같은데,  엘든링/몬스터헌터/철권 및 각종FPS게임만 하는 나로서는...  튜토리얼도 굉장히 열심히 보고 따라했는데 뭐가 뭔지 정말 모르겠다 또 게임 시작하자마자 가챠도 너무 여러가지가 많고 뭘 해야할지 하나도 모르겠다"
1973530,1,내가 패쇄적인 군대에서 유일하게 기댔던게임 1년 반 동안 정말 힘들었지만 이겜덕에 버텼다. 개인정비시간에도 거던만돌았고 덕분에 부대내에서 유일하게 거악귀가되었다 지금 댔글쓰면서도 거던을 돌고있다. 점점 발전해나가는 모습을보면 정말 감격스럽다. 앞으로 오래가자 림버스컴퍼니
1973530,0,이 좆같은게임 당장 지우고 그냥 현생을 살러 가세요 이딴 게임 하는 새끼들은 그냥 인생을 게임에 베팅한 병신 루저 새끼들입니다.
1973530,1,[h1]새겨라[/h1] 우세~매우우세는 믿지마라라 운을 믿어라 인격이 뭣같아도 깰사람은 깬다. 그러니 지갑은 아껴라 쓸거면 패스만  써라
1973530,1,"진짜로 무과금으로 올컬렉 가능한 수집형 모바일 게임. 정가 하나 치는데 반년 걸리는 말장난 수준의 무과금 올컬렉이 아니라 일주일에 하나씩 정가할 수 있음. 리세도 엄청 쉽다. 스토리와 게임 분위기가 잔혹하기 때문에 취향을 탐. 튜토리얼이 너무 구림. 없는 수준."
1973530,1,세계관이 어렵구나아.... 고유명사 잘 버티는 나도 공부하려니 머리가 아프구나아...
1973530,1,거던거던거던거던거던거던거던거던거던거던거던거던거던거던거던거던거던거던거던거던거던거던거던거던거던거던거던거던거던거던거던거던거던거던거던거던거던거던거던거던거던거던거던거던거던거던거던거던거던거던거던거던거던거던거던거던거던거던거던거던거던거던거던거던거던거던거던거던거던거던거던거던거던거던거던거던거던거던거던거던거던거던거던거던거던거던거던거던거던거던거던거던거던거던거던거던거던거던거던거던거던거던거던거던거던거던거던거던거던거던거던거던거던거던거던거던거던거던거던거던거던거던거던거던거던거던거던거던거던거던거던거던거던거던거던거던거던거던거던거던거던거던거던거던거던거던거던거던거던거던거던거던거던거던거던거던거던거던거던거던거던거던거던거던거던거던거던거던거던거던거던거던거던거던거던거던거던거던거던거던거던거던거던거던거던거던거던거던거던거던거던거던거던거던거던거던거던거던거던거던거던거던거던거던거던거던거던거던거던거던거던거던거던거던거던거던거던거던거던거던거던거던거던거던거던거던거던거던거던거던거던거던거던거던거던거던거던거던거던거던거던거던거던거던거던거던거던거던거던거던거던거던거던거던거던거던거던거던거던거던거던거던거던거던거던거던거던거던거던거던거던거던거던거던거던거던거던거던거던거던거던거던거던거던거던거던거던거던거던거던거던거던거던거던거던거던거던거던거던거던거던거던거던거던거던거던거던거던거던거던거던거던거던거던거던거던거던거던거던거던거던거던거던거던거던거던거던거던거던거던거던
1973530,1,오늘 하루 일과  거던돌기 거던돌기 거던돌기 거던돌기 거던돌기 . . . . . . 거던돌기
1973530,1,히스클리프!!!!!!!!!!!!!!!!!!!!!!!!!!!!!
1973530,1,거던을 돈다 거던을 돈다 거던을 돈다 거던을 돈다 거던을 돈다 거던을 돈다 거던을 돈다 거던을 돈다 거던을 돈다 거던을 돈다 거던을 돈다 거던을 돈다 거던을 돈다 거던을 돈다 거던을 돈다 거던을 돈다 거던을 돈다 거던을 돈다 거던을 돈다 거던을 돈다 거던을 돈다 거던을 돈다 거던을 돈다 거던을 돈다 거던을 돈다 거던을 돈다 거던을 돈다 거던을 돈다 거던을 돈다 거던을 돈다 거던을 돈다 거던을 돈다 거던을 돈다 거던을 돈다 거던을 돈다 거던을 돈다 거던을 돈다 거던을 돈다 거던을 돈다 거던을 돈다 거던을 돈다 거던을 돈다 거던을 돈다 거던을 돈다 거던을 돈다 거던을 돈다 거던을 돈다 거던을 돈다 거던을 돈다 거던을 돈다 거던을 돈다 거던을 돈다 거던을 돈다 거던을 돈다 거던을 돈다 거던을 돈다 거던을 돈다 거던을 돈다 거던을 돈다 거던을 돈다 거던을 돈다 거던을 돈다 거던을 돈다
1973530,1,680시간 림누비읾. 생각을 비우고 싶을때 많이 찾음.
1973530,1,유리야 보니까 나중에 뒤질것은 알고 있었지만 그렇게 빨리 뒤질줄 몰랐다.
1973530,1,네 탓이군! 네 탓이군! 네 탓이군! 네 탓이군! 네 탓이군! 네 탓이군! 네 탓이군! 네 탓이군! 네 탓이군! 네 탓이군! 네 탓이군! 네 탓이군! 네 탓이군! 네 탓이군! 네 탓이군! 네 탓이군! 네 탓이군! 네 탓이군! 네 탓이군! 네 탓이군! 네 탓이군!
1973530,1,김지훈...그는 신이야!!!!!!!!!!!!!!!!!!!!!!!!!!!!!김지훈...그는 신이야!!!!!!!!!!!!!!!!!!!!!!!!!!!!!김지훈...그는 신이야!!!!!!!!!!!!!!!!!!!!!!!!!!!!!김지훈...그는 신이야!!!!!!!!!!!!!!!!!!!!!!!!!!!!!정실은 이스마엘!!!!!!!!!!!!!!김지훈...그는 신이야!!!!!!!!!!!!!!!!!!!!!!!!!!!!!김지훈...그는 신이야!!!!!!!!!!!!!!!!!!!!!!!!!!!!!김지훈...그는 신이야!!!!!!!!!!!!!!!!!!!!!!!!!!!!!김지훈...그는 신이야!!!!!!!!!!!!!!!!!!!!!!!!!!!!!김지훈...그는 신이야!!!!!!!!!!!!!!!!!!!!!!!!!!!!!김지훈...그는 신이야!!!!!!!!!!!!!!!!!!!!!!!!!!!!!김지훈...그는 신이야!!!!!!!!!!!!!!!!!!!!!!!!!!!!!김지훈...그는 신이야!!!!!!!!!!!!!!!!!!!!!!!!!!!!!김지훈...그는 신이야!!!!!!!!!!!!!!!!!!!!!!!!!!!!!김지훈...그는 신이야!!!!!!!!!!!!!!!!!!!!!!!!!!!!!김지훈...그는 신이야!!!!!!!!!!!!!!!!!!!!!!!!!!!!!김지훈...그는 신이야!!!!!!!!!!!!!!!!!!!!!!!!!!!!!김지훈...그는 신이야!!!!!!!!!!!!!!!!!!!!!!!!!!!!!김지훈...그는 신이야!!!!!!!!!!!!!!!!!!!!!!!!!!!!!김지훈...그는 신이야!!!!!!!!!!!!!!!!!!!!!!!!!!!!!김지훈...그는 신이야!!!!!!!!!!!!!!!!!!!!!!!!!!!!!김지훈...그는 신이야!!!!!!!!!!!!!!!!!!!!!!!!!!!!!김지훈...그는 신이야!!!!!!!!!!!!!!!!!!!!!!!!!!!!!김지훈...그는 신이야!!!!!!!!!!!!!!!!!!!!!!!!!!!!!김지훈...그는 신이야!!!!!!!!!!!!!!!!!!!!!!!!!!!!!김지훈...그는 신이야!!!!!!!!!!!!!!!!!!!!!!!!!!!!!김지훈...그는 신이야!!!!!!!!!!!!!!!!!!!!!!!!!!!!!김지훈...그는 신이야!!!!!!!!!!!!!!!!!!!!!!!!!!!!!김지훈...그는 신이야!!!!!!!!!!!!!!!!!!!!!!!!!!!!!김지훈...그는 신이야!!!!!!!!!!!!!!!!!!!!!!!!!!!!!김지훈...그는 신이야!!!!!!!!!!!!!!!!!!!!!!!!!!!!!김지훈...그는 신이야!!!!!!!!!!!!!!!!!!!!!!!!!!!!!김지훈...그는 신이야!!!!!!!!!!!!!!!!!!!!!!!!!!!!!김지훈...그는 신이야!!!!!!!!!!!!!!!!!!!!!!!!!!!!!김지훈...그는 신이야!!!!!!!!!!!!!!!!!!!!!!!!!!!!!김지훈...그는 신이야!!!!!!!!!!!!!!!!!!!!!!!!!!!!!김지훈...그는 신이야!!!!!!!!!!!!!!!!!!!!!!!!!!!!!김지훈...그는 신이야!!!!!!!!!!!!!!!!!!!!!!!!!!!!!김지훈...그는 신이야!!!!!!!!!!!!!!!!!!!!!!!!!!!!!김지훈...그는 신이야!!!!!!!!!!!!!!!!!!!!!!!!!!!!!김지훈...그는 신이야!!!!!!!!!!!!!!!!!!!!!!!!!!!!!김지훈...그는 신이야!!!!!!!!!!!!!!!!!!!!!!!!!!!!!김지훈...그는 신이야!!!!!!!!!!!!!!!!!!!!!!!!!!!!!김지훈...그는 신이야!!!!!!!!!!!!!!!!!!!!!!!!!!!!!김지훈...그는 신이야!!!!!!!!!!!!!!!!!!!!!!!!!!!!!김지훈...그는 신이야!!!!!!!!!!!!!!!!!!!!!!!!!!!!! 시쭈니 죽이면 거던 하루에 2번만 돌거임
1973530,0,엔드컨텐츠가 무한반복 로그라이크인건 문제가 아니다. 문제는 이 무한반복 로그라이크가 노잼이란거다.  제발 에고 기프트를 본체로 삼아 승률버튼만 딸각 누르는 손가락 운동 무한반복 컨텐츠좀 개선해라!!!
1973530,1,"세계관 딥하고 넘 재밌음 모든 3성 거울던전에 시간만 박으면 정가되는것도 충격임 사놓고 라이브러리 짱박아둔 라오루 로보토미도 켜고싶어지는 갓겜"
1973530,1,게임이 재밌고 튜토리얼이 친절해요 모바일 최적화도 잘되있습니다.
1973530,1,대충보면 평범한 모바일 가챠겜이다. 자세히 보면 없는게 많은 모바일 가챠겜이다.
1973530,1,거던을 돌아요.거던을 돌아요.거던을 돌아요.거던을 돌아요.거던을 돌아요.거던을 돌아요.거던을 돌아요.거던을 돌아요.거던을 돌아요.거던을 돌아요.거던을 돌아요.거던을 돌아요.거던을 돌아요.거던을 돌아요.거던을 돌아요.거던을 돌아요.거던을 돌아요.거던을 돌아요.거던을 돌아요.거던을 돌아요.거던을 돌아요.거던을 돌아요.거던을 돌아요.거던을 돌아요.거던을 돌아요.거던을 돌아요.거던을 돌아요.거던을 돌아요.거던을 돌아요.거던을 돌아요.거던을 돌아요.거던을 돌아요.거던을 돌아요.거던을 돌아요.거던을 돌아요.거던을 돌아요.거던을 돌아요.거던을 돌아요.거던을 돌아요.거던을 돌아요.거던을 돌아요.거던을 돌아요.거던을 돌아요.거던을 돌아요.거던을 돌아요.거던을 돌아요.거던을 돌아요.거던을 돌아요.거던을 돌아요.거던을 돌아요.거던을 돌아요.거던을 돌아요.거던을 돌아요.거던을 돌아요.거던을 돌아요.거던을 돌아요.거던을 돌아요.거던을 돌아요.거던을 돌아요.거던을 돌아요.거던을 돌아요.거던을 돌아요.거던을 돌아요.거던을 돌아요.거던을 돌아요.거던을 돌아요.거던을 돌아요.거던을 돌아요.거던을 돌아요.
1973530,1,어후 가챠겜 못만드는 회사가 가챠겜 만들어서 너무 좋구!
1973530,1,best story best gameplay not expensive
1973530,1,파우스트 얼굴 잠깐 보고나니까 600시간이 지나있네요 쉽지 않습니다.
1973530,1,"말 그대로 유저랑 같이 게임을 만들어가는 회사. 게임에 대한 애정은 너무 높아서 장인 정신처럼 스토리를 갈고 닦는 모습도 보여주고 계속 발전하는 모습을 보여주며... 본인이 플레이 하면서 불편한 부분을 수정하기도 하고, 뭐 그런 게임입니다. 아니 공방 때마다 공방 몇 시간 전에 게임 켜서 게임 미리 굴리는 모습 보여주고 공방 늦는 디랙터가 어딨냐고요 여기있네. 여러모로 신기한 회사... 아니, 동아리야. 진짜 동아리 회장인 것 같어..."
1973530,1,"다 좋은데 스토리중에 껴있는 전투가 좀 심하게 많음. 스토리 내용이 뚝뚝 끊김"
1973530,1,전작들과 다르게 모바일로 나와서 접근성이 높아져 림부스 입문유저들이 전작 해봐야하나요? 하면 대부분 안해도 된다는 답변이 돌아온다. 하지만 전작들을 다 해본 입장에서 전작들을 다 해본 상태로 해야 더 재밌는건 맞는거같다. 사실 전작들을 다 해보고 여기까지 온거면 프문게임에 엄청난 애정을 부은 상태인데 그 상태로 림부스까지 하면 대가리에 앤캐팔린 쳐부은것마냥 뇌수 줄줄 눈깔 돌아간채로 이 게임에서 빠져나올수 없기에 뉴비들의 현생을 배려하기위해 전작을 안해도 된다고 답변하는것으로 보인다. 프문과 같은 시대에 살고있어서 행복해요.
1973530,1,"주변에 아는 고인물 없거나 주요 필수 인격, 3성이 없으면 게임진행이 너무 힘듬 그래도 스토리나 턴제겜 치고는 퀄리티가 좋아서 다들 안접은듯 함"
1973530,1,"치유물  치명적 유해 물질  근데 좀 유해한것들이 맛도리임"
1973530,1,정말 이런 말 하지않으려고 했는데. 게임 제작사 분들. 돈이 급하신가 보네요~~. 이렇게까지 벼룩의 간을. 빼먹는 게임인 줄. 알았다면 처음부터. 하지 않았을 것 같습니다.^^
1973530,1,이 게임을 해보고 알게 된것 단 하나  이게 내가 찾아헤매던 바로 그 게임이라는 것
1973530,1,좀 힘든부분이 있긴 하지만 스토리하나는 지리는것 같아요. 저같은 초보도 즐길 수 있는 갓겜입니다.
1973530,1,책읽는것에 관심없이 게임만 하던 내가  이 게임 하고 나서 처음으로 책에 관심을 갖고  게임에 관련된 소설을 몇 개를 읽어봄  나에겐 림버스는 단순 게임이 아니라  책을 읽는 계기가 돼었음
1973530,1,뭔가 덜 만들어진 게임 느낌인데 재밌네요 거던 뺑뺑이 도는 것도 지루할 법한데 이상하게 질리지가 않네..  문제는 이제 어느정도 게임이 돌아가는 구조를 알(듯 말듯 한)것 같은데 남한테 설명하라면 못하겠어요...  근데 이 문제가 제작진한테도 그대로 적용됨 ;;;  튜토리얼 개ㅂㅅ 인거 말고 다른 부분들은  어느 정도 감내하고더라도 꽤 즐길만 합니다
1973530,1,"스토리 갓겜, 과금구조가 친절함. 깊게 파먹으려면 한도 끝도 없는 게임의 뎁스가 인상적"
1973530,1,"좋은 게임 길게 말하고 싶긴한데, 그냥 호불호 있는 갓겜"
1973530,1,GLORY and MONEY  to project moon
1973530,1,"아직 문제점이나 고칠점같은것도 있지만 발전 가능성이 매우 높은 게임, 한마디로 갓겜"
1973530,1,"전작인 라오루가 덱빌딩의 탈을 쓴 퍼즐게임이라면, 림버스는 정신력과 줄어든 스킬덱으로 변수를 억제시킨(상대적) 퍼즐게임이라 할 수 있음. 상한치 45인 정신력을 비롯한 변수들은 계획대로만 흘러가지 않도록 복병이 되기도, 뽕맛이 되어주기도 함.  문제는 설명을 너무 못한다는 제작사의 고질병이 여기서도 터짐. 전투에서 고려해야 할 요소가 늘어났으니 설명을 더 잘해도 모자랄 판에 빈말로도 나아졌다고 말을 못하겠음.  한글로 코딩을 한 것 같은 설명, 체계화가 전혀 이루어지지 않은 키워드 설명, 분명히 턴 속의 턴(사용 시, 공격 종료 시, 피격 직전, 적중시 등)이 있으면서 인게임 어디에도 그 순서의 설명은 없지, 지리멸렬하게 흩어진 설명 때문에 딜각 잡겠다고 설명 조각모음을 해야하지, 흐트러짐 보는게 중요하면서 합 가능한 슬롯 상대로는 죽어도 일방공격 데미지 표기를 안해주지(해줘도 실제 들어가는 데미지와 다름)...  턴을 계획하고 수행하는거에 재미포인트를 잡아두고 확률로 긴장까지 줬으면서 계획하기 위한 정보를 사방팔방에 흩뿌려두고, 그마저도 끔찍하게 적어놨다는 말임. 다음 동아리 부원 모집할 때에는 제발 설명 잘 하시는 분좀 모셔갔으면 좋겠음. 도저히 풀어낼 수 없을정도로 전투시스템이 얽혀있다면 그걸 뒤엎어서라도 이해하기 쉽게 만들어줬으면 함."
1973530,1,자..그럼 마지막 질문..당신은..오늘도 거던생각이 났습니까..? 대답은..예..아니오..예.아니오예아니오예아니오예아니오예예예예!!
1973530,1,파우스트 vs 50만 광기                                                                닥전
1973530,1,"이상하게 재미있다. 컨텐츠도 적고 뛰어난 그래픽도 아닌데 뭔가 재미있다."
1973530,1,"재미는 있음 다만 프문겜 특성상 고유명사가 좀 많고 전작과 전전작 스토리를 알아야 알수있는 요소가 좀 있음 그리고 초보가 처음 전투를 시작할떄 알아야하는것도 굉장히 많음(참격,관통,타격,죄악속성,기본위력,코인위력,에고 등등) 이것만 보면 ""뭐야 슈밤바 고유명사 남발하는 개 망겜이잖아? 응 안해 ㅋ"" 라고 하실수있지만 (맞긴한데...) 단점만 있는건 아님 일단 프문이 이런겜 스토리는 또 기가막히게 말아서 어느정도 이해만한다면 몰입해서 굉장히 재미있게 할수있음. 그리고 또 가챠겜인데 가챠자원을 굉장히 많이 퍼줘서 스토리만 밀어도 가챠를 많이 할수있음 이런 장,단점들을 보고 '나는 아주 다크 다크한 다크 판타지 장르를 좋아하고 프문에도 관심이 좀 있다'라고 한다면 재밌게 할수있음"
1973530,1,림이ㅣㅣㅣㅣㅣㅣㅣㅣㅣㅣㅣㅣㅣㅣㅣㅣㅣㅣㅣㅣㅣㅣㅣㅣㅣㅣㅣㅣㅣㅣㅣㅣㅣㅣ뻐ㅓㅓㅓㅓㅓㅓㅓㅓㅓㅓㅓㅓㅓㅓㅓㅓㅓㅓㅓㅓㅓㅓㅓㅓㅓㅓㅓㅓㅓㅓ스으ㅡㅡㅡㅡㅡㅡㅡㅡㅡㅡㅡㅡㅡㅡㅡㅡㅡㅡ커ㅓㅓㅇㅁㅁ머퍼퍼퍼퍼퍼퍼이ㅣ니이이이이ㅣㅣㅣㅣㅣㅣㅣㅣㅣㅣㅣㅇㅇㅇ
1973530,1,"어둡고 독특한 세계관, 의외로 타격감 있는 전투, 그리고 몰입감 있는 스토리. 문학 작품에 관심이 있는 서브컬쳐 팬이라면 빠져들 수 있을 것."
1973530,1,"내 인생 게임 스토리와 미친 연출 스토리가 나올 때마다 아주 잘하여서 걱정하지만, 걱정 같은 것은 하지 말라는 듯 계속 스토리 고점 갱신 진짜 미친개임"
1973530,1,"무언가가 부족하시나요? 거던을 도세요! 무언가가 필요하시나요? 거던을 도세요! 무언가를 하고 싶으신가요? 거던을 도세요!  이곳은 거움 던전 입니다!!!"
1973530,1,어지간하면 게임 안 늘리는데 벌써 3번째 주력겜이 됐다
1973530,1,친구의 권유로 했다면 그 친구는 위험한 사람이 맞다!!!|  재미는 있는
1973530,1,스토리 인질겜  캐시 살려내캐시 살려내캐시 살려내캐시 살려내캐시 살려내캐시 살려내캐시 살려내캐시 살려내캐시 살려내캐시 살려내캐시 살려내캐시 살려내캐시 살려내캐시 살려내캐시 살려내캐시 살려내캐시 살려내캐시 살려내캐시 살려내캐시 살려내캐시 살려내캐시 살려내캐시 살려내캐시 살려내캐시 살려내캐시 살려내캐시 살려내캐시 살려내캐시 살려내캐시 살려내캐시 살려내캐시 살려내캐시 살려내
1973530,1,"5.5장 크리스마스 출시때 유입 유저임다 장점 - 스토리가 야무지며 성우분들의 연기와 함께 어우려져 볼때마다 감정에 몰입하게 됨           거기에 나오는 Mili님의 음악이 나오면서 감정이 더욱더 몰아치게 됨           각 보스를 모르는 상태에서 패시브나 스킬을 보며 기믹 파훼 맛이 짜릿함           개인적으로 아군의 속도와 정신력을 보면서 합을 치는 그런 요소도 재미있게 플레이 함 단점 - 본인은 솔직히 아직 단점이 있는지는 모르겠지만 억지로 단점을 말하자면 편성UI가 가끔 불편하긴 함           편성 덱 순서만 바꾼다거나 그럴수만 있다면 좋겠음           (2주년방송에 언급되었으니 아마 없어질 단점이지 않을까 싶음)"
1973530,1,스토리 개맛도리에 전투방식이 처음엔 어렵지만 그렇기에 참신해 더욱 재밌는듯
1973530,1,턴제 장르에서 액션성을 보여줄 수 있는 게임  3장과 노말 거울던전을 미는동안 합 시스템이 어려우면서도 프문이 보여주고 싶은 재미가 잘 느껴져서 즐거웠습니다  1. 프문 세계관이 좋다 2. 보는 맛이 있는 턴제 게임이 해보고 싶다 3. 주변에 림악귀가 있다  모바일 베이스인 게임인만큼 1가지이상 해당된다면 찍먹정도는 나쁘지 않습니다
1973530,1,"[b] 하루??만 기^다리면♡♡@ 다음&장이 나와요!.! [/b] [h1] 왜!!!!!!!!!냐!!!!!!!!면!!!!!!!! 이히이이이이이이이이이이이이이이이이이이이이이!?!?@?@?!?>@<!!! [/h1]  머리를!!!!   [h2] 쎄게!!!!!! [/h2]  [h3] 림-----으으으으으으읏???!!!!!!!  [/h3]  [h1] 머리이이이이이이이이¡!!!!!¡¡!!¡!¡!¡!!!! [/h1]"
1973530,1,"이보다 완벽한 게임은 내 인생에서 찾을 수 없었고, 앞으로도 찾지 못할 것같다."
1973530,0,그래 이 씨발련들은 스토리 깨면서 감동을 주면 꼭 그 뒤에 좆같이 만들어서 존나 초를 치더라 병신들;; 진짜 우세? 매우우세? 존나 장식용으론 잘 만든듯 ㅇㅇ 균형이랑 불리가 고트다 ㄹㅇ 이새끼들은 지는걸 미리 깔고들어가서 지면 아쉬운거고 이기면 개 쓰다듬어 주고 싶음 근데 우세랑 매우우세 이 씹병신년들은 어떻게 이기지를 못하냐? ㄹㅇ 뫼르소 육참 매우우세에 둬도 골단 밥먹듯이 쓰겠다 병신들아 ㅋㅋ 정신력이 부족하면 그렇다쳐도 어떻게 씨발 45가 다 채워져도 지는게 말이 되는건가? 매우우세로 합맞춰둔게 4개였는데 그거 다 쳐발리는거 보고 감탄을 금치못했다 개씨발병신들아 그리고 더 좆같은건 맞다이깔때 무승부가 3번 이상나면 무조건 내꺼가 쳐 발리더라고 우세인데도 불구하고 씨발련들아 내 수감자친구들이 병신일까? 그건 아니지 니들이 게임을 좆같이 쳐 만들어놨기 때문에 내 수감자친구들도 어쩔 수 없이 니들이 병신같이 만든 시스템에 휘말린거야 개좆버러지들아 스토리나 세계관 그런것들은 확실히 잘 만들긴 함 근데 어쩌라고? 게임이 병신이라 스토리도 제대로 못즐기면서 오락이 주는 쾌락같은것도 없고 오히려 불쾌함과 분노만 남아버리잖아 개씨발련들아 내가 이때까지 씨발련들이라고 몇번이나 했을까 이 개씨발좆같은버러지병신들아 엿이나 쳐먹어라 ㅗㅗㅗㅗㅗㅗㅗㅗㅗㅗㅗㅗㅗㅗㅗㅗㅗㅗㅗㅗㅗㅗㅗㅗㅗㅗㅗㅗㅗㅗㅗ  위에 이후로 안쓸 줄 알았지만 짜잔! 게임이 실망시키지를 않네요~~ 영상으로만 볼줄 알았던 50합이 나한테도 일어날 줄이야~ 뭐 그래도 이건 새로운 경험이라 재미있었음 근데 더 재밌는거!! 에고 사용해서 불리를 우세까지 끌어놨더니 짜잔 이걸 쳐 발려버리는 갓겜!! 그 후에 불리였던 육참이 합을 뜨는데 이건 또 이겨버렸네?? 내가 글자를 못읽는건가?? 진짜 너무 신나고 재밌어서 날아가는줄 알았어요!!!!!!!! 어떻게 우세는 지고 불리가 이겨버리는 개 좆모순같은 일이????? 이보다 갓겜은 없을거예요~~ 이로써 확실히 깨달았답니다 이좆같은 게임은 공략을 봐도 좆도 쓸모가 없다는걸! 이유는? 뭐 위에 쓴것만 봐도 답이 보이죠? 매우 우세도 불리 뜬거 마냥 개좆같이 쳐 지는 씨발같은 경우가 매우 흔하게 그리고 또 숨쉬듯이 일어나는데 공략본다고 그 좆같은 경우가 줄어드는게 아니잖아요?? 그리고 싸울때만 지랄인줄 알았는데 이런! 유리 판정또한 매우 높음에 코인 3개짜리였음에도 불구하고!!! 모두 뒷면이 쳐 떠버리고 정신력과 체력이 깎여버리는 개 터진 경우가!!! 이씨발련들아!!!!!!!!!!!!! 게임이 노래를 정말 야무지게 만든거 같아요~~ 노래마저 좆구리고 별로였다면 패드립이나 박고 접었겠죠???? 어쩌면 저도 대가리가 깨진걸지 몰라요 게임이 이렇게 좆같은데도 계속 하는걸 보면~~ 근데 어쩔 수 없죠 할 게임이 없군요~~ 컴퓨터가 구리지만 않았어도 이딴겜 버리고 레식같은 병신겜만 하는건데 참 아쉽습니다~~~~  7장 깨고 개지려서 씨바 공중제비 3바퀴 돌뻔했다 연출을 씨 이렇게 잘만드는데 왜 매우우세는 이렇게 못만드냐고!!!!! 진짜 7장 마지막보스는 감동이 있다 스포라서 자세한 묘사는 안하겠지만 4장이랑 5장보다 개지리고 소름돋는 연출이였다 진짜 절대 잊혀지지 않을듯 그리고 각 장마다 보스들은 새벽 1~3시에 잡는걸 추천함 그때만큼 연출 즐기기 좋은때가 없음
1973530,1,"아이폰이랑 패드에서 하다가 pc 32인치로 하니까 스토리가 더 맛있음. 프문에 입덕하게 된 계기가 된 게임..   스토리랑 음악 모두 맛있고, 성우진 연기가 매우 뛰어나기에 찍먹이라도 한번 해보시길. 다만 전투나 노가다 시스템이 다소 불친절하고 '인격'이라는 캐릭터풀이 어느정도 갖춰졌느냐에 따라 재미의 정도가 달라지기에 어느정도 진입 장벽은 높다고 말씀드림.  전작과 전전작의 선행 플레이가 없다면 다소 와닿지 않는 세계관과 지들끼리만 아는 내용으로 잡담을 하니 선행 플레이나 사전 지식 공부 정도는 해야 프로젝트 문의 '도시' 세계관에 더 잘 어우러질 수 있다는 단점이 있음.  본인은 사전 플레이와 지식 없이 맨땅으로 시작해서 초반이 좀 힘들었는데, 어느정도 덱이 갖춰지고 스토리와 노가다를 미니까 게임이 재밌어짐. 이제는 프문 전작들도 하나씩 해볼 예정"
1973530,1,극성 팬이 많다는 건 여쨌든 간에 게임성이 좋긴 하다는 것
1973530,1,관리자 나리!!!!!!!!!! 나를두고 어디로 간 것이오!!!!!!!!!!!!!!!!!!!!!!!!!!!!!!!!!!!!!!!!
1973530,1,거던바를 먹는다. 네 아니오 네네네네네네네네네네 거던바를먹는다거던바릉먹는다거던바를먹늗다거던바를먹는다거던바를먹는다거던바릉먹는다거던바를먹늗다거던바를먹는다거던바를먹는다거던바릉먹는다거던바를먹늗다거던바를먹는다거던바를먹는다거던바릉먹는다거던바를먹늗다거던바를먹는다
1973530,1,"잔인하고 기괴하다고 생각할 수 있는 부분이 많지만 취향이 맞다면 이만한 게임이 없다 스토리와 연출 매우 좋고 가챠겜 중에서 제일 혜자인 게임. 모든 인격,에고 노력하면 얻을 수 있음."
1973530,1,아직 얼마 못해봤지만 일단 취향에 맞으면 최고의 게임일 것 같네용
1973530,1,스토리가너무맛있어요..........................................................................................................................................
1973530,1,"뉴비입니다. 스토리가 안 밀립니다 그래서 일단 거울던전을 돌겁니다. 스토리 다 밀고 거울던전 돌라고요? 스토리가 안 밀려요 캐릭 육성을 해야겠죠? 캐릭 육성하려면 거던을 돌아야해요 거던 돌아야겠죠? 거던 말고 육성할거 많다고요? 하지만 패스보상이랑 이벤트 재화가 맛있어요 거던 돌아야겠죠? 게다가 주당 3번이나 추가로 광기를 줘요 거던 돌아야겠죠? 캐릭터를 뽑고싶어요 거던 돌아야겠죠 거던 안 돌고 싶은데 한번 맛 보니까 멈출수가 없어요"
1973530,1,"이런 노래 갓겜을 모르고 있었다니, 이 또한 니 탓이군! 이쯔마엘!!!"
1973530,1,"스토리, 브금, 연출 전부 GOAT  캐릭터들 모티프인 원작 소설들을 본 적 있으면 스토리가 더 재밌지만 그렇지 않아도 이해하거나 즐기는데에 지장이 있진 않고 4장 깰 때부터 여기서 이렇게 잘해버리면 다음 장에서는 좀 아쉽겠는데 싶은 생각이 무색하게 매번 새롭고 기깔나게 만족시켜줌  전작인 라오루를 안 해봤으면 전투 시스템이 이해가 안 갈 수 있고 튜토리얼도 부족하긴 하지만 잡몹전은 딸깍으로 해결되고, 시스템을 이해하면 어려운 전투도 합을 뒤로 미루고 일방공격으로 흐트러뜨리거나 아예 아군을 죽이면서 이득을 취하는 등 이리저리 풀어나갈 방법이 많고 재밌음  어차피 경쟁 요소 없이 혼자 스토리 미는 게임이라 과금 부담 없고 몇개월에 한번씩 만오천원 패스만 사서 거던 돌면 캐릭터 올컬렉도 가능함  이건 게임 진행이랑 관계 없는 사소한 점인데 상영관에 인격 대사 보는 곳에서 스킬 사용할 때 나오는 대사도 출력되면 좋겠음"
1973530,0,뒷면뒷면뒷면뒷면뒷면뒷면뒷면뒷면뒷면뒷면뒷면뒷면뒷면뒷면뒷면뒷면뒷면뒷면뒷면뒷면뒷면뒷면뒷면뒷면뒷면뒷면뒷면뒷면뒷면뒷면뒷면뒷면뒷면뒷면뒷면뒷면뒷면뒷면 정신력 45에 씨~~~~~~발 존나게 뒷면만 띄우네 적을봐라 정신력 -35에도 꼬박 꼬박 앞면 띄우는데 늬들은 왜 45에 앞면을 띄우질 못하냐 개ㅅ발ㅅ끼들아
1973530,1,관리자나리!!!!!!!!!!!!!!!!!!!!!!!!!!!!!!!!!!!!!!!!!!!!!!!!!!!!!!!!!!!!!!!!!!!!!!!!!!!!!!!!!!
1973530,1,스토리 알아가는중 7.5장 이벤까지 올클리어 이제부터 시작이네요!! 재밌다!
1973530,1,12명의 각자의 개성이 있는 수감자들과 재미있는 데이트를 하면 하나하나 의 이야기를 읽으면서 버스를 타는 게임  p.s. 스킬 내용이 이해가 안대요
1973530,1,"스토리 밀다가 어려워서 핸드폰 부수고 이후로 컴으로 하는중 재밌음"
1973530,1,아야야....유리야... 씨발.. 너밖에 없다 톤키호테야... 씨발 너라도 웃어줘서 행복하다....  그저 한번더 날고 싶었소........
1973530,1,"초반엔 정말 심했지만, 끝없이 발전하는 회사 스토리도 우상향, 편의성도 우상향, 게임성도 우상향! 우리 화성 갈끄니까!!!"
1973530,1,"이게임은 너무 재미있소,추천할만하오  다같이 이겜을 하겠소?"
1973530,1,나만 ♡발 왜 정직해야하는데? 이 질투 죄종 씹♡들아 사기치지마 씨♡
1973530,1,"당신은 오늘 거던바를 먹었습니까? 1번 먹었다, 2번 먹지 않았다. 말 끊지 마세요! 모든 질문에 대답해야 디렉터님을 만날 수 있습니다! 만약 먹지 않았다면, 그 이유는 무엇입니까? 이건 젠장 당연하잖아! 맛이 빌어먹게도 없는 걸! 벌레의 피를 빨아도 그것보단 맛있을테니까, 그렇지? 그렇잖아!!"
1973530,1,프문은 사람의 마음을 울리는 방법을 누구보다 잘 알고있다
1973530,1,스토리 GOAT OST GOAT 연출 GOAT 유저 친화적 GOAT  이보다 GOAT인 국산죄악공명잔혹 RPG 게임이 있을까
1973530,1,"12명의 수감자, 한 명의 관리자, 한 명의 인도자, 그리고 모두를 실어나르는 버스와 운전수. 모두 사랑해요."
1973530,1,이 게임은 카레와 같다. 처음 먹는 스토리는 맛있게 이후로 거울던전같은 육성 컨텐츠를 하다보면 질릴 수 는 있지만 주변에 다른 컨텐츠를 추가해줘 질리기 전에 새로운 맛을 더해주는  게임
1973530,1,제발 4장... 4장만.. 해봐봐.. 스토리.. 접어도 4장 스토리만..
1973530,1,난이도는 ㄹㅇ 물탄 라오루 맛인데 가끔 대가리 qt들은 못깨게 만든 맵도 있어서 괜춘한 게임
1973530,1,거던을 돌아야해 거던을 돌아야해 거던을 돌아야해 거던을 돌아야해 거던을 돌아야해 거던을 돌아야해 거던을 돌아야해 거던을 돌아야해 거던을 돌아야해 거던을 돌아야해 거던을 돌아야해 거던을 돌아야해 거던을 돌아야해 거던을 돌아야해 거던을 돌아야해 거던을 돌아야해 거던을 돌아야해 거던을 돌아야해 거던을 돌아야해 거던을 돌아야해 거던을 돌아야해 거던을 돌아야해 거던을 돌아야해 거던을 돌아야해 거던을 돌아야해 거던을 돌아야해 거던을 돌아야해 거던을 돌아야해 거던을 돌아야해 거던을 돌아야해 거던을 돌아야해 거던을 돌아야해 거던을 돌아야해 거던을 돌아야해 거던을 돌아야해 거던을 돌아야해 거던을 돌아야해 거던을 돌아야해 거던을 돌아야해 거던을 돌아야해 거던을 돌아야해 거던을 돌아야해 거던을 돌아야해 거던을 돌아야해 거던을 돌아야해 거던을 돌아야해 거던을 돌아야해 거던을 돌아야해 거던을 돌아야해 거던을 돌아야해
1973530,1,거던 거던 거던 거던 거던 거던 거던 거던 거던 거던 거던 거던 거던 거던 거던 거던 거던 거던 거던 거던 거던 거던 거던 거던 거던 거던 거던 거던 거던 거던 거던 거던 거던 거던 거던 거던 거던 거던 거던 거던 거던 거던 거던 거던 거던 거던 거던 거던 거던 거던 거던 거던 거던 거던 거던 거던 거던 거던 거던 거던 거던 거던 거던 거던 거던 거던 거던 거던 거던 거던 거던 거던 거던 거던 거던 거던 거던 거던 거던 거던 거던 거던 거던 거던 거던 거던 거던 거던 거던 거던 거던 거던 거던 거던 거던 거던 거던 거던 거던 거던 거던 거던 거던 거던 거던 거던 거던 거던 거던 거던 거던 거던 거던 거던 거던 거던 거던 거던 거던 거던 거던 거던 거던 거던 거던 거던 거던 거던 거던 거던 거던 거던 거던 거던 거던 거던 거던 거던 거던 거던 거던 거던 거던 거던 거던 거던 거던 거던 거던 거던 거던 거던 거던 거던 거던 거던 거던 거던 거던 거던 거던 거던 거던 거던 거던 거던 거던 거던 거던 거던 거던 거던 거던 거던 거던 거던
1973530,1,"이상이 무엇인지 아시오? 거던이 이상이다 거던이나 돌아라"
1973530,1,스토리 좋고 게임 본연의 재미도 꽤 있고 가챠는 전혀 걱정하지 않으셔도 되는 수준 월 정액 정도 결제해주면 이상하게 자원이 남는 느낌입니다.
1973530,1,로보토미도 제가 직접 플레이해본적은 없었고 스토리도 유튜브로만 봐서 아는 유저 입장으로는 로보토미 내용을 자세히 몰라도 즐길수 있어서 좋은듯
1973530,1,"성우진이 정말 좋고 세계관과 스토리 그리고 노래가 좋음 게임 플레이도 나쁘지않음 근데 뽑기가 안나와요.ㅏ...."
1973530,1,친구가 계속 하라고 하길래 계속 거절하는 것도 아닌 것 같아서 시작했다가 정신을 차리니 이미 이 게임에 빠져있었습니다.
1973530,1,여기에 쓸껄 아닌데 모바일 최적화 개노답임 그래서 스팀으로만 함
1973530,1,말해 뭐해!!! 당장 시작하세요!!! 모두가 이 게임을 알았으면 좋겠습니다!!! 모두가 이 게임 스토리를 봤으면 좋겠습니다!!!! 진짜 갓겜임!!!
1973530,1,내게 돌아와 캐시!!!!!!!!!!!!!!!!!!!!!!!!!!!!!!!!!!!!!!!!!!!!!!!!!!!!!!!!!!!!!!!!!!!!!!!!!!!!!!!!!!!!!!!!!!!!!!!!!!!!!!!!!!!!!!!!!!!!!!!!!!!!!!!!!!!!!!!!!!!!!!!!!!!!!!!!!!!!!!!!!!!!!!!!!!!!!!!!!!!!!!!!!!!!!!!!!!!!!!!!!!!!!!!!!!!!!!!!!!!!!!!!!!!!!!!!!!!!!!!!!!!!!!!!!!!!!!!!!!!!!!!!!!!!!!!!!!!!!!!!!!!!!!!!!!!!!!!!!!!!!!!!!!!!!!!!!!!!!!!!!!!!!!!!!!!!!!!!!!!!!!!!!!!!!!!!!!!!!!!!!!!!!!!!!!!!!!!!!!!!!!!!!!!!!!!!!!!!!!!!!!!!!!!!!!!!!!!!!!!!!!!!!!!!!!!!!!!!!!!!!!!!!!!!!!!!!!!!!!!!!!!!!!!!!!!!!!!!!!!!!!!!!!!!!!!!!!!!!!!!!!!!!!!!!!!!!!!!!!!!!!!!!!!!!!!!!!!!!!!!!!!!!!!!!!!!!!!!!!!!!!!!!!!!!!!!!!!!!!!!!!!!!!!!!!!!!!!!!!!!!!!!!!!!!!!!!!!!!!!!!!!!!!!!!!!!!!!!!!!!!!!!!!!!!!!!!!!!!!!!!!!!!!!!!!!!!!!!!!!!!!!!!!!!!!!!!!!!!!!!!!!!!!!!!!!!
1973530,1,"스토리가 정말 좋다 특히 4장부터는 웬만한 패키지게임보다도 좋은 연출과 스토리를 보여줌 또한 다른 가챠모바일 게임과 달리 현질필요도가 엄청 낮은편, 6개월마다 약 15000원 정도에 판매되는 시즌패스만 사도 크게 부족함없이 충분히 게임을 즐길수 있을정도임 개인적으로는 해봤던 모바일게임중 단연 최고라고 생각함"
1973530,1,"폰 게임인데 폰으로 하면 눈 아파서 못 하는 게임  캐릭터들이 매력있고 게임 스토리가 삼류 스토리가 아니고 유니크해서 좋다 ( 천사와 악마가 있었다 ,미소녀들이 총들고 나와서 싸워야한다 이딴 개 븅냐링이 아니다 )  턴제게임인데 한턴에 전부다 전투를 해서 보는 맛이 좋고 답답함이 덜 한다  거울던전 하루에 두번 이상하면 답답해 뒤진다.  ( 안 답답하지는 않음, 헤븐 번즈 레드인가 그런 jrpg 턴제는 한새끼 싸우는 걸 일일히 다 봐줘야 해서 답답해 뒤지는데 이 게임은 와다다다 싸워서 괜찮다 근데 상대방 체력 다 까서 죽이는 건 또 하나씩 다 봐줘야 하는게 씨벌 답답해 그냥 쳐 죽이라고 )  게임이 혜자스럽다 가챠해야 한다고 돈 존나 쓸필요 없다 니케처럼 등골 빨아먹지는 않는다.  ( 현질많이해서 은행에서 전화온건 니케가 처음  씨발 현질을 했는데 별로 만족스럽지가 않아 달라진게 거의 없다고 병신같은 니케 )  본인이 덱 빨리 맞추고 싶으면 현질하면 되고 본인선택"
1973530,1,거던 거던 거던 거던 거던 거던 거던 거던 거던 거던 거던 거던 거던 거던 거던 거던 거던 거던 거던 거던 거던 거던 거던 거던 거던 거던 거던 거던 거던 거던 거던 거던 거던 거던 거던 거던 거던 거던 거던 거던 거던 거던 거던 거던 거던 거던 거던 거던 거던 거던 거던 거던 거던 거던 거던 거던 거던 거던 거던 거던 거던 거던 거던 거던 거던 거던 거던 거던 거던 거던 거던 거던 거던 거던 거던 거던 거던 거던 거던 거던 거던 거던 거던 거던 거던 거던 거던 거던 거던 거던 거던 거던 거던 거던 거던 거던 거던 거던 거던 거던 거던 거던 거던 거던 거던 거던 거던 거던 거던 거던 거던 거던 거던 거던 거던 거던 거던 거던 거던 거던 거던 거던 거던 거던 거던 거던 거던 거던 거던 거던 거던 거던 거던 거던 거던 거던 거던 거던 거던 거던 거던 거던 거던 거던 거던 거던 거던 거던 거던 거던 거던 거던 거던 거던 거던 거던 거던 거던 거던 거던 거던 거던 거던 거던 거던 거던 거던 거던 거던 거던 거던 거던 거던 거던 거던 거던 거던 거던 거던 거던 거던 거던 거던 거던 거던 거던 거던 거던 거던 거던 거던 거던 거던 거던 거던 거던 거던 거던 거던 거던 거던 거던 거던 거던 거던 거던 거던 거던 거던 거던 거던 거던 거던 거던 거던 거던 거던 거던 거던 거던
1973530,1,입문이 조금 빡세긴 했는데 한번 빠지면 못 빠져나옴 이거 말안됨 겁나 재밌음
1973530,1,진짜 인생에서 한번쯤 대가리가 깨지는 느낌을 받고싶으면 꼭해봐라 진짜 인생겜이다
1973530,1,일단 잔인하고요 재밌고요 스릴있고요 할맛있고요 쌈뽕합니다.
1973530,1,"호불호가잇는 전투시스템에  설명이 부족해 익숙해지는데 좀 어려움이 있지만 그 단계만 지나면 갓겜진입 스토리 개맛도리 입니다"
1973530,1,그저 갓겜.. 스토리는 눈물 없이 볼수없다 ㅠㅠ 그레고르님 버전 엔딩 진짜 좋음! 띵곡!
1973530,1,이스마엘쨩 ㅎㅎㅎㅎㅎㅎㅎㅎㅎㅎㅎㅎㅎㅎㅎㅎㅎㅎㅎㅎㅎㅎㅎㅎㅎㅎㅎㅎㅎㅎㅎㅎㅎㅎㅎㅎㅎㅎㅎㅎㅎㅎㅎㅎㅎㅎㅎㅎㅎㅎㅎㅎㅎㅎㅎㅎㅎㅎㅎㅎㅎㅎㅎㅎㅎㅎㅎㅎㅎㅎㅎㅎㅎㅎㅎㅎㅎㅎㅎㅎㅎㅎㅎㅎㅎㅎㅎㅎㅎㅎㅎㅎㅎㅎㅎㅎㅎㅎㅎㅎㅎㅎㅎㅎㅎㅎㅎㅎㅎㅎㅎㅎㅎㅎㅎㅎㅎㅎㅎㅎㅎㅎㅎㅎㅎㅎㅎㅎㅎㅎㅎㅎㅎㅎㅎㅎㅎㅎㅎㅎㅎㅎㅎㅎㅎㅎㅎㅎㅎㅎㅎㅎㅎㅎㅎㅎㅎㅎㅎㅎㅎㅎㅎㅎㅎㅎㅎㅎㅎㅎㅎㅎㅎㅎㅎㅎㅎㅎㅎㅎㅎㅎㅎㅎㅎㅎㅎㅎㅎㅎㅎㅎㅎㅎㅎㅎㅎㅎㅎㅎㅎㅎㅎㅎㅎㅎㅎㅎㅎㅎㅎㅎㅎㅎㅎㅎㅎㅎㅎㅎㅎㅎㅎㅎㅎㅎㅎㅎㅎㅎㅎㅎㅎㅎㅎㅎㅎㅎㅎㅎㅎㅎㅎㅎㅎㅎㅎㅎㅎㅎㅎㅎㅎㅎㅎㅎㅎㅎㅎㅎㅎㅎㅎㅎㅎㅎㅎㅎㅎㅎㅎㅎㅎㅎㅎㅎㅎㅎㅎㅎㅎㅎㅎㅎㅎㅎㅎㅎㅎㅎㅎㅎㅎㅎㅎㅎㅎㅎㅎㅎㅎㅎㅎㅎㅎㅎㅎㅎㅎㅎㅎㅎㅎㅎㅎㅎㅎㅎㅎㅎㅎㅎㅎㅎㅎㅎㅎㅎㅎㅎㅎㅎㅎㅎㅎㅎㅎㅎㅎㅎㅎㅎㅎㅎㅎㅎㅎㅎㅎㅎㅎㅎㅎㅎㅎㅎㅎㅎㅎㅎㅎㅎㅎㅎㅎㅎㅎㅎㅎㅎㅎㅎㅎㅎㅎㅎㅎㅎㅎㅎㅎㅎㅎㅎㅎㅎㅎㅎㅎㅎㅎㅎㅎㅎㅎㅎㅎㅎㅎㅎㅎㅎㅎㅎㅎㅎㅎㅎㅎㅎㅎㅎㅎㅎㅎㅎㅎㅎㅎㅎㅎㅎㅎㅎㅎㅎㅎㅎㅎㅎㅎㅎㅎㅎㅎㅎㅎㅎㅎㅎㅎㅎㅎㅎㅎㅎㅎㅎㅎㅎㅎㅎㅎㅎㅎㅎㅎㅎㅎㅎㅎㅎㅎㅎㅎㅎㅎㅎㅎㅎㅎㅎㅎㅎㅎㅎㅎㅎㅎㅎㅎㅎㅎㅎㅎㅎㅎㅎㅎㅎㅎㅎㅎㅎㅎㅎㅎㅎㅎㅎㅎㅎㅎㅎㅎ
1973530,1,갓겜갓겜갓겜갓겜갓겜갓겜갓겜갓겜갓겜갓겜갓겜갓겜갓겜갓겜갓겜갓겜갓겜갓겜갓겜갓겜갓겜갓겜갓겜갓겜갓겜갓겜갓겜갓겜갓겜갓겜갓겜갓겜갓겜갓겜갓겜갓겜갓겜갓겜갓겜 파우정실파우정실파우정실파우정실파우정실파우정실파우정실파우정실파우정실파우정실파우정실파우정실파우정실파우정실파우정실파우정실파우정실파우정실파우정실파우정실파우정실파우정실파우정실파우정실파우정실파우정실파우정실파우정실파우정실파우정실파우정실파우정실파우정실파우정실파우정실파우정실파우정실파우정실파우정실파우정실파우정실파우정실파우정실파우정실파우정실파우정실파우정실파우정실파우정실파우정실파우정실파우정실파우정실파우정실파우정실파우정실파우정실파우정실파우정실파우정실보스전전작보다쉬움보스전전작보다쉬움보스전전작보다쉬움보스전전작보다쉬움보스전전작보다쉬움거던바를먹으세요거던바를먹으세요거던바를먹으세요거던바를먹으세요거던바를먹으세요거던바를먹으세요거던바를먹으세요거던바를먹으세요거던바를먹으세요거던바를먹으세요거던바를먹으세요거던바를먹으세요거던바를먹으세요거던바를먹으세요거던바를먹으세요거던바를먹으세요거던바를먹으세요거던바를먹으세요거던바를먹으세요거던바를먹으세요거던바를먹으세요거던바를먹으세요거던바를먹으세요거던바를먹으세요거던바를먹으세요거던바를먹으세요거던바를먹으세요거던바를먹으세요거던바를먹으세요거던바를먹으세요거던바를먹으세요거던바를먹으세요거던바를먹으세요거던바를먹으세요거던바를먹으세요거던바를먹으세요
1973530,1,미쳐버린 타격감과 미쳐버린 노래와 연출과 스토리 그냥 개 갓겜임
1973530,1,이 게임을 하면서 탓을 많이하게 되었어요 근데 재미있어요
1973530,1,파우스트 그는 신이야!파우스트 그는 신이야!파우스트 그는 신이야!파우스트 그는 신이야!파우스트 그는 신이야!파우스트 그는 신이야!파우스트 그는 신이야!파우스트 그는 신이야!파우스트 그는 신이야!파우스트 그는 신이야!파우스트 그는 신이야!파우스트 그는 신이야!파우스트 그는 신이야!파우스트 그는 신이야!파우스트 그는 신이야!파우스트 그는 신이야!파우스트 그는 신이야!파우스트 그는 신이야!파우스트 그는 신이야!파우스트 그는 신이야!파우스트 그는 신이야!파우스트 그는 신이야!파우스트 그는 신이야!파우스트 그는 신이야!파우스트 그는 신이야!파우스트 그는 신이야!파우스트 그는 신이야!파우스트 그는 신이야!파우스트 그는 신이야!파우스트 그는 신이야!파우스트 그는 신이야!파우스트 그는 신이야!파우스트 그는 신이야!파우스트 그는 신이야!파우스트 그는 신이야!파우스트 그는 신이야!파우스트 그는 신이야!파우스트 그는 신이야!파우스트 그는 신이야!파우스트 그는 신이야!파우스트 그는 신이야!파우스트 그는 신이야!파우스트 그는 신이야!파우스트 그는 신이야!파우스트 그는 신이야!파우스트 그는 신이야!파우스트 그는 신이야!파우스트 그는 신이야!파우스트 그는 신이야!파우스트 그는 신이야!파우스트 그는 신이야!
1973530,1,거던을 돌아야해요?거?던을 돌아야해요거던?돌아야해요거던을돌어?야해요?거?던? 돌??아요??거던을 돌아요거ㄷ?ㅓㄴ?돌아?돌ㅇ...거던을 돌아요거던을 돌아요거던을돌아요?거던?거던??거?더...ㄴ..ㄱ.ㅓ...ㄷ....ㅓ.ㄴ...?.........
1973530,1,관리자나리!!!!관리자나리!!!!관리자나리!!!!관리자나리!!!!관리자나리!!!!관리자나리!!!!관리자나리!!!!관리자나리!!!!관리자나리!!!!관리자나리!!!!관리자나리!!!!관리자나리!!!!관리자나리!!!!관리자나리!!!!관리자나리!!!!관리자나리!!!!관리자나리!!!!관리자나리!!!!관리자나리!!!!관리자나리!!!!관리자나리!!!!관리자나리!!!!관리자나리!!!!관리자나리!!!!관리자나리!!!!관리자나리!!!!관리자나리!!!!관리자나리!!!!관리자나리!!!!관리자나리!!!!관리자나리!!!!관리자나리!!!!관리자나리!!!!관리자나리!!!!관리자나리!!!!관리자나리!!!!관리자나리!!!!관리자나리!!!!관리자나리!!!!관리자나리!!!!관리자나리!!!!관리자나리!!!!관리자나리!!!!관리자나리!!!!관리자나리!!!!관리자나리!!!!관리자나리!!!!관리자나리!!!!관리자나리!!!!관리자나리!!!!관리자나리!!!!관리자나리!!!!관리자나리!!!!관리자나리!!!!관리자나리!!!!관리자나리!!!!관리자나리!!!!관리자나리!!!!관리자나리!!!!관리자나리!!!!관리자나리!!!!관리자나리!!!!관리자나리!!!!관리자나리!!!!관리자나리!!!!관리자나리!!!!관리자나리!!!!관리자나리!!!!관리자나리!!!!관리자나리!!!!관리자나리!!!!관리자나리!!!!관리자나리!!!!관리자나리!!!!관리자나리!!!!관리자나리!!!!관리자나리!!!!관리자나리!!!!관리자나리!!!!관리자나리!!!!관리자나리!!!!관리자나리!!!!관리자나리!!!!관리자나리!!!!관리자나리!!!!관리자나리!!!!관리자나리!!!!관리자나리!!!!관리자나리!!!!관리자나리!!!!관리자나리!!!!관리자나리!!!!관리자나리!!!!관리자나리!!!!관리자나리!!!!관리자나리!!!!관리자나리!!!!관리자나리!!!!관리자나리!!!!관리자나리!!!!관리자나리!!!!관리자나리!!!!관리자나리!!!!관리자나리!!!!관리자나리!!!!관리자나리!!!!관리자나리!!!!관리자나리!!!!관리자나리!!!!관리자나리!!!!관리자나리!!!!관리자나리!!!!관리자나리!!!!관리자나리!!!!관리자나리!!!!관리자나리!!!!관리자나리!!!!관리자나리!!!!관리자나리!!!!관리자나리!!!!관리자나리!!!!관리자나리!!!!관리자나리!!!!관리자나리!!!!관리자나리!!!!관리자나리!!!!관리자나리!!!!관리자나리!!!!관리자나리!!!!관리자나리!!!!관리자나리!!!!관리자나리!!!!관리자나리!!!!관리자나리!!!!관리자나리!!!!관리자나리!!!!관리자나리!!!!관리자나리!!!!관리자나리!!!!관리자나리!!!!관리자나리!!!!관리자나리!!!!관리자나리!!!!관리자나리!!!!관리자나리!!!!관리자나리!!!!관리자나리!!!!관리자나리!!!!관리자나리!!!!관리자나리!!!!관리자나리!!!!관리자나리!!!!관리자나리!!!!관리자나리!!!!관리자나리!!!!관리자나리!!!!관리자나리!!!!관리자나리!!!!관리자나리!!!!관리자나리!!!!관리자나리!!!!관리자나리!!!!관리자나리!!!!관리자나리!!!!관리자나리!!!!관리자나리!!!!관리자나리!!!!관리자나리!!!!관리자나리!!!!관리자나리!!!!관리자나리!!!!관리자나리!!!!관리자나리!!!!관리자나리!!!!관리자나리!!!!관리자나리!!!!관리자나리!!!!관리자나리!!!!관리자나리!!!!관리자나리!!!!관리자나리!!!!관리자나리!!!!관리자나리!!!!관리자나리!!!!관리자나리!!!!관리자나리!!!!관리자나리!!!!관리자나리!!!!관리자나리!!!!관리자나리!!!!관리자나리!!!!관리자나리!!!!관리자나리!!!!관리자나리!!!!관리자나리!!!!관리자나리!!!!관리자나리!!!!관리자나리!!!!관리자나리!!!!관리자나리!!!!관리자나리!!!!관리자나리!!!!관리자나리!!!!관리자나리!!!!관리자나리!!!!관리자나리!!!!관리자나리!!!!관리자나리!!!!관리자나리!!!!관리자나리!!!!관리자나리!!!!관리자나리!!!!관리자나리!!!!관리자나리!!!!관리자나리!!!!관리자나리!!!!관리자나리!!!!관리자나리!!!!관리자나리!!!!관리자나리!!!!관리자나리!!!!관리자나리!!!!관리자나리!!!!관리자나리!!!!관리자나리!!!!관리자나리!!!!관리자나리!!!!관리자나리!!!!관리자나리!!!!관리자나리!!!!관리자나리!!!!관리자나리!!!!관리자나리!!!!관리자나리!!!!관리자나리!!!!관리자나리!!!!관리자나리!!!!관리자나리!!!!관리자나리!!!!관리자나리!!!!관리자나리!!!!관리자나리!!!!관리자나리!!!!관리자나리!!!!관리자나리!!!!관리자나리!!!!관리자나리!!!!관리자나리!!!!관리자나리!!!!관리자나리!!!!관리자나리!!!!관리자나리!!!!관리자나리!!!!관리자나리!!!!관리자나리!!!!관리자나리!!!!관리자나리!!!!관리자나리!!!!관리자나리!!!!관리자나리!!!!관리자나리!!!!관리자나리!!!!관리자나리!!!!관리자나리!!!!관리자나리!!!!관리자나리!!!!관리자나리!!!!관리자나리!!!!관리자나리!!!!관리자나리!!!!관리자나리!!!!관리자나리!!!!관리자나리!!!!관리자나리!!!!관리자나리!!!!관리자나리!!!!관리자나리!!!!관리자나리!!!!관리자나리!!!!관리자나리!!!!관리자나리!!!!관리자나리!!!!관리자나리!!!!관리자나리!!!!관리자나리!!!!관리자나리!!!!관리자나리!!!!관리자나리!!!!관리자나리!!!!관리자나리!!!!관리자나리!!!!관리자나리!!!!관리자나리!!!!관리자나리!!!!관리자나리!!!!관리자나리!!!!관리자나리!!!!관리자나리!!!!관리자나리!!!!관리자나리!!!!관리자나리!!!!관리자나리!!!!관리자나리!!!!관리자나리!!!!관리자나리!!!!관리자나리!!!!관리자나리!!!!관리자나리!!!!관리자나리!!!!관리자나리!!!!관리자나리!!!!관리자나리!!!!관리자나리!!!!관리자나리!!!!관리자나리!!!!관리자나리!!!!관리자나리!!!!관리자나리!!!!관리자나리!!!!관리자나리!!!!관리자나리!!!!관리자나리!!!!관리자나리!!!!관리자나리!!!!관리자나리!!!!관리자나리!!!!관리자나리!!!!관리자나리!!!!관리자나리!!!!관리자나리!!!!관리자나리!!!!관리자나리!!!!관리자나리!!!!관리자나리!!!!관리자나리!!!!관리자나리!!!!관리자나리!!!!관리자나리!!!!관리자나리!!!!관리자나리!!!!관리자나리!!!!관리자나리!!!!관리자나리!!!!관리자나리!!!!관리자나리!!!!관리자나리!!!!관리자나리!!!!관리자나리!!!!관리자나리!!!!관리자나리!!!!관리자나리!!!!관리자나리!!!!관리자나리!!!!관리자나리!!!!관리자나리!!!!관리자나리!!!!관리자나리!!!!관리자나리!!!!관리자나리!!!!관리자나리!!!!관리자나리!!!!관리자나리!!!!관리자나리!!!!관리자나리!!!!관리자나리!!!!관리자나리!!!!관리자나리!!!!관리자나리!!!!관리자나리!!!!관리자나리!!!!관리자나리!!!!관리자나리!!!!관리자나리!!!!관리자나리!!!!관리자나리!!!!관리자나리!!!!관리자나리!!!!관리자나리!!!!관리자나리!!!!관리자나리!!!!관리자나리!!!!관리자나리!!!!관리자나리!!!!관리자나리!!!!관리자나리!!!!관리자나리!!!!관리자나리!!!!관리자나리!!!!관리자나리!!!!관리자나리!!!!관리자나리!!!!관리자나리!!!!관리자나리!!!!관리자나리!!!!관리자나리!!!!관리자나리!!!!관리자나리!!!!관리자나리!!!!관리자나리!!!!관리자나리!!!!관리자나리!!!!관리자나리!!!!관리자나리!!!!관리자나리!!!!관리자나리!!!!관리자나리!!!!관리자나리!!!!관리자나리!!!!관리자나리!!!!관리자나리!!!!관리자나리!!!!관리자나리!!!!관리자나리!!!!관리자나리!!!!관리자나리!!!!관리자나리!!!!관리자나리!!!!관리자나리!!!!관리자나리!!!!관리자나리!!!!관리자나리!!!!관리자나리!!!!관리자나리!!!!관리자나리!!!!관리자나리!!!!관리자나리!!!!관리자나리!!!!관리자나리!!!!관리자나리!!!!관리자나리!!!!관리자나리!!!!관리자나리!!!!관리자나리!!!!관리자나리!!!!관리자나리!!!!관리자나리!!!!관리자나리!!!!관리자나리!!!!관리자나리!!!!관리자나리!!!!관리자나리!!!!관리자나리!!!!관리자나리!!!!관리자나리!!!!관리자나리!!!!관리자나리!!!!관리자나리!!!!관리자나리!!!!관리자나리!!!!관리자나리!!!!관리자나리!!!!관리자나리!!!!관리자나리!!!!관리자나리!!!!관리자나리!!!!관리자나리!!!!관리자나리!!!!관리자나리!!!!관리자나리!!!!관리자나리!!!!
1973530,1,림버스 컴퍼니!!!!!!!!!!!!!!!!!!!!!!!!!!!!!!!!!!!!!!!!!!!!!!!!!!!!!!!!!!!!!!!!!!!!!!!!!!!!
1973530,1,고전소설을 도시에 맞게 재해석해 우리 앞에 먹기 편하게 전달해주는 게임.
1973530,1,리세와 리세 그리고또 리세그다음도 리세 걍리세 무한리세 계속리세 일단리세
1973530,1,네탓이군!!네탓이군!!네탓이군!!네탓이군!!네탓이군!!네탓이군!!네탓이군!!네탓이군!!네탓이군!!네탓이군!!네탓이군!!네탓이군!!네탓이군!!네탓이군!!네탓이군!!네탓이군!!네탓이군!!네탓이군!!네탓이군!!네탓이군!!네탓이군!!네탓이군!!네탓이군!!네탓이군!!네탓이군!!네탓이군!!네탓이군!!네탓이군!!네탓이군!!네탓이군!!네탓이군!!네탓이군!!네탓이군!!네탓이군!!네탓이군!!네탓이군!!네탓이군!!네탓이군!!네탓이군!!네탓이군!!네탓이군!!네탓이군!!네탓이군!!네탓이군!!네탓이군!!네탓이군!!네탓이군!!네탓이군!!네탓이군!!네탓이군!!네탓이군!!네탓이군!!네탓이군!!네탓이군!!네탓이군!!네탓이군!!네탓이군!!네탓이군!!네탓이군!!네탓이군!!네탓이군!!네탓이군!!네탓이군!!네탓이군!!네탓이군!!네탓이군!!
1973530,1,천장에 사람이 천장에 사람이 천장에 사람이 천장에 사람이 천장에 사람이 천장에 사람이 천장에 사람이 천장에 사람이 천장에 사람이 천장에 사람이 천장에 사람이 천장에 사람이 천장에 사람이 천장에 사람이 천장에 사람이 천장에 사람이 천장에 사람이 천장에 사람이 천장에 사람이 천장에 사람이 천장에 사람이 천장에 사람이 천장에 사람이 천장에 사람이 천장에 사람이 천장에 사람이 천장에 사람이 천장에 사람이 천장에 사람이 천장에 사람이 천장에 사람이 천장에 사람이 천장에 사람이 천장에 사람이 천장에 사람이 천장에 사람이 천장에 사람이 천장에 사람이 천장에 사람이 천장에 사람이 천장에 사람이 천장에 사람이 천장에 사람이 천장에 사람이 천장에 사람이 천장에 사람이 천장에 사람이 천장에 사람이 천장에 사람이 천장에 사람이 천장에 사람이 천장에 사람이 천장에 사람이 천장에 사람이 천장에 사람이 천장에 사람이 천장에 사람이 천장에 사람이 천장에 사람이 천장에 사람이 천장에 사람이 천장에 사람이 천장에 사람이 천장에 사람이 천장에 사람이 천장에 사람이 천장에 사람이 천장에 사람이 천장에 사람이 천장에 사람이 천장에 사람이 천장에 사람이 천장에 사람이 천장에 사람이 천장에 사람이 천장에 사람이 천장에 사람이 천장에 사람이 천장에 사람이 천장에 사람이 천장에 사람이 천장에 사람이 천장에 사람이 천장에 사람이 천장에 사람이 천장에 사람이 천장에 사람이 천장에 사람이 천장에 사람이 천장에 사람이 천장에 사람이 천장에 사람이 천장에 사람이 천장에 사람이
1973530,1,"ㄹㅇ 스토리도 탄탄하고 ㅈㄴ재밌음 그 기존의 턴제게임인데 플레이 방식도 새로움, 좀 설명이 너무 부족한거하고 약고어 있긴한데 그거 견디면 ㄹㅇ 할만한 게임"
1973530,1,림버스를 그만하려 합니다 홍루를 더 이상 못 보겠습니다 홍루가 남자로 보입니다 그리고 그 남자를 사랑하게 됐습니다 이뤄질 수 없다는 걸 알기에 홍루를 사랑하는 심장을 찢어내려 합니다 롭붕이분들 홍루를 아껴주세요 그러나 조심하십시오 저처럼 죽을 만큼 사랑하게 되면 골단 당하는 고통을 맛보게 될 겁니다 홍루와 이뤄질 수 없다는 걸 알기에 눈물만 흘리다 결국 그 낮은울음 속으로 가라앉게 될 겁니다
1973530,1,사람을 잡아먹는 나쁜 혈귀들이네요~ 어떻게 해야 할까요?
1973530,1,시ㅣㅣㅣㅣㅣ벌 내 인생 첫 리뷰는 림버스 컴퍼니가 가져갑니다 진심으로 재밌게 플레이하고 있는 중이며 훌룡하다고 생각하는 게임성과 완성도 높은 스토리가 저를 끌어당겼다고 표현할 수 밖에 없습니다. 무료 게임이라고 생각하여도 매우 높은 아니 이게 무료가 맞나라는 생각이 들 정도로 높은 완성도입니다 무과금으로 풍분히 가능하다고 생각하며 만약 기회가 된다 싶으시다면 꼭 하시길 바라겠습니다 저도 아직 초보자지만 재밌게 하고 있고 충분히 즐길수 있습니다! ( 특히 거던 딜뽕 ㅈ됩니다. )
1973530,1,니탓이군 이스마엘!@!!!!!!!!!!!!!!!!!!!
1973530,1,히히 거던바 맛있다 히히 거던바 맛있다 히히 거던바 맛있다 히히 거던바 맛있다 히히 거던바 맛있다 히히 거던바 맛있다 히히 거던바 맛있다 히히 거던바 맛있다 히히 거던바 맛있다 히히 거던바 맛있다 히히 거던바 맛있다 히히 거던바 맛있다 히히 거던바 맛있다 히히 거던바 맛있다 히히 거던바 맛있다 히히 거던바 맛있다 히히 거던바 맛있다 히히 거던바 맛있다 히히 거던바 맛있다 히히 거던바 맛있다 히히 거던바 맛있다 히히 거던바 맛있다 히히 거던바 맛있다 히히 거던바 맛있다 히히 거던바 맛있다 히히 거던바 맛있다 히히 거던바 맛있다 히히 거던바 맛있다 히히 거던바 맛있다 히히 거던바 맛있다 히히 거던바 맛있다 히히 거던바 맛있다 히히 거던바 맛있다 히히 거던바 맛있다 히히 거던바 맛있다 히히 거던바 맛있다 히히 거던바 맛있다 히히 거던바 맛있다 히히 거던바 맛있다 히히 거던바 맛있다 히히 거던바 맛있다 히히 거던바 맛있다 히히 거던바 맛있다 히히 거던바 맛있다 히히 거던바 맛있다 히히 거던바 맛있다 히히 거던바 맛있다 히히 거던바 맛있다 히히 거던바 맛있다 히히 거던바 맛있다 히히 거던바 맛있다 히히 거던바 맛있다 히히 거던바 맛있다 히히 거던바 맛있다 히히 거던바 맛있다 히히 거던바 맛있다 히히 거던바 맛있다 히히 거던바 맛있다 히히 거던바 맛있다 히히 거던바 맛있다 히히 거던바 맛있다 히히 거던바 맛있다 히히 거던바 맛있다 히히 거던바 맛있다 히히 거던바 맛있다
1973530,1,"오늘로서 플레이타임 414시간... 골단의 뽕맛을 드디어 알았습니다...  뼈깎으러 갑니다"
1973530,1,이제알았어?뛰어봤자벼룩이라는걸하루가저물어가는동안나는그저서있을뿐이었소이제알았어?뛰어봤자벼룩이라는걸하루가저물어가는동안나는그저서있을뿐이었소이제알았어?뛰어봤자벼룩이라는걸하루가저물어가는동안나는그저서있을뿐이었소이제알았어?뛰어봤자벼룩이라는걸하루가저물어가는동안나는그저서있을뿐이었소이제알았어?뛰어봤자벼룩이라는걸하루가저물어가는동안나는그저서있을뿐이었소이제알았어?뛰어봤자벼룩이라는걸하루가저물어가는동안나는그저서있을뿐이었소이제알았어?뛰어봤자벼룩이라는걸하루가저물어가는동안나는그저서있을뿐이었소이제알았어?뛰어봤자벼룩이라는걸하루가저물어가는동안나는그저서있을뿐이었소이제알았어?뛰어봤자벼룩이라는걸하루가저물어가는동안나는그저서있을뿐이었소이제알았어?뛰어봤자벼룩이라는걸하루가저물어가는동안나는그저서있을뿐이었소이제알았어?뛰어봤자벼룩이라는걸하루가저물어가는동안나는그저서있을뿐이었소이제알았어?뛰어봤자벼룩이라는걸하루가저물어가는동안나는그저서있을뿐이었소이제알았어?뛰어봤자벼룩이라는걸하루가저물어가는동안나는그저서있을뿐이었소이제알았어?뛰어봤자벼룩이라는걸하루가저물어가는동안나는그저서있을뿐이었소이제알았어?뛰어봤자벼룩이라는걸하루가저물어가는동안나는그저서있을뿐이었소이제알았어?뛰어봤자벼룩이라는걸하루가저물어가는동안나는그저서있을뿐이었소이제알았어?뛰어봤자벼룩이라는걸하루가저물어가는동안나는그저서있을뿐이었소이제알았어?뛰어봤자벼룩이라는걸하루가저물어가는동안나는그저서있을뿐이었소이제알았어?뛰어봤자벼룩이라는걸하루가저물어가는동안나는그저서있을뿐이었소이제알았어?뛰어봤자벼룩이라는걸하루가저물어가는동안나는그저서있을뿐이었소이제알았어?뛰어봤자벼룩이라는걸하루가저물어가는동안나는그저서있을뿐이었소이제알았어?뛰어봤자벼룩이라는걸하루가저물어가는동안나는그저서있을뿐이었소이제알았어?뛰어봤자벼룩이라는걸하루가저물어가는동안나는그저서있을뿐이었소이제알았어?뛰어봤자벼룩이라는걸하루가저물어가는동안나는그저서있을뿐이었소이제알았어?뛰어봤자벼룩이라는걸하루가저물어가는동안나는그저서있을뿐이었소이제알았어?뛰어봤자벼룩이라는걸하루가저물어가는동안나는그저서있을뿐이었소이제알았어?뛰어봤자벼룩이라는걸하루가저물어가는동안나는그저서있을뿐이었소이제알았어?뛰어봤자벼룩이라는걸하루가저물어가는동안나는그저서있을뿐이었소이제알았어?뛰어봤자벼룩이라는걸하루가저물어가는동안나는그저서있을뿐이었소이제알았어?뛰어봤자벼룩이라는걸하루가저물어가는동안나는그저서있을뿐이었소이제알았어?뛰어봤자벼룩이라는걸하루가저물어가는동안나는그저서있을뿐이었소이제알았어?뛰어봤자벼룩이라는걸하루가저물어가는동안나는그저서있을뿐이었소이제알았어?뛰어봤자벼룩이라는걸하루가저물어가는동안나는그저서있을뿐이었소이제알았어?뛰어봤자벼룩이라는걸하루가저물어가는동안나는그저서있을뿐이었소이제알았어?뛰어봤자벼룩이라는걸하루가저물어가는동안나는그저서있을뿐이었소이제알았어?뛰어봤자벼룩이라는걸하루가저물어가는동안나는그저서있을뿐이었소이제알았어?뛰어봤자벼룩이라는걸하루가저물어가는동안나는그저서있을뿐이었소이제알았어?뛰어봤자벼룩이라는걸하루가저물어가는동안나는그저서있을뿐이었소이제알았어?뛰어봤자벼룩이라는걸하루가저물어가는동안나는그저서있을뿐이었소이제알았어?뛰어봤자벼룩이라는걸하루가저물어가는동안나는그저서있을뿐이었소이제알았어?뛰어봤자벼룩이라는걸하루가저물어가는동안나는그저서있을뿐이었소이제알았어?뛰어봤자벼룩이라는걸하루가저물어가는동안나는그저서있을뿐이었소이제알았어?뛰어봤자벼룩이라는걸하루가저물어가는동안나는그저서있을뿐이었소이제알았어?뛰어봤자벼룩이라는걸하루가저물어가는동안나는그저서있을뿐이었소이제알았어?뛰어봤자벼룩이라는걸하루가저물어가는동안나는그저서있을뿐이었소이제알았어?뛰어봤자벼룩이라는걸하루가저물어가는동안나는그저서있을뿐이었소이제알았어?뛰어봤자벼룩이라는걸하루가저물어가는동안나는그저서있을뿐이었소이제알았어?뛰어봤자벼룩이라는걸하루가저물어가는동안나는그저서있을뿐이었소이제알았어?뛰어봤자벼룩이라는걸하루가저물어가는동안나는그저서있을뿐이었소이제알았어?뛰어봤자벼룩이라는걸하루가저물어가는동안나는그저서있을뿐이었소이제알았어?뛰어봤자벼룩이라는걸하루가저물어가는동안나는그저서있을뿐이었소이제알았어?뛰어봤자벼룩이라는걸하루가저물어가는동안나는그저서있을뿐이었소이제알았어?뛰어봤자벼룩이라는걸하루가저물어가는동안나는그저서있을뿐이었소
1973530,1,할거없을때 아 림버스나 할까 라고생각하고키면 기본으로 4시간씩하는듯 개재밌
1973530,1,림붕아 나 좋은 생각이 났다 딜주작을 하는거야!림붕아 나 좋은 생각이 났다 딜주작을 하는거야!림붕아 나 좋은 생각이 났다 딜주작을 하는거야!림붕아 나 좋은 생각이 났다 딜주작을 하는거야!림붕아 나 좋은 생각이 났다 딜주작을 하는거야!림붕아 나 좋은 생각이 났다 딜주작을 하는거야!림붕아 나 좋은 생각이 났다 딜주작을 하는거야!림붕아 나 좋은 생각이 났다 딜주작을 하는거야!림붕아 나 좋은 생각이 났다 딜주작을 하는거야!림붕아 나 좋은 생각이 났다 딜주작을 하는거야!림붕아 나 좋은 생각이 났다 딜주작을 하는거야!림붕아 나 좋은 생각이 났다 딜주작을 하는거야!림붕아 나 좋은 생각이 났다 딜주작을 하는거야!림붕아 나 좋은 생각이 났다 딜주작을 하는거야!림붕아 나 좋은 생각이 났다 딜주작을 하는거야!림붕아 나 좋은 생각이 났다 딜주작을 하는거야!림붕아 나 좋은 생각이 났다 딜주작을 하는거야!림붕아 나 좋은 생각이 났다 딜주작을 하는거야!림붕아 나 좋은 생각이 났다 딜주작을 하는거야!림붕아 나 좋은 생각이 났다 딜주작을 하는거야!림붕아 나 좋은 생각이 났다 딜주작을 하는거야!림붕아 나 좋은 생각이 났다 딜주작을 하는거야!림붕아 나 좋은 생각이 났다 딜주작을 하는거야!림붕아 나 좋은 생각이 났다 딜주작을 하는거야!림붕아 나 좋은 생각이 났다 딜주작을 하는거야!림붕아 나 좋은 생각이 났다 딜주작을 하는거야!림붕아 나 좋은 생각이 났다 딜주작을 하는거야!림붕아 나 좋은 생각이 났다 딜주작을 하는거야!림붕아 나 좋은 생각이 났다 딜주작을 하는거야!림붕아 나 좋은 생각이 났다 딜주작을 하는거야!림붕아 나 좋은 생각이 났다 딜주작을 하는거야!림붕아 나 좋은 생각이 났다 딜주작을 하는거야!림붕아 나 좋은 생각이 났다 딜주작을 하는거야!림붕아 나 좋은 생각이 났다 딜주작을 하는거야!림붕아 나 좋은 생각이 났다 딜주작을 하는거야!림붕아 나 좋은 생각이 났다 딜주작을 하는거야!림붕아 나 좋은 생각이 났다 딜주작을 하는거야!림붕아 나 좋은 생각이 났다 딜주작을 하는거야!림붕아 나 좋은 생각이 났다 딜주작을 하는거야!ㅄ겜 림붕아 나 좋은 생각이 났다 딜주작을 하는거야!림붕아 나 좋은 생각이 났다 딜주작을 하는거야!림붕아 나 좋은 생각이 났다 딜주작을 하는거야!림붕아 나 좋은 생각이 났다 딜주작을 하는거야!림붕아 나 좋은 생각이 났다 딜주작을 하는거야!림붕아 나 좋은 생각이 났다 딜주작을 하는거야!림붕아 나 좋은 생각이 났다 딜주작을 하는거야!림붕아 나 좋은 생각이 났다 딜주작을 하는거야!림붕아 나 좋은 생각이 났다 딜주작을 하는거야!내 이름은 키호데 돈키호테 이 딸깍으로 그 거던을 끝내겠다
1973530,1,나에게로 와 거던나에게로 와 거던나에게로 와 거던나에게로 와 거던나에게로 와 거던나에게로 와 거던나에게로 와 거던나에게로 와 거던나에게로 와 거던나에게로 와 거던나에게로 와 거던나에게로 와 거던나에게로 와 거던나에게로 와 거던나에게로 와 거던나에게로 와 거던나에게로 와 거던나에게로 와 거던나에게로 와 거던나에게로 와 거던나에게로 와 거던나에게로 와 거던나에게로 와 거던나에게로 와 거던나에게로 와 거던나에게로 와 거던나에게로 와 거던나에게로 와 거던나에게로 와 거던나에게로 와 거던나에게로 와 거던나에게로 와 거던나에게로 와 거던나에게로 와 거던나에게로 와 거던나에게로 와 거던나에게로 와 거던나에게로 와 거던나에게로 와 거던나에게로 와 거던나에게로 와 거던나에게로 와 거던나에게로 와 거던나에게로 와 거던나에게로 와 거던나에게로 와 거던나에게로 와 거던나에게로 와 거던나에게로 와 거던나에게로 와 거던나에게로 와 거던나에게로 와 거던나에게로 와 거던나에게로 와 거던나에게로 와 거던나에게로 와 거던나에게로 와 거던나에게로 와 거던나에게로 와 거던나에게로 와 거던나에게로 와 거던나에게로 와 거던나에게로 와 거던나에게로 와 거던나에게로 와 거던나에게로 와 거던나에게로 와 거던나에게로 와 거던나에게로 와 거던나에게로 와 거던나에게로 와 거던나에게로 와 거던나에게로 와 거던나에게로 와 거던나에게로 와 거던나에게로 와 거던나에게로 와 거던나에게로 와 거던나에게로 와 거던나에게로 와 거던나에게로 와 거던나에게로 와 거던나에게로 와 거던나에게로 와 거던나에게로 와 거던나에게로 와 거던나에게로 와 거던나에게로 와 거던나에게로 와 거던나에게로 와 거던나에게로 와 거던나에게로 와 거던나에게로 와 거던나에게로 와 거던나에게로 와 거던 븅신 겜 나에게로 와 거던나에게로 와 거던나에게로 와 거던나에게로 와 거던나에게로 와 거던나에게로 와 거던나에게로 와 거던나에게로 와 거던나에게로 와 거던나에게로 와 거던나에게로 와 거던나에게로 와 거던나에게로 와 거던나에게로 와 거던나에게로 와 거던나에게로 와 거던나에게로 와 거던나에게로 와 거던나에게로 와 거던나에게로 와 거던나에게로 와 거던나에게로 와 거던 널 다시 내 품안에 앉아야겠어
1973530,1,"스토리가 굉장히 몰입이 잘 되어서 마음에 듭니다. 수감자마다 각각 소설 혹은 작가와 관련 된 이름을 부여시켜 주었는데, 관련 된 스토리나 특징도 부여하면서 많은 각색을 통해 스토리를 만들어 친숙한 느낌이 들었던 것 같습니다. 여기에 성우들의 연기까지 가미되면서 정말 캐릭터 하나하나에 몰입을 시켜주었던 것 같습니다. 개인적으로 스토리를 너무 잘 만들어서 거던 잘 안 돌고 스토리 위주로 플레이 하는 게임인데, 전투에도 힘을 정말 많이 써준 게 느껴질 정도로 액션도 보는 맛이 좋습니다. 타격감 자체가 시원시원 하고 모션도 화려해서 그런지 눈이 즐거웠고, 풀더빙 스토리와 전투가 어우러져 한 편의 애니메이션을 보는 느낌이 들었습니다. 다만, 전투 방식이 조금 이해하기 어렵고 오래걸린다는 단점이 있겠네요. 솔직히 처음에 설명을 읽고 어렵지만 이해는 그나마 했습니다. 그래도 너무 오래걸리고 귀찮은 전투 방식이라 그냥 P 딸깍 하게 되더라고요. 4장부터는 직접 해야하긴 하는데, 처음부터 본인 스스로 전투하면 전투하다가 플레이타임 반은 넘게 잡아먹습니다. 그래도 이러한 단점 제외하면 깔 요소가 거의 없다고 보면 될 것 같습니다."
1973530,1,뉴비= p+enter  중수=p+enter  고수=p+enter
1973530,1,"프문의, 프문을 위해, 프문을 사랑하는 림악귀, 라악귀, 롭악귀들이 한대모여 만든게임  게임성은 좀 떨어질수있어도 스토리 하나만 믿고 하는게임"
1973530,1,"휼륭한 세계관. 밀리의 음악. 가챠로 돈 버는법 모르는 김지훈 디렉터님. 이 세박자가 모여 이겜이 만들어졌다고 해도 해도 과언이 아님. 이게 게임이다."
1973530,1,"프문 세계관 아무것도 모르는 상태로 시작 1장은 뭔 소리하는 건지도 모르겠고 좃노잼이었는데 2장부터 그나마 재미 붙음 중간에 뜬금없이 돈키한테 빠져서 7장 돈키 스토리 보려고 겜 미는중 가챠겜은 림버스가 처음인데 스토리 다 밀고 나서도 겜을 계속할지는 잘 모르겠음.."
1973530,1,"그냥 조용히하고 한번 해보기, 스토리를 감상하고 프문의 가성비를 보기."
1973530,1,야 김롭뿡!!!!!!!!!!!!!! 내가 케리해줋께!!!!!!!!!
1973530,1,림버스의 스토리를 밀다보면은 어느세 다 밀게 되어있을 것이다 그러다 당신은 거던을 그제서야 발견하고 더 많은 인격 그리고 더 좋은 인격을 위해서 거던을 일주일에 2번 일주일에 3번 일주일에 5번... 그렇다 그게 바로 당신이 거악귀가 되어가는 과정이다
1973530,1,거던돌아요 거던돌아요 거던돌아요 거던돌아요 거던돌아요 거던돌아요 거던돌아요 거던돌아요 거던돌아요 거던돌아요 거던돌아요 거던돌아요 거던돌아요 거던돌아요 거던돌아요 거던돌아요 거던돌아요 거던돌아요 거던돌아요 거던돌아요 거던돌아요 거던돌아요 거던돌아요 거던돌아요 거던돌아요 거던돌아요 거던돌아요 거던돌아요 거던돌아요 거던돌아요 거던돌아요 거던돌아요 거던돌아요 거던돌아요 거던돌아요 거던돌아요 거던돌아요 거던돌아요 거던돌아요 거던돌아요 거던돌아요 거던돌아요 거던돌아요 거던돌아요 거던돌아요 거던돌아요 거던돌아요 거던돌아요 거던돌아요 거던돌아요 거던돌아요 거던돌아요 거던돌아요 거던돌아요 거던돌아요 거던돌아요 거던돌아요 거던돌아요 거던돌아요 거던돌아요 거던돌아요 거던돌아요 거던돌아요 거던돌아요 거던돌아요 거던돌아요 거던돌아요 거던돌아요 거던돌아요 거던돌아요 거던돌아요 거던돌아요 거던돌아요 거던돌아요 거던돌아요 거던돌아요 거던돌아요 거던돌아요 거던돌아요 거던돌아요 거던돌아요 거던돌아요 거던돌아요 거던돌아요 거던돌아요 거던돌아요 거던돌아요 거던돌아요 거던돌아요 거던돌아요 거던돌아요 거던돌아요 거던돌아요 거던돌아요 거던돌아요 거던돌아요 거던돌아요 거던돌아요 거던돌아요 거던돌아요 거던돌아요 거던돌아요 거던돌아요 거던돌아요 거던돌아요 거던돌아요 거던돌아요 거던돌아요 거던돌아요 거던돌아요 거던돌아요 거던돌아요 거던돌아요 거던돌아요 거던돌아요 거던돌아요 거던돌아요 거던돌아요 거던돌아요 거던돌아요 거던돌아요 거던돌아요 거던돌아요 거던돌아요 거던돌아요 거던돌아요 거던돌아요 거던돌아요 거던돌아요 거던돌아요 거던돌아요 거던돌아요 거던돌아요 거던돌아요 거던돌아요 거던돌아요 거던돌아요 거던돌아요 거던돌아요 거던돌아요 거던돌아요 거던돌아요 거던돌아요 거던돌아요 거던돌아요 거던돌아요 거던돌아요 거던돌아요 거던돌아요 거던돌아요 거던돌아요 거던돌아요 거던돌아요 거던돌아요 거던돌아요 거던돌아요 거던돌아요 거던돌아요 거던돌아요 거던돌아요 거던돌아요 거던돌아요 거던돌아요 거던돌아요 거던돌아요 거던돌아요 거던돌아요 거던돌아요 거던돌아요 거던돌아요 거던돌아요 거던돌아요 거던돌아요 거던돌아요 거던돌아요 거던돌아요 거던돌아요 거던돌아요 거던돌아요 거던돌아요 거던돌아요 거던돌아요 거던돌아요 거던돌아요 거던돌아요 거던돌아요 거던돌아요 거던돌아요 거던돌아요 거던돌아요 거던돌아요 거던돌아요 거던돌아요 거던돌아요 거던돌아요 거던돌아요 거던돌아요 거던돌아요 거던돌아요 거던돌아요 거던돌아요 거던돌아요 거던돌아요 거던돌아요 거던돌아요 거던돌아요 거던돌아요 거던돌아요 거던돌아요 거던돌아요 거던돌아요 거던돌아요 거던돌아요 거던돌아요 거던돌아요 거던돌아요 거던돌아요 거던돌아요 거던돌아요 거던돌아요 거던돌아요 거던돌아요 거던돌아요 거던돌아요 거던돌아요 거던돌아요 거던돌아요 거던돌아요 거던돌아요 거던돌아요 거던돌아요 거던돌아요 거던돌아요 거던돌아요 거던돌아요 거던돌아요 거던돌아요 거던돌아요 거던돌아요 거던돌아요 거던돌아요 거던돌아요 거던돌아요 거던돌아요 거던돌아요 거던돌아요 거던돌아요 거던돌아요 거던돌아요 거던돌아요 거던돌아요 거던돌아요 거던돌아요 거던돌아요 거던돌아요 거던돌아요 거던돌아요 거던돌아요 거던돌아요 거던돌아요 거던돌아요 거던돌아요 거던돌아요 거던돌아요 거던돌아요 거던돌아요 거던돌아요 거던돌아요 거던돌아요 거던돌아요 거던돌아요 거던돌아요 거던돌아요 거던돌아요 거던돌아요 거던돌아요 거던돌아요 거던돌아요 거던돌아요 거던돌아요 거던돌아요 거던돌아요 거던돌아요 거던돌아요 거던돌아요 거던돌아요 거던돌아요 거던돌아요 거던돌아요 거던돌아요 거던돌아요 거던돌아요 거던돌아요 거던돌아요 거던돌아요 거던돌아요 거던돌아요 거던돌아요 거던돌아요 거던돌아요 거던돌아요 거던돌아요 거던돌아요 거던돌아요 거던돌아요 거던돌아요 거던돌아요 거던돌아요 거던돌아요 거던돌아요 거던돌아요 거던돌아요 거던돌아요 거던돌아요 거던돌아요 거던돌아요 거던돌아요 거던돌아요 거던돌아요 거던돌아요 거던돌아요 거던돌아요 거던돌아요 거던돌아요 거던돌아요 거던돌아요 거던돌아요 거던돌아요 거던돌아요 거던돌아요 거던돌아요 거던돌아요 거던돌아요 거던돌아요 거던돌아요 거던돌아요 거던돌아요 거던돌아요 거던돌아요 거던돌아요 거던돌아요 거던돌아요 거던돌아요 거던돌아요 거던돌아요 거던돌아요 거던돌아요 거던돌아요 거던돌아요 거던돌아요 거던돌아요 거던돌아요 거던돌아요 거던돌아요 거던돌아요 거던돌아요 거던돌아요 거던돌아요 거던돌아요 거던돌아요 거던돌아요 거던돌아요 거던돌아요 거던돌아요 거던돌아요 거던돌아요 거던돌아요 거던돌아요 거던돌아요 거던돌아요 거던돌아요 거던돌아요 거던돌아요 거던돌아요 거던돌아요 거던돌아요 거던돌아요 거던돌아요 거던돌아요 거던돌아요 거던돌아요 거던돌아요 거던돌아요 거던돌아요 거던돌아요 거던돌아요 거던돌아요 거던돌아요 거던돌아요 거던돌아요 거던돌아요 거던돌아요 거던돌아요 거던돌아요 거던돌아요 거던돌아요 거던돌아요 거던돌아요 거던돌아요 거던돌아요 거던돌아요 거던돌아요 거던돌아요 거던돌아요 거던돌아요 거던돌아요 거던돌아요 거던돌아요 거던돌아요 거던돌아요 거던돌아요 거던돌아요 거던돌아요 거던돌아요 거던돌아요 거던돌아요 거던돌아요 거던돌아요 거던돌아요 거던돌아요 거던돌아요 거던돌아요 거던돌아요 거던돌아요 거던돌아요 거던돌아요 거던돌아요 거던돌아요 거던돌아요 거던돌아요 거던돌아요 거던돌아요 거던돌아요 거던돌아요 거던돌아요 거던돌아요 거던돌아요 거던돌아요 거던돌아요 거던돌아요 거던돌아요 거던돌아요 거던돌아요 거던돌아요 거던돌아요 거던돌아요 거던돌아요 거던돌아요 거던돌아요 거던돌아요 거던돌아요 거던돌아요 거던돌아요 거던돌아요 거던돌아요 거던돌아요 거던돌아요 거던돌아요 거던돌아요 거던돌아요 거던돌아요 거던돌아요 거던돌아요 거던돌아요 거던돌아요 거던돌아요 거던돌아요 거던돌아요 거던돌아요 거던돌아요 거던돌아요 거던돌아요 거던돌아요 거던돌아요 거던돌아요 거던돌아요 거던돌아요 거던돌아요 거던돌아요 거던돌아요 거던돌아요 거던돌아요 거던돌아요 거던돌아요 거던돌아요 거던돌아요 거던돌아요 거던돌아요 거던돌아요 거던돌아요 거던돌아요 거던돌아요 거던돌아요 거던돌아요 거던돌아요 거던돌아요 거던돌아요 거던돌아요 거던돌아요 거던돌아요 거던돌아요 거던돌아요 거던돌아요 거던돌아요 거던돌아요 거던돌아요 거던돌아요 거던돌아요 거던돌아요 거던돌아요 거던돌아요 거던돌아요 거던돌아요 거던돌아요 거던돌아요 거던돌아요 거던돌아요 거던돌아요 거던돌아요 거던돌아요 거던돌아요 거던돌아요 거던돌아요 거던돌아요 거던돌아요 거던돌아요 거던돌아요 거던돌아요 거던돌아요 거던돌아요 거던돌아요 거던돌아요 거던돌아요 거던돌아요 거던돌아요 거던돌아요 거던돌아요 거던돌아요 거던돌아요 거던돌아요 거던돌아요 거던돌아요 거던돌아요 거던돌아요 거던돌아요 거던돌아요 거던돌아요 거던돌아요 거던돌아요 거던돌아요 거던돌아요 거던돌아요 거던돌아요 거던돌아요 거던돌아요 거던돌아요 거던돌아요 거던돌아요 거던돌아요 거던돌아요 거던돌아요 거던돌아요 거던돌아요 거던돌아요 거던돌아요 거던돌아요 거던돌아요 거던돌아요 거던돌아요 거던돌아요 거던돌아요 거던돌아요 거던돌아요 거던돌아요 거던돌아요 거던돌아요 거던돌아요 거던돌아요 거던돌아요 거던돌아요 거던돌아요 거던돌아요 거던돌아요 거던돌아요 거던돌아요 거던돌아요 거던돌아요 거던돌아요 거던돌아요 거던돌아요 거던돌아요 거던돌아요 거던돌아요 거던돌아요 거던돌아요 거던돌아요 거던돌아요 거던돌아요 거던돌아요 거던돌아요 거던돌아요 거던돌아요 거던돌아요 거던돌아요 거던돌아요 거던돌아요 거던돌아요 거던돌아요 거던돌아요 거던돌아요 거던돌아요 거던돌아요 거던돌아요 거던돌아요 거던돌아요 거던돌아요 거던돌아요 거던돌아요 거던돌아요 거던돌아요 거던돌아요 거던돌아요 거던돌아요 거던돌아요 거던돌아요 거던돌아요 거던돌아요 거던돌아요 거던돌아요 거던돌아요 거던돌아요 거던돌아요 거던돌아요 거던돌아요 거던돌아요 거던돌아요 거던돌아요 거던돌아요 거던돌아요 거던돌아요 거던돌아요 거던돌아요 거던돌아요 거던돌아요 거던돌아요 거던돌아요 거던돌아요 거던돌아요 거던돌아요 거던돌아요 거던돌아요 거던돌아요 거던돌아요 거던돌아요 거던돌아요 거던돌아요 거던돌아요 거던돌아요 거던돌아요 거던돌아요 거던돌아요 거던돌아요 거던돌아요 거던돌아요 거던돌아요 거던돌아요 거던돌아요 거던돌아요 거던돌아요 거던돌아요 거던돌아요 거던돌아요 거던돌아요 거던돌아요 거던돌아요 거던돌아요 거던돌아요 거던돌아요 거던돌아요 거던돌아요 거던돌아요 거던돌아요 거던돌아요 거던돌아요 거던돌아요 거던돌아요 거던돌아요 거던돌아요 거던돌아요 거던돌아요 거던돌아요 거던돌아요 거던돌아요 거던돌아요 거던돌아요 거던돌아요 거던돌아요 거던돌아요 거던돌아요 거던돌아요 거던돌아요 거던돌아요 거던돌아요 거던돌아요 거던돌아요 거던돌아요 거던돌아요 거던돌아요 거던돌아요 거던돌아요 거던돌아요 거던돌아요 거던돌아요 거던돌아요 거던돌아요 거던돌아요 거던돌아요 거던돌아요 거던돌아요 거던돌아요 거던돌아요 거던돌아요 거던돌아요 거던돌아요 거던돌아요 거던돌아요 거던돌아요 거던돌아요 거던돌아요 거던돌아요 거던돌아요 거던돌아요 거던돌아요 거던돌아요 거던돌아요 거던돌아요 거던돌아요 거던돌아요 거던돌아요 거던돌아요 거던돌아요 거던돌아요 거던돌아요 거던돌아요 거던돌아요 거던돌아요 거던돌아요 거던돌아요 거던돌아요 거던돌아요 거던돌아요 거던돌아요 거던돌아요 거던돌아요 거던돌아요 거던돌아요 거던돌아요 거던돌아요 거던돌아요 거던돌아요 거던돌아요 거던돌아요 거던돌아요 거던돌아요 거던돌아요 거던돌아요 거던돌아요 거던돌아요 거던돌아요 거던돌아요 거던돌아요 거던돌아요 거던돌아요 거던돌아요 거던돌아요 거던돌아요 거던돌아요 거던돌아요 거던돌아요 거던돌아요 거던돌아요 거던돌아요 거던돌아요 거던돌아요 거던돌아요 거던돌아요 거던돌아요 거던돌아요 거던돌아요 거던돌아요 거던돌아요 거던돌아요 거던돌아요 거던돌아요 거던돌아요 거던돌아요 거던돌아요 거던돌아요 거던돌아요 거던돌아요 거던돌아요 거던돌아요 거던돌아요 거던돌아요 거던돌아요 거던돌아요 거던돌아요 거던돌아요 거던돌아요 거던돌아요 거던돌아요 거던돌아요 거던돌아요 거던돌아요 거던돌아요 거던돌아요 거던돌아요 거던돌아요 거던돌아요 거던돌아요 거던돌아요 거던돌아요 거던돌아요 거던돌아요 거던돌아요 거던돌아요 거던돌아요 거던돌아요 거던돌아요 거던돌아요 거던돌아요 거던돌아요 거던돌아요 거던돌아요 거던돌아요 거던돌아요 거던돌아요 거던돌아요 거던돌아요 거던돌아요 거던돌아요 거던돌아요 거던돌아요 거던돌아요 거던돌아요 거던돌아요 거던돌아요 거던돌아요 거던돌아요 거던돌아요 거던돌아요 거던돌아요 거던돌아요 거던돌아요 거던돌아요 거던돌아요 거던돌아요 거던돌아요 거던돌아요 거던돌아요 거던돌아요 거던돌아요 거던돌아요 거던돌아요 거던돌아요 거던돌아요 거던돌아요 거던돌아요 거던돌아요 거던돌아요 거던돌아요 거던돌아요 거던돌아요 거던돌아요 거던돌아요 거던돌아요 거던돌아요 거던돌아요 거던돌아요 거던돌아요 거던돌아요 거던돌아요 거던돌아요 거던돌아요 거던돌아요 거던돌아요 거던돌아요 거던돌아요 거던돌아요 거던돌아요 거던돌아요 거던돌아요 거던돌아요 거던돌아요 거던돌아요 거던돌아요 거던돌아요 거던돌아요 거던돌아요 거던돌아요 거던돌아요 거던돌아요 거던돌아요 거던돌아요 거던돌아요 거던돌아요 거던돌아요 거던돌아요 거던돌아요 거던돌아요 거던돌아요 거던돌아요 거던돌아요 거던돌아요 거던돌아요 거던돌아요 거던돌아요 거던돌아요 거던돌아요 거던돌아요 거던돌아요 거던돌아요 거던돌아요 거던돌아요 거던돌아요 거던돌아요 거던돌아요 거던돌아요 거던돌아요 거던돌아요 거던돌아요 거던돌아요 거던돌아요 거던돌아요 거던돌아요 거던돌아요 거던돌아요 거던돌아요 거던돌아요 거던돌아요 거던돌아요 거던돌아요 거던돌아요 거던돌아요 거던돌아요 거던돌아요 거던돌아요 거던돌아요 거던돌아요 거던돌아요 거던돌아요 거던돌아요 거던돌아요 거던돌아요 거던돌아요 거던돌아요 거던돌아요 거던돌아요 거던돌아요 거던돌아요 거던돌아요 거던돌아요 거던돌아요 거던돌아요 거던돌아요 거던돌아요 거던돌아요 거던돌아요 거던돌아요 거던돌아요 거던돌아요 거던돌아요 거던돌아요 거던돌아요 거던돌아요 거던돌아요 거던돌아요 거던돌아요 거던돌아요 거던돌아요 거던돌아요 거던돌아요 거던돌아요 거던돌아요 거던돌아요 거던돌아요 거던돌아요 거던돌아요 거던돌아요 거던돌아요 거던돌아요 거던돌아요 거던돌아요 거던돌아요 거던돌아요 거던돌아요 거던돌아요 거던돌아요 거던돌아요 거던돌아요 거던돌아요 거던돌아요 거던돌아요 거던돌아요 거던돌아요 거던돌아요 거던돌아요 거던돌아요 거던돌아요 거던돌아요 거던돌아요 거던돌아요 거던돌아요 거던돌아요 거던돌아요 거던돌아요 거던돌아요 거던돌아요 거던돌아요 거던돌아요 거던돌아요 거던돌아요 거던돌아요 거던돌아요 거던돌아요 거던돌아요 거던돌아요 거던돌아요 거던돌아요 거던돌아요 거던돌아요 거던돌아요 거던돌아요 거던돌아요 거던돌아요 거던돌아요 거던돌아
1973530,1,크아악롤랑이씹새끼가가중년주제에크윽롤랑이미친씨벌놈이딸딸이를부르는구나오냐덤벼라딸딸딸딸딸딸딸딸딸딸딸딸딸딸딸딸딸딸딸딸딸딸딸딸딸딸딸딸딸딸딸딸딸딸딸딸딸딸딸딸딸딸딸딸딸딸딸딸딸딸딸딸딸딸딸딸딸딸딸딸딸딸딸딸딸딸딸딸딸딸딸딸딸딸딸딸딸딸딸딸딸딸딸딸딸딸딸딸딸딸딸딸딸딸딸딸딸딸딸딸딸딸딸딸딸딸딸딸딸딸딸딸딸딸딸딸딸딸딸딸딸딸딸딸딸딸딸딸딸딸딸딸딸딸딸딸딸딸딸딸딸딸딸딸딸딸딸딸딸딸딸딸딸딸딸딸딸딸딸딸딸딸딸딸딸딸딸딸딸딸딸딸딸딸딸딸딸딸딸딸딸딸딸딸딸딸딸딸딸딸딸딸딸딸딸딸딸딸딸딸
1973530,1,거던거던거던거던거던거던거던거던거던거던거던거던거던거던거던거던거던거던거던거던거던거던거던거던거던거던거던거던거던거던거던거던거던거던거던거던거던거던거던거던거던거던거던거던거던거던거던거던거던거던거던거던거던거던거던거던거던거던거던거던거던거던거던거던거던거던거던거던거던거던거던거던거던거던거던거던거던거던거던거던거던거던거던거던거던거던거던거던거던거던거던거던거던거던거던거던거던거던거던거던거던거던거던거던거던거던거던거던거던거던거던거던거던거던거던거던거던거던거던거던거던거던거던거던거던거던거던거던거던거던거던거던거던거던거던거던거던거던거던거던거던거던거던거던거던거던거던거던거던거던거던거던거던거던거던거던거던거던거던거던거던거던거던거던거던거던거던거던거던거던거던거던거던거던거던거던거던거던거던거던거던거던거던거던거던거던거던거던거던거던거던거던거던거던거던거던거던거던거던거던거던거던거던거던거던거던거던거던거던거던거던거던거던거던거던거던거던거던거던거던거던거던거던거던거던거던거던거던거던거던거던거던거던거던거던거던거던거던거던거던거던거던거던거던거던거던거던거던거던거던거던거던거던거던거던거던거던거던거던거던거던거던거던거던거던거던거던거던거던거던거던거던거던거던거던거던거던거던거던거던거던거던거던거던거던거던거던거던거던거던거던거던거던거던거던거던거던거던거던거던거던거던거던거던거던거던거던거던거던거던거던거던거던거던거던거던거던거던거던거던
1973530,1,이 ㅅㅂ 걍 운빨 ㅈ망겜이네 아니 무슨 ㅅㅂ 내 동전은 계속 뒷면만 나오고 내가 우세해도 ㅅㅂ 적 동전은 무슨 양면이 앞이라해도 믿겠다 개같은겜 첨하는데 3장EX는 너무 어렵잖아                                그래도 사랑해 림버스 컴퍼니 파우스트 짱
1973530,1,게임성은 불친절한게 맞긴한데  그걸 다 씹어먹고도 남을만큼   수감자들이 서로 다른 성격을 보여주며 연출이 화려하며 스토리가 감동적이다
1973530,1,"제군들에게 묻겠다. 그대들은 총력전을 원하는가? 만약 필요하다면, 오늘날 우리가 상상할 수 있는 그 어떤 것보다도 더 급진적이고 총력적인 거던이 되기를 원하는가 어찌 거던을 돌지 아니하는걸 할수있겠는가 결코 다시거던"
1973530,1,"세계관, 아트, 컨셉, 시스템 모두 훌륭해 보이지만 인생을 어느정도 포기해야 겜이 될 것 같은 느낌쓰. 다음 생에 해볼게요^^;"
1973530,0,리얼 애미 뒤진 난이도 스토리 보스전 존나게 어려움 쉽게 게임하고 싶은데 이건 아닌듯
1973530,1,스토리는 지림 ㄹㅇ 근데 제발 똥꾸릉내나는 초반 스토리좀 리메이크 해주세요
1973530,1,아직 찍먹단계인데 나름 재미있는 게임이라고 생각합니다 간편한 딸깍전투 재미있는 스토리 개맛돌이 더빙 그리고 큰 장점이라 생각하는게 돈을 많이 사용하지 않더라도 파편만 모으면 자신이 원하는 인격을 골라서 얻을수 있다는게 좋은거 같습니다. 이제 거던돌러 가보겠습니다.
1973530,1,"아직 얼마 못해본 뉴비이지만 수감자들이 매력있고 성우님들의 연기가 좋아서 하는 맛이 있습니다. 특히 점점 발전하는 연출, 밀리의 OST는 저의 가슴을 울렸습니다. 게임에 곳곳에서 수감자가 등장하는 해당 문학 작품뿐 아니라 그 시대, 그 국가의 대표격인 작가와 작품들도 등장하여 이를 찾는 재미도 있었습니다. 이런 게임을 무료로 플레이 하게 해주어서 감사합니다.  김지훈 그는 신이야! 김지훈 그는 신이야! 김지훈 그는 신이야!  이스마엘은 사랑입니다."
1973530,1,그저 다크 판타지의 뽕맛을 느껴보세요 한달만에 림버스가 없는 세상은 살수가 없습니다
1973530,0,에이해브 시@발련아  진짜 뒤@질래? 아니 ㅅ@발 스타벅 개색끼가 계속 코인 쳐 띄워서 자꾸만 흐트러지잖아
1973530,1,제품을 무료로 받앗는데 분기마다 20000원씩 통장에서 빚이 생겨요 ㅠㅠㅠ
1973530,1,거던을 돌고 돌고 돌고 돌다 패스 보상한번 받고 거던을 돌고 돌고 돌고 돌고
1973530,1,"세상에 70억명의 림버스 팬이 있다면, 나는 그들 중 한명일 것이다. 세상에 1억명의 림버스 팬이 있다면, 나 또한 그들 중 한명일 것이다. 세상에 천 만명의 림버스팬이 있다면, 나는 여전히 그들 중 한명일 것이다. 세상에 백 명의 림버스 팬이 있다면, 나는 아직도 그들 중 한명일 것이다. 세상에 한 명의 림버스 팬이 있다면, 그 사람은 아마도 나일 것이다. 세상에 단 한 명의 림버스 팬도 없다면, 나는 그제서야 이 세상에 없는 것이다. 림버스, 나의 사랑. 림버스, 나의 빛. 림버스, 나의 어둠. 림버스, 나의 삶. 림버스, 나의 기쁨. 림버스, 나의 슬픔. 림버스, 나의 고통. 림버스, 나의 안식. 림버스, 나의 영혼. 림버스, 나의 약점. 림버스, 나."
1973530,1,이 겜은 스토리가 새로운게 나올수록 점점 고점이 갱신됌
1973530,1,게임에 가장 눈에 뛰는 점은 방대한 스토리다.  방대한 스토리는 보통 쉽게 지루해지지만 이 게임은 하나의 소재만으로도 그 단점을 쉽게 극복한다.  황금가지가 바로 그 예시다.  림버스 세계관 내에는 LCB라는 부서가 있다.  이 부서에서 림버스 수감자들과 관리자가 황금가지를 탈환한다는 공통된 목표를 가지고 행동한다.  황금가지는 어떠한 가능성이라도 가능케 하는  기적의 L사의 기술로 그 능력 중 하나로 자아심도가  있다.  자아심도는 수감자들의 마음 속 심상과도 같다.   이야기를 진행할수록 수감자들은 자아심도 안에서 그 죄를 목도하면서 다방면의 이야기를 오가는중에.  그 기나긴 여정이 진행될수록 수감자들은 정신적인 성장과 더불어 유대감을 형성해 LCB는 점차 협동을 이뤄낸다. . . . 황금가지라는 단 하나의 소재로도 이렇게 이야기를 크게 이끌어간다는 점이 참 놀라웠다.   이런 소재들이 한둘이 아니라 여기저기 넘쳐나는데 과연 지루함을 느낄 틈이 있을까.  이렇게 호흡이 긴 스토리인데도 많은 사람들을  쉽게 몰입시킨다는 게 어찌 보면 참 놀랍다.  앞으로도 여럿의 게임 개발과 업데이트를 통하겠지만 이 게임이 앞으로 만들어갈 가치가 게이머들에게 어떤 경험을 줄지 정말 기대되는 부분이다.
1973530,1,"내가 이걸 왜 하고 있는지는 모르겠지만 매일 하게 된다  인격이랑 에고를 다 수집하고 싶지만 돈을 빡세게 쓸 수 없어서 패스만 지르고 거던은 돈다 뭔가 수집 되려나 싶으면 새로운 인격이랑 에고가 나온다 계속 거던을 돌지만 결국 엔케팔린 모듈이 떨어지고 만다  내가 유입 되기전 지나갔던 패스들이 너무 탐이 난다 그러나 지나간 것들은 다시 돌아 오지 않고 오늘도 난 계속 거던바를 먹어야겠지"
1973530,1,소설보는 게임이다 애들 다키웠는데 할게없다 이제 게임 완전히 달라져서 게임성 추천할만해졌다해서 해봤는데 초반이지만 아직까지는 흥미로운 이야기들 볼수있어서 즐기고있음
1973530,1,"이보다 망겜은 없음 스토리는 ㄹㅇ 개맛도리에 음악도 분위기에 맞춰서 너무 나옴 캐릭터 하나하나 맛도리에 기존에 없던 새로운 방식에 전투가 있어 지루하지만 할만함 진짜 이런 망겜 더 없나"
1973530,1,일단 게임이 영화같고 인격들이 하나같이 다 좋음 이런 명작을 아직도 안한 사람들은 꼭 해보시길 바람
1973530,1,김지훈! 김지훈! 김지훈! 김지훈! 김지훈! 김지훈! 김지훈! 김지훈!
1973530,1,"파멸적인 디스토피아 세계관 / 고유 명사가 많아서 초반에 혼동 하실 수 있는데 이부분은 전작 (로보토미 코퍼레이션, 라이브 러리 오브 루이나) 스토리 요약 정도만 보셔도 이해하는데 수월할거라 예상됩니다 근데 꼭 봐야하는건 아니에요. 설명이 친절해서 림버스에서도 충분히 이해 할 수 있어요. 오히려 몰랐을때의 혼자만의 추측을 해보는 것도 묘미의 일환이라 생각합니다. 한번 빠져들면 굉장히 재밌게 할 수 있을거에요!"
1973530,1,다양한 큰 이벤트와 11명의 캐릭터들이 각각의 매력이 있어서 즐겁게 플레이했습니다
1973530,1,명일방주의 위기협약 같은 것이 있었으면 좋겠네.  환상체나 스토리 보스들을 재활용해서 거기에 우리들이 제약을 추가하는 거.  우리의 레벨의 최대치를 제안하거나 보스에게 새로운 패시브가 생긴다든가. 이러면 예전에 너프 전 보스들도 다시 사용할 수 있고.  새로운 덱 만들면 샌드백으로 활용할 수도 있고.  2주 또는 1달마다 그 보스는 교체해주고. 시간이 지난 것은 샌드백으로 활용할 수 있게 해주면 좋겠네.  거던 말고 다른 것 좀 ...
1973530,1,림버스를 하면서 게임의 스토리가 중요하다는 것을 알게된 것 같네요.
1973530,1,매우 우세라며!!매우 우세라며!!매우 우세라며!!매우 우세라며!!매우 우세라며!!매우 우세라며!!매우 우세라며!!매우 우세라며!!매우 우세라며!!매우 우세라며!!매우 우세라며!!매우 우세라며!!매우 우세라며!!매우 우세라며!!매우 우세라며!!매우 우세라며!!매우 우세라며!!매우 우세라며!!매우 우세라며!!매우 우세라며!!매우 우세라며!!믿었는데!!믿었는데!!믿었는데!!믿었는데!!믿었는데!!믿었는데!!믿었는데!!믿었는데!!믿었는데!!믿었는데!!믿었는데!!믿었는데!!믿었는데!!믿었는데!!믿었는데!!믿었는데!!믿었는데!!믿었는데!!믿었는데!!믿었는데!!믿었는데!!믿었는데!!믿었는데!!믿었는데!!믿었는데!!믿었는데!!믿었는데!!믿었는데!!믿었는데!!믿었는데!!믿었는데!!
1973530,1,"스토리 넘기면 재미없고, 스토리 보면 슬픔, 분노, 과몰입 등. 다양한 감정들 느낄 수 있음."
1973530,0,맨날 하려다 얼마못하고 터져버린 로보토미 코퍼레이션을 생각하며 이거는 할 수 있겠지.. 했지만 복잡하고.. 모르겠다.. 이 게임회사는 나랑 안맞는걸까? 흥미는 있지만 따라가지 못하겠다..
1973530,1,스토리가 야무진 게임  다음장 스토리를 보기위해 이게임을 계속 붙잡고 있는것 같다는 생각이 듦
1973530,1,김지훈 그는 신인가? 예 아니요 예 예 아니요 예 아니요 아니요 예 예 에 에예예예예예예예!!!!!!!!!!!!!!!!!!!!!!!!!!!!!!!!!!!!!!!
1973530,1,전작에 이은 레전드 세계관을 확장시킨 최고의 게임. 매력적인 캐릭터들과 세계관을 정말 잘 이용함. 단점은 컨텐츠가 부족하다는것. 장점은 가챠게임임에도 천장시스템을 통해 매우 쉽게 원하는 캐릭터를 얻을수있음. 전작을 먼저 한 후에 플레이한다면 더욱 더 재밌게 느껴질것임.          그래서 수영복 언제나와요?
1973530,1,"림버스 컴퍼니 리뷰: 독창적인 세계관과 몰입감 넘치는 스토리   림버스 컴퍼니는 프로젝트 문에서 개발한 전략적 로그라이크 RPG로, 독특한 서사와 매력적인 캐릭터, 그리고 심도 있는 전투 시스템이 돋보이는 작품입니다. 로보토미 코퍼레이션, 라이브러리 오브 루이나의 세계관을 계승하면서도 새로운 시스템을 도입해 신선한 재미를 제공합니다.  🎭 독창적인 세계관과 매력적인 스토리  이 게임의 가장 큰 장점은 탄탄한 세계관과 스토리텔링입니다. 림버스 컴퍼니는 잃어버린 황금가지를 되찾기 위해 싸우는 12명의 '시니스터'들을 중심으로 전개됩니다. 개성 넘치는 캐릭터들은 각자의 배경과 사연을 갖고 있으며, 플레이어는 이들과 함께 모험하며 스토리를 탐색하게 됩니다.  💡 스토리 몰입도를 높이는 요소  각 캐릭터별로 깊이 있는 설정과 감정선이 존재해 몰입감을 극대화함  텍스트 기반의 서사와 컷신을 적절히 활용해 극적인 연출 제공  기존 작품들과 연결되는 요소가 있어 팬들에게는 더 큰 즐거움을 줌  ⚔️ 전략적인 턴제 전투 시스템  전투 시스템은 기존 턴제 RPG의 기본을 따르면서도 독창적인 메커니즘을 적용했습니다. 캐릭터들의 '스킬 체인'을 활용해 다양한 연계 공격을 구사할 수 있으며, 운과 전략이 적절히 조합된 시스템 덕분에 매 전투가 긴장감 넘칩니다.  🏆 전투의 장점  스킬 체인 시스템: 같은 유형의 스킬을 연결하면 강력한 추가 효과 발동  속성 상성 고려: 적의 속성에 맞춰 전략적으로 스킬을 배치하는 재미  전투 연출: 애니메이션과 효과음이 더해져 전투의 박진감을 높임  🎨 예술적인 비주얼과 감각적인 사운드  게임의 아트 스타일은 특유의 감각적인 분위기를 자아냅니다. 다크하면서도 세련된 캐릭터 디자인과 배경이 게임의 서사를 더욱 돋보이게 합니다. 또한, 게임 내 음악과 효과음도 분위기를 극대화하는 요소로 작용합니다.  🎶 눈과 귀를 사로잡는 요소  세밀한 일러스트: 각 캐릭터의 개성과 감정을 세밀하게 표현  다크 판타지 감성의 OST: 게임의 긴장감과 감성을 더욱 배가  몰입감 높은 성우 연기: 캐릭터들의 감정선을 극대화하는 더빙 퀄리티  🏆 총평: 높은 완성도의 전략 RPG  림버스 컴퍼니는 독창적인 세계관과 전략적인 전투 시스템이 잘 결합된 작품입니다. 로그라이크 요소까지 가미되어 매 플레이마다 새로운 긴장감을 제공하며, 스토리와 캐릭터에 대한 애정을 쌓아갈 수 있는 게임입니다.  ✅ 추천 대상  ✔️ 독특한 스토리를 가진 RPG를 선호하는 플레이어✔️ 도전적인 전략 전투를 즐기는 게이머✔️ 프로젝트 문의 세계관을 사랑하는 팬들  ❗ 아쉬운 점 (하지만 개선 가능!)  초반 시스템이 다소 복잡하게 느껴질 수 있음  일부 구간에서 운 요소가 강하게 작용함  하지만 이러한 점들은 게임에 익숙해지면 충분히 극복할 수 있는 요소들이며, 오히려 전략적인 플레이를 더 깊이 탐구할 기회가 되기도 합니다.  🔥 총점: 9/10 – 전략 RPG의 새로운 패러다임을 제시하는 수작!"
1973530,1,재미가 있는것 같기는한데 조금만 더 해봐야 재밌는지 알 것 같아요
1973530,1,한국에서 만들어지기 힘든 게임이다. 유료 시스템 적인 부분에서는 특히. 제작사가 스토리 자체에 공을 많이 들인게 많이 보인다. (고전 명작 읽어본 사람들에게 추천)
1973530,1,"스토리 좋고 더빙 좋고 일러스트 좋고 브금 좋고 타격감 좋고 과금도 패스만 지르면 됨 나한테는 이보다 갓겜이 없다"
1973530,1,튜토리얼 이해가 어렵지만 한번빠져버리면 다시 못빠져나감 강추
1973530,1,과금유도 없고 사료 잘주고 무엇보다 스토리가 미쳤다 고점이 계속 올라가서 다음에 나올 스토리 잘나와야 할텐데라고 걱정할 정도임;;
1973530,1,"그냥 이새기들은 묵은지형 게임사임 내는 게임마다 묵혀야 먹을만해지고 더 묵히면 맛있어짐   진짜 갤럭시 스케쥴러 담당자도 아니고 게임 하나 내면 존나 갈궈야함 진짜   첫날에 진짜 구역질날정도로 똥겜냄새 찐하게 와서 그만두고 2년정도 묵히니 나름 할만함   근데 똥겜시절 냈던 스토리는 좀 갈아엎어주었으면 좋겠음   1부 = 딸깍 -> 진부하며 K드라마같은 눈물억즙 스토리 -> 딸깍 -> 갑자기 사과 -> 사라지네 -> 끝   진짜 너무 재미없음 ...      글고 이제는 더 묵혀봤자 맛좋은 묵은지라 그냥 먹겠지만 나는 완벽한 묵은지를 원한다고 ㅅ발   그냥 차기작부터는 묵은지의 뽄새가 나는정도부터 내면 좋겠음 자꾸 무 씨앗 들고와놓고는 이게 묵은지니까 드시고 평가좀 해주세요라고 하니 너무 좆같음   최소한 양념이랑 무정도는 들고와서 묵은지 만들거에요라고 했으면 좋겠다"
1973530,1,ㅅㅂ 매우우세라메!!!!!!!!!! 네가 왜! 져야하는데!!!!!!!!!!!!!
1973530,1,게임 스토리가 좋습니다. 그리고 뫼르소가 잘생겼습니다!!
1973530,1,"perfect story, perfect character, wonderful music Download now. enjoy now."
1973530,1,핸드폰으로 800시간 넘게 찍으면서 느낀 점 일단 뉴비를 양성하기 힘든 구조임 프문을 좋아해서 악바리로 버틴 거지 그거 아님 나도 접었음 대충 사막에서 애를 낳는다고 보면 됨 에고 활용법도 5장 중지 하다가 알게됐고 패시브활용 키워드 동기화 거던 경던 끈던 이런것도 3장하면서 차츰 이해함 그러다 보니 듀토리얼이 많이 부실함ㅇㅇ 뉴비들은 고인물 찾아서 배우는것밖에 없음 그래도 우리 프문 사랑해줄거죠?
1973530,1,"게임이 재밌습니까? 네, 아니오, 네, 아니오, 네, 아니오,네,아니오. 네 네 네 네 네!!!"
1973530,1,유료였어도 돈을 갖다 바쳤을 레전드 갓작 제발 4장까지 해주세요 4장부터 진국입니다 스토리 제발 스킵하지 마세요 개처맞고 싶으면 스토리도 안 보고 재미없다 하지 마세요 제발 림버스 컴퍼니 많이 해주세요 진짜 너무 재밌어요 짅자 너무 재밌어요 너무 슬퍼요 눈물샘 터져요
1973530,1,제발 4장까지 스토리 밀어봐라 스토리 개인적으로 4장부터가 진국임 진짜 진짜다 제발 4장까진해줘 ㄹㅇ
1973530,1,1충 모듈 전환 경던 끈던 거던거던거던거던거던거던거던거던거던거너더너너니ㅏㅓㅁ니ㅓㅓㅣㅏ 아아아아ㅏ아 아름ㅇ다운 목소리가 들려어어ㅓㅓㅓㅓㅓㅓ나의 빛ㅁㄴ이나의 생명나의거던훈지김은총의손나를으로원하구소서...===ㄴㅇㅂ@!4ㅅㄷㅀㅇㅎㄹ&^$@#$#$ㅉ$^*(&(57}{
1973530,1,게임 전투는 좀 복잡하긴 하지만 커뮤니티에 물어보면 다들 친절히 알려주시고 캐릭터들의 스토리가 너무 좋아서 스토리를 위해서 라도 하시는걸 추천 드릴 정도로 좋습니다
1973530,1,때가왔다!선원들이여  자!너를 깍아내라! 핍!니차례다 위대해질 순간이지! 일등항해사 스타벅!자유가 코앞이다 죽는게 아니다!나는 선원들에게 죽음을 명령하지 않았다! 죽지말고 위대해져야지                       승선을 환영한다 신참!  거던은 돌고왔겠지?
1973530,1,스팀판은 c드라에 10기가 정도 용량 딸리면 안됨 물론 어차저차 하는 방법이 있긴한데 업댓하면 다시해줘야되서 불편함 시작 할 때 마다 왠지는 모르게 3기가 이상 데이터를 받음 그리고 가끔씩 소리 안나와서 왜 인지는 모름 재접하면 됨
1973530,1,나는 그렇게나 림버스 컴퍼니라는 그늘에서 벗어나고 싶었지만.. 결국 끝의 끝에서 날 감동시켜 울리는것은 림버스컴퍼니였구나..
1973530,1,"음 1장에 나오는 사과가 참 맛있어 보이긴하네 ^^                       시발련들아"
1973530,1,"완벽한 스토리 모든캐릭에게 부여된 서사 그에맞는 연출력이 구비됨. 재밌는 기믹보스 현질없이 원하는 캐릭을 쉽게 가져올수있는 시스템. 개발자들의 적극적인 소통으로 인한 빠른 피드백과 개발진들의 겸손함(버튜버로데뷔해서 동아리라고 함) 단점이라고하면 스토리의 난이도가 좀 어려운부분이 있다인데 충분히 파훼가능함. 이 단점 1개를 무력화 시키는 스토리의 전개나 서사 bgm은 가히 따라올 게임이 없다고 할수있다. 이번 7장으로 고점을 찍은게임이고 앞으로 나올스토리도 많기에 더욱이 기대해볼만하다. 덱구성도 여러가지로구성이 가능하며 자유로운 덱 빌딩이 된다. 버려지는 캐릭터가 4명..(n사...ㅁㄽ 같은..)정도 있는데 그렇게 큰 비중도 아니고 인격자체가 있기에 버려지더라도 다른 인격으로 쓰일수있어서 최애가 쓰레기가 될 걱정은 안해도될듯하다"
1973530,1,거던거던거던거던거던거던거던거던거던거던거던거던거던거던거던거던거던거던거던거던거던거던거던거던거던거던거던거던거던거던거던거던거던거던거던거던거던거던거던거던거던거던거던거던거던거던거던거던거던거던거던거던거던거던거던거던거던거던거던거던거던거던거던거던거던거던거던거던거던거던거던거던거던거던거던거던거던거던거던거던거던거던거던거던거던거던거던거던거던거던거던거던거던거던거던거던거던거던거던거던거던거던거던거던거던거던거던거던거던거던거던거던거던거던거던거던거던거던거던거던거던거던거던거던거던거던거던거던거던거던거던거던거던거던거던거던거던거던거던거던거던거던거던거던거던거던거던거던거던거던거던거던거던거던거던거던거던거던거던거던거던거던거던거던거던거던거던거던거던거던거던거던거던거던거던거던거던거던거던거던거던거던거던거던거던거던거던거던거던거던거던거던거던거던거던거던거던거던거던거던거던거던거던거던거던거던거던거던거던거던거던거던거던거던거던거던거던거던거던거던거던거던거던거던거던거던거던거던거던거던거던
1973530,1,3주동안 게임해서 오늘 막 100시간 찍은 뉴비입니다  거던돌러감
1973530,1,스토리도 좋고 캐릭터가 취향임 근데 조낸 어려움 끝나고 나면 3시간씩 지나있음
1973530,1,응애 뉴비 살면서 처음으로 게임에 현질 했는데 눈 돌아가서 발푸때 100만원 현질박아버렸따.. 아니 이젠 200만원이다...
1973530,1,게임하면서 처음으로 평가 남깁니다 진짜  갓작입니다 스토리 꼭 보시면서 플레이하시길 바랍니다
1973530,1,4장 뉴비분쇄기에 갈렸다가 다시 돌아왔다 어우 하지만 힘든만큼 가장 기억에 남는듯  그리고 사장님이 귀여워요
1973530,1,깎아내라! 막아내라! 엄호해라! 깎아내라! 막아내라! 깎아내라! 엄호해라! 깎아내라! 막아내라! 엄호해라! 깎아내라! 막아내라! 깎아내라! 엄호해라! 깎아내라! 막아내라! 엄호해라! 깎아내라! 막아내라! 깎아내라! 엄호해라! 깎아내라! 막아내라! 엄호해라! 깎아내라! 막아내라! 깎아내라! 엄호해라! 깎아내라! 막아내라! 엄호해라! 깎아내라! 막아내라! 깎아내라! 엄호해라! 깎아내라! 막아내라! 엄호해라! 깎아내라! 막아내라! 깎아내라! 엄호해라! 깎아내라! 막아내라! 엄호해라! 깎아내라! 막아내라! 깎아내라! 엄호해라! 깎아내라! 막아내라! 엄호해라! 깎아내라! 막아내라! 깎아내라! 엄호해라! 깎아내라! 막아내라! 엄호해라! 깎아내라! 막아내라! 깎아내라! 엄호해라! 깎아내라! 막아내라! 엄호해라! 깎아내라! 막아내라! 깎아내라! 엄호해라! 깎아내라! 막아내라! 엄호해라! 깎아내라! 막아내라! 깎아내라! 엄호해라! 깎아내라! 막아내라! 엄호해라! 깎아내라! 막아내라! 깎아내라! 엄호해라! 깎아내라! 막아내라! 엄호해라! 깎아내라! 막아내라! 깎아내라! 엄호해라! 깎아내라! 막아내라! 엄호해라! 깎아내라! 막아내라! 깎아내라! 엄호해라! 깎아내라! 막아내라! 엄호해라! 깎아내라! 막아내라! 깎아내라! 엄호해라! 깎아내라! 막아내라! 엄호해라! 깎아내라! 막아내라! 깎아내라! 엄호해라! 깎아내라! 막아내라! 엄호해라! 깎아내라! 막아내라! 깎아내라! 엄호해라! 깎아내라! 막아내라! 엄호해라! 깎아내라! 막아내라! 깎아내라! 엄호해라! 깎아내라! 막아내라! 엄호해라! 깎아내라! 막아내라! 깎아내라! 엄호해라! 깎아내라! 막아내라! 엄호해라! 깎아내라! 막아내라! 깎아내라! 엄호해라! 깎아내라! 막아내라! 엄호해라! 깎아내라! 막아내라! 깎아내라! 엄호해라! 깎아내라! 막아내라! 엄호해라! 깎아내라! 막아내라! 깎아내라! 엄호해라! 깎아내라! 막아내라! 엄호해라! 깎아내라! 막아내라! 깎아내라! 엄호해라! 깎아내라! 막아내라! 엄호해라! 깎아내라! 막아내라! 깎아내라! 엄호해라! 깎아내라! 막아내라! 엄호해라! 깎아내라! 막아내라! 깎아내라! 엄호해라! 깎아내라! 막아내라! 엄호해라! 깎아내라! 막아내라! 깎아내라! 엄호해라! 깎아내라! 막아내라! 엄호해라! 깎아내라! 막아내라! 깎아내라! 엄호해라! 깎아내라! 막아내라! 엄호해라! 깎아내라! 막아내라! 깎아내라! 엄호해라! 깎아내라! 막아내라! 엄호해라! 깎아내라! 막아내라! 깎아내라! 엄호해라!
1973530,1,프문 사랑해요! 앞으로 노래 들을 떄 베이스의 선율을 느끼며 듣겠습니다~ 감사합니다^^
1973530,1,솔직히 다른 게임들은 스토리 같은거 림버스 컴퍼니 한테 배워라 좀
1973530,1,"어디있지 캐서린 네 목소리들려1!!! 히스클리프으으~~~!!!! 모든 히스클리프를,,,,, 내게로 와 캐서린!!!! 모든 히스클리프를....크아아악"
1973530,1,하무하무 빵빵 원트원트 호시 전투시스템하고 최적화 버그 빼고 다사랑해요 프로젝트문 마 함 무바라 츄라이 츄라이
1973530,1,"림버스 컴퍼니가 뭔가 햇는데 이리 재밌을줄 몰랐다. 더군다나 캐릭터들의 이름이 소설의 주인공이나 등장인물, 소설가들이 이름이었던게 가장 인상 깊었고, 성우분들의 목소리가 좋고 노력이 보이는 게임인것 같다."
1973530,1,네 탓이군!네 탓이군!네 탓이군!네 탓이군!네 탓이군!네 탓이군!네 탓이군!네 탓이군!네 탓이군!네 탓이군!네 탓이군!네 탓이군!네 탓이군!네 탓이군!네 탓이군!네 탓이군!네 탓이군!네 탓이군!네 탓이군!네 탓이군!네 탓이군!네 탓이군!네 탓이군!네 탓이군!네 탓이군!네 탓이군!네 탓이군!네 탓이군!네 탓이군!네 탓이군!네 탓이군!네 탓이군!네 탓이군!네 탓이군!네 탓이군!네 탓이군!네 탓이군!네 탓이군!네 탓이군!네 탓이군!네 탓이군!네 탓이군!네 탓이군!네 탓이군!네 탓이군!네 탓이군!네 탓이군!네 탓이군!네 탓이군!네 탓이군!네 탓이군!네 탓이군!네 탓이군!네 탓이군!네 탓이군!네 탓이군!네 탓이군!네 탓이군!네 탓이군!네 탓이군!네 탓이군!네 탓이군!네 탓이군!네 탓이군!네 탓이군!네 탓이군!네 탓이군!네 탓이군!네 탓이군!네 탓이군!네 탓이군!네 탓이군!네 탓이군!네 탓이군!네 탓이군!네 탓이군!네 탓이군!네 탓이군!네 탓이군!네 탓이군!네 탓이군!네 탓이군!네 탓이군!네 탓이군!네 탓이군!네 탓이군!네 탓이군!네 탓이군!네 탓이군!네 탓이군!네 탓이군!네 탓이군!네 탓이군!네 탓이군!네 탓이군!네 탓이군!네 탓이군!네 탓이군!네 탓이군!네 탓이군!네 탓이군!네 탓이군!네 탓이군!네 탓이군!네 탓이군!네 탓이군!네 탓이군!네 탓이군!네 탓이군!네 탓이군!네 탓이군!네 탓이군!네 탓이군!네 탓이군!네 탓이군!네 탓이군!네 탓이군!네 탓이군!네 탓이군!네 탓이군!네 탓이군!네 탓이군!네 탓이군!네 탓이군!네 탓이군!네 탓이군!네 탓이군!네 탓이군!네 탓이군!네 탓이군!네 탓이군!네 탓이군!네 탓이군!네 탓이군!네 탓이군!네 탓이군!네 탓이군!네 탓이군!네 탓이군!네 탓이군!네 탓이군!네 탓이군!네 탓이군!네 탓이군!네 탓이군!네 탓이군!네 탓이군!네 탓이군!네 탓이군!네 탓이군!네 탓이군!네 탓이군!네 탓이군!네 탓이군!네 탓이군!네 탓이군!네 탓이군!네 탓이군!네 탓이군!네 탓이군!네 탓이군!네 탓이군!네 탓이군!네 탓이군!네 탓이군!네 탓이군!네 탓이군!네 탓이군!
1973530,1,아 료슈 너무좋아 아 료슈 너무좋아 아 료슈 너무좋아 아 료슈 너무좋아 아 료슈 너무좋아 아 료슈 너무좋아 아 료슈 너무좋아 아 료슈 너무좋아 아 료슈 너무좋아 아 료슈 너무좋아 아 료슈 너무좋아 아 료슈 너무좋아 아 료슈 너무좋아 아 료슈 너무좋아 아 료슈 너무좋아 아 료슈 너무좋아 아 료슈 너무좋아 아 료슈 너무좋아 아 료슈 너무좋아 아 료슈 너무좋아 아 료슈 너무좋아 아 료슈 너무좋아 아 료슈 너무좋아 아 료슈 너무좋아 아 료슈 너무좋아 아 료슈 너무좋아 아 료슈 너무좋아 아 료슈 너무좋아 아 료슈 너무좋아 아 료슈 너무좋아 아 료슈 너무좋아 아 료슈 너무좋아 아 료슈 너무좋아 아 료슈 너무좋아 아 료슈 너무좋아 아 료슈 너무좋아 아 료슈 너무좋아 아 료슈 너무좋아 아 료슈 너무좋아 아 료슈 너무좋아 아 료슈 너무좋아 아 료슈 너무좋아 아 료슈 너무좋아 아 료슈 너무좋아 아 료슈 너무좋아 아 료슈 너무좋아 아 료슈 너무좋아 아 료슈 너무좋아 아 료슈 너무좋아 아 료슈 너무좋아 아 료슈 너무좋아 아 료슈 너무좋아 아 료슈 너무좋아 아 료슈 너무좋아 아 료슈 너무좋아 아 료슈 너무좋아 아 료슈 너무좋아 아 료슈 너무좋아 아 료슈 너무좋아 아 료슈 너무좋아 아 료슈 너무좋아 아 료슈 너무좋아 아 료슈 너무좋아 아 료슈 너무좋아 아 료슈 너무좋아 아 료슈 너무좋아 아 료슈 너무좋아 아 료슈 너무좋아 아 료슈 너무좋아 아 료슈 너무좋아 아 료슈 너무좋아 아 료슈 너무좋아 아 료슈 너무좋아 아 료슈 너무좋아 아 료슈 너무좋아 아 료슈 너무좋아 아 료슈 너무좋아 아 료슈 너무좋아 아 료슈 너무좋아 아 료슈 너무좋아 아 료슈 너무좋아 아 료슈 너무좋아 아 료슈 너무좋아 아 료슈 너무좋아 아 료슈 너무좋아 아 료슈 너무좋아 아 료슈 너무좋아 아 료슈 너무좋아 아 료슈 너무좋아 아 료슈 너무좋아 아 료슈 너무좋아 아 료슈 너무좋아 아 료슈 너무좋아 아 료슈 너무좋아 아 료슈 너무좋아 아 료슈 너무좋아 아 료슈 너무좋아 아 료슈 너무좋아 아 료슈 너무좋아 아 료슈 너무좋아 아 료슈 너무좋아 아 료슈 너무좋아 아 료슈 너무좋아 아 료슈 너무좋아
1973530,1,"초창기 유사게임 시절에는 참 할말이 많았지만 지금 굴러가는 모습을 보면 어찌 잘 메꿔진 듯 보임   게임 가성비도 대충 반년에 만원정도만 써도 차고넘치게 주긴해서 충분한 혜자이기도 하고"
1973530,1,시간이없다고요?거던을도세요!시간이많다고요?할께없다고요?거던을도세요!할께많다고요?거던을도세요!파편이없다고요?거던을도세요!파편이많다고요?거던을도세요!
1973530,1,"내 최애게임. 생각보다 엄청나게 방대한 스토리와 회사가 자신들 작품을 덕질하는것과 같은 디테일, 처음에 어려운 전투 시스템과 스토리, 고유명사가 진입장벽이지만 조금만 유튜브에 검색해보고 알아가다보면 어느샌가 거던을 돌고있는 자신을 볼 수 있답니다. 무조건 추천!"
1973530,1,"세계관이 맛있고 돈키가 귀여워요 여기까진 농담이고 일단 튜토리얼이 많이 부족합니다.... 또한 세계관만의 고유 명사들이 많아 정착의 힘든점이 다수 존재합니다... 하지만 재화 수급이나 세계관,캐릭터들이 매우 매력적입니다."
1973530,1,"돈미새 김지훈의 함정에 스스로 걸려 버렸지만, 울타리를 나가고 싶다는 생각이 들지 않는다면..."
1973530,1,림서운 이야기는 작성일 기준으로 쥐는자 파우스트는 현역이라는 것이다.(후회쓰면 되는거 아니냐는 나쁜 말은 ㄴㄴ.)
1973530,1,거던바를 먹고 거던바를 먹고 거던바를 먹고 거던바를 먹고 거던바를 먹고 신부님 저 계속 먹고 있어요 지금까지 620(페스레벨)개를 먹었는 걸요.
1973530,1,내가 천장을 친 이유는 애니메이션을 위해서이다. 진짜로
1973530,1,거던을돌자거던을돌자거던을돌자거던을돌자거던을돌자거던을돌자거던을돌자거던을돌자거던을돌자거던을돌자거던을돌자거던을돌자거던을돌자거던을돌자거던을돌자거던을돌자거던을돌자거던을돌자거던을돌자거던을돌자거던을돌자거던을돌자거던을돌자거던을돌자거던을돌자거던을돌자거던을돌자거던을돌자거던을돌자거던을돌자거던을돌자거던을돌자거던을돌자거던을돌자거던을돌자거던을돌자거던을돌자거던을돌자거던을돌자거던을돌자거던을돌자거던을돌자거던을돌자거던을돌자거던을돌자거던을돌자거던을돌자거던을돌자거던을돌자거던을돌자거던을돌자거던을돌자거던을돌자거던을돌자거던을돌자거던을돌자거던을돌자거던을돌자거던을돌자거던을돌자거던을돌자거던을돌자거던을돌자거던을돌자거던을돌자거던을돌자거던을돌자거던을돌자거던을돌자거던을돌자거던을돌자거던을돌자거던을돌자거던을돌자거던을돌자거던을돌자거던을돌자거던을돌자거던을돌자거던을돌자거던을돌자거던을돌자거던을돌자거던을돌자거던을돌자거던을돌자거던을돌자거던을돌자거던을돌자거던을돌자거던을돌자거던을돌자거던을돌자거던을돌자거던을돌자거던을돌자거던을돌자거던을돌자거던을돌자거던을돌자거던을돌자거던을돌자거던을돌자거던을돌자거던을돌자거던을돌자거던을돌자거던을돌자거던을돌자거던을돌자거던을돌자거던을돌자거던을돌자거던을돌자거던을돌자거던을돌자거던을돌자거던을돌자거던을돌자거던을돌자
1973530,1,"일단 세계관이 엄청 광범위해서 시간가는줄 모르고 계속 하게됨 스토리도 내가 했던 게임중에 세 손가락에는 들어가고 케릭터들이 많아서 골라보는 재미도 쏠쏠함 ㄹㅇ 재밌으니까 그냥 하셈 잔말 말고 최강,태우 등등 진짜 해라."
1973530,1,"조작에 대한 혹평이 상당했었는데, 개인적으론 그렇게 나쁘진 않습니다. 라오루 닌텐도판 할 때도 조작하는데 큰 불편은 없었고 림버스도 마찬가지였거든요.   평가들은 그냥 참고만 하시고, 게임 시작하는데 돈도 안 드니 관심 있으시면 해 보시는 것도 나쁘진 않을 듯 합니다."
1973530,1,밥똥거던밥똥거던밥똥거던밥똥거던밥똥거던밥똥거던밥똥거던밥똥거던밥똥거던밥똥거던밥똥거던밥똥거던밥똥거던밥똥거던밥똥거던밥똥거던밥똥거던밥똥거던밥똥거던밥똥거던밥똥거던밥똥거던밥똥거던밥똥거던밥똥거던밥똥거던밥똥거던밥똥거던밥똥거던밥똥거던밥똥거던밥똥거던밥똥거던밥똥거던밥똥거던밥똥거던밥똥거던밥똥거던밥똥거던밥똥거던밥똥거던밥똥거던밥똥거던밥똥거던밥똥거던밥똥거던밥똥거던밥똥거던밥똥거던밥똥거던밥똥거던밥똥거던밥똥거던밥똥거던밥똥거던밥똥거던밥똥거던밥똥거던밥똥거던밥똥거던밥똥거던밥똥거던밥똥거던밥똥거던밥똥거던밥똥거던밥똥거던밥똥거던밥똥거던밥똥거던밥똥거던밥똥거던밥똥거던밥똥거던밥똥거던밥똥거던밥똥거던
1973530,1,거던거던거던거던거던거던거던거던거던거던거던거던거던거던거던거던거던거던거던거던거던거던거던거던거던거던거던거던거던거던거던거던거던거던거던거던거던거던거던거던거던거던거던거던거던거던거던거던거던거던거던거던거던거던거던거던거던거던거던거던거던거던거던거던거던거던거던거던거던거던거던거던거던거던거던거던거던거던거던거던거던거던거던거던거던거던거던거던거던거던거던거던거던거던거던거던거던거던거던거던거던거던거던거던거던거던거던거던거던거던거던거던거던거던거던거던거던거던거던거던거던거던거던거던거던거던거던거던거던거던거던거던거던거던거던거던거던거던거던거던거던거던거던거던거던거던거던거던거던거던거던거던거던거던거던거던거던거던거던거던거던거던거던거던거던거던거던거던거던거던거던거던거던거던거던거던거던거던거던거던거던거던거던거던거던거던거던거던거던거던거던거던거던거던거던거던거던거던거던거던거던거던거던거던거던거던거던거던거던거던거던거던거던거던거던거던거던거던거던거던거던거던거던거던거던거던거던거던거던거던거던거던거던거던거던거던거던거던거던거던거던거던거던거던거던거던거던거던거던거던거던거던거던거던거던거던거던거던거던거던거던거던거던거던거던거던거던거던거던거던거던거던거던거던거던거던거던거던거던거던거던거던거던거던거던거던거던거던거던거던거던거던거던거던거던거던거던거던거던거던거던거던거던거던거던거던거던거던거던거던거던거던거던거던거던거던거던거던거던거던거던거던거던거던거던거던거던거던거던거던거던거던거던거던거던거던거던거던거던거던거던거던거던거던거던거던거던거던거던거던거던거던거던거던거던거던거던거던거던거던거던거던거던거던거던거던거던거던거던거던거던거던거던거던거던거던거던거던거던거던거던거던거던거던거던거던거던거던거던거던거던거던거던거던거던거던거던거던거던거던거던거던거던거던거던거던거던거던거던거던거던거던거던거던거던거던거던거던거던거던거던거던거던거던거던거던거던거던거던거던거던거던거던거던거던거던거던거던거던거던거던거던거던거던거던거던거던거던거던거던거던거던거던거던거던거던거던거던거던거던거던거던거던거던거던거던거던거던거던거던거던거던거던거던거던거던거던거던거던거던거던거던거던거던거던거던거던거던거던거던거던거던거던거던거던거던거던거던거던거던거던거던거던거던거던거던거던거던거던거던거던거던거던거던거던거던거던거던거던거던거던거던거던거던거던거던거던거던거던거던거던거던거던거던거던거던거던거던거던거던거던거던거던거던거던거던거던거던거던거던거던거던거던거던거던거던거던거던거던거던거던거던거던거던거던거던거던거던거던거던거던거던거던거던거던거던거던거던거던거던거던거던거던거던거던거던거던거던거던거던거던거던거던거던거던거던거던거던거던거던거던거던거던거던거던거던거던거던거던거던거던거던거던거던거던거던거던거던거던거던거던거던거던거던거던거던거던거던거던거던거던거던거던거던거던거던거던거던거던거던거던거던거던거던거던거던거던거던거던거던거던거던거던거던거던거던거던거던거던거던거던거던거던거던거던거던거던거던거던거던거던거던거던거던거던거던거던거던거던거던거던거던거던거던거던거던거던거던거던거던거던거던거던거던거던거던거던거던거던거던거던거던거던거던거던거던거던거던거던거던거던거던거던거던거던거던거던거던거던거던거던거던거던거던거던거던거던거던거던거던거던거던거던거던거던거던거던거던거던거던거던거던거던거던거던거던거던거던거던거던거던거던거던거던거던거던거던거던거던거던거던거던거던거던거던거던거던거던거던거던거던거던거던거던거던거던거던거던거던거던거던거던거던거던거던거던거던거던거던거던거던거던거던거던거던거던거던거던거던거던거던거던거던거던거던거던거던거던거던거던거던거던거던거던거던거던거던거던거던거던거던거던거던거던거던거던거던거던거던거던거던거던거던거던거던거던거던거던거던거던거던거던거던거던거던거던거던거던거던거던거던거던거던거던거던거던거던거던거던거던거던거던거던거던거던거던거던거던거던거던거던거던거던거던거던거던거던거던거던거던거던거던거던거던거던거던거던거던거던거던거던거던거던거던거던거던거던거던거던거던거던거던거던거던거던거던거던거던거던거던거던거던거던거던거던거던거던거던거던거던거던거던거던거던거던거던거던거던거던거던거던거던거던거던거던거던거던거던거던거던거던거던거던거던거던거던거던거던거던거던거던거던거던거던거던거던거던거던거던거던거던거던거던거던거던거던거던거던거던거던거던거던거던거던거던거던거던거던거던거던거던거던거던거던거던거던거던거던거던거던거던거던거던거던거던거던거던거던거던거던거던거던거던거던거던거던거던거던거던거던거던거던거던거던거던거던거던거던거던거던거던거던거던거던거던거던거던거던거던거던거던거던거던거던거던거던거던거던거던거던거던거던거던거던거던거던거던거던거던거던거던거던거던거던거던거던거던거던거던거던거던거던거던거던거던거던거던거던거던거던거던거던거던거던거던거던거던거던거던거던거던거던거던거던거던거던거던거던거던거던거던거던거던거던거던거던거던거던거던거던거던거던거던거던거던거던거던거던거던거던거던거던거던거던거던거던거던거던거던거던거던거던거던거던거던거던거던거던거던거던거던거던거던거던거던거던거던거던거던거던거던거던거던거던거던거던거던거던거던거던거던거던거던거던거던거던거던거던거던거던거던거던거던거던거던거던거던거던거던거던거던거던거던거던거던거던거던거던거던거던거던거던거던거던거던거던거던거던거던거던거던거던거던거던거던거던거던거던거던거던거던거던거던거던거던거던거던거던거던거던거던거던거던거던거던거던거던거던거던거던거던거던거던거던거던거던거던거던거던거던거던거던거던거던거던거던거던거던거던거던거던거던거던거던거던거던거던거던거던거던거던거던거던거던거던거던거던거던거던거던거던거던거던거던거던거던거던거던거던거던거던거던거던거던거던거던거던거던거던거던거던거던거던거던거던거던거던거던거던거던거던거던거던거던거던거던거던거던거던거던거던거던거던거던거던거던거던거던거던거던거던거던거던거던거던거던거던거던거던거던거던거던거던거던거던거던거던거던거던거던거던거던거던거던거던거던거던거던거던거던거던거던거던거던거던거던거던거던거던거던거던거던거던거던거던거던거던거던거던거던거던거던거던거던거던거던거던거던거던거던거던거던거던거던거던거던거던거던거던거던거던거던거던거던거던거던거던거던거던거던거던거던거던거던거던거던거던거던거던거던거던거던거던거던거던거던거던거던거던거던거던거던거던거던거던거던거던거던거던거던거던거던거던거던거던거던거던거던거던거던거던거던거던거던거던거던거던거던거던거던거던거던거던거던거던거던거던거던거던거던거던거던거던거던거던거던거던거던거던거던거던거던거던거던거던거던거던거던거던거던거던거던거던거던거던거던거던거던거던거던거던거던거던거던거던거던거던거던거던거던거던거던거던거던거던거던거던거던거던거던거던거던거던거던거던거던거던거던거던거던거던거던거던거던거던거던거던거던거던거던거던거던거던거던거던거던거던거던거던거던거던거던거던거던거던거던거던거던거던거던거던거던거던거던거던거던거던거던거던거던거던거던거던거던거던거던거던거던거던거던거던거던거던거던거던거던거던거던거던거던거던거던거던거던거던거던거던거던거던거던거던거던거던거던거던거던거던거던거던거던거던거던거던거던거던거던거던거던거던거던거던거던거던거던거던거던거던거던거던거던거던거던거던거던거던거던거던거던거던거던거던거던거던거던거던거던거던거던거던거던거던거던거던거던거던거던거던거던거던거던거던거던거던거던거던거던거던거던거던거던거던거던거던거던거던거던거던거던거던거던거던거던거던거던거던거던거던거던거던거던거던거던거던거던거던거던거던거던거던거던거던거던거던거던거던거던거던거던거던거던거던거던거던거던거던거던거던거던거던거던거던거던거던거던거던거던거던거던거던거던거던거던거던거던거던거던거던거던거던거던거던거던거던거던거던거던거던거던거던거던거던거던거던거던거던거던거던거던거던거던거던거던거던거던거던거던거던거던거던거던거던거던거던거던거던거던거던거던거던거던거던거던거던거던거던거던거던거던거던거던거던거던거던거던거던거던거던거던거던거던거던거던거던거던거던거던거던거던거던거던거던거던거던거던거던거던거던거던거던거던거던거던거던거던거던거던거던거던거던거던거던거던거던거던거던거던거던거던거던거던거던거던거던거던거던거던거던거던거던거던거던거던거던거던거던거던거던거던거던거던거던거던거던거던거던거던거던거던거던거던거던거던거던거던거던거던거던거던거던거던거던거던거던거던거던거던거던거던거던거던거던거던거던거던거던거던거던거던거던거던거던거던거던거던거던거던거던거던거던거던거던거던거던거던거던거던거던거던거던거던거던거던거던거던거던거던거던거던거던거던거던거던거던거던거던거던거던거던거던거던거던거던거던거던거던거던거던거던거던거던거던거던거던거던거던거던거던거던거던거던거던거던거던거던거던거던거던거던거던거던거던거던거던거던거던거던거던거던거던거던거던거던거던거던거던거던거던거던거던거던거던거던거던거던거던거던거던거던거던거던거던거던거던거던거던거던거던거던거던거던거던거던거던거던거던거던거던거던거던거던거던거던거던거던거던거던거던거던거던거던거던거던거던거던거던거던거던거던거던거던거던거던거던거던거던거던거던거던거던거던거던거던거던거던거던거던거던거던거던거던거던거던거던거던거던거던거던거던거던거던거던거던거던거던거던거던거던거던거던거던거던거던거던거던거던거던거던거던거던거던거던거던거던거던거던거던거던거던거던거던거던거던거던거던거던거던거던거던거던거던거던거던거던거던거던거던거던거던거던거던거던거던거던거던거던거던거던거던거던거던거던거던거던거던거던거던거던거던거던거던거던거던거던거던거던거던거던거던거던거던거던거던거던거던거던거던거던거던거던거던거던거던거던거던거던거던거던거던거던거던거던거던거던거던거던거던거던거던거던거던거던거던거던거던거던거던거던거던거던거던거던거던거던거던거던거던거던거던거던거던거던거던거던거던거던거던거던거던거던거던거던거던거던거던거던거던거던거던거던거던거던거던거던거던거던거던거던거던거던거던거던거던거던거던거던거던거던거던거던거던거던거던거던거던거던거던거던거던거던거던거던거던거던거던거던거던거던거던거던거던거던거던거던거던거던거던거던거던거던거던거던거던거던거던거던거던거던거던거던거던거던거던거던거던거던거던거던거던거던거던거던거던거던거던거던거던거던거던거던거던거던거던거던거던거던거던거던거던거던거던거던거던거던거던거던거던거던거던거던거던거던거던거던거던거던거던거던거던거던거던거던거던거던거던거던거던거던거던거던거던거던거던거던거던거던거던거던거던거던거던거던거던거던거던거던거던거던거던거던거던거던거던거던거던거던거던거던거던거던거던거던거던거던거던거던거던거던거던거던거던거던거던거던거던거던거던거던거던거던거던거던거던거던거던거던거던거던거던거던거던거던거던거던거던거던거던거던거던거던거던거던거던거던거던거던거던거던거던거던거던거던거던거던거던거던거던거던거던거던거던거던거던거던거던거던거던거던거던거던거던거던거던거던거던거던거던거던거던거던거던거던거던거던거던거던거던거던거던거던거던거던거던거던거던거던거던거던거던거던거던거던거던거던거던거던거던거던거던거던거던거던거던거던거던거던거던거던거던거던거던거던거던거던거던거던거던거던거던거던거던거던거던거던거던거던거던거던거던거던거던거던거던거던거던거던거던거던거던거던거던거던거던거던거던거던거던거던거던거던거던거던거던거던거던거던거던거던거던거던거던거던거던거던거던거던거던거던거던거던거던거던거던거던거던거던거던거던거던거던거던거던거던거던거던거던거던거던거던거던거던거던거던거던거던거던거던거던거던거던거던거던거던거던거던거던거던거던거던거던거던거던거던거던거던거던거던거던거던거던거던거던거던거던거던거던거던거던거던거던거던거던거던거던거던거던거던거던거던거던거던거던거던거던거던거던거던거던거던거던거던거던거던거던거던거던거던거던거던거던거던거던거던거던거던거던거던거던거던거던거던거던거던거던거던거던거던거던거던거던거던거던거던거던거던거던거던거던거던거던거던거던거던거던거던거던거던거던거던거던거던거던거던거던거던거던거던거던거던거던거던거던거던거던거던거던거던거던거던거던거던거던거던거던거던거던거던거던거던거던거던거던거던거던거던거던거던거던거던거던거던거던거던거던거던거던거던거던거던거던거던거던거던거던거던거던거던거던거던거던거던거던거던거던거던거던거던거던거던거던거던거던거던거던거던거던거던거던거던거던거던거던거던거던거던거던거던거던거던거던거던거던거던거던거던거던거던거던거던거던거던거던거던거던거던거던거던거던거던거던거던거던거던거던거던거던거던거던거던거던거던거던거던거던거던거던거던거던거던거던거던거던거던거던거던거던거던거던거던거던거던거던거던거던거던거던거던거던거던거던거던거던거던거던거던거던거던거던거던거던거던거던거던거던거던거던거던거던거던거던거던거던거던거던거던거던거던거던거던거던거던거던거던거던거던거던거던거던거던거던거던거던거던거던거던거던거던거던거던거던거던거던거던거던거던거던거던거던거던거던거던거던거던거던거던거던거던거던거던거던거던거던거던거던거던거던거던거던거던거던거던거던거던거던거던거던거던거던거던거던거던거던거던거던거던거던거던거던거던거던거던거던거던거던거던거던거던거던거던거던거던거던거던거던거던거던거던거던거던거던거던거던거던거던거던거던거던거던거던거던거던거던거던거던거던거던거던거던거던거던거던거던거던거던거던거던거던거던거던거던거던거던거던거던거던거던거던거던거던거던거던거던거던거던거던거던거던거던거던거던거던거던거던거던거던거던거던거던거던거던거던거던거던거던거던거던거던거던거던거던거던거던거던거던거던거던거던거던거던거던거던거던거던거던거던거던거던거던거던거던거던거던거던거던거던거던거던거던거던거던거던거던거던거던거던거던거던거던거던거던거던거던거던거던거던거던거던거던거던거던거던거던거던거던거던거던거던거던거던거던거던거던거던거던거던거던거던거던거던거던거던거던거던거던거던거던거던거던거던거던거던거던거던거던거던거던거던거던거던거던거던거던거던거던거던거던거던거던거던거던거던거던거던거던거던거던거던거던거던거던거던거던거던거던거던거던거던거던거던거던거던거던거던거던거던거던거던거던거던거던거던거던거던거던거던거던거던거던거던거던거던거던거던거던거던거던거던거던거던거던거던거던거던거던거던거던거던거던거던거던거던거던거던거던거던거던거던거던거던거던거던거던거던거던거던거던거던거던거던거던거던거던거던거던거던거던거던거던거던거던거던거던거던거던거던거던거던거던거던거던거던거던거던거던거던거던거던거던거던거던거던거던거던거던거던거던거던거던거던거던거던거던거던거던거던거던거던거던거던거던거던거던거던거던거던거던거던거던거던거던거던거던거던거던거던거던거던거던거던거던거던거던거던거던거던거던거던거던거던거던거던거던거던거던거던거던거던거던거던거던거던거던거던거던거던거던거던거던거던거던거던거던거던거던거던거던거던거던거던거던거던거던거던거던거던거던거던거던거던거던거던거던거던거던거던거던거던거던거던거던거던거던거던거던거던거던거던거던거던거던거던거던거던거던거던거던거던거던거던거던거던거던거던거던거던거던거던거던거던거던거던거던거던거던거던거던거던거던거던거던거던거던거던거던거던거던거던거던거던거던거던거던거던거던거던거던거던거던거던거던거던거던거던거던거던거던거던거던거던거던거던거던거던거던거던거던거던거던거던거던거던거던거던거던거던거던거던거던거던거던거던거던거던거던거던거던거던거던거던거던거던거던거던거던거던거던거던거던거던거던거던거던거던거던거던거던거던거던거던거던거던거던거던거던거던거던거던거던거던거던거던거던거던거던거던거던거던거던거던거던거던거던거던거던거던거던거던거던거던거던거던거던거던거던거던거던거던거던거던거던거던거던거던거던거던거던거던거던거던거던거던거던거던거던거던거던거던거던거던거던거던거던거던거던거던거던거던거던거던거던거던거던거던거던거던거던거던거던거던거던거던거던거던거던거던거던거던거던거던거던거던거던거던거던거던거던거던거던거던거던거던거던거던거던거던거던거던거던거던거던거던거던거던거던거던거던거던거던거던거던거던거던거던거던거던거던거던거던거던거던거던거던거던거던거던거던거던거던거던거던거던거던거던거던거던거던거던거던거던거던거던거던거던거던거던거던거던거던거던거던거던거던거던거던거던거던거던거던거던거던거던거던거던거던거던거던거던거던거던거던거던거던거던거던거던거던거던거던거던거던거던거던거던거던거던거던거던거던거던거던거던거던거던거던거던거던거던거던거던거던거던거던거던거던거던거던거던거던거던거던거던거던거던거던거던거던거던거던거던거던거던거던거던거던거던거던거던거던거던거던거던거던거던거던거던거던거던거던거던거던거던거던거던거던거던거던거던거던거던거던거던거던거던거던거던거던거던거던거던거던거던거던거던거던거던거던거던거던거던거던거던거던거던거던거던거던거던거던거던거던거던거던거던거던거던거던거던거던거던거던거던거던거던거던거던거던거던거던거던거던거던거던거던거던거던거던거던거던거던거던거던거던거던거던거던거던거던거던거던거던거던거던거던거던거던거던거던거던거던거던거던거던거던거던거던거던거던거던거던거던거던거던거던거던거던거던거던거던거던거던거던거던거던거던거던거던거던거던거던거던거던거던거던거던거던거던거던거던거던거던거던거던거던거던거던거던거던거던거던거던거던거던거던거던거던거던거던거던거던거던거던거던거던거던거던거던거던거던거던거던거던거던거던거던거던거던거던거던거던거던거던거던거던거던거던거던거던거던거던거던거던거던거던거던거던거던거던거던거던거던거던거던거던거던거던거던거던거던거던거던거던거던거던거던거던거던거던거던거던거던거던거던거던거던거던거던거던거던거던거던거던거던거던거던거던거던거던거던거던거던거던거던거던거던거던거던거던거던거던거던거던거던거던거던거던거던거던거던거던거던거던거던거던거던거던거던거던거던거던거던거던거던거던거던거던거던거던거던거던거던거던거던거던거던거던거던거던거던거던거던거던거던거던거던거던거던거던거던거던거던거던거던거던거던거던거던거던거던거던거던거던거던거던거던거던거던거던거던거던거던거던거던거던거던거던거던거던거던거던거던거던
1973530,1,프문에게 항상 충성을 다하겠습니다 ㅅㅂ ㅠㅠㅠㅠㅠㅠㅠㅠㅠㅠㅠㅠㅠ
1973530,1,김지훈그는신이야김지훈그는신이야김지훈그는신이야김지훈그는신이야김지훈그는신이야김지훈그는신이야
1973530,0,취향인 캐릭터가 하나 없어서 계속 하고 싶은 마음이 안 드네요..
1973530,1,전투에서 신경쓸게 많아서 내가 잘하고 있는지는 모르겠으나 일단 이상이 잘생겨서 추천함
1973530,1,"이상이 너무 잘생겼고 게임이 재밌어요 = 맛있는 게임"
1973530,1,중국어로 번역해주세요!!!!!!!!!!!!!!!!!!!!!!!!!!!!!!!!!!!!!!!!!!!!!!!!!!!!!!!!!!!!!!!!!!!!!!!!!!!!!!
1973530,1,림버스하는데 친구가 3성 3개를 10뽑한번에 뽑는걸보고 울울 죄악이 돼었습니다 감사합니다
1973530,1,림버스 2달차... 나는 아직도 이 게임의 전투방식이 정확히 어떻게 돌아가는지를 모른다. ( 3시간 동안 게임 메커니즘 설명을 봐도 모르겠네;;) 대체 이 친구들은 매우불리가 뜨는데 어떻게 합을 이기는걸까. 죄악공명은 대체 뭐가 되는걸까. 내 수감자들은 대체 뭔 버프를 이렇게 달고 있는걸까. 하지만 게임 하는데 아직은 지장이 없으니 괜찮은거겠지? 그럼 난 이만 다시 거던으로....
1973530,1,"장점 : 디렉터가 자극적으로 귀여움, 4, 5, 6, 7장 가면 갈수록 고점을 갱신하는 스토리, 뽕 하나는 제대로 채워주는 서사, 씹덕겜 치고는 말도 안될 정도의 가성비  단점 : 대가리가 잘 깨짐"
1973530,1,정말 메인 스토리를 볼때마다 뭔가 발전해있어서 계속 놀라움을 금치 못했고 4장부터 7장까지 새로 스토리 나올때 마다 고점을 갱신해서 슬픈얘기 나올때마다 울었다. 오래 기다린만큼 기대한것보다 더 좋은 결과만 가지고오는 이 상태가 유지되면 좋겠다. 이제 림버스말고 사놓고 안한 프문겜도 해야겠다.
1973530,1,고마워 꼬미야~ 니가 준 사탕은 LCB싱클LCB히스LCB싱클LCB그렉LCB료슈LCB히스N돈LCB홍루LCB홍루장미그렉을 뽑는데 썻어  ^^ㅣ발 고마워 꼬미야
1973530,1,"재미있냐고? 오! 뉴비 발견, 감동적! 같이 출발하자, 프문의 세계로! 여긴 꿈과 비전, 뽕맛과 약간의 고통! 딥다크 씹덕의 뽕맛을 잠깐 맛보렴! (1,2,3 Let's go!) 모두가 좋아하네 우직한 우상향 Graphs! 림버스에 올라타는 것도 좋은 선택! 야망 있는 디렉터, 부와 명예를 향한 질주! 동아리에서 회사로 변신! (Project Moon!) 프로젝트 문의 테마 카페! (햄햄팡팡!) 고점 갱신 메인 스토리! 이제는 애니화까지 꿈꾸며 디렉터는 달린다! 끝없는 퍼레이드! 아싸 신난다!  아니 튜토리얼이 뭔가 이상해요! 프로젝트 문의 고질병이란다 무시하렴! 더이상 승률 딸깍이 안먹혀요! 튜토리얼의 탓이란다! 아니 야발! 이건 대체 뭐야!  죄악 공명 죄악 속성 내성 취약 합 가능 반격기 합 가능 가드 오버클럭 공격레벨 방어레벨 합위력 집중전투 일방공격 참격 관통 타격 죄악자원 분노 색욕 나태 탐식 우울 오만 질투 Let's go!  전부 네 몫이란다! 맛있게 먹으렴!"
1973530,1,ㅎㅎㅎㅎㅎㅎㅎㅎㅎㅎㅎㅎㅎㅎㅎㅎㅎㅎㅎㅎㅎㅎㅎㅎㅎㅎㅎㅎㅎㅎㅎㅎㅎㅎㅎㅎㅎㅎㅎㅎㅎㅎㅎㅎㅎㅎㅎㅎㅎㅎㅎㅎㅎㅎㅎㅎㅎㅎㅎㅎㅎㅎㅎㅎㅎㅎㅎㅎㅎㅎㅎㅎㅎㅎㅎㅎㅎㅎㅎㅎㅎㅎㅎㅎㅎㅎㅎㅎㅎㅎㅎㅎㅎㅎㅎㅎㅎㅎㅎㅎㅎㅎㅎㅎㅎㅎㅎㅎㅎㅎㅎㅎㅎㅎㅎㅎㅎㅎㅎㅎㅎㅎㅎㅎㅎㅎㅎㅎㅎㅎㅎㅎㅎㅎㅎㅎㅎㅎㅎㅎㅎㅎㅎㅎㅎㅎㅎㅎㅎㅎㅎㅎㅎㅎㅎㅎㅎㅎㅎㅎㅎㅎㅎㅎㅎㅎㅎㅎㅎㅎㅎㅎㅎㅎㅎㅎㅎㅎㅎㅎㅎㅎㅎㅎㅎㅎㅎㅎㅎㅎㅎㅎㅎㅎㅎㅎㅎㅎㅎㅎㅎㅎㅎㅎㅎㅎㅎㅎㅎㅎㅎㅎㅎㅎ
1973530,1,"거던, 거던으로. 잠을 버리고 모두 거던으로 내려간다."
1973530,1,거던 거던 거던 거던 거던 거던 거던 거던 거던 거던 거던 거던 거던 거던 거던 정가 거던 거던 거던 거던 거던 거던 거던 거던 거던 거던 거던 거던 거던 거던 거던 거던 거던 거던 거던 거던 거던 거던 거던 거던 거던 거던 거던 거던 거던 거던 거던 거던 거던 거던 거던 거던 거던 거던 거던 거던 거던 거던 거던 거던 거던 거던 거던 거던 거던 거던 거던 거던 거던 거던 거던 거던 거던 거던 거던 거던  정가 거던 거던 거던 거던 거던 거던 거던 거던 거던 거던 거던 거던 거던 거던 거던 거던 거던 거던 거던 거던 거던 거던 거던 거던 거던 거던 거던 거던 거던 거던 거던 거던 거던 거던 거던 거던 거던 거던 거던 거던 거던 거던 거던 거던 거던 거던 거던 거던 거던 거던 거던 거던 거던 거던 거던 거던 거던 거던 거던 거던  정가 거던 거던 거던 거던 거던 거던 거던 거던 거던 거던 거던 거던 거던 거던 거던 거던 거던 거던 거던 거던 거던 거던 거던 거던 거던 거던 거던 거던 거던 거던 거던 거던 거던 거던 거던 거던 거던 거던 거던 거던 거던 거던 거던 거던 거던 거던 거던 거던 거던 거던 거던 거던 거던 거던 거던 거던 거던 거던 거던 거던 정가
1973530,1,원하는 인격이 있어? 거던을 돌알 원하는 에고가 있어? 거던을 돌아 돈이 없어? 거던을 돌아 거던을 돌아 거던을 돌아 거던을 돌아 거던을 돌아 거던을 돌아 거던을 돌아 거던을 돌아 거던을 돌아 거던을 돌아 거던을 돌아 거던을 돌아 거던을 돌아 거던을 돌아 거던을 돌아 거던을 돌아 거던을 돌아 거던을 돌아 거던을 돌아 거던을 돌아 거던을 돌아 거던을 돌아 거던을 돌아 거던을 돌아 거던을 돌아 거던을 돌아 거던을 돌아 거던을 돌아 거던을 돌아 거던을 돌아 거던을 돌아 거던을 돌아 거던을 돌아 거던을 돌아 거던을 돌아 거던을 돌아 거던을 돌아 거던을 돌아 거던을 돌아 거던을 돌아 거던을 돌아 거던을 돌아 거던을 돌아 거던을 돌아 거던을 돌아 거던을 돌아 거던을 돌아 거던을 돌아 거던을 돌아 거던을 돌아 거던을 돌아 거던을 돌아 거던을 돌아 거던을 돌아 거던을 돌아 거던을 돌아 거던을 돌아 거던을 돌아 거던을 돌아 거던을 돌아 거던을 돌아 거던을 돌아 거던을 돌아 거던을 돌아 거던을 돌아 거던을 돌아 거던을 돌아 거던을 돌아 거던을 돌아 거던을 돌아 거던을 돌아 거던을 돌아 거던을 돌아 거던을 돌아 거던을 돌아 거던을 돌아 거던을 돌아 거던을 돌아 거던을 돌아 거던을 돌아 거던을 돌아 거던을 돌아 거던을 돌아 거던을 돌아 거던을 돌아 거던을 돌아 거던을 돌아 거던을 돌아 거던을 돌아 거던을 돌아 거던을 돌아 거던을 돌아 거던을 돌아 거던을 돌아 거던을 돌아 거던을 돌아 거던을 돌아 거던을 돌아 거던을 돌아 거던을 돌아 거던을 돌아 거던을 돌아 거던을 돌아 거던을 돌아 거던을 돌아 거던을 돌아 거던을 돌아 거던을 돌아 거던을 돌아 거던을 돌아 거던을 돌아 거던을 돌아 거던을 돌아 거던을 돌아 거던을 돌아 거던을 돌아 거던을 돌아 거던을 돌아 거던을 돌아 거던을 돌아 거던을 돌아 거던을 돌아 거던을 돌아 거던을 돌아 거던을 돌아 거던을 돌아 거던을 돌아 거던을 돌아 거던을 돌아 거던을 돌아 거던을 돌아 거던을 돌아 거던을 돌아 거던을 돌아 거던을 돌아 거던을 돌아 거던을 돌아 거던을 돌아 거던을 돌아 거던을 돌아 거던을 돌아 거던을 돌아 거던을 돌아 거던을 돌아 거던을 돌아 거던을 돌아 거던을 돌아 거던을 돌아 거던을 돌아 거던을 돌아 거던을 돌아 거던을 돌아 거던을 돌아 거던을 돌아 거던을 돌아 거던을 돌아 거던을 돌아 거던을 돌아 거던을 돌아 거던을 돌아 거던을 돌아 거던을 돌아 거던을 돌아 거던을 돌아 거던을 돌아 거던을 돌아 거던을 돌아 거던을 돌아 거던을 돌아 거던을 돌아 거던을 돌아 거던을 돌아 거던을 돌아 거던을 돌아 거던을 돌아 거던을 돌아 거던을 돌아 거던을 돌아 거던을 돌아 거던을 돌아 거던을 돌아 거던을 돌아 거던을 돌아 거던을 돌아 거던을 돌아 거던을 돌아 거던을 돌아 거던을 돌아 거던을 돌아 거던을 돌아 거던을 돌아 거던을 돌아 거던을 돌아 거던을 돌아 거던을 돌아 거던을 돌아 거던을 돌아 거던을 돌아 거던을 돌아 거던을 돌아 거던을 돌아 거던을 돌아 거던을 돌아 거던을 돌아 거던을 돌아 거던을 돌아 거던을 돌아 거던을 돌아 거던을 돌아 거던을 돌아 거던을 돌아 거던을 돌아 거던을 돌아 거던을 돌아 거던을 돌아 거던을 돌아 거던을 돌아 거던을 돌아 거던을 돌아 거던을 돌아 거던을 돌아 거던을 돌아 거던을 돌아 거던을 돌아 거던을 돌아 거던을 돌아 거던을 돌아 거던을 돌아 거던을 돌아 거던을 돌아
1973530,1,"시즌 1~2에 열심히 즐기고 우미다 당시 사태에서 개인적으로 조금 정이 떨어져서 시즌3~4쉬고 시즌5에 복귀한 스토리 밀기 바쁜 쉰입입니다.  5장부터 밀려니 많이 힘들더라구요. 여튼 개인 이야기는 넘어가고 4장의 엔딩연출을 보며 '와 개쩐다'라고 생각하던 시절이 무색하게 5장, 6장, 7장 가면 갈수록 연출에 입을 다물기 힘들더라구요. 로보토미때 부터 좋아했던 게임 세계관, 회사이기도 하고 정말 열렬히 게임을 즐겼던 사람인 만큼 점차 연출의 수준이 늘어가는 모습이 정말 노력을 많이하셨다는게 보여 잘 작성하지 않는 평가도 작성해봅니다.   추신 [strike] 싱클레어는 역시나 맛있네요. [/strike]"
1973530,1,초반 1~3장은 좀 고어한데 4장부터 크하면서 7장까지 아주 스토리 개좋음 개추
1973530,1,"당신은 오늘, 거던바를 먹었습니까? 네, 아니오, 네, 아니오, 네! 네! 네! 네! 네!!!! 고작 다음 챕터를 위해 반년동안 버티는 것 쯤이야 그분들이 200년동안 받아온 고통에 비하면야 아무것도 아닙니다.  아버지시여, 그러게 돌시네아 피규어나 5분 팬미팅권을 팔지 그러셨어요..."
1973530,1,솔직히... 림버스컴퍼니 스트리머가 할때 훈수두는 새끼들이랑 막 입문 시작할때 이렇게 하는거 아닌데 하는놈들은 나가 죽어야  한다고 생각해요...
1973530,1,게임이 간편하고 전작과 이어지는 스토리 및 공격 모션 연출등이 너무 마음에 듭니다!림버스 컴퍼니를 안했으면 어땠을까 생각도 드네요
1973530,1,asdasdasdasdasdasdasdasdasdasdasdasd
1973530,1,이 게임은 초반 부분(0장~2장까지)는 루즈하다 느껴질수있다 하지만 이 게임은 이상에서 돈키호테까지 진정한 재미를 느낄수있다 스토리는 아름다운걸 넘어서 내 마음을 녹이는 느낌이들었다  특히 보스전에 나오는 Mili의 노래는 림버스를 진정으로 좋아하는사람이라면 알거다 Mili는 우리들의 방탄소년단 찰리푸스요 김지훈은 우리의 신이다 우리는 성경의 나오는 모든 구절을 바꾸어 림버스하는 사람들한테는 예수님을 지훈님으로 바꾸어야된다 생각된다 그리고 나는 매우 루즈한 시간을 가지고있었을때 림버스를 하며 시간을 보냈다 이 게임은 아직 적어도 10년의 불량이 남아있다   이래도 안 할껀가?
1973530,1,딸깍 누르고 애들 알아서 싸우는 거 보고만 있어도 재밌다면 강력추천
1973530,1,오늘도 거던바를 먹었어요!오늘도 거던바를 먹었어요!오늘도 거던바를 먹었어요!오늘도 거던바를 먹었어요!오늘도 거던바를 먹었어요!오늘도 거던바를 먹었어요!오늘도 거던바를 먹었어요!오늘도 거던바를 먹었어요!오늘도 거던바를 먹었어요!오늘도 거던바를 먹었어요!오늘도 거던바를 먹었어요!오늘도 거던바를 먹었어요!오늘도 거던바를 먹었어요!오늘도 거던바를 먹었어요!오늘도 거던바를 먹었어요!오늘도 거던바를 먹었어요!오늘도 거던바를 먹었어요!오늘도 거던바를 먹었어요!오늘도 거던바를 먹었어요!오늘도 거던바를 먹었어요!오늘도 거던바를 먹었어요!오늘도 거던바를 먹었어요!오늘도 거던바를 먹었어요!오늘도 거던바를 먹었어요!오늘도 거던바를 먹었어요!
1973530,1,ㅗㅗㅗㅗㅗㅗㅗㅗㅗㅗㅗㅗㅗㅗㅗㅗㅗㅗㅗㅗㅗㅗㅗㅗㅗㅗㅗㅗㅗㅗㅗㅗㅗㅗㅗㅗㅗㅗㅗㅗㅗㅗㅗㅗㅗㅗㅗㅗㅗㅗㅗㅗㅗㅗㅗㅗㅗㅗㅗㅗㅗㅗㅗㅗㅗㅗㅗㅗㅗㅗㅗㅗㅗㅗㅗㅗㅗㅗㅗ
1973530,1,이 게임에 중독된 친구의 권유로 이 게임에 '박제'되었다. 그래서 명방 콜라보는 언제 오는거죠? 대답  대답 대답
1973530,1,당신은 오늘 거던바를 먹었습니까? 네..아니오네아니오네아니오네네네네네!!!!!
1973530,1,갓겜 + 이말밖에 안남기긴 했지만 이정도 했으면 발언권 있다 생각 하고 남깁니다. 이래저래 단점도 있지만 소통도 최선으로 하며 너무 많은 돈을 쓸 필요 없는 가성비 게임 이라고 생각 합니다. 물론 결국 게임인 만큼 돈은 써야겠지만...우리 모두 그정도는 감안 하고 하자구요. 게임 자체도 배틀 요소가 없어서 좋은것 같아요. 혹시나 지나가다 들리셨다면 한번쯤 해보길 추천드립니다. 결제는 후순위로 미뤄도 충분하니까.
1973530,1,처음에는 개노잼 근데 좋은인격뽑고 스토리나가다 보면 막히기도하니깐 승부욕생겨서 깰때마다 재밌음 좋은인격뽑으면 바로 기분이가 좋아지면서 쓸생각에 그냥 미쳐버림 좋은 인격3개만있어도 재밌음 완전 럭키비키잖아
1973530,1,림컴을 하고 나서 거던을 돌지 않으면 죽는 병에 걸렸어요.
1973530,1,이츠 리얼 갓겜!!!!!!!!!!!!!!!!!!!!!!!!!!!!!!!!!!!!
1973530,1,퀄도 좋고 스토리도 좋고 다 좋은데 인격들의 성능차이가 조금 그렇지만 재밌으니까 하세요
1973530,1,저는 스토리 스킵충이에요 그래서 림버스컴퍼니도 당연히 스토리를 싹다 스킵하고 빨리빨리 밀었어요 그래서 이제는 거던 돌면서 유튜브로 스토리 풀로 보고있어요 이거 완전 이득임ㅇㅇ 스토리갓겜이라 게임은 재미없을까봐 걱정한다면 걱정마세요 재밌어요
1973530,1,"거던을 돌아요 광기를 모아요 거던을 돌아요 엔진이 모자라요 거던을 돌아요 레벨업을 해요 거던을 돌아요 엔진을 만들어요 거던을 돌아요 상자가 쌓여요 거던을 돌아요 이벤트가 열렸어요 거던을 돌아요 이벤트 보상을 얻어요 거던을 돌아요 거던을 돌아요 발푸밤이 왔어요 거던을 돌아요 이제 추출에선 여히스가 나와요 거던을 돌아요 상자를 받아요 거던을 돌아요 제자리를 돌고있는것 같지만 그래도 달려요 거던을 돌아요 신규 인격이 취향이에요 거던을 돌아요 일주일 뒤 상자로 얻어요, 그리고 다음 발푸밤에선 그 인격이 나왔어요. 정신 채찍님 오늘도 열심히 거던을 돌았어요 제발 히스한테 앞면을 띄우지 말아주세요"
1973530,1,진짜 개개개개개개개개재밌어요 참고 4장 던전만 깨세요 제발
1973530,1,거던바가 맛있고 거던바가 맛있고 거던바가 맛있고 거던바가 맛있고 거던바가 맛있고 거던바가 맛있고 거던바가 맛있고 거던바가 맛있고 거던바가 맛있어요!
1973530,1,관리자 나리!!!!!!!!!!!! 전작은 다 클리어하섰소?
1973530,1,이 겜은 혜자다? okl 스토리가 좋냐? okl 스타일이 창의적이냐? okl bgm이 좋냐? 이건 역대 최고 같다  단점 스토리 다 즐기면 거던바~!  전작을 다 해봤거나 하나라도 해봐야 배경을 이해하기 편하다 다행인건 유트브에 전작 스토리는 다 있음  그리고 마지막 장점이자 단점! 다크판타지라 굉장히 암울하고 어두워서 취향을 탄다
1973530,1,"롭톱, 라오루 완결까지 하고 림버스 사전예약까지 했었음. 그리고 게임에 접속을 했는데 '이게 뭐야' 하면서 겜을 삭제한 기억이 있었음. 그땐 진짜 뭐가 없어서 놀라서 삭제 했었음. 그리고 4장이 나왔을때 그 때 소문이 점점 나더니 이때 다시 시작 했음.  그 이후로 난 프문의 노예가 됐음. 이때부터 애들이 칼을 갈기 시작했구나라고 느낌. 그리고 4장 5장 6장 7장 나오면서 그 기대를 계속 채워주고 있음. 개인적으로 5장이 제일 좋았음. 그리고 지금은 올컬렉을 달성함 그 기념으로 지금 리뷰를 적는거  아무튼 프문 나중에 애니메이션이랑 3d 오픈월드 게임 만들고 싶다는데 흥했음 좋겠다 화이팅"
1973530,1,"폰 유저다 매우 좋은 게임이다  거던 매우 재미있다 신 지 훈 찬양한다"
1973530,1,"총합 플레이 시간 (핸드폰과 합쳐서)  [h1] 1627시간 [/h1]  ☆★ 게임 평  (최대 5점)  재미 ☆★★★★ 4점 난이도  ★★★★★ 5점 스토리 ★★★★★★★★★★ 10점 더빙 ★★★★★ 5점 노래 ★★★★★ 5점 조작성 ☆☆★★★ 3점  이전작인 라이브러리 오브 루이나 와 로보토미 가 스토리를 잡아주었고 림버스가 그 스토리 에 더욱더 감미를 더해주는 맛입니다.  게임의 튜토리얼이 이게임 제작사 (프로젝트 문) 의 고질적인 문제점이지만 여러 커뮤니티 와 유튜브에 꽤나 잘 구성된 튜토리얼이 있으며 게임의 여러운 구간은 아예 따로 공략집을 만드는 분들이 많아서 튜토리얼 문제는 어느정도 해소가 되었습니다.  BM(과금 구조) 의 관해서는 꽤나 양심적입니다. 얻어야되는 캐릭터를 인게임의 던전을 통해서 파편 조각을 얻고 그 파편 조각을 통해서 캐릭터를 확정으로 가져올수 있는것은 정말 좋은 시스템입니다. [spoiler]  (물론 최근에 애니를 위해 돈을 벌겠다고 말을 하고 시즌 캐릭과 한정 캐릭들은 일주일 후에 파편조각으로 얻게 된다는게 생겼지만) [/spoiler]  브금은 Mili 라는분이 거의 스토리 보스들의 노래들을 보컬로 담당해주셨고 다른 일반 전투 또한 브금 잘만든 다는 STUDIO EIM 이 담당이기에 진짜 믿고 들으셔도 됩니다.  더빙은 진짜 소름이 쫙 돋을정도로 연기를 잘해주셨습니다. 개인적인 추천으로는 돈키호테 의 연기가 진짜 잘되어있습니다. (이유는 스포일러입니다.)  캐릭터들의 캐릭성이 외국 명작문학 들부터 국내 문학까지 잘 어울러있어서 문학을 좋아하신다면 꼭 추천해드리고싶습니다.  이게임의 단점으로 꼽자면 ""운"" 입니다. 이게임에서 ""합"" 이라는것을 진행 하려면 운의 요소가 작동합니다. 거의 대부분 ""어? 내가 매우 우세 인데 왜 졌지?"" 라는 경우가 발생하는데 이게임의 보스전이던 , 잡몹전이던 , 던전을 돌던 자신의 정신력 (정신력이 높으면 이길 확률이 증가)이 더 높은데 왜 졌지? 싶다 하면 그건 운때문이라는게 거의 50%를 차지합니다. 나머지 50%는 다음에 소개할 ""기믹"" 떄문입니다.  프문겜 정통이라 할수있는 상대 기믹은 진짜 더럽게 역겹습니다. 합을 이겨도 지는 기믹 , 내가 이겼는데 한명을 동귀어진 시키는 기믹 , 심지어 한두대 맞고 안죽었는데 갑자기 내 캐릭들이 전부다 죽어있는 기믹 이딴 기믹들이 이게임에는 꽤나 많이 있습니다.  하지만 이것또한 유튜브나 다른 커뮤니티 (대표적으로 디시나 아카라이브) 에서 정말 잘 만든 공략집이 있어서 이것또한 패스입니다.  요약본 : 겜을 간단하게 찍먹 해보고 싶다 : 강추, 스토리 더빙 진짜 맛있고 캐릭들도 개성 넘침 뇌뺴고 하고싶다 : 강추, 컴퓨터는 승률 딸깍 누르면서 깨다가 기믹땜에 막히면 유튭이나 커뮤보고 꺠고 다시 승률ㄱ 하드하게 즐겨보고 싶다 : 강추, 캐릭도 좋고 게임성응 적응만 잘되면 진짜 재밌게 할수있음 스토리와 브금도 진짜 대박임  이전작인 라이브러리 오브 루이나 와 로보토미도 출시 초창기에는 프문의 정통이라 할수있는 ""출시 반년이 지나야 겜이 재밌음"" 을 이미 반년이 넘었고 또한 거의 대부분의 면에서 정말 좋은 평을 받고있기에 저는 강력하게 추천합니다."
1973530,1,"광기가 없나요? 거던을 도세요! 상자가 없나요? 거던을 도세요! 게임이 좀 질리나요? 거던을 도세요! 모든 것의 해결책에는 거던이 있답니다"
1973530,1,"김피탕을 먹는데 김치,피자,탕수육이 아니라 김나는 시체,피나는 시체, 탕수육 으로 만든것 같음 근데 맛은 나름 괜찮음"
1973530,1,돈키호테야너랑나무아래에서사탕을너한입나한입먹었지근데왜나를떠났어널위해성형을50번해서이렇게잘생겨졌는데
1973530,1,"뉴비때 검상3동이랑 여히스로 스토리 밀다가 빡쳐서 접었었는데 선장 마엘 보고 복귀했었음. 점점 재밌어짐. 우리 게임 재밌음!"
1973530,1,7장까지 스토리 보니 지금까지 한 시간이 아깝지 않다 과금유도는 타 게임 비교하면 없는 수준  잘 즐겼습니다 8장 나오면 다시 올게요~
1973530,1,조금 했는데 시스템 이해가 안돼서 그냥 전투할땐 승률로만 합니다 승률로만 해도 웬만한건 다 깨더라고요 <<<< 취소합니다 시잇팔 존나 어렵네
1973530,1,"올컬렉 오픈유저입니다. 게임의 암흑기와 전성기를 함께해온 사람으로써 감히 평가를 해보자면 ★★★★★스토리: 스토리를 보는것이 필수는 아니지만 이게임을 하면서 스토리를 안보면은 많이 아쉬울정도로 완성도 높은 세계관, 캐릭터, 납득할만한 서브캐릭터의 희생 1장부터 과감한 매운맛을 보여주지만 다른사람에게 추천을 할정도로 스토리는 굉장히 높은 점수를 주고싶습니다. ★★★★☆전투시스템: 많은 사람들이 이해하기 어려운 전투시스템을 단점으로 드는데 생각보다 이것에 대한 해결법은 간단합니다. 1.설명을 읽어본다 2.써본다 뉴비분들이나 평범한분들은 제약플레이를 안하고 대부분 신인격을 가져가서 플레이하시는데 신인격들 대부분은 성능이 좋고 크게 요구하는 사항도 없기때문에 대부분의 맵들은 신인격 5명정도면 깹니다 그럼에도 전투, 집중전투 패턴을 봐야지만 활성화되는 패시브설명등등 많이 완화되었지만 아직까지도 불편한점이 있기때문에 4점을 주고싶습니다. ★★★★★bm: 이게임의 가장 큰 장점이라고 볼수있는 착한 bm입니다 정가시스템으로 왠만한 캐릭터는 다 가져갈수있고 한정이라고 불리는 발푸르기스의 밤도 시간이 지나면은 정가를 칠수있어서 이게임은 현질을 할 이유가 단 1개도 없습니다. ★★★★★생각보다 잘하는 서브, 외부운영: 이벤트, 신인격이 2주마다 pv는 금요일 인격 상세표는 월요일에 딱맞춰서 나오고 거의 상시로 열려있고 테마가 계속 바뀌는 운영 카페 햄햄팡팡, 코미케, agf, 팝업스토어등등 행사에도 열심히 참여하며 이벤트가 다나오면은 다음시즌 로드맵을 공개하고 회사 대표가 버튜버 아바타를 쓰면서 설명을 해주는등 외부적인 운영에 굉장히 힘을 주고있습니다 굿즈관련해서도 대부분의 행사에서 팔았던 굿즈들은 햄햄팡팡 카페에 시간이 지나면 들어오고 햄햄팡팡 팝업스토어, 확장공사, 테마 교체등등 한가지 이벤트에 머물러있지 않고 계속 교체하며 색다른 재미를 보여주고있습니다. 마지막 한마디: 취향이 안맞으시는 분들은 게임이 많이 어렵겠지만 취향이 조금이라도 맞는다 하면은 굉장히 강추합니다. 이 평가를 보시는 분들이 많지는 않겠지만 제가 많이 좋아하는 게임이므로 평가에 힘을 실었습니다. 플레이 고민중이시라면 한번 해보시는걸 추천합니다 이게임은 현질도 필요없고 무엇보다 필수라는게 없습니다. 감사합니다:)"
1973530,1,[h1][b] 관리자 나리!!!!! 나를 두고 어디 간 것이오!!!!!!!!!!! [/b][/h1]
1973530,1,"게임 자체는 갓겜이지만, 로보토미 및 루이나를 플레이 해본 경험이 없는 뉴비들은 공략글이나 영상들 보면서 느긋하게 플레이 하는거 추천함."
1973530,1,머리가 매끈 해져서 끝나 시작해 끝나 시작해 끝나 시작해 끝나 시작해 끝나 시작해 끝나 시작해 끝나 시작해 끝나 시작해 끝나 시작해 끝나 시작해 끝나 시작해 끝나 시작해 끝나 시작해 끝나 시작해 끝나 시작해 끝나 시작해 끝나 시작해 끝나 시작해 끝나 시작해 끝나 시작해 끝나 시작해 끝나 시작해 끝나 시작해 끝나 시작해 끝나 시작해 끝나 시작해 끝나 시작해 끝나 시작해 끝나 시작해 끝나 시작해 끝나 시작해 끝나 시작해 끝나 시작해 끝나 시작해 끝나 시작해 끝나 시작해 끝나 시작해 끝나 시작해 끝나 시작해 끝나 시작해 끝나 시작해 끝나 시작해 끝나 시작해 끝나 시작해 끝나 시작해 끝나 시작해 끝나 시작해 끝나 시작해 끝나 시작해 끝나 시작해 끝나 시작해 끝나 시작해 끝나 시작해 끝나 시작해 끝나 시작해 끝나 시작해 끝나 시작해 끝나 시작해 끝나 시작해 끝나 시작해 끝나 시작해 끝나 시작해 끝나 시작해 끝나 시작해 끝나 시작해 끝나 시작해 끝나 시작해 끝나 시작해 끝나 시작해 끝나 시작해 끝나 시작해 끝나 시작해 끝나 시작해 끝나 시작해 끝나 시작해 끝나 시작해 끝나 시작해 끝나 시작해 끝나 시작해 끝나 시작해 끝나 시작해 끝나 시작해 끝나 시작해 끝나 시작해 끝나 시작해 끝나 시작해 끝나 시작해 끝나 시작해 끝나 시작해 끝나 시작해 끝나 시작해 끝나 시작해 끝나 시작해 끝나 시작해 끝나 시작해 끝나 시작해 끝나 시작해 끝나 시작해 끝나 시작해 끝나 시작해 끝나 시작해 끝나 시작해 끝나 시작해 끝나 시작해 끝나 시작해 끝나 시작해 끝나 시작해 끝나 시작해 끝나 시작해 끝나 시작해 끝나 시작해 끝나 시작해 끝나 시작해 끝나 시작해 끝나 시작해 끝나 시작해 끝나 시작해 끝나 시작해 끝나 시작해 끝나 시작해 끝나 시작해 끝나 시작해 끝나 시작해 끝나 시작해 끝나 시작해 끝나 시작해 끝나 시작해 끝나 시작해 끝나 시작해 끝나 시작해 끝나 시작해 끝나 시작해 끝나 시작해 끝나 시작해 끝나 시작해 끝나 시작해 끝나 시작해 끝나 시작해 끝나 시작해 끝나 시작해 끝나 시작해 끝나 시작해 끝나 시작해 끝나 시작해 끝나 시작해 끝나 시작해 끝나 시작해 끝나 시작해 끝나 시작해 끝나 시작해 끝나 시작해 끝나 시작해 끝나 시작해 끝나 시작해 끝나 시작해 끝나 시작해 끝나 시작해 끝나 시작해 끝나 시작해 끝나 시작해
1973530,1,이 게임 정말 재밌습니다. 스토리도 좋고 게임성도 좋아요. 물론 운이 좀 필요한데 주변에 잘하는 친구들(또는 많이 하는 친구들)이 있다면 정말 추천 드립니다
1973530,1,♚♚림버스컴☆퍼☆니♚♚입사시$$전원 거울세계☜☜인격100%증정※ ♜메피스토펠레스♜엔케팔린 무료증정￥ 특정조건 §§꿈이 끝나는§§★돈키호테★미르칼라 획득기회@@@ 즉시이동https://store.steampowered.com/app/1973530/Limbus_Company/
1973530,1,적폐챔들 모으면 때려부술때 손맛이 지린다 ㄹㅇ 개사기 신챔 출시때 입문해보시길~~
1973530,1,출혈리롤을 있는거다팔아다가 돌려도 미르칼라하나가 안나와서 진짜 김지훈디렉터사랑해요
1973530,1,달려라! 로시난테! 끝나지 않는 거던으로!달려라! 로시난테! 끝나지 않는 거던으로!달려라! 로시난테! 끝나지 않는 거던으로!달려라! 로시난테! 끝나지 않는 거던으로!달려라! 로시난테! 끝나지 않는 거던으로!달려라! 로시난테! 끝나지 않는 거던으로!달려라! 로시난테! 끝나지 않는 거던으로!달려라! 로시난테! 끝나지 않는 거던으로!달려라! 로시난테! 끝나지 않는 거던으로!달려라! 로시난테! 끝나지 않는 거던으로!달려라! 로시난테! 끝나지 않는 거던으로!달려라! 로시난테! 끝나지 않는 거던으로!달려라! 로시난테! 끝나지 않는 거던으로!달려라! 로시난테! 끝나지 않는 거던으로!달려라! 로시난테! 끝나지 않는 거던으로!달려라! 로시난테! 끝나지 않는 거던으로!달려라! 로시난테! 끝나지 않는 거던으로!
1973530,1,나는 프문을 사랑해나는 프문을 사랑해나는 프문을 사랑해나는 프문을 사랑해나는 프문을 사랑해나는 프문을 사랑해나는 프문을 사랑해나는 프문을 사랑해나는 프문을 사랑해
1973530,1,손이 하나없어도 즐길 수 있는 갓겜. 거울던전과 함께라면 천장이 두렵지 않다. 15000원에 각종 재화와 아이템들을 쥐어주는 패스까지. 지금당장 메피스토펠레스 호에 탑승하라.
1973530,1,"오늘 림생 처음으로 거던을 돌아봤다. 아, 참으로 달콤하여라. 림붕이들의 유일한 식사는 언제나 거던 뿐.. 거딘바를 먹고 싶어... 안 돼. 떠올리지 마. 아, 목요일은 어디까지 오셨을까, 그 창고에 쌍인다는 파편상자는 마침내 발견하셨을까? 오늘 거던에 대한 생각을 해본 적이 있나? 있어. 그럼 어제는? 어제는 어떴지? 여전히 거던이 생각나나? 당연한 말을. 그렇다면 내일도 그럴 거라 확신해? 아니 그래선 안 돼. 그런데 관리자인 우리가 그럴 수 있는 존재였던가? 시계로 수치를 가린다 하여도.. 품었던 갈증은 여전히 나를 괴롭히는군. 잠시... 시간이 필요해. 머릿속이 또 거던에 대한 결로 가득 차서... 잠깐의 목마름일 뿐이야. 승리에 취해 갈증을 채우는 일 따위가 일어나선 안 돼. 안 되고 말고. 상자가.. 상자가 잔뜩 흘러넘치고 있군... 한 상자, 아니 한 파편이라도 괜찮으니까 내게 줘! 베길수께서 용서치 않으신다 해도!! 감내해야할.. 고통입니다!! 오늘도 거던바를 먹을 거냐 고요? 네, 아니오, 네, 아니오, 네, 아니오, 네, 아니오, 네, 아니오, 네, 아니오, 네, 아니오, 네, 아니오, 네, 아니오, 네, 아니오, 네, 아니오, 네, 아니오, 네, 아니오, 네, 아니오, 네, 아니오, 네, 아니오, 네, 아니오, 네, 아니오, 네, 아니오, 네, 아니오, 네, 아니오, 네, 아니오, 네, 아니오, 네, 아니오, 네, 아니오, 네, 아니오, 네, 아니오, 네, 아니오, 네, 아니오, 네, 아니오, 네, 아니오, 네, 아니오, 네, 아니오, 네, 아니오, 네, 아니오, 네, 아니오, 네, 네, 네, 네,네!!!!!!!!!!!!!!!!!!!!!!!!!!!!!!!!!!!!!!"
1973530,1,"전작인 림버스 컴퍼니와 라이브 오브 루이나와 같은 세계관을 가지고 있습니다.  단점 : 세계관 내 고유명사가 있어서 진입장벽이 있는편  장점 : 시즌 패스만 질러도 무난하게 할수 있습니다           발푸르기스의 밤은 과금으로만 뽑을수 있는데 없어도 플레이 하는데 문제는 없어요  스토리 재미있어요 이번장 역대급이다 다음 장 비상!을 장 마다 반복 하는 게임"
1973530,1,당신이 소설을 한자리에 앉아서 5시간동안 읽을 수 있다면 이 게임을 플레이 하세요
1973530,1,돈을 지갑에서 가져가는게 아니라 받치게만드는 게임. 각 장마다 모든 감동이 있는 스토리. 근데 부족한 컨텐츠지만 그것만으로도 만족하는 미친게임.
1973530,1,시작부터 캐릭터를 죽여버리는 게임 하지만 그것으로 서사를 완성시켜버리는 게임
1973530,1,림버스 시작하고 나서 모든 프문겜 다 해봤는데 ㄹㅇ 다재밌음 근데 라오루랑 롭코는 좀 빡치더라 세계관도 매력적이고 수감자중 최애 돈키도있고 걍 다좋음 근데 좀 질리는감있음 근데 아직 안질려 1000시간 채울때까지 할꺼야
1973530,1,오늘 거던에 대한 생각을 하셨습니까? 아니요 아니요 네 아니요 네 아니요 네 네 아니요 네 네 네 네 네 네 네 네 네
1973530,1,"날이 갈 수록 물 오르는 연출력 덕에 김지훈을 향한 마음은 깊어져만 가고....."
1973530,0,튜토리얼이 부실하고 전투 시스템이 너무 불명확함.  그건 왜 그거고 이건 왜 이건지 도대체 알 수가 없음. 게임 좀 이딴식으로 안만드면 안되나?
1973530,1,너무너무 재밋어요 진짜 제 인생 게임이에요. 근데 스토리 다 밀면 할게 없어서 정말 슬퍼요ㅠㅠ
1973530,1,"정말 재밌게 하고있습니다.  잔혹한 배경 속에서도 기억에 남는 스토리와 마음을 울리는 연출로 감동을 줘서 고맙습니다 프로젝트 문.  근데 여히스는 왜 계속 등신인거죠 ㅠ  여히스를 살려내라~"
1973530,1,"스토리, 노래, 성우들의 연기, 그리고 EGO 스킬 장면 등 매력적인 요소가 가득해요! 게임 내내 흥미로운 장면들이 많아 플레이할 때마다 새로운 재미를 느낄 수 있어요!  다만, 약간 부족하게 느껴지는 튜토리얼과 몇 가지 문제점들이 아쉬운 부분이지만, 혼자서 심심풀이로 즐기기에는 충분히 훌륭한 게임이에요!"
1973530,1,"뭔가 복잡해보이고 스토리도 어두울거 같아서 안하다가 오늘 한번 찍먹 해봤는데 생각보다 매우 재밌다  스토리도 재밌고, 과금도 혜자고, 전투도 약간 불친절할뿐 엄청 복잡하진않고, 타격감이 매우 찰지다 오랜만에 한 게임 잡고 하루 종일 달림"
1973530,1,"거던을 돌고, 거던을 돌고, 거던을 돌고, 거던을 돌고, 거던을 돌고, 거던을 돌고, 거던을 돌고, 거던을 돌고, 거던을 돌고, 거던을 돌고, 거던을 돌고, 거던을 돌고, 거던을 돌고, 거던을 돌고, 거던을 돌고, 거던을 돌고, 거던을 돌고, 거던을 돌고, 거던을 돌고, 거던을 돌고, 거던을 돌고, 거던을 돌고, 거던을 돌고, 거던을 돌고, 거던을 돌고, 거던을 돌고, 거던을 돌고, 거던을 돌고, 거던을 돌고, 거던을 돌고, 거던을 돌고, 거던을 돌고, 거던을 돌고, 거던을 돌고, 거던을 돌고, 거던을 돌고, 거던을 돌고, 거던을 돌고, 거던을 돌고, 거던을 돌고, 거던을 돌고, 거던을 돌고, 거던을 돌고, 거던을 돌고, 거던을 돌고, 거던을 돌고, 거던을 돌고, 거던을 돌고, 거던을 돌고, 거던을 돌고, 거던을 돌고, 거던을 돌고, 거던을 돌고, 거던을 돌고, 거던을 돌고, 거던을 돌고, 거던을 돌고, 거던을 돌고, 거던을 돌고, 거던을 돌고, 거던을 돌고, 거던을 돌고, 거던을 돌고, 거던을 돌고, 거던을 돌고, 거던을 돌고, 거던을 돌고, 거던을 돌고, 거던을 돌고, 거던을 돌고, 거던을 돌고, 거던을 돌고, 거던을 돌고, 거던을 돌고, 거던을 돌고, 거던을 돌고, 거던을 돌고, 거던을 돌고, 거던을 돌고, 거던을 돌고, 거던을 돌고, 거던을 돌고, 거던을 돌고, 거던을 돌고, 거던을 돌고, 거던을 돌고, 거던을 돌고, 거던을 돌고, 거던을 돌고, 거던을 돌고, 거던을 돌고, 거던을 돌고, 거던을 돌고, 거던을 돌고, 거던을 돌고, 거던을 돌고...인격 정가 치고, 다시 거던을 돌고, 거던을 돌고..."
1973530,1,"스토리 전개이며, 재미이며, 다양성이며 등등... 모두 다 챙긴 게임이라고 생각함. 처음에 플레이 했을 때는 이게 뭐가 재밌어서 하는거지 라고 생각했는데 막상 계속 하다 보니까 푹 빠져드는 각 캐릭터만의 개성과 스토리와 게임 플레이를 느끼고 난 후, 인생 게임을 찾은 듯한 생각이 문득 들었음. 진짜 재밌어요"
1973530,1,거던.거던?.거던!.거던.거던?.거던!.거던.거던?.거던!.거던.거던?.거던!.거던.거던?.거던!.거던.거던?.거던!.거던.거던?.거던!.거던.거던?.거던!.거던.거던?.거던!.거던.거던?.거던!.거던.거던?.거던!.거던.거던?.거던!.거던.거던?.거던!.거던.거던?.거던!.거던.거던?.거던!.거던.거던?.거던!.거던.거던?.거던!.거던.거던?.거던!.거던.거던?.거던!.거던.거던?.거던!.거던.거던?.거던!.거던.거던?.거던!.거던.거던?.거던!.거던.거던?.거던!.거던.거던?.거던!.거던.거던?.거던!.거던.거던?.거던!.거던.거던?.거던!.거던.거던?.거던!.거던.거던?.거던!.거던.거던?.거던!.거던.거던?.거던!.거던.거던?.거던!.거던.거던?.거던!.거던.거던?.거던!.거던.거던?.거던!.거던.거던?.거던!.거던.거던?.거던!.거던.거던?.거던!.거던.거던?.거던!.거던.거던?.거던!.거던.거던?.거던!.거던.거던?.거던!.거던.거던?.거던!.거던.거던?.거던!.거던.거던?.거던!.거던.거던?.거던!.거던.거던?.거던!.거던.거던?.거던!.거던.거던?.거던!.거던.거던?.거던!.거던.거던?.거던!.거던.거던?.거던!.거던.거던?.거던!.거던.거던?.거던!.거던.거던?.거던!.거던.거던?.거던!.거던.거던?.거던!.거던.거던?.거던!.거던.거던?.거던!.거던.거던?.거던!.거던.거던?.거던!.거던.거던?.거던!.거던.거던?.거던!.거던.거던?.거던!.거던.거던?.거던!.거던.거던?.거던!.거던.거던?.거던!.거던.거던?.거던!.거던.거던?.거던!.거던.거던?.거던!.거던.거던?.거던!.거던.거던?.거던!.거던.거던?.거던!.거던.거던?.거던!.거던.거던?.거던!.거던.거던?.거던!.거던.거던?.거던!.거던.거던?.거던!.거던.거던?.거던!.거던.거던?.거던!.거던.거던?.거던!.거던.거던?.거던!.거던.거던?.거던!.거던.거던?.거던!.거던.거던?.거던!.거던.거던?.거던!.거던.거던?.거던!.거던.거던?.거던!.거던.거던?.거던!.거던.거던?.거던!.거던.거던?.거던!.거던.거던?.거던!.거던.거던?.거던!.거던.거던?.거던!.거던.거던?.거던!.거던.거던?.거던!.거던.거던?.거던!.거던.거던?.거던!.거던.거던?.거던!.거던.거던?.거던!.거던.거던?.거던!.거던.거던?.거던!.거던.거던?.거던!.거던.거던?.거던!.거던.거던?.거던!.거던.거던?.거던!.거던.거던?.거던!.거던.거던?.거던!.거던.거던?.거던!.거던.거던?.거던!.거던.거던?.거던!.거던.거던?.거던!.거던.거던?.거던!.거던.거던?.거던!.거던.거던?.거던!.거던.거던?.거던!.거던.거던?.거던!.거던.거던?.거던!.거던.거던?.거던!.거던.거던?.거던!.거던.거던?.거던!.거던.거던?.거던!.거던.거던?.거던!.거던.거던?.거던!.거던.거던?.거던!.거던.거던?.거던!.거던.거던?.거던!.거던.거던?.거던!.거던.거던?.거던!.거던.거던?.거던!.거던.거던?.거던!.거던.거던?.거던!.거던.거던?.거던!.거던.거던?.거던!.거던.거던?.거던!.거던.거던?.거던!.거던.거던?.거던!.거던.거던?.거던!.거던.거던?.거던!.거던.거던?.거던!.거던.거던?.거던!.거던.거던?.거던!.거던.거던?.거던!.거던.거던?.거던!.거던.거던?.거던!.거던.거던?.거던!.거던.거던?.거던!.거던.거던?.거던!.거던.거던?.거던!.거던.거던?.거던!.거던.거던?.거던!.거던.거던?.거던!.거던.거던?.거던!.거던.거던?.거던!.거던.거던?.거던!.거던.거던?.거던!.거던.거던?.거던!.거던.거던?.거던!.거던.거던?.거던!.거던.거던?.거던!.거던.거던?.거던!.거던.거던?.거던!.거던.거던?.거던!.거던.거던?.거던!.거던.거던?.거던!.거던.거던?.거던!.거던.거던?.거던!.거던.거던?.거던!.거던.거던?.거던!.거던.거던?.거던!.거던.거던?.거던!.거던.거던?.거던!.거던.거던?.거던!.거던.거던?.거던!.거던.거던?.거던!.거던.거던?.거던!.거던.거던?.거던!.거던.거던?.거던!.거던.거던?.거던!.거던.거던?.거던!.거던.거던?.거던!.거던.거던?.거던!.거던.거던?.거던!.거던.거던?.거던!.거던.거던?.거던!.거던.거던?.거던!.거던.거던?.거던!.거던.거던?.거던!.거던.거던?.거던!.거던.거던?.거던!.거던.거던?.거던!.거던.거던?.거던!.거던.거던?.거던!.거던.거던?.거던!.거던.거던?.거던!.거던.거던?.거던!.거던.거던?.거던!.거던.거던?.거던!.거던.거던?.거던!.거던.거던?.거던!.거던.거던?.거던!.거던.거던?.거던!.거던.거던?.거던!.거던.거던?.거던!.거던.거던?.거던!.거던.거던?.거던!.거던.거던?.거던!.거던.거던?.거던!.거던.거던?.거던!.거던.거던?.거던!.거던.거던?.거던!.거던.거던?.거던!.거던.거던?.거던!.거던.거던?.거던!.거던.거던?.거던!.거던.거던?.거던!.거던.거던?.거던!.거던.거던?.거던!.거던.거던?.거던!.거던.거던?.거던!.거던.거던?.거던!.거던.거던?.거던!.거던.거던?.거던!.거던.거던?.거던!.거던.거던?.거던!.거던.거던?.거던!.거던.거던?.거던!.거던.거던?.거던!.거던.거던?.거던!.거던.거던?.거던!.거던.거던?.거던!.거던.거던?.거던!.거던.거던?.거던!.거던.거던?.거던!.거던.거던?.거던!.거던.거던?.거던!.거던.거던?.거던!.거던.거던?.거던!.거던.거던?.거던!.거던.거던?.거던!.거던.거던?.거던!.거던.거던?.거던!.거던.거던?.거던!.거던.거던?.거던!.거던.거던?.거던!.거던.거던?.거던!.거던.거던?.거던!.거던.거던?.거던!.거던.거던?.거던!.거던.거던?.거던!.거던.거던?.거던!.거던.거던?.거던!.거던.거던?.거던!.거던.거던?.거던!.거던.거던?.거던!.거던.거던?.거던!.거던.거던?.거던!.거던.거던?.거던!.거던.거던?.거던!.거던.거던?.거던!.거던.거던?.거던!.거던.거던?.거던!.거던.거던?.거던!.거던.거던?.거던!.거던.거던?.거던!.거던.거던?.거던!.거던.거던?.거던!.거던.거던?.거던!.거던.거던?.거던!.거던.거던?.거던!.거던.거던?.거던!.거던.거던?.거던!.거던.거던?.거던!.거던.거던?.거던!.거던.거던?.거던!.거던.거던?.거던!.거던.거던?.거던!.거던.거던?.거던!.거던.거던?.거던!.거던.거던?.거던!.거던.거던?.거던!.거던.거던?.거던!.거던.거던?.거던!.거던.거던?.거던!.거던.거던?.거던!.거던.거던?.거던!.거던.거던?.거던!.거던.거던?.거던!.거던.거던?.거던!.거던.거던?.거던!.거던.거던?.거던!.거던.거던?.거던!.거던.거던?.거던!.거던.거던?.거던!.거던.거던?.거던!.거던.거던?.거던!.거던.거던?.거던!.거던.거던?.거던!.거던.거던?.거던!.거던.거던?.거던!.거던.거던?.거던!.거던.거던?.거던!.거던.거던?.거던!.거던.거던?.거던!.거던.거던?.거던!.거던.거던?.거던!.거던.거던?.거던!.거던.거던?.거던!.거던.거던?.거던!.거던.거던?.거던!.거던.거던?.거던!.거던.거던?.거던!.거던.거던?.거던!.거던.거던?.거던!.거던.거던?.거던!.거던.거던?.거던!.거던.거던?.거던!.거던.거던?.거던!.거던.거던?.거던!.거던.거던?.거던!.거던.거던?.거던!.거던.거던?.거던!.거던.거던?.거던!.거던.거던?.거던!.거던.거던?.거던!.거던.거던?.거던!.거던.거던?.거던!.거던.거던?.거던!.거던.거던?.거던!.거던.거던?.거던!.거던.거던?.거던!.거던.거던?.거던!.거던.거던?.거던!.거던.거던?.거던!.거던.거던?.거던!.거던.거던?.거던!.거던.거던?.거던!.거던.거던?.거던!.거던.거던?.거던!.거던.거던?.거던!.거던.거던?.거던!.거던.거던?.거던!.거던.거던?.거던!.거던.거던?.거던!.거던.거던?.거던!.거던.거던?.거던!.거던.거던?.거던!.거던.거던?.거던!.거던.거던?.거던!.거던.거던?.거던!.거던.거던?.거던!.거던.거던?.거던!.거던.거던?.거던!.거던.거던?.거던!.거던.거던?.거던!.거던.거던?.거던!.거던.거던?.거던!.거던.거던?.거던!.거던.거던?.거던!.거던.거던?.거던!.거던.거던?.거던!.거던.거던?.거던!.거던.거던?.거던!.거던.거던?.거던!.거던.거던?.거던!.거던.거던?.거던!.거던.거던?.거던!.거던.거던?.거던!.거던.거던?.거던!.거던.거던?.거던!.거던.거던?.거던!.거던.거던?.거던!.거던.거던?.거던!.거던.거던?.거던!.거던.거던?.거던!.거던.거던?.거던!.거던.거던?.거던!.거던.거던?.거던!.거던.거던?.거던!.거던.거던?.거던!.거던.거던?.거던!.거던.거던?.거던!.거던.거던?.거던!.거던.거던?.거던!.거던.거던?.거던!.거던.거던?.거던!.거던.거던?.거던!.거던.거던?.거던!.거던.거던?.거던!.거던.거던?.거던!.거던.거던?.거던!.거던.거던?.거던!.거던.거던?.거던!.거던.거던?.거던!.거던.거던?.거던!.거던.거던?.거던!.거던.거던?.거던!.거던.거던?.거던!.거던.거던?.거던!.거던.거던?.거던!.거던.거던?.거던!.거던.거던?.거던!.거던.거던?.거던!.거던.거던?.거던!.거던.거던?.거던!.거던.거던?.거던!.
1973530,1,이상하오이상하오이상하오이상하오이상하오이상하오이상하오이상하오
1973530,1,재밌음. 원작의 문학 내용을 디스토피아 속에 스며들게 만들어서 내용이 그냥 재밌음. 4장이랑 5장은 정말
1973530,1,도박의 위험성을 알려주는 아주 좋은 모범적인 게임입니다.
1973530,1,여우비 히스클리프 버프좀 해주세요여우비 히스클리프 버프좀 해주세요여우비 히스클리프 버프좀 해주세요여우비 히스클리프 버프좀 해주세요여우비 히스클리프 버프좀 해주세요여우비 히스클리프 버프좀 해주세요여우비 히스클리프 버프좀 해주세요여우비 히스클리프 버프좀 해주세요여우비 히스클리프 버프좀 해주세요여우비 히스클리프 버프좀 해주세요여우비 히스클리프 버프좀 해주세요여우비 히스클리프 버프좀 해주세요여우비 히스클리프 버프좀 해주세요여우비 히스클리프 버프좀 해주세요여우비 히스클리프 버프좀 해주세요여우비 히스클리프 버프좀 해주세요여우비 히스클리프 버프좀 해주세요여우비 히스클리프 버프좀 해주세요여우비 히스클리프 버프좀 해주세요여우비 히스클리프 버프좀 해주세요여우비 히스클리프 버프좀 해주세요여우비 히스클리프 버프좀 해주세요여우비 히스클리프 버프좀 해주세요
1973530,1,이야  4장 보고 울고 5장 보고 흡족하고 6장 보고 감탄하고 7장 보고 울며 감탄함  진짜 너무 재미있음 진짜 추천 드림 튜토리얼도 개선 되어서 따로 영상 찾아볼 이유도 사라진듯  점점 성장해가는 게임 너무 좋음
1973530,1,"뭐가 이리 불친절해. 합이 뭐고 코인 위력은 뭐며 위력은 또 뭐야. 그런데 왜 이리 재미있지."
1973530,1,당신은 오늘 거던이 고팠습니까? 네 아니오 네 아니오 네 아니오 네 아니오 네 네 네 네네네네!! 언제나! 미친듯이!!
1973530,1,거던을 돌아요 거던을 돌아요 거던을 돌아요 거던을 돌아요 거던을 돌아요 거던을 돌아요 거던을 돌아요 거던을 돌아요 거던을 돌아요 거던을 돌아요 거던을 돌아요 거던을 돌아요 거던을 돌아요 거던을 돌아요 거던을 돌아요 거던을 돌아요 거던을 돌아요 거던을 돌아요 거던을 돌아요 거던을 돌아요 거던을 돌아요 거던을 돌아요 거던을 돌아요 거던을 돌아요 거던을 돌아요 거던을 돌아요 거던을 돌아요 거던을 돌아요 거던을 돌아요 거던을 돌아요 거던을 돌아요 거던을 돌아요 거던을 돌아요 거던을 돌아요 거던을 돌아요 거던을 돌아요 거던을 돌아요 거던을 돌아요 거던을 돌아요 거던을 돌아요 거던을 돌아요 거던을 돌아요 거던을 돌아요 거던을 돌아요 거던을 돌아요 거던을 돌아요 거던을 돌아요 거던을 돌아요 거던을 돌아요 거던을 돌아요 거던을 돌아요 거던을 돌아요 거던을 돌아요 거던을 돌아요 거던을 돌아요 거던을 돌아요 거던을 돌아요 거던을 돌아요 거던을 돌아요 거던을 돌아요 거던을 돌아요 거던을 돌아요 거던을 돌아요 거던을 돌아요 거던을 돌아요 거던을 돌아요 거던을 돌아요 거던을 돌아요 거던을 돌아요
1973530,1,4장이후에 기대치 올라가서 5장떄 어쩌나 싶었는데 그걸 깨고 그걸로 또 올라가서 6장때 어쩌나 싶으면 또 깨고 대지훈 머리속에는 어디까지 들어있는거냐
1973530,1,친구야 나에게 뭘 추천한거ㄴ.... 거던을 돌아야해 거던을 돌아야해 거던을 돌아야해 거던을 돌아야해 거던을 돌아야해 거던을 돌아야해 거던을 돌아야해 거던을 돌아야해 거던을 돌아야해 거던을 돌아야해 거던을 돌아야해 거던을 돌아야해 거던을 돌아야해 거던을 돌아야해 거던을 돌아야해 거던을 돌아야해 거던을 돌아야해 거던을 돌아야해 거던을 돌아야해 거던을 돌아야해 거던을 돌아야해 거던을 돌아야해 거던을 돌아야해 거던을 돌아야해 거던을 돌아야해 거던을 돌아야해 거던을 돌아야해 거던을 돌아야해 거던을 돌아야해 거던을 돌아야해 거던을 돌아야해 거던을 돌아야해 거던을 돌아야해 거던을 돌아야해 거던을 돌아야해 거던을 돌아야해 거던을 돌아야해 거던을 돌아야해 거던을 돌아야해 거던을 돌아야해 거던을 돌아야해 거던을 돌아야해
1973530,1,맛들리면 많이 합니다. 뉴비를 위한 가이드식 튜토리얼이 불친절한것이 아쉽지만 할줄 알게되면 매우 재미있는 게임이 라고 생각해요
1973530,1,거던은 신이야!거던은 신이야!거던은 신이야!거던은 신이야!거던은 신이야!거던은 신이야!거던은 신이야!거던은 신이야!거던은 신이야!거던은 신이야!거던은 신이야!거던은 신이야!거던은 신이야!거던은 신이야!거던은 신이야!거던은 신이야!거던은 신이야!거던은 신이야!거던은 신이야!거던은 신이야!거던은 신이야!거던은 신이야!거던은 신이야!거던은 신이야!거던은 신이야!거던은 신이야!거던은 신이야!거던은 신이야!거던은 신이야!거던은 신이야!거던은 신이야!거던은 신이야!거던은 신이야!거던은 신이야!거던은 신이야!거던은 신이야!거던은 신이야!거던은 신이야!거던은 신이야!거던은 신이야!거던은 신이야!거던은 신이야!거던은 신이야!거던은 신이야!거던은 신이야!거던은 신이야!거던은 신이야!거던은 신이야!거던은 신이야!거던은 신이야!거던은 신이야!거던은 신이야!거던은 신이야!거던은 신이야!거던은 신이야!거던은 신이야!거던은 신이야!거던은 신이야!거던은 신이야!거던은 신이야!거던은 신이야!거던은 신이야!거던은 신이야!거던은 신이야!거던은 신이야!거던은 신이야!거던은 신이야!거던은 신이야!거던은 신이야!거던은 신이야!거던은 신이야!거던은 신이야!거던은 신이야!거던은 신이야!거던은 신이야!거던은 신이야!거던은 신이야!거던은 신이야!거던은 신이야!거던은 신이야!거던은 신이야!거던은 신이야!거던은 신이야!거던은 신이야!거던은 신이야!거던은 신이야!거던은 신이야!거던은 신이야!거던은 신이야!거던은 신이야!거던은 신이야!거던은 신이야!거던은 신이야!거던은 신이야!거던은 신이야!거던은 신이야!거던은 신이야!거던은 신이야!거던은 신이야!거던은 신이야!거던은 신이야!거던은 신이야!거던은 신이야!거던은 신이야!거던은 신이야!거던은 신이야!거던은 신이야!거던은 신이야!거던은 신이야!거던은 신이야!거던은 신이야!거던은 신이야!거던은 신이야!거던은 신이야!거던은 신이야!거던은 신이야!거던은 신이야!거던은 신이야!거던은 신이야!거던은 신이야!거던은 신이야!거던은 신이야!거던은 신이야!거던은 신이야!거던은 신이야!거던은 신이야!거던은 신이야!거던은 신이야!거던은 신이야!거던은 신이야!거던은 신이야!거던은 신이야!거던은 신이야!거던은 신이야!거던은 신이야!거던은 신이야!거던은 신이야!거던은 신이야!거던은 신이야!거던은 신이야!거던은 신이야!거던은 신이야!거던은 신이야!거던은 신이야!거던은 신이야!거던은 신이야!거던은 신이야!거던은 신이야!거던은 신이야!거던은 신이야!거던은 신이야!거던은 신이야!거던은 신이야!거던은 신이야!거던은 신이야!거던은 신이야!거던은 신이야!거던은 신이야!거던은 신이야!거던은 신이야!거던은 신이야!거던은 신이야!거던은 신이야!거던은 신이야!거던은 신이야!거던은 신이야!거던은 신이야!거던은 신이야!거던은 신이야!거던은 신이야!거던은 신이야!거던은 신이야!거던은 신이야!거던은 신이야!거던은 신이야!거던은 신이야!거던은 신이야!거던은 신이야!거던은 신이야!거던은 신이야!거던은 신이야!거던은 신이야!거던은 신이야!거던은 신이야!거던은 신이야!거던은 신이야!거던은 신이야!거던은 신이야!거던은 신이야!거던은 신이야!거던은 신이야!거던은 신이야!거던은 신이야!거던은 신이야!거던은 신이야!거던은 신이야!거던은 신이야!거던은 신이야!거던은 신이야!거던은 신이야!거던은 신이야!거던은 신이야!거던은 신이야!거던은 신이야!거던은 신이야!거던은 신이야!거던은 신이야!거던은 신이야!거던은 신이야!거던은 신이야!거던은 신이야!거던은 신이야!거던은 신이야!거던은 신이야!거던은 신이야!거던은 신이야!거던은 신이야!거던은 신이야!거던은 신이야!거던은 신이야!거던은 신이야!거던은 신이야!거던은 신이야!거던은 신이야!거던은 신이야!거던은 신이야!거던은 신이야!거던은 신이야!거던은 신이야!거던은 신이야!거던은 신이야!거던은 신이야!거던은 신이야!거던은 신이야!거던은 신이야!거던은 신이야!거던은 신이야!거던은 신이야!거던은 신이야!거던은 신이야!거던은 신이야!거던은 신이야!거던은 신이야!거던은 신이야!거던은 신이야!거던은 신이야!거던은 신이야!거던은 신이야!거던은 신이야!거던은 신이야!거던은 신이야!거던은 신이야!거던은 신이야!거던은 신이야!거던은 신이야!거던은 신이야!거던은 신이야!거던은 신이야!거던은 신이야!거던은 신이야!거던은 신이야!거던은 신이야!거던은 신이야!거던은 신이야!거던은 신이야!거던은 신이야!거던은 신이야!거던은 신이야!거던은 신이야!거던은 신이야!거던은 신이야!거던은 신이야!거던은 신이야!거던은 신이야!거던은 신이야!거던은 신이야!거던은 신이야!거던은 신이야!거던은 신이야!거던은 신이야!거던은 신이야!거던은 신이야!거던은 신이야!거던은 신이야!거던은 신이야!거던은 신이야!거던은 신이야!거던은 신이야!거던은 신이야!거던은 신이야!거던은 신이야!거던은 신이야!거던은 신이야!거던은 신이야!거던은 신이야!거던은 신이야!거던은 신이야!거던은 신이야!거던은 신이야!거던은 신이야!거던은 신이야!거던은 신이야!거던은 신이야!거던은 신이야!거던은 신이야!거던은 신이야!거던은 신이야!거던은 신이야!거던은 신이야!거던은 신이야!거던은 신이야!거던은 신이야!거던은 신이야!거던은 신이야!거던은 신이야!거던은 신이야!거던은 신이야!거던은 신이야!거던은 신이야!거던은 신이야!거던은 신이야!거던은 신이야!거던은 신이야!거던은 신이야!거던은 신이야!거던은 신이야!거던은 신이야!거던은 신이야!거던은 신이야!거던은 신이야!거던은 신이야!거던은 신이야!거던은 신이야!거던은 신이야!거던은 신이야!거던은 신이야!거던은 신이야!거던은 신이야!거던은 신이야!거던은 신이야!거던은 신이야!거던은 신이야!거던은 신이야!거던은 신이야!거던은 신이야!거던은 신이야!거던은 신이야!거던은 신이야!거던은 신이야!거던은 신이야!거던은 신이야!거던은 신이야!거던은 신이야!거던은 신이야!거던은 신이야!거던은 신이야!거던은 신이야!거던은 신이야!거던은 신이야!거던은 신이야!거던은 신이야!거던은 신이야!거던은 신이야!거던은 신이야!거던은 신이야!거던은 신이야!거던은 신이야!거던은 신이야!거던은 신이야!거던은 신이야!거던은 신이야!거던은 신이야!거던은 신이야!거던은 신이야!거던은 신이야!거던은 신이야!거던은 신이야!거던은 신이야!거던은 신이야!거던은 신이야!거던은 신이야!거던은 신이야!거던은 신이야!거던은 신이야!거던은 신이야!거던은 신이야!거던은 신이야!거던은 신이야!거던은 신이야!거던은 신이야!거던은 신이야!거던은 신이야!거던은 신이야!거던은 신이야!거던은 신이야!거던은 신이야!거던은 신이야!거던은 신이야!거던은 신이야!거던은 신이야!거던은 신이야!거던은 신이야!거던은 신이야!거던은 신이야!거던은 신이야!거던은 신이야!거던은 신이야!거던은 신이야!거던은 신이야!거던은 신이야!거던은 신이야!거던은 신이야!거던은 신이야!거던은 신이야!거던은 신이야!거던은 신이야!거던은 신이야!거던은 신이야!거던은 신이야!거던은 신이야!거던은 신이야!거던은 신이야!거던은 신이야!거던은 신이야!거던은 신이야!거던은 신이야!거던은 신이야!거던은 신이야!거던은 신이야!거던은 신이야!거던은 신이야!거던은 신이야!거던은 신이야!거던은 신이야!거던은 신이야!거던은 신이야!거던은 신이야!거던은 신이야!거던은 신이야!거던은 신이야!거던은 신이야!거던은 신이야!거던은 신이야!거던은 신이야!거던은 신이야!거던은 신이야!거던은 신이야!거던은 신이야!거던은 신이야!거던은 신이야!거던은 신이야!거던은 신이야!거던은 신이야!거던은 신이야!거던은 신이야!거던은 신이야!거던은 신이야!거던은 신이야!거던은 신이야!거던은 신이야!거던은 신이야!거던은 신이야!거던은 신이야!거던은 신이야!거던은 신이야!거던은 신이야!거던은 신이야!거던은 신이야!거던은 신이야!거던은 신이야!거던은 신이야!거던은 신이야!거던은 신이야!거던은 신이야!거던은 신이야!거던은 신이야!거던은 신이야!거던은 신이야!거던은 신이야!거던은 신이야!거던은 신이야!거던은 신이야!거던은 신이야!거던은 신이야!거던은 신이야!거던은 신이야!거던은 신이야!거던은 신이야!거던은 신이야!거던은 신이야!거던은 신이야!거던은 신이야!거던은 신이야!거던은 신이야!거던은 신이야!거던은 신이야!거던은 신이야!거던은 신이야!거던은 신이야!거던은 신이야!거던은 신이야!거던은 신이야!거던은 신이야!거던은 신이야!거던은 신이야!거던은 신이야!거던은 신이야!거던은 신이야!거던은 신이야!거던은 신이야!거던은 신이야!거던은 신이야!거던은 신이야!거던은 신이야!거던은 신이야!거던은 신이야!거던은 신이야!거던은 신이야!거던은 신이야!거던은 신이야!거던은 신이야!거던은 신이야!거던은 신이야!거던은 신이야!거던은 신이야!거던은 신이야!거던은 신이야!거던은 신이야!거던은 신이야!거던은 신이야!거던은 신이야!거던은 신이야!거던은 신이야!거던은 신이야!거던은 신이야!거던은 신이야!거던은 신이야!거던은 신이야!거던은 신이야!거던은 신이야!거던은 신이야!거던은 신이야!거던은 신이야!거던은 신이야!거던은 신이야!거던은 신이야!거던은 신이야!거던은 신이야!거던은 신이야!거던은 신이야!거던은 신이야!거던은 신이야!거던은 신이야!거던은 신이야!거던은 신이야!거던은 신이야!거던은 신이야!거던은 신이야!거던은 신이야!거던은 신이야!거던은 신이야!거던은 신이야!거던은 신이야!거던은 신이야!거던은 신이야!거던은 신이야!거던은 신이야!거던은 신이야!거던은 신이야!거던은 신이야!거던은 신이야!거던은 신이야!거던은 신이야!거던은 신이야!거던은 신이야!거던은 신이야!거던은 신이야!거던은 신이야!거던은 신이야!거던은 신이야!거던은 신이야!거던은 신이야!거던은 신이야!거던은 신이야!거던은 신이야!거던은 신이야!거던은 신이야!거던은 신이야!거던은 신이야!거던은 신이야!거던은 신이야!거던은 신이야!거던은 신이야!거던은 신이야!거던은 신이야!거던은 신이야!거던은 신이야!거던은 신이야!거던은 신이야!거던은 신이야!거던은 신이야!거던은 신이야!거던은 신이야!거던은 신이야!거던은 신이야!거던은 신이야!거던은 신이야!거던은 신이야!거던은 신이야!거던은 신이야!거던은 신이야!거던은 신이야!거던은 신이야!거던은 신이야!거던은 신이야!거던은 신이야!거던은 신이야!거던은 신이야!거던은 신이야!거던은 신이야!거던은 신이야!거던은 신이야!거던은 신이야!거던은 신이야!거던은 신이야!거던은 신이야!거던은 신이야!거던은 신이야!거던은 신이야!거던은 신이야!거던은 신이야!거던은 신이야!거던은 신이야!거던은 신이야!거던은 신이야!거던은 신이야!거던은 신이야!거던은 신이야!거던은 신이야!거던은 신이야!거던은 신이야!거던은 신이야!거던은 신이야!거던은 신이야!거던은 신이야!거던은 신이야!거던은 신이야!거던은 신이야!거던은 신이야!거던은 신이야!거던은 신이야!거던은 신이야!거던은 신이야!거던은 신이야!거던은 신이야!거던은 신이야!거던은 신이야!거던은 신이야!거던은 신이야!거던은 신이야!거던은 신이야!거던은 신이야!거던은 신이야!거던은 신이야!거던은 신이야!거던은 신이야!거던은 신이야!거던은 신이야!거던은 신이야!거던은 신이야!거던은 신이야!거던은 신이야!거던은 신이야!거던은 신이야!거던은 신이야!거던은 신이야!거던은 신이야!거던은 신이야!거던은 신이야!거던은 신이야!거던은 신이야!거던은 신이야!거던은 신이야!거던은 신이야!거던은 신이야!거던은 신이야!거던은 신이야!거던은 신이야!거던은 신이야!거던은 신이야!거던은 신이야!거던은 신이야!거던은 신이야!거던은 신이야!거던은 신이야!거던은 신이야!거던은 신이야!거던은 신이야!거던은 신이야!거던은 신이야!거던은 신이야!거던은 신이야!거던은 신이야!거던은 신이야!거던은 신이야!거던은 신이야!거던은 신이야!거던은 신이야!거던은 신이야!거던은 신이야!거던은 신이야!거던은 신이야!거던은 신이야!거던은 신이야!거던은 신이야!거던은 신이야!거던은 신이야!거던은 신이야!거던은 신이야!거던은 신이야!거던은 신이야!거던은 신이야!거던은 신이야!거던은 신이야!거던은 신이야!거던은 신이야!거던은 신이야!거던은 신이야!거던은 신이야!거던은 신이야!거던은 신이야!거던은 신이야!거던은 신이야!거던은 신이야!거던은 신이야!거던은 신이야!거던은 신이야!거던은 신이야!거던은 신이야!거던은 신이야!거던은 신이야!거던은 신이야!거던은 신이야!거던은 신이야!거던은 신이야!거던은 신이야!거던은 신이야!거던은 신이야!거던은 신이야!거던은 신이야!거던은 신이야!거던은 신이야!거던은 신이야!거던은 신이야!거던은 신이야!거던은 신이야!거던은 신이야!거던은 신이야!거던은 신이야!거던은 신이야!거던은 신이야!거던은 신이야!거던은 신이야!거던은 신이야!거던은 신이야!거던은 신이야!거던은 신이야!거던은 신이야!거던은 신이야!거던은 신이야!거던은 신이야!거던은 신이야!거던은 신이야!거던은 신이야!거던은 신이야!거던은 신이야!거던은 신이야!거던은 신이야!거던은 신이야!거던은 신이야!거던은 신이야!거던은 신이야!거던은 신이야!거던은 신이야!거던은 신이야!거던은 신이야!거던은 신이야!거던은 신이야!거던은 신이야!거던은 신이야!거던은 신이야!거던은 신이야!거던은 신이야!거던은 신이야!거던은 신이야!거던은 신이야!거던은 신이야!거던은 신이야!거던은 신이야!거던은 신이야!거던은 신이야!거던은 신이야!거던은 신이야!거던은 신이야!거던은 신이야!거던은 신이야!거던은 신이야!거던은 신이야!거던은 신이야!거던은 신이야!거던은 신이야!거던은 신이야!거던은 신이야!거던은 신이야!거던은 신이야!거던은 신이야!거던은 신이야!거던은 신이야!거던은 신이야!거던은 신이야!거던은 신이야!거던은 신이야!거던은 신이야!거던은 신이야!거던은 신이야!거던은 신이야!거던은 신이야!거던은 신이야!거던은 신이야!거던은 신이야!거던은 신이야!거던은 신이야!거던은 신이야!거던은 신이야!거던은 신이야!거던은 신이야!거던은 신이야!거던은 신이야!거던은 신이야!거던은 신이야!거던은 신이야!거던은 신이야!거던은 신이야!거던은 신이야!거던은 신이야!거던은 신이야!거던은 신이야!거던은 신이야!거던은 신이야!거던은 신이야!거던은 신이야!거던은 신이야!거던은 신이야!거던은 신이야!거던은 신이야!거던은 신이야!거던은 신이야!거던은 신이야!거던은 신이야!거던은 신이야!거던은 신이야!거던은 신이야!거던은 신이야!거던은 신이야!거던은 신이야!거던은 신이야!거던은 신이야!거던은 신이야!거던은 신이야!거던은 신이야!
1973530,1,다음 장 스토리 나오기 전까지 하루에 한 번씩 들어가서 딸깍거리는 게임 그 기다림이 지금까지는 보답받아왔기 때문에 추천
1973530,1,"과금해야 하는 가챠겜이라 라이브러리 집어넣어놓기만 했는데 늦게 시작한 거 후회됨 시간만 있다면 그렇게 많은 돈 투자하지 않아도 됩니다 1년에 두번쯤 시즌패스만 구매하면 모든게 해결됨 오늘도 거던 돌러 갑니다"
1973530,1,뉴비분들은 자존심접고 스타트덱만큼은 출혈덱쓰시는게 좋을겁니다
1973530,1,시발지금파오차이라고 하셨소???!!?!?!?!?!?!?!!
1973530,1,그는신인가그는신인가그는신인가그는신인가그는신인가그는신인가그는신인가그는신인가그는신인가그는신인가그는신인가그는신인가그는신인가그는신인가그는신인가그는신인가그는신인가그는신인가그는신인가그는신인가그는신인가그는신인가그는신인가그는신인가그는신인가그는신인가그는신인가그는신인가그는신인가그는신인가그는신인가그는신인가그는신인가그는신인가그는신인가그는신인가그는신인가그는신인가그는신인가그는신인가그는신인가그는신인가그는신인가
1973530,1,모바일 합치면 16일동안 60시간정도 헀는데 할만하네요
1973530,1,"이상이 너무 이상적인 이상이라 이상을 좋아하게 되어 이상의 시집을 사고 이상을 그리고 이상만을 바라보며 이상울 품게 되었습니다. 이상은 그저 나의 이상이오, 이상이니, 결국 이상이었습니다."
1973530,1,Touch to start라면서 아무리 눌러도 시작을 안함
1973530,1,거던은 위대하다.거던은 위대하다.거던은 위대하다.거던은 위대하다.거던은 위대하다.거던은 위대하다.거던은 위대하다.거던은 위대하다.거던은 위대하다.거던은 위대하다.거던은 위대하다.거던은 위대하다.거던은 위대하다.거던은 위대하다.거던은 위대하다.거던은 위대하다.거던은 위대하다.거던은 위대하다.거던은 위대하다.거던은 위대하다.거던은 위대하다.거던은 위대하다.거던은 위대하다.거던은 위대하다.거던은 위대하다.거던은 위대하다.거던은 위대하다.거던은 위대하다.거던은 위대하다.거던은 위대하다.거던은 위대하다.거던은 위대하다.거던은 위대하다.거던은 위대하다.거던은 위대하다.거던은 위대하다.거던은 위대하다.거던은 위대하다.거던은 위대하다.거던은 위대하다.거던은 위대하다.거던은 위대하다.거던은 위대하다.거던은 위대하다.거던은 위대하다.거던은 위대하다.거던은 위대하다.거던은 위대하다.
1973530,1,결코 다시 거던! 결코 다시 거던! 결코 다시 거던! 결코 다시 거던! 결코 다시 거던! 결코 다시 거던! 결코 다시 거던! 결코 다시 거던! 결코 다시 거던! 결코 다시 거던! 결코 다시 거던! 결코 다시 거던! 결코 다시 거던! 결코 다시 거던! 결코 다시 거던! 결코 다시 거던! 결코 다시 거던! 결코 다시 거던! 결코 다시 거던! 결코 다시 거던! 결코 다시 거던! 결코 다시 거던! 결코 다시 거던! 결코 다시 거던! 결코 다시 거던! 결코 다시 거던! 결코 다시 거던! 결코 다시 거던! 결코 다시 거던! 결코 다시 거던! 결코 다시 거던! 결코 다시 거던! 결코 다시 거던! 결코 다시 거던! 결코 다시 거던! 결코 다시 거던! 결코 다시 거던! 결코 다시 거던! 결코 다시 거던! 결코 다시 거던! 결코 다시 거던! 결코 다시 거던! 결코 다시 거던! 결코 다시 거던! 결코 다시 거던! 결코 다시 거던! 결코 다시 거던! 결코 다시 거던! 결코 다시 거던! 결코 다시 거던! 결코 다시 거던! 결코 다시 거던! 결코 다시 거던! 결코 다시 거던! 결코 다시 거던! 결코 다시 거던! 결코 다시 거던! 결코 다시 거던! 결코 다시 거던! 결코 다시 거던! 결코 다시 거던! 결코 다시 거던! 결코 다시 거던! 결코 다시 거던! 결코 다시 거던! 결코 다시 거던! 결코 다시 거던! 결코 다시 거던! 결코 다시 거던! 결코 다시 거던! 결코 다시 거던! 결코 다시 거던! 결코 다시 거던! 결코 다시 거던! 결코 다시 거던! 결코 다시 거던! 결코 다시 거던! 결코 다시 거던! 결코 다시 거던! 결코 다시 거던! 결코 다시 거던! 결코 다시 거던! 결코 다시 거던! 결코 다시 거던! 결코 다시 거던! 결코 다시 거던! 결코 다시 거던! 결코 다시 거던! 결코 다시 거던! 결코 다시 거던! 결코 다시 거던! 결코 다시 거던! 결코 다시 거던! 결코 다시 거던! 결코 다시 거던! 결코 다시 거던! 결코 다시 거던! 결코 다시 거던! 결코 다시 거던! 결코 다시 거던! 결코 다시 거던! 결코 다시 거던! 결코 다시 거던! 결코 다시 거던! 결코 다시 거던! 결코 다시 거던! 결코 다시 거던! 결코 다시 거던! 결코 다시 거던! 결코 다시 거던! 결코 다시 거던! 결코 다시 거던! 결코 다시 거던! 결코 다시 거던! 결코 다시 거던! 결코 다시 거던! 결코 다시 거던! 결코 다시 거던! 결코 다시 거던! 결코 다시 거던! 결코 다시 거던! 결코 다시 거던! 결코 다시 거던! 결코 다시 거던! 결코 다시 거던! 결코 다시 거던! 결코 다시 거던! 결코 다시 거던! 결코 다시 거던! 결코 다시 거던! 결코 다시 거던! 결코 다시 거던! 결코 다시 거던! 결코 다시 거던! 결코 다시 거던! 결코 다시 거던! 결코 다시 거던! 결코 다시 거던! 결코 다시 거던! 결코 다시 거던! 발푸르기스의 밤을 위하여!
1973530,1,거던을 돌고 거던을 돌고 거던을 돌고 거던을 돌고 거던을 돌고 거던을 돌고 거던을 돌고 거던을 돌고 거던을 돌고 거던을 돌고 거던을 돌고 거던을 돌고 거던을 돌고 거던을 돌고 거던을 돌고 거던을 돌고 거던을 돌고 거던을 돌고 거던을 돌고 거던을 돌고 거던을 돌고 거던을 돌고 거던을 돌고 거던을 돌고 거던을 돌고 거던을 돌고 거던을 돌고 거던을 돌고 거던을 돌고 거던을 돌고 거던을 돌고 거던을 돌고 거던을 돌고 거던을 돌고 거던을 돌고 거던을 돌고 거던을 돌고 거던을 돌고 거던을 돌고 거던을 돌고 거던을 돌고 거던을 돌고 거던을 돌고 거던을 돌고 거던을 돌고 거던을 돌고 거던을 돌고 거던을 돌고 거던을 돌고 거던을 돌고 거던을 돌고 거던을 돌고 거던을 돌고 거던을 돌고 거던을 돌고 거던을 돌고 거던을 돌고 거던을 돌고 거던을 돌고 거던을 돌고 거던을 돌고 거던을 돌고 거던을 돌고 거던을 돌고 거던을 돌고 거던을 돌고 거던을 돌고 거던을 돌고 거던을 돌고 거던을 돌고 거던을 돌고 거던을 돌고 거던을 돌고 거던을 돌고 거던을 돌고 거던을 돌고 거던을 돌고 거던을 돌고 거던을 돌고 거던을 돌고 거던을 돌고 거던을 돌고 거던을 돌고 거던을 돌고 거던을 돌고 거던을 돌고 거던을 돌고 거던을 돌고 거던을 돌고 거던을 돌고 거던을 돌고 거던을 돌고 거던을 돌고 거던을 돌고 거던을 돌고 거던을 돌고 거던을 돌고 거던을 돌고 거던을 돌고 거던을 돌고 거던을 돌고 거던을 돌고 거던을 돌고 거던을 돌고 거던을 돌고 거던을 돌고 거던을 돌고 거던을 돌고 거던을 돌고 거던을 돌고 거던을 돌고 거던을 돌고 거던을 돌고 거던을 돌고 거던을 돌고 거던을 돌고 거던을 돌고 거던을 돌고 거던을 돌고 거던을 돌고 거던을 돌고 거던을 돌고 거던을 돌아
1973530,1,거던거던거던거던거던거던거던거던거던거던거던거던거던거던거던거던거던거던거던거던거던거던거던거던거던거던거던거던거던거던거던거던거던거던거던거던거던거던거던거던거던거던거던거던거던거던거던거던거던거던거던거던거던거던거던거던거던거던거던거던거던거던거던거던거던거던거던거던거던거던거던거던거던거던거던거던거던거던거던거던거던거던거던거던거던거던거던거던거던거던거던거던거던거던거던거던거던거던거던거던거던거던거던거던거던거던거던거던거던거던거던거던거던거던거던거던거던거던거던거던거던거던거던거던거던거던거던거던거던거던거던거던거던거던거던거던거던거던거던거던거던거던거던거던거던거던거던거던거던거던거던거던거던거던거던거던거던거던거던거던거던거던거던거던거던거던거던거던거던거던거던거던거던거던거던거던거던거던거던거던거던거던거던거던거던거던거던거던거던거던거던거던거던거던거던거던거던거던거던거던거던거던거던거던거던거던거던거던거던거던거던거던거던거던거던거던거던거던거던거던거던거던거던거던거던거던거던거던거던거던거던거던거던거던거던거던거던거던거던거던거던거던거던거던거던거던거던거던거던거던거던거던거던거던거던거던거던거던거던거던거던거던거던거던거던거던거던거던거던거던거던거던거던거던거던거던거던거던거던거던거던거던거던거던거던거던거던거던거던거던거던거던거던거던거던거던거던거던거던거던거던거던거던거던거던거던거던거던거던거던거던거던거던거던거던거던거던거던거던거던거던거던거던거던거던거던거던거던거던거던거던거던거던거던거던거던거던거던거던거던거던거던거던거던거던거던거던거던거던거던거던거던거던거던거던거던거던거던거던거던거던거던거던거던거던거던거던거던거던거던거던거던거던거던거던거던거던거던거던거던거던거던거던거던거던거던거던거던거던거던거던거던거던거던거던거던거던거던거던거던거던거던거던거던거던거던거던거던거던거던거던거던거던거던거던거던거던거던거던거던거던거던거던거던거던거던거던거던거던거던거던거던거던거던거던거던거던거던거던거던거던거던거던거던거던거던거던거던거던거던거던거던거던거던거던거던거던거던거던거던거던거던거던거던거던거던거던거던거던거던거던거던거던거던거던거던거던거던거던거던거던거던거던거던거던거던거던거던거던거던거던거던거던거던거던거던거던거던거던거던거던거던거던거던거던거던거던거던거던거던거던거던거던거던거던거던거던거던거던거던거던거던거던거던거던거던거던거던거던거던거던거던거던거던거던거던거던거던거던거던거던거던거던거던거던거던거던거던거던거던거던거던거던거던거던거던거던거던거던거던거던거던거던거던거던거던거던거던거던거던거던거던거던거던거던거던거던거던거던거던거던거던거던거던거던거던거던거던거던거던거던거던거던거던거던거던거던거던거던거던거던거던거던거던거던거던거던거던거던거던거던거던
1973530,1,거던거던거던거던거던거던거던거던거던거던거던거던거던거던거던거던거던거던거던거던거던거던거던거던거던거던거던거던거던거던거던거던거던거던거던거던거던거던거던거던거던거던거던거던거던거던거던거던거던거던거던거던거던거던거던거던거던거던거던거던거던거던거던거던거던거던거던거던거던거던거던거던거던거던거던거던거던거던거던거던거던거던거던거던거던거던거던거던거던거던거던거던거던거던거던거던거던거던거던거던거던거던거던거던거던거던거던거던거던거던거던거던거던거던거던거던거던거던거던거던거던거던거던거던거던거던거던거던거던거던거던거던거던거던거던거던거던거던거던거던거던거던거던거던거던거던거던거던거던거던거던거던거던거던거던거던거던거던거던거던거던거던거던거던거던거던거던거던거던거던거던거던거던거던거던거던거던거던거던거던거던거던거던거던거던거던거던거던거던거던거던거던거던거던거던거던거던거던거던거던거던거던거던거던거던거던거던거던거던거던거던거던거던거던거던거던거던거던거던거던거던거던거던거던거던거던거던거던거던거던거던거던거던거던거던거던거던거던거던거던거던거던거던거던거던거던거던거던거던거던거던거던거던거던거던거던거던거던거던거던거던거던거던거던거던거던거던거던거던거던거던거던거던거던거던거던거던거던거던거던거던거던거던거던거던거던거던거던거던거던거던거던거던거던거던거던거던거던거던거던거던거던거던거던거던거던거던거던거던거던거던거던거던거던거던거던거던거던거던거던거던거던거던거던거던거던거던거던거던거던거던거던거던거던거던거던거던거던거던거던거던거던거던거던거던거던거던거던거던거던거던거던거던거던거던거던거던거던거던거던거던거던거던거던거던거던거던거던거던거던거던거던거던거던거던거던거던거던거던거던거던거던거던거던거던거던거던거던거던거던거던거던거던거던거던거던거던거던거던거던거던거던거던거던거던거던거던거던거던거던거던거던거던거던거던거던거던거던거던거던거던거던거던거던거던거던거던거던거던거던거던거던거던거던거던거던거던거던거던거던거던거던거던거던거던거던거던거던거던거던거던거던거던거던거던거던거던거던거던거던거던거던거던거던거던거던거던거던거던거던거던거던거던거던거던거던거던거던거던거던거던거던거던거던거던거던거던거던거던거던거던거던거던거던거던거던거던거던거던거던거던거던거던거던거던거던거던거던거던거던거던거던거던거던거던거던거던거던거던거던거던거던거던거던거던거던거던거던거던거던거던거던거던거던거던거던거던거던거던거던거던거던거던거던거던거던거던거던거던거던거던거던거던거던거던거던거던거던거던거던거던거던거던거던거던거던거던거던거던거던거던거던거던거던거던거던거던거던거던거던거던거던거던거던거던거던거던거던거던거던거던거던거던거던거던거던거던거던거던거던거던거던거던거던거던거던거던거던거던거던거던거던거던거던거던거던거던거던거던거던거던거던거던거던거던거던거던거던거던거던거던거던거던거던거던거던거던거던거던거던거던거던거던거던거던거던거던거던거던거던거던거던거던거던거던거던거던거던거던거던거던거던거던거던거던거던거던거던거던거던거던거던거던거던거던거던거던거던거던거던거던거던거던거던거던거던거던거던거던거던거던거던거던거던거던거던거던거던거던거던거던거던거던거던거던거던거던거던거던거던거던거던거던거던거던거던거던거던거던거던거던거던거던거던거던거던거던거던거던거던거던거던거던거던거던거던거던거던거던거던거던거던거던거던거던거던거던거던거던거던거던거던거던거던거던거던거던거던거던거던거던거던거던거던거던거던거던거던거던거던거던거던거던거던거던거던거던거던거던거던거던거던거던거던거던거던거던거던거던거던거던거던거던거던거던거던거던거던거던거던거던거던거던거던거던거던거던거던거던거던거던거던거던거던거던거던거던거던거던거던거던거던거던거던거던거던거던거던거던거던거던거던거던거던거던거던거던거던거던거던거던거던거던거던거던거던거던거던거던거던거던거던거던거던거던거던거던거던거던거던거던거던거던거던거던거던거던거던거던거던거던거던거던거던거던거던거던거던거던거던거던거던거던거던거던거던거던거던거던거던거던거던거던거던거던거던거던거던거던거던거던거던거던거던거던거던거던거던거던거던거던거던거던거던거던거던거던거던거던거던거던거던거던거던거던거던거던거던거던거던거던거던거던거던거던거던거던거던거던거던거던거던거던거던거던거던거던거던거던거던거던거던거던거던거던거던거던거던거던거던거던거던거던거던거던거던거던거던거던거던거던거던거던거던거던거던거던거던거던거던거던거던거던거던거던거던거던거던거던거던거던거던거던거던거던거던거던거던거던거던거던거던거던거던거던거던거던거던거던거던거던거던거던거던거던거던거던거던거던거던거던거던거던거던거던거던거던거던거던거던거던거던거던거던거던거던거던거던거던거던거던거던거던거던거던거던거던거던거던거던거던거던거던거던거던거던거던거던거던거던거던거던거던거던거던거던거던거던거던거던거던거던거던거던거던거던거던거던거던거던거던거던거던거던거던거던거던거던거던거던거던거던거던거던거던거던거던거던거던거던거던거던거던거던거던거던거던거던거던거던거던거던거던거던거던거던
1973530,1,거던딱한번만더돌게해주세요제발거던딱한번만더돌게해주세요제발거던딱한번만더돌게해주세요제발거던딱한번만더돌게해주세요제발거던딱한번만더돌게해주세요제발거던딱한번만더돌게해주세요제발거던딱한번만더돌게해주세요제발거던딱한번만더돌게해주세요제발거던딱한번만더돌게해주세요제발거던딱한번만더돌게해주세요제발거던딱한번만더돌게해주세요제발거던딱한번만더돌게해주세요제발거던딱한번만더돌게해주세요제발
1973530,1,"거던을 7번만 돌면 8장이 나와요!!!!!  왜냐면 이제부터 거던을 7번 돌때마다  대가리를 존나 쎄게 쳐서 제 머릿속을 뒤죽박죽 엉망진창으로 만들 거거든요!   거던을 돌았다는 것이 기억이 나지 않는다면  안 기다린 게 아닐까요?  그렇게 8장이 나올때까지 8번째 거던을 돌기 전에 기억을 지운다면   거던을 돌면  나오는 것이 아닐까요???  거던을 7번만 돌면 8장이 나온다니!   생각만 해도 너무 즐거워요~!!!"
1973530,1,"1장 머였더라 2장 따라란따라란~ 쿵짝짝 쿵짝짝 쾅! 3장 X과 망치를!!!!! 4장 이상이오. 5장 니탓니탓! 걍 ㅅㅂ 다 니탓! 6장 어우 막장 드라마 재미있네요 7장 4장이랑 같이 ㄹㅈㄷ"
1973530,1,정말로 재밌는 게임입니다 합이 안맞으면 물론 질수도있고여
1973530,1,KJHKJHKJHKJHKJHKJHKJHKJHKJHKJHKJHKJHKJHKJHKJH
1973530,1,첫번째. 당신은 오늘 거던생각이 얼마나 납니까 1.많이 2.중간 3.적당히 4.참을수없을만큼 강렬하게 5. 곧미칠듯이 6. 곧 죽을듯이 하... 그럼 두번째. 당신은 오늘 거던바를 먹었습니까? 1.먹었다 2.먹지 않았다 만약 먹지 않았다면 그 이유는 무엇입니까? 이건 젠장 당연하잖아!! 맛이 빌어먹게도 없는걸!! 미적감각을 먹어도 그것보다는 맛있을테니까!!! 그렇지?? 그렇잖아!! 하...... 마지막질문... 당신은 오늘 광기를 보고 목이 말랐습니까? 네 아니오 네 아니오 네 아니오 네 아니오 네 아니오 [h3] 네! [/h3] [h2] 네!! [/h2][h1]네!!!!!!!![/h1] 네!! 언제나!!! 미친듯이!!!
1973530,1,"림컴을 시작했습니다. 라오루를 사버렸습니다. 라오루를 시작했습니다. 롭톰을 샀습니다. 롭톰을 시작했습니다."
1973530,1,아직 초보 지만 재미 있어요... 한국 인디게임의 희망중 하나... 문학에 관심이 있으시면 더 빠져드실거 같네요
1973530,1,"진짜 이겜 안하면 개흑우임;; 이겜하면 책을 강제로 사게 됨 진짜로 꼭 해보셈 스토리 갓겜임"
1973530,1,"첨에 고유명사가 많아 입문할 때 조금 어려움이 있었지만, 막상 고유명사에 대해 알고 난 뒤 하니 스토리가 인상깊고 전작인 라오루나 로보토미 코퍼레이션도 하고 싶게 만드는 게임임"
1973530,1,전부불태울거야역겨운내삶까지도당신이군요잠은제대로주무셨나요저는잠이오지않아서요그오물을두두두두두빼어내주지타죽어라당연한결과죠저는선택받았으니까그렇겠죠불길속으로이게답이아니였다고좋아히힉입맛이없네요당신이라도가면을벗고제대로챙겨드시길꿈을꾸는것이두려웠던적은없나요부럽네요역겨운것들과삶을포개왔었다는걸깨달은후부터지난날들이전부악몽으로되돌아오네요불태우고불태워서이미눈앞에서잿덩이가된것들인데도자꾸저를괴롭히네요역시그녀의말이맞아요더많은정화를이루어내야만제정신속의정화도이루어질테니까오늘은열여섯을꿰뚫어불태웠죠내일은곱절의이단을못질하고태울거에요이것도하다보니즐겁지않나요불로서오물을정화하는힘역시그녀의말을듣길잘했어요하실말씀이없다면그녀에게가보아도되나요특별한기분은아니네요저는자질이있는선택받은자였으니까말뚝을쑤셔넣어주죠불로정화하고깨끗한세계를세우러지금은바빠요어려울것도없네요쯧안될줄알았는데이정도면그녀에게도인정받겠어젠장어째서아아름답네요파우스트추악하고불쾌한것들이정화되는모습이왜진작맡겨버리지않았던걸까요파우스트제스스로고민하거나생각하려하지않아도이렇게나확실한해답이제눈앞에놓여있었는데도말이에요아아아하하하네하하하하
1973530,1,"[h1]매력적인 캐릭터, 이해하면 재밌는 전투 시스템[/h1] 본 평가는 [b][u]개인적인 의견[/u][/b]이며 사람들마다 다를 수 있습니다.  '프로젝트 문'의 세 번째 시리즈 [b][u]'림버스 컴퍼니'[/u][/b]이며 두 번째 시리즈인 '라이브러리 오브 루이나'와 비교하여 [b][u]크게 개선된 기능과 시스템[/u][/b]을 보여주는 [b][u]'캐릭터 수집형 턴제 전략'[/u][/b] 게임   [h2]매력적인 캐릭터와 스토리[/h2] 스토리는 기억을 잃은 관리자가 되어 등장하는 12명의 수감자들의 문제를 하나씩 해결하며 성장해 나아가는 이야기  12명의 플레이어블 캐릭터가 등장하며, 각각의 캐릭터들은 겹치는 것 없이 각각의 개성과 성격들을 가지며 [b][u]독특한 매력[/u][/b]을 지니고 있음  전작들인 '로보토미 코퍼레이션', '라이브러리 오브 루이나'와 같은 세계관을 공유하지만 '림버스 컴퍼니' 만의 해당 세계관의 또 다른 이야기를 다루는 만큼 [b][u]전작의 내용을 알고 있지 못하더라도 즐길수 있음[/u][/b]   [h2]뛰어난 과금 효율[/h2] 첫 번째, 두 번째 시리즈와 다르게 과금이 도입된 온라인 게임이지만 그 과금 효율은 여타 다른 게임과는 [b][u]비교할 수 없을 정도로 효율적인[/u][/b] 모습을 보여줌  특히 한 달에 한 번씩 사야하는 배틀패스, 캐릭터를 얻기 위한 미친과금이 난무하는 여타 다른게임과 다르게 3~4달에 한 번꼴로나오는 시즌 패스[b][u][15,000원][/u][/b]를 통해 상자를 얻어 소위 말하는 [b][u]'정가치기'[/u][/b]를 통해 원하는 캐릭터를 얻을 수 있음  다른 과금의 효율은 몰라도 시즌 패스 하나로 개발사가 적자만 보는것은 아닐까 [u]오히려 걱정이 될 정도[/u]   [h2]어려운 초반 이해도[/h2] 지금은 오랜시간 경험하며 익숙했지만, [u]초반에 이해하기 어려운 전투시스템이 발목을 잡을 수 있음[/u] (합 싸움, 공격 레벨, 방어레벨, 코인수, 속성 등)  인터넷에 잘 나온 공략을 찾아보거나, 주변에 플레이하는 지인이 있다면 설명을 부탁하는 것을 추천   [h2]결론[/h2] 처음 전투시스템이 어려울 뿐, 이것을 이해하는 순간부터는 프로젝트 문의 세계관에 정말 깊게 빠져들 수 있는 매력적인 게임  - 성우 더빙 스토리 - 적은 과금(단, 15,000원 패스는 필수) - 매력적인 캐릭터와 스토리 - 특성, 속성을 고려한 턴제 전략 - 초반 이해하기 어려운 전투시스템  [h1]+ 당신이 거던의 망령이 되기를 응원합니다[/h1]"
1973530,1,"이런 종류의 게임 좋으면 강추함, 스토리도 점점 고점 향해가서 스토리 좋아하는 사람들도 할만함"
1973530,1,1 2 3장만 잘 버티면은 개재밌음요.  호불호가 갈리긴 하겠지만 저는 개인적으로 1 2 3장은 막 엄청나게 재밌다! 까진 아니였는데 4장부턴 그냥 고트임.
1973530,1,"가챠 게임의 탈을 쓰고 있지만  가챠 게임의 가장 큰 비판점이자 동시에 특징인 과금의 맹독성에서 보자면  스파클링 워터 정도의 수준에 불과해  이걸 어떤 장르라고 봐야할지도 모르겠는 게임  어떨 때는 동호회 어떨 때는 회사가 되는 개발사...가 아니라 개발회...에서 만들어서 그런지  게임의 컨텐츠가 엄청 많거나 짜임새 있거나 하지는 않다  스토리 다 보고 일주일에 한 번 있는 거울 던전을 클리어하고 나면 할 게 없다  짜임새도 뭐 전투일관도에 비쥬얼 노벨 딱딱 읽기인 정도  크게 봤을때 안 그런 가챠게임이 있느냐 하면 그것도 그렇긴 한데  맵을 탐험하며 퍼즐을 풀거나 상자를 찾거나 동료와 이야기하거나 하는 등  그 정도의 어디에서나 하고 있는 던전 디자인은 슬슬 보여줄만도 하지 않나 싶음  여하튼 게임의 자체적인 체급이라고나 할까 그런 게 좀 낮은 편  그럼에도 특유의 색이 없느냐, 이 게임은 할만 하지 않느냐 하면 그건 또 아니다  자기만의 특별한 전투 경험을 위해 신경을 쓴 티가 보이고  코인 토스 및 합 시스템도 나쁘지는 않은 경험이다  다만 이게 합 과정이 너무 변수랄 게 없다  스킬 순서를 내가 지정할 수 있는 것도 아니고(랜덤으로 뽑아옴)  따라서 뭐 콤보로 사용한다거나 이러한 개념도 딱히 없다  그냥 높은 레벨의, 합 잘치는 스킬을 잡을 때마다 집어서 넣는 그런 거고  그래서 합을 졌을 때의 과정이 너무 지랄맞다  균형일 때 지는건 상관 없는데 우세일 때 지거나 걍 뭘 해도 못이기는 상황이면  진짜 내가 에고침식 당할 것 같다  그럼에도 잡기술이랄 게 없진 않고(속도로 합을 뺏어서 일방적으로 패기, 흐트러짐 선 등등)  자기들도 합 시스템이 좀 애매한 걸 아는지 시너지를 캐릭터에 넣어놔서  키워드나 속성들을 조합하고 파티를 세우고 전략을 세우는 구색은 갖춰 놨다  그리고 참 뭐랄까... 영리하면서도 영악한 것이  분명 하자가 있는 시스템은 맞는데  무과금으로도 캐릭터를 얻기가 정말 쉽게 설계돼 있어서(오히려 키우는 게 더 오래걸림 ㅋㅋㅋㅋ)  진짜로 꼬운 거 없이 '그냥 게임 오래 하면 다 할 수 있어요' 다  메인 보상이 전부 스토리, 거울 던전에 몰려 있어서 정말로 오래 하면 다 할 수 있어서  ㅈ같은 점은 있는데 '그거 없으면 못깸? 그거 안하면 게임 못함? 아닌데 왜 징징거림'  이라는 말에 할 말 없는 게 사실  턴제게임이다 보니까 인플레가 없을 순 없어서  몇몇 캐릭들은 정말 기본으로 주는 캐릭보다도 쓰레기거나  등급이 한참 낮은 2성보다도 쓰레기거나 그런데  또 그걸로도 못깨냐 하면 그건 아니라서 인플레가 크진 않은 것 같다  근데 애초에 ㅅㅂ 컨텐츠를 안 주고 '컨텐츠 못 깨는 거 아닌데 인플레인가?' 가 맞는 건진 모르겠음  아무튼 뭐 캐릭, 무기 얻기보다 육성이 더 힘든 게임이고  여기도 똑같이 캐릭 많은 게 장땡  에고는 정말 몇 개 빼고는 도파민 충족하려고 뽑는 느낌이랄까  아무튼 추천은 할 만한 것 같다  다만 가챠게임이 늘 그렇듯 게임에 애정을 많이 주는 순간  컨텐츠가 없는 게 굉장히 꼬울 수 있고  또 제일 중요한 과금의 액수가 천문학적으로 늘어나기 때문에  어떤 게임이든 적당히 즐기거나 인내심이 많거나 지갑이 얇은(동시에 신용등급도 낮아서 대출도 안돼야 함)  그런 사람들에게 추천할만 한 것 같다"
1973530,1,"무료로 게임 즐기는데 불편함이 없지만, 딱 15000원 패스만 산 후부터 게임의 질이 달라짐  3만원이면 여타 다른 게임 가격쯤이라 지불할 가치가 있음 돈 많이 안들고 즐길 수 있는 게임임"
1973530,1,스토리 갓겜 현질유도 없음 무자본도(운만좋으면)할만한겜 이겜을 하며 기억에 가장잘남은 캐릭터: 돈키호테 이상 그레고르 베르길리우스 단테 유리
1973530,1,"당신이 로보토미를 좋아하고 라오루를 좋아하지만 림버스를 믿지 않는다면, 일단 다운받고 3장까지만 먹어보세요, 당신은 이미 5장까지 쭉 밀었을겁니다, 경험담입니다."
1973530,1,안녕이상아너를처음본순간부터좋아했어4장전에고백하고싶었는데바보같이그땐용기가없더라지금은이수많은사람들앞에서오로지너만사랑한다고말하고싶어서큰마음먹고용기내어봐매일매일버스에서너볼때마다두근댔고수감자랑과활동에서도너만보이고너생각만나고지난11월부터계속그랬어니가동백이랑헤어지고니맘이아파울때내마음도너무아팠지만내심좋은맘두있었어이런내맘을어떻게말할지고민하다가정말인생에서제일크게용기내어세상에서제일멋지게많은사람들앞에서너한테고백해주고싶었어사랑하는이상님내남자가되줄래?아니나만의태양이되어줄래?난너의달님이될게내일3시반에너수업마치고메피스토텔레스앞에서기다리고있을게너를사랑하는새우가
1973530,1,"전략게임 좋아하는사람한테 추천 도박은 안하는게 답이다"
1973530,1,정신력 45로 뒷면 4개 띄움 이제 복권 사러가면 됨?
1973530,0,병신같은 사운드버그가 1년넘게 방치되어 플레이자체가 불가능한 병신게임  문의를 해도 바꿀생각은 없으니 이쪽도 침이나 뱉고 떠날수밖에.
1973530,1,"7장 엔딩 방금보고 쓴다, 진짜 얘네들은 미친놈이 아닌가 싶다 가챠겜, 불편한 ui와 지나치게 어려운 전투방식(튜토병신)이라는 감점요소를 압도적인 연출과 스토리가 모조리 무시하고씹어먹음"
1973530,1,재밌는데 막히는 구간 있고 거던 주간 보상좀 늘렸으면 좋겠음 나머지는 재밌음 현질도 뇌피셜로 좋음
1973530,1,버그도 많았지만 특유의 게임성 덕분에 한번 쭉 길게 해보시는걸 추천드립니다.
1973530,1,"내 인생 명작이자, 여러 고난을 함께 해온만큼 더욱 애정이 가는 게임. 등장인물중 어느 하나도 애정이 안가는 캐릭터가 없었습니다."
1973530,1,"이 게임이 당신에게 실망스럽다면, 프로젝트 문의 여타 게임들도 맞지 않는다는 것. 제일 쉽게 시작했고, 제일 오래 빠져들었다."
1973530,0,게임성은 그 시절 세나 하위호환   스토리는 그 시절 세나 상위호환
1973530,1,12월 19일 업데이트 이후에 업데이트가 버그가 있는지 다운로드가 엄청 느리네요. 제 인터넷 문젠가 싶어서 무결성-캐시삭제-재설치 순으로 해봤지만 재설치때 5~600 메가 다운받는데 5초쯤 걸린거봐서는 인터넷 문제는 아닌것 같은데요. 업데이트 다운로드가 0%에서 0.01% 씩 올라가는대 거진 몇 십분씩 사용하는데 중간에 멈추면 그뒤론 업데이트 진행이 멈춥니다. wifi문젠가 싶어서 핸드폰에 wifi 연결하고 다운했는데 업데이트 10초컷 나오더라구요. 이거 PC 업뎃에 문제 있는듯요. // 12월 20일 오후 기준으로 해당 현상이 고쳐졌는데... 고쳐 졌으면 어떤 일이었는지 소통좀 해주세요.
1973530,1,프문 세계관 모르고 처음 이거 하면 좀 난해한 부분이 여럿 존재하긴 하는데. 합 겨루는 모션 추가되고 전투 재밌어짐
1973530,1,핸드폰으로도 가능하니 언제든지 거던바를 먹을 수 있습니다..! 하하핳하 (모바일까지 합치면 500시간 뉴비에요)
1973530,1,그렇게 많은 버그를 수정한 후에도 보상되지 않는 이유?
1973530,1,"스토리 몰입도가 좋고, 성우들의 열연과 다크판타지 좋아하시는 분들에게 추천할만한 작품.  스토리라인이 우수하지만 게임성 자체는 단순반복 수집형 RPG란 부분에서 지루할 수 있음 다만 그 지루함을 화려한 스킬 이펙트로 무마시킴 도리어 시원시원해서 보는맛이 있음. 스토리를 다 보고 난 이후에 공백기가 걱정되긴 하지만 아직 재밌게 하는중"
1973530,1,내가 원래 게임에 현질을 잘안하는데 이 게임에만 10얼마를 썼어
1973530,1,"재밌다. 애니나왔으면 좋겠다. 곧 나온다 한다. 아닌가? 대가리가 깨졌나보다."
1973530,1,"진짜 다 참고 4장까지만 버텨라. 4장부터가 진짜다. 참고로 자신이 5줄 이상의 글을 못읽는 사이버 난독증을 가지고 있다면 이 게임을 추천하지 않는다."
1973530,1,거의 시즌패스만 사면 게임 내 모든 요소를 즐길 수 있음.
1973530,1,"남한테는 추천하진 못하지만 나한테 만큼은 기가막힌 게임....👍스토리, 캐릭터 모두 매력적입니당... 근데 조금 잔인하기는 해요...."
1973530,1,거던 돌다보니 500시간입니다 하지만 아직도 돌아야하죠
1973530,1,거던거던거던거던거던거던거던거던거던거던거던거던거던거던거던거던거던거던거던거던거던거던거던거던거던거던거던거던거던거던거던거던거던거던거던거던거던거던거던거던거던거던거던거던거던거던거던거던거던거던거던거던거던거던거던거던거던거던거던거던거던거던거던거던거던거던거던거던거던거던거던거던거던거던거던거던거던거던거던거던거던거던거던거던거던거던거던거던거던거던거던거던거던거던거던거던거던거던거던거던거던거던거던거던거던거던거던거던거던거던거던거던거던거던거던거던거던거던거던거던거던거던거던거던거던거던거던거던거던거던거던거던거던거던거던거던거던거던거던거던거던거던거던거던거던거던거던거던거던거던거던거던거던거던거던거던거던거던거던거던거던거던거던거던거던거던거던거던거던거던거던거던거던거던거던거던거던거던거던거던거던거던거던거던거던거던거던거던거던거던거던거던거던거던거던거던거던거던거던거던거던거던거던거던거던거던거던거던거던거던거던거던거던거던거던거던거던거던거던거던거던거던거던거던거던거던거던거던거던거던거던거던거던거던거던거던거던거던거던거던거던거던거던거던거던거던거던거던거던거던거던거던거던거던거던거던거던거던거던거던거던거던거던거던거던거던거던거던거던거던거던거던거던거던거던거던거던거던거던거던거던거던거던거던거던거던거던거던거던거던거던거던거던거던거던거던거던거던거던거던거던거던거던거던거던거던거던거던거던거던거던거던거던거던거던거던거던거던거던거던거던거던거던거던거던거던거던거던거던거던거던거던거던거던거던거던거던거던거던거던거던거던거던거던거던거던거던거던거던거던거던거던거던거던거던거던거던거던거던거던거던거던거던거던거던거던거던거던거던거던거던거던거던거던거던거던거던거던거던거던거던거던거던거던거던거던거던거던거던거던거던거던거던거던거던거던거던거던거던거던거던거던거던거던거던거던거던거던거던거던거던거던거던거던거던거던거던거던거던거던거던거던거던거던거던거던거던거던거던거던거던거던거던거던거던거던거던거던거던거던거던거던거던거던거던거던거던거던거던거던거던거던거던거던거던거던거던거던거던거던거던거던거던거던거던거던거던거던거던거던거던거던거던거던거던거던거던거던거던거던거던거던거던거던거던거던거던거던거던거던거던거던거던거던거던거던거던거던거던거던거던거던거던거던거던거던거던거던거던거던거던거던거던거던거던거던거던거던거던거던거던거던거던거던거던거던거던거던거던거던거던거던거던거던거던거던거던거던거던거던거던거던거던거던거던거던거던거던거던거던거던거던거던거던거던거던거던거던거던거던거던거던거던거던거던거던거던거던거던거던거던거던거던거던거던거던거던거던거던거던거던거던거던거던거던거던거던거던거던거던거던거던거던거던거던거던거던거던거던거던거던거던거던거던거던거던거던거던거던거던거던거던거던거던거던거던거던거던거던거던거던거던거던거던거던거던거던거던거던거던거던거던거던거던거던거던거던거던거던거던거던거던거던거던거던거던거던거던거던거던거던거던거던거던거던거던거던거던거던거던거던거던거던거던거던거던거던거던거던거던거던거던거던거던거던거던거던거던거던거던거던거던거던거던거던거던거던거던거던거던거던거던거던거던거던거던거던거던거던거던거던거던거던거던거던거던거던거던거던거던거던거던거던거던거던거던거던거던거던거던거던거던거던거던거던거던거던거던거던거던거던거던거던거던거던거던거던거던거던거던거던거던거던거던거던거던거던거던거던거던거던거던거던거던거던거던거던거던거던거던거던거던거던거던거던거던거던거던거던거던거던거던거던거던거던거던거던거던거던거던거던거던거던거던거던거던거던거던거던거던거던거던거던거던거던거던거던거던거던거던거던거던거던거던거던거던거던거던거던거던거던거던거던거던거던거던거던거던거던거던거던거던거던거던거던거던거던거던거던거던거던거던거던거던거던거던거던거던거던거던거던거던거던거던거던거던거던거던거던거던거던거던거던거던거던거던거던거던거던거던거던거던거던거던거던거던거던거던거던거던거던거던거던거던거던거던거던거던거던거던거던거던거던거던거던거던거던거던거던거던거던거던거던거던거던거던거던거던거던거던거던거던거던거던거던거던거던거던거던거던거던거던거던거던거던거던거던거던거던거던거던거던거던거던거던거던거던거던거던거던거던거던거던거던거던거던거던거던거던거던거던거던거던거던거던거던거던거던거던거던거던거던거던거던거던거던거던거던거던거던거던거던거던거던거던거던거던거던거던거던거던거던거던거던거던거던거던거던거던거던거던거던거던거던거던거던거던거던거던거던거던거던거던거던거던거던거던거던거던거던거던거던거던거던거던거던거던거던거던거던거던거던거던거던거던거던거던거던거던거던거던거던거던거던거던거던거던거던거던거던거던거던거던거던거던거던거던거던거던거던거던거던거던거던거던거던거던거던거던거던거던거던거던거던거던거던거던거던거던거던거던거던거던거던거던거던거던거던거던거던거던거던거던거던거던거던거던거던거던거던거던거던거던거던거던거던거던거던거던거던거던거던거던거던거던거던거던거던거던거던거던거던거던거던거던거던거던거던거던거던거던거던거던거던거던거던거던거던거던거던거던거던거던거던거던거던거던거던거던거던거던거던거던거던거던거던거던거던거던거던거던거던거던거던거던거던거던거던거던거던거던거던거던거던거던거던거던거던거던거던거던거던거던거던거던거던거던거던거던거던거던거던거던거던거던거던거던거던거던거던거던거던거던거던거던거던거던거던거던거던거던거던거던거던거던거던거던거던거던거던거던거던거던거던거던거던거던거던거던거던거던거던거던거던거던거던거던거던거던거던거던거던거던거던거던거던거던거던거던거던거던거던거던거던거던거던거던거던거던거던거던거던거던거던거던거던거던거던거던거던거던거던거던거던거던거던거던거던거던거던거던거던거던거던거던거던거던거던거던거던거던거던거던거던거던거던거던거던거던거던거던거던거던거던거던거던거던거던거던거던거던거던거던거던거던거던거던거던거던거던거던거던거던거던거던거던거던거던거던거던거던거던거던거던거던거던거던거던거던거던거던거던거던거던거던거던거던거던거던거던거던거던거던거던거던거던거던거던거던거던거던거던거던거던거던거던거던거던거던거던거던거던거던거던거던거던거던거던거던거던거던거던거던거던거던거던거던거던거던거던거던거던거던거던거던거던거던거던거던거던거던거던거던거던거던거던거던거던거던거던거던거던거던거던거던거던거던거던거던거던거던거던거던거던거던거던거던거던거던거던거던거던거던거던거던거던거던거던거던거던거던거던거던거던거던거던거던거던거던거던거던거던거던거던거던거던거던거던거던거던거던거던거던거던거던거던거던거던거던거던거던거던거던거던거던거던거던거던거던거던거던거던거던거던거던거던거던거던거던거던거던거던거던거던거던거던거던거던거던거던거던거던거던거던거던거던거던거던거던거던거던거던거던거던거던거던거던거던거던거던거던거던거던거던거던거던거던거던거던거던거던거던거던거던거던거던거던거던거던거던거던거던거던거던거던거던거던거던거던거던거던거던거던거던거던거던거던거던거던거던거던거던거던거던거던거던거던거던거던거던거던거던거던거던거던거던거던거던거던거던거던거던거던거던거던거던거던거던거던거던거던거던거던거던거던거던거던거던거던거던거던거던거던거던거던거던거던거던거던거던거던거던거던거던거던거던거던거던거던거던거던거던거던거던거던거던거던거던거던거던거던거던거던거던거던거던거던거던거던거던거던거던거던거던거던거던거던거던거던거던거던거던거던거던거던거던거던거던거던거던거던거던거던거던거던거던거던거던거던거던거던거던거던거던거던거던거던거던거던거던거던거던거던거던거던거던거던거던거던거던거던거던거던거던거던거던거던거던거던거던거던거던거던거던거던거던거던거던거던거던거던거던거던거던거던거던거던거던거던거던거던거던거던거던거던거던거던거던거던거던거던거던거던거던거던거던거던거던거던거던거던거던거던거던거던거던거던거던거던거던거던거던거던거던거던거던거던거던거던거던거던거던거던거던거던거던거던거던거던거던거던거던거던거던거던거던거던거던거던거던거던거던거던거던거던거던거던거던거던거던거던거던거던거던거던거던거던거던거던거던거던거던거던거던거던거던거던거던거던거던거던거던거던거던거던거던거던거던거던거던거던거던거던거던거던거던거던거던거던거던거던거던거던거던거던거던거던거던거던거던거던거던거던거던거던거던거던거던거던거던거던거던거던거던거던거던거던거던거던거던거던거던거던거던거던거던거던거던거던거던거던거던거던거던거던거던거던거던거던거던거던거던거던거던거던거던거던거던거던거던거던거던거던거던거던거던거던거던거던거던거던거던거던거던거던거던거던거던거던거던거던거던거던거던거던거던거던거던거던거던거던거던거던거던거던거던거던거던거던거던거던거던거던거던거던거던거던거던거던거던거던거던거던거던거던거던거던거던거던거던거던거던거던거던거던거던거던거던거던거던거던거던거던거던거던거던거던거던거던거던거던거던거던거던거던거던거던거던거던거던거던거던거던거던거던거던거던거던거던거던거던거던거던거던거던거던거던거던거던거던거던거던거던거던거던거던거던거던거던거던거던거던거던거던거던거던거던거던거던거던거던거던거던거던거던거던거던거던거던거던거던거던거던거던거던거던거던거던거던거던거던거던거던거던거던거던거던거던거던거던거던거던거던거던거던거던거던거던거던거던거던거던거던거던거던거던거던거던거던거던거던거던거던거던거던거던거던거던거던거던거던거던거던거던거던거던거던거던거던거던거던거던거던거던거던거던거던거던거던거던거던거던거던거던거던거던거던거던거던거던거던거던거던거던거던거던거던거던거던거던거던거던거던거던거던거던거던거던거던거던거던거던거던거던거던거던거던거던거던거던거던거던거던거던거던거던거던거던거던거던거던거던거던거던거던거던거던거던거던거던거던거던거던거던거던거던거던거던거던거던거던거던거던거던거던거던거던거던거던거던거던거던거던거던거던거던거던거던거던거던거던거던거던거던거던거던거던거던거던거던거던거던거던거던거던거던거던거던거던거던거던거던거던거던거던거던거던거던거던거던거던거던거던거던거던거던거던거던거던거던거던거던거던거던거던거던거던거던거던거던거던거던거던거던거던거던거던거던거던거던거던거던거던거던거던거던거던거던거던거던거던거던거던거던거던거던거던거던거던거던거던거던거던거던거던거던거던거던거던거던거던거던거던거던거던거던거던거던거던거던거던거던거던거던거던거던거던거던거던거던거던거던거던거던거던거던거던거던거던거던거던거던거던거던거던거던거던거던거던거던거던거던거던거던거던거던거던거던거던거던거던거던거던거던거던거던거던거던거던거던거던거던거던거던거던거던거던거던거던거던거던거던거던거던거던거던거던거던거던거던거던거던거던거던거던거던거던거던거던거던거던거던거던거던거던거던거던거던거던거던거던거던거던거던거던거던거던거던거던거던거던거던거던거던거던거던거던거던거던거던거던거던거던거던거던거던거던거던거던거던거던거던거던거던거던거던거던거던거던거던거던거던거던거던거던거던거던거던거던거던거던거던거던거던거던거던거던거던거던거던거던거던거던거던거던거던거던거던거던거던거던거던거던거던거던거던거던거던거던거던거던거던거던거던거던거던거던거던거던거던거던거던거던거던거던거던거던거던거던거던거던거던거던거던거던거던거던거던거던거던거던거던거던거던거던거던거던거던거던거던거던거던거던거던거던거던거던거던거던거던거던거던거던거던거던거던거던거던거던거던거던거던거던거던거던거던거던거던거던거던거던거던거던거던거던거던거던거던거던거던거던거던거던거던거던거던거던거던거던거던거던거던거던거던거던거던거던거던거던거던거던거던거던거던거던거던거던거던거던거던거던거던거던거던거던거던거던거던거던거던거던거던거던거던거던거던거던거던거던거던거던거던거던거던거던거던거던거던거던거던거던거던거던거던거던거던거던거던거던거던거던거던거던거던거던거던거던거던거던거던거던거던거던거던거던거던거던거던거던거던거던거던거던거던거던거던거던거던거던거던거던거던거던거던거던거던거던거던거던거던거던거던거던거던거던거던거던거던거던거던거던거던거던거던거던거던거던거던거던거던거던거던거던거던거던거던거던거던거던거던거던거던거던거던거던거던거던거던거던거던거던거던거던거던거던거던거던거던거던거던거던거던거던거던거던거던거던거던거던거던거던거던거던거던거던거던거던거던거던거던거던거던거던거던거던거던거던거던거던거던거던거던거던거던거던거던거던거던거던거던거던거던거던거던거던거던거던거던거던거던거던거던거던거던거던거던거던거던거던거던거던거던거던거던거던거던거던거던거던거던거던거던거던거던거던거던거던거던거던거던거던거던거던거던거던거던거던거던거던거던거던거던거던거던거던거던거던거던거던거던거던거던거던거던거던거던거던거던거던거던거던거던거던거던거던거던거던거던거던거던거던거던거던거던거던거던거던거던거던거던거던거던거던거던거던거던거던거던거던거던거던거던거던거던거던거던거던거던거던거던거던거던거던거던거던거던거던거던거던거던거던거던거던거던거던거던거던거던거던거던거던거던거던거던거던거던거던거던거던거던거던거던거던거던거던거던거던거던거던거던거던거던거던거던거던거던거던거던거던거던거던거던거던거던거던거던거던거던거던거던거던거던거던거던거던거던거던거던거던거던거던거던거던거던거던거던거던거던거던거던거던거던거던거던거던거던거던거던거던거던거던거던거던거던거던거던거던거던거던거던거던거던거던거던거던거던거던거던거던거던거던거던거던거던거던거던거던거던거던거던거던거던거던거던거던거던거던거던거던거던거던거던거던거던거던거던거던거던거던거던거던거던거던거던거던거던거던거던거던거던거던거던거던거던거던거던거던거던거던거던거던거던거던거던거던거던거던거던거던거던거던거던거던거던거던거던거던거던거던거던거던거던거던거던거던거던거던거던거던거던거던거던거던거던거던거던거던거던거던거던거던거던거던거던거던거던거던거던거던거던거던거던거던거던거던거던거던거던거던거던거던거던거던거던거던거던거던거던거던거던거던거던거던거던거던거던거던거던거던거던거던거던거던거던거던거던거던거던거던거던거던거던거던거던거던거던거던거던거던거던거던거던거던거던거던거던거던거던거던거던거던거던거던거던거던거던거던거던거던거던거던거던거던거던거던거던거던거던거던거던거던거던거던거던거던거던거던거던거던거던거던거던거던거던거던거던거던거던거던거던거던거던거던거던거던거던거던거던거던거던거던거던거던거던거던거던거던거던거던거던거던거던거던거던거던거던거던거던거던거던거던거던거던거던거던거던거던거던거던거던거던거던거던거던거던거던거던거던거던거던거던거던거던거던거던거던거던거던거던거던거던거던거던거던거던거던거던거던거던거던거던거던거던거던거던거던거던거던거던거던거던거던거던거던거던거던거던거던거던거던거던거던거던거던거던거던거던거던거던거던거던거던거던거던거던거던거던거던거던거던거던거던거던거던거던거던거던거던거던거던거던거던거던거던거던거던거던거던거던거던거던거던거던거던거던거던거던거던거던거던거던거던거던거던거던거던거던거던거던거던거던거던거던거던거던거던거던거던거던거던거던거던거던거던거던거던거던거던거던거던거던거던거던거던거던거던거던거던거던거던거던거던거던거던거던거던거던거던거던거던거던거던거던거던거던거던거던거던거던거던거던거던거던거던거던거던거던거던거던거던거던거던거던거던거던거던거던거던거던거던거던거던거던거던거던거던거던거던거던거던거던거던거던거던거던거던거던거던거던거던거던거던거던거던거던거던거던거던거던거던거던거던거던거던거던거던거던거던거던거던거던거던거던거던거던거던거던거던거던거던거던거던거던거던거던거던거던거던거던거던거던거던거던거던거던거던거던거던거던거던거던거던거던거던거던거던거던거던거던거던거던거던거던거던거던거던거던거던거던거던거던거던거던거던거던거던거던거던거던거던거던거던거던거던거던거던거던거던거던거던거던거던거던거던거던거던거던거던거던거던거던거던거던거던거던거던거던거던거던거던거던거던거던거던거던거던거던거던거던거던거던거던거던거던거던거던거던거던거던거던거던거던거던거던거던거던거던거던거던거던거던거던거던거던거던거던거던거던거던거던거던거던거던거던거던거던거던거던거던거던거던거던거던거던거던거던거던거던거던거던거던거던거던거던거던거던거던거던거던거던거던거던거던거던거던거던거던거던거던거던거던거던거던거던거던거던거던거던거던거던거던거던거던거던거던거던거던거던거던거던거던거던거던거던거던거던거던거던거던거던거던거던거던거던거던거던거던거던거던거던거던거던거던거던거던거던거던거던거던거던거던거던거던거던거던거던거던거던거던거던거던거던거던거던거던거던거던거던거던거던거던거던거던거던거던거던거던거던거던거던거던거던거던거던거던거던거던거던거던거던거던거던거던거던거던거던거던거던거던거던거던거던거던거던거던거던거던거던거던거던거던거던거던거던거던거던거던거던거던거던거던거던거던거던거던거던거던거던거던거던거던거던거던거던거던거던거던거던거던거던거던거던거던거던거던거던거던거던거던거던거던거던거던거던거던거던거던거던거던거던거던거던거던거던거던거던거던거던거던거던거던거던거던거던거던거던거던거던거던거던거던거던거던거던거던거던거던거던거던거던거던거던거던거던거던거던거던거던거던거던거던거던거던거던거던거던거던거던거던거던거던거던거던거던거던거던거던거던거던거던거던거던거던거던거던거던거던거던거던거던거던거던거던거던거던거던거던거던거던거던거던거던거던거던거던거던거던거던거던거던거던거던거던거던거던거던거던거던거던거던거던거던거던거던거던거던거던거던거던거던거던거던거던거던거던거던거던거던거던거던거던거던거던거던거던거던거던거던거던거던거던거던거던거던거던거던거던거던거던거던거던거던거던거던거던거던거던거던거던거던거던거던거던거던거던거던거던거던거던거던거던거던거던거던거던거던거던거던거던거던거던거던거던거던거던거던거던거던거던거던거던거던거던거던거던거던거던거던거던거던거던거던거던거던거던거던거던거던거던거던거던거던거던거던거던거던거던거던거던거던거던거던거던거던거던거던거던거던거던거던거던거던거던거던거던거던거던거던거던거던거던거던거던거던거던거던거던거던거던거던거던거던거던거던거던거던거던거던거던거던거던거던거던거던거던거던거던거던거던거던거던거던거던거던거던거던거던거던거던거던
1973530,1,이 겜 나올땐 유사게임 코딩덩어리여서 접었는데 요즘 다시 해보니까 재밌어졌음
1973530,1,"게임 플레이는 안 해도 스토리는 한 번씩 보면, 아니, 봐야하는 작품"
1973530,1,"가끔씩 거던 돌다 현타올 때 있는데, 그때 정신줄 꽉 잡아야함. 그래도 못 버틸거 같은면 1주일에 하드 딱 한 번만 눈 감고 돌고 유기하셈."
1973530,1,오늘 당신은 거울 던전을 보고 달려들고 싶은 충동이 드셨습니까? 네 아니오 네 아니오 네 아니오 네 아니오 네네네네네네네네네네네!!!
1973530,1,거던돌고 거던돌고 거던돌고 거던돌고 거던돌고 거던돌고 거던돌고 거던돌고 거던돌고 거던돌고 거던돌고 거던돌고 거던돌고 거던돌고 거던돌고 거던돌고 거던돌고 거던돌고 거던돌고 거던돌고 거던돌고 거던돌고 거던돌고 거던돌고 거던돌고 거던돌고 거던돌고 거던돌고 거던돌고 거던돌고 거던돌고 거던돌고 거던돌고 거던돌고 거던돌고 거던돌고 거던돌고 거던돌고 거던돌고 거던돌고 거던돌고 거던돌고 거던돌고 거던돌고 거던돌고 거던돌고 거던돌고 거던돌고 거던돌고 거던돌고 거던돌고 거던돌고 거던돌고 거던돌고 거던돌고 거던돌고 거던돌고 거던돌고 거던돌고 거던돌고 거던돌고 거던돌고 거던돌고 거던돌고 거던돌고 거던돌고 거던돌고 거던돌고 거던돌고 거던돌고 거던돌고 거던돌고 거던돌고 거던돌고 거던돌고 거던돌고 거던돌고 거던돌고 거던돌고 거던돌고 거던돌고 거던돌고 거던돌고 거던돌고 거던돌고 거던돌고 거던돌고 거던돌고 거던돌고 거던돌고 거던돌고 거던돌고 거던돌고 거던돌고 거던돌고 거던돌고 거던돌고 거던돌고 거던돌고 거던돌고 거던돌고 거던돌고 거던돌고 거던돌고 거던돌고 거던돌고 거던돌고 거던돌고 거던돌고 거던돌고 거던돌고 거던돌고 거던돌고 거던돌고 거던돌고 거던돌고 거던돌고 거던돌고 거던돌고 거던돌고 거던돌고 거던돌고 거던돌고 거던돌고 거던돌고 거던돌고 거던돌고 거던돌고 거던돌고 거던돌고 거던돌고 거던돌고 거던돌고 거던돌고 거던돌고 거던돌고 거던돌고 거던돌고 거던돌고 거던돌고 거던돌고 거던돌고 거던돌고 거던돌고 거던돌고 거던돌고 거던돌고 거던돌고 거던돌고 거던돌고 거던돌고 거던돌고 거던돌고 거던돌고 거던돌고 거던돌고 거던돌고 거던돌고 거던돌고 거던돌고 거던돌고 거던돌고 거던돌고 거던돌고 거던돌고 거던돌고 거던돌고 거던돌고 거던돌고 거던돌고 거던돌고 거던돌고 거던돌고 거던돌고 거던돌고 거던돌고 거던돌고 거던돌고 거던돌고 거던돌고 거던돌고 거던돌고 거던돌고 거던돌고 거던돌고 거던돌고 거던돌고 거던돌고 거던돌고 거던돌고 거던돌고 거던돌고 가챠하고 거던돌고 거던돌고 거던돌고 거던돌고 거던돌고 거던돌고 거던돌고 거던돌고 거던돌고 거던돌고 거던돌고 거던돌고 거던돌고 거던돌고 거던돌고 거던돌고 거던돌고 거던돌고 거던돌고 거던돌고 거던돌고 거던돌고 거던돌고 거던돌고 거던돌고 거던돌고 거던돌고 거던돌고 거던돌고 거던돌고 거던돌고 거던돌고 거던돌고 거던돌고 거던돌고 거던돌고 거던돌고 거던돌고 거던돌고 거던돌고 거던돌고 거던돌고 거던돌고 거던돌고 거던돌고 거던돌고 거던돌고 거던돌고 거던돌고 거던돌고 거던돌고 거던돌고 거던돌고 거던돌고 거던돌고 거던돌고 거던돌고 거던돌고 거던돌고 거던돌고 거던돌고 거던돌고 거던돌고 거던돌고 거던돌고 거던돌고 거던돌고 거던돌고 거던돌고 거던돌고 거던돌고 거던돌고 거던돌고 거던돌고 거던돌고 거던돌고 거던돌고 거던돌고 거던돌고 거던돌고 거던돌고 거던돌고 거던돌고 거던돌고 거던돌고 거던돌고 거던돌고 거던돌고 거던돌고 거던돌고 거던돌고 거던돌고 거던돌고 거던돌고 거던돌고 거던돌고 거던돌고 거던돌고 거던돌고 거던돌고 거던돌고 거던돌고 거던돌고 거던돌고 거던돌고 거던돌고 거던돌고 거던돌고 거던돌고 거던돌고 거던돌고 거던돌고 거던돌고 거던돌고 거던돌고 거던돌고 거던돌고 거던돌고 거던돌고 거던돌고 거던돌고 거던돌고 거던돌고 거던돌고 거던돌고 거던돌고 거던돌고 거던돌고 거던돌고 거던돌고 거던돌고 거던돌고 거던돌고 거던돌고 거던돌고 거던돌고 거던돌고 거던돌고 거던돌고 거던돌고 거던돌고 거던돌고 거던돌고 거던돌고 거던돌고 거던돌고 거던돌고 거던돌고 거던돌고 거던돌고 거던돌고 거던돌고 거던돌고 거던돌고 거던돌고 거던돌고 거던돌고 거던돌고 거던돌고 거던돌고 거던돌고 거던돌고 거던돌고 거던돌고 거던돌고 거던돌고 거던돌고 거던돌고 거던돌고 거던돌고 거던돌고 거던돌고 거던돌고 거던돌고 거던돌고 거던돌고 거던돌고 거던돌고 거던돌고 거던돌고 거던돌고 거던돌고 거던돌고 거던돌고 거던돌고 거던돌고 거던돌고 거던돌고 거던돌고 거던돌고 거던돌고 거던돌고 가챠하고 거던돌고 거던돌고 거던돌고 거던돌고 거던돌고 거던돌고 거던돌고 거던돌고 거던돌고 거던돌고 거던돌고 거던돌고 거던돌고 거던돌고 거던돌고 거던돌고 거던돌고 거던돌고 거던돌고 거던돌고 거던돌고 거던돌고 거던돌고 거던돌고 거던돌고 거던돌고 거던돌고 거던돌고 거던돌고 거던돌고 거던돌고 거던돌고 거던돌고 거던돌고 거던돌고 거던돌고 거던돌고 거던돌고 거던돌고 거던돌고 거던돌고 거던돌고 거던돌고 거던돌고 거던돌고 거던돌고 거던돌고 거던돌고 거던돌고 거던돌고 거던돌고 거던돌고 거던돌고 거던돌고 거던돌고 거던돌고 거던돌고 거던돌고 거던돌고 거던돌고 거던돌고 거던돌고 거던돌고 거던돌고 거던돌고 거던돌고 거던돌고 거던돌고 거던돌고 거던돌고 거던돌고 거던돌고 거던돌고 거던돌고 거던돌고 거던돌고 거던돌고 거던돌고 거던돌고 거던돌고 거던돌고 거던돌고 거던돌고 거던돌고 거던돌고 거던돌고 거던돌고 거던돌고 거던돌고 거던돌고 거던돌고 거던돌고 거던돌고 거던돌고 거던돌고 거던돌고 거던돌고 거던돌고 거던돌고 거던돌고 거던돌고 거던돌고 거던돌고 거던돌고 거던돌고 거던돌고 거던돌고 거던돌고 거던돌고 거던돌고 거던돌고 거던돌고 거던돌고 거던돌고 거던돌고 거던돌고 거던돌고 거던돌고 거던돌고 거던돌고 거던돌고 거던돌고 거던돌고 거던돌고 거던돌고 거던돌고 거던돌고 거던돌고 거던돌고 거던돌고 거던돌고 거던돌고 거던돌고 거던돌고 거던돌고 거던돌고 거던돌고 거던돌고 거던돌고 거던돌고 거던돌고 거던돌고 거던돌고 거던돌고 거던돌고 거던돌고 거던돌고 거던돌고 거던돌고 거던돌고 거던돌고 거던돌고 거던돌고 거던돌고 거던돌고 거던돌고 거던돌고 거던돌고 거던돌고 거던돌고 거던돌고 거던돌고 거던돌고 거던돌고 거던돌고 거던돌고 거던돌고 거던돌고 거던돌고 거던돌고 거던돌고 거던돌고 거던돌고 거던돌고 거던돌고 거던돌고 거던돌고 거던돌고 거던돌고 거던돌고 거던돌고 거던돌고 거던돌고 거던돌고 거던돌고 거던돌고 거던돌고 거던돌고 거던돌고 거던돌고 거던돌고 거던돌고 가챠하고
1973530,1,"1. 리세가 진짜 쉬워서 찍먹에 부담이 없음  2. 가챠겜인데 가챠가 메인BM이 아닌거같음 결국 모든캐릭 정가가 이론상 가능한구조인데 뭘로 돈버는건진 잘 모르겠음  3. 자동전투가 없고, 거울던전의 존재 떄문에 분재게임은 아니고 시간투자가 꽤 필요해보임  4. 스토리에 고전문학 오마쥬가 꽤 보이고 철학적으로 고민할 수 있는 주제를 좀 던져줘서 흥미로움  5. 다만 개인적으론 죽음이 잦아서인지, 각 장 인물별 이야기의 끝이 확실히 매듭지어지지 않아서인지, 떡밥만 너무 던지는 단계여서인지는 모르겠으나 스토리에 그렇게까지 감동받진 않았음... 하도 스토리 초갓겜이라는 글을 많이봐서 기대치가 높았던걸지도모름  6. 합 시스템 <- 이거 코인 타격감 진짜좋음 턴제게임에서 이정도 타격감은 진짜귀함  7. 이걸 가챠겜으로 본다면 결국 애정캐를 마련해야 하는데 12명이라는 틀 안에 갇혀있기 때문에 힘들 수 있음  전반적으로 한번쯤 찍어 먹어보기엔 좋아서 추천함"
1973530,1,스토리 스킵충이였는데요 이 게임을 하고나서 스토리도 읽고 책도 읽게되었어요 저희 어머니가 좋아해요!
1973530,1,나 뒷면 너 앞면 나 뒷면 너 앞면 나 뒷면 너 앞면 나 뒷면 너 앞면 나 뒷면 너 앞면 나 뒷면 너 앞면 나 뒷면 너 앞면 나 뒷면 너 앞면 나 뒷면 너 앞면 나 뒷면 너 앞면 나 뒷면 너 앞면 나 뒷면 너 앞면 나 뒷면 너 앞면 나 뒷면 너 앞면 나 뒷면 너 앞면 나 뒷면 너 앞면 나 뒷면 너 앞면 나 뒷면 너 앞면 나 뒷면 너 앞면 나 뒷면 너 앞면 나 뒷면 너 앞면 나 뒷면 너 앞면 나 뒷면 너 앞면 나 뒷면 너 앞면 나 뒷면 너 앞면 나 뒷면 너 앞면 나 뒷면 너 앞면 나 뒷면 너 앞면 나 뒷면 너 앞면 나 뒷면 너 앞면 나 뒷면 너 앞면 나 뒷면 너 앞면 나 뒷면 너 앞면 나 뒷면 너 앞면 나 뒷면 너 앞면 나 뒷면 너 앞면 나 뒷면 너 앞면 나 뒷면 너 앞면 나 뒷면 너 앞면 나 뒷면 너 앞면 나 뒷면 너 앞면 나 뒷면 너 앞면 나 뒷면 너 앞면 나 뒷면 너 앞면 나 뒷면 너 앞면 나 뒷면 너 앞면 나 뒷면 너 앞면 나 뒷면 너
1973530,1,"우리 산쵸 이쁘다 원래 모바일 유저인데 확실히 컴퓨터로 돌리니까 화면도 크고 편함.근데 구글연동이나 애플연동은 안되고 스팀계정으로 로그인 한뒤에 계정 ui입력해서 해야함.그래도 게임성 자체가 좋고, 스토리도 좋고, 딱 고어함과 즐거움과 슬픔이라는 세 개의 감정을 잘 어울러지게 했다라는 느낌"
1973530,1,육참! Total 1746  흐트러짐 흐트러짐 흐트러짐+ 흐트러짐+ 흐트러짐++ 흐트러짐++
1973530,1,"아직 림붕이지만 하나 단언할 수 있는건 기믹없이 깰 수 있음. 요즘 게임들 특이긴 하지만 초반에는 스테이지 밀 때 캐릭터도 많이 없고 덱짜는 것도 잘 모르기 때문에 중간 중간 가속 방지턱 마냥 시간이 걸리는 부분이 존재함. 그래도 전작들에 비해 매우매우매우! 쉬우며 꽤 간편화된 편. 프문 시작으로는 좋은 게임이다."
1973530,1,분명 천천히 해도 되는걸 알지만... 거던 거던을 돌아야한다
1973530,0,"스토리나 캐릭터, 음악은 내 취향 쾌감 있는 스킬도 많고, 에고 스킬 보는 재미, 타격감도 좋은 편이라고 생각함 (ex 합에서 이겼을 때, 와히스가 관으로 적 패 죽일때 등등)  근데 도통 알아먹을수가 없는 전투시스템은 도저히 실드를 못치겠음 시스템이 복잡할 순 있는데 UI라도 좀 알아먹게 만들었으면  그리고 전투중에 스킬 읽으려고 띄우면 스크롤이 아주 빠른속도로 내려가는데 이정도면 읽지 말라고 해둔 것 같다. 갈수록 보스 기믹이나 스킬, 신 인격 스킬 설명이 복잡하고 길고 난해해지는데 적어도 전투중에 읽기 편하게 개선이라도 해줬으면 함. 복잡하게 만들지 않는건 어차피 기대도 안하고, 그렇게 하지도 않을거 아니까.  재밌게 하고 있지만, 남에게 선뜻 추천은 못할 게임"
1973530,1,폰으로 400시간 컴으로 202시간해봤는데 패스 200몇? 찍고해보니 진짜 정가시스템이 ㄹㅇ 십십십혜자다 솔직하게 말해서 뽑기는 호구인데 확률이 낮은편은 아니긴해 근데 픽업캐를 확정으로 얻을려면 200번을 뽑아야해 그게 살짝 에바라는거임
